severity;event_name;event_id;city;country;current_date;issues;reason;recommended_action
info;Bielefelder Triathlon;bielefelder-triathlon-bielefeld-28-06-2026;Bielefeld;Germany;28.06.2026;next_check_overdue;Next check date is already in the past.;Run source verification and move next_check forward.
info;Sörmlands 100 Trail Run;sormlands-100-trail-run-bjornlunda-11-09-2026;Björnlunda;Sweden;11.09.2026;next_check_overdue;Next check date is already in the past.;Run source verification and move next_check forward.
info;IRONMAN Hamburg European Championship;ironman-hamburg-european-championship-hamburg-07-06-2026;Hamburg;Germany;07.06.2026;next_check_overdue;Next check date is already in the past.;Run source verification and move next_check forward.
info;IRONMAN Frankfurt;ironman-frankfurt-frankfurt-28-06-2026;Frankfurt;Germany;28.06.2026;next_check_overdue;Next check date is already in the past.;Run source verification and move next_check forward.
info;IRONMAN 70.3 Duisburg;ironman-70-3-duisburg-duisburg-16-08-2026;Duisburg;Germany;16.08.2026;next_check_overdue;Next check date is already in the past.;Run source verification and move next_check forward.
clean;IRONMAN 70.3 Leipzig;ironman-70-3-leipzig-leipzig-23-08-2026;Leipzig;Germany;23.08.2026;;;No date action required.
clean;IRONMAN 70.3 Erkner;ironman-70-3-erkner-erkner-13-09-2026;Erkner;Germany;13.09.2026;;;No date action required.
info;IRONMAN Kaernten-Klagenfurt Austria;ironman-kaernten-klagenfurt-austria-klagenfurt-14-06-2026;Klagenfurt;Austria;14.06.2026;next_check_overdue;Next check date is already in the past.;Run source verification and move next_check forward.
clean;IRONMAN 70.3 European Championship Elsinore;ironman-70-3-european-championship-elsinore-elsinore-27-06-2027;Elsinore;Denmark;27.06.2027;;;No date action required.
info;IRONMAN 70.3 Westfriesland;ironman-70-3-westfriesland-hoorn-21-06-2026;Hoorn;Netherlands;21.06.2026;next_check_overdue;Next check date is already in the past.;Run source verification and move next_check forward.
info;IRONMAN Switzerland Thun;ironman-switzerland-thun-thun-05-07-2026;Thun;Switzerland;05.07.2026;next_check_overdue;Next check date is already in the past.;Run source verification and move next_check forward.
clean;IRONMAN 70.3 Jonkoping;ironman-70-3-jonkoping-jonkoping-11-07-2027;Jonkoping;Sweden;11.07.2027;;;No date action required.
info;IRONMAN 70.3 Luxembourg;ironman-70-3-luxembourg-moselle-12-07-2026;Moselle;Luxembourg;12.07.2026;next_check_overdue;Next check date is already in the past.;Run source verification and move next_check forward.
info;IRONMAN Vitoria-Gasteiz;ironman-vitoria-gasteiz-vitoria-gasteiz-12-07-2026;Vitoria-Gasteiz;Spain;12.07.2026;next_check_overdue;Next check date is already in the past.;Run source verification and move next_check forward.
info;IRONMAN 70.3 Vitoria-Gasteiz;ironman-70-3-vitoria-gasteiz-vitoria-gasteiz-12-07-2026;Vitoria-Gasteiz;Spain;12.07.2026;next_check_overdue;Next check date is already in the past.;Run source verification and move next_check forward.
info;Generali Köln Marathon;generali-koln-marathon-koln-04-10-2026;Köln;Germany;04.10.2026;next_check_overdue;Next check date is already in the past.;Run source verification and move next_check forward.
clean;Köln Triathlon;koln-triathlon-koln-06-09-2026;Köln;Germany;06.09.2026;;;No date action required.
info;Haspa Marathon Hamburg;haspa-marathon-hamburg-hamburg-25-04-2027;Hamburg;Germany;25.04.2027;next_check_overdue;Next check date is already in the past.;Run source verification and move next_check forward.
info;BMW Berlin Marathon;bmw-berlin-marathon-berlin-27-09-2026;Berlin;Germany;27.09.2026;next_check_overdue;Next check date is already in the past.;Run source verification and move next_check forward.
info;Mainova Frankfurt Marathon;mainova-frankfurt-marathon-frankfurt-am-main-25-10-2026;Frankfurt am Main;Germany;25.10.2026;next_check_overdue;Next check date is already in the past.;Run source verification and move next_check forward.
info;Thüringen Ultra;thuringen-ultra-frottstadt-04-07-2026;Fröttstädt;Germany;04.07.2026;next_check_overdue;Next check date is already in the past.;Run source verification and move next_check forward.
info;Münster Marathon;munster-marathon-munster-13-09-2026;Münster;Germany;13.09.2026;next_check_overdue;Next check date is already in the past.;Run source verification and move next_check forward.
info;GutsMuths Rennsteiglauf;gutsmuths-rennsteiglauf-schmiedefeld-22-05-2027;Schmiedefeld;Germany;22.05.2027;next_check_overdue;Next check date is already in the past.;Run source verification and move next_check forward.
info;Ostseeman;ostseeman-glucksburg-02-08-2026;Glücksburg;Germany;02.08.2026;next_check_overdue;Next check date is already in the past.;Run source verification and move next_check forward.
clean;Zugspitz Ultratrail;zugspitz-ultratrail-garmisch-partenkirchen-20-06-2026;Garmisch-Partenkirchen;Germany;20.06.2026;;;No date action required.
clean;Challenge Roth;challenge-roth-roth-04-07-2027;Roth;Germany;04.07.2027;;;No date action required.
info;Dresden Marathon;dresden-marathon-dresden-25-10-2026;Dresden;Germany;25.10.2026;next_check_overdue;Next check date is already in the past.;Run source verification and move next_check forward.
info;Magdeburg Marathon;magdeburg-marathon-magdeburg-04-10-2026;Magdeburg;Germany;04.10.2026;next_check_overdue;Next check date is already in the past.;Run source verification and move next_check forward.
info;Fischland Darss-Zingst Ultramarathon;fischland-darss-zingst-ultramarathon-ribnitz-damgarten-13-06-2026;Ribnitz-Damgarten;Germany;13.06.2026;next_check_overdue;Next check date is already in the past.;Run source verification and move next_check forward.
info;Kassel Marathon;kassel-marathon-kassel-20-09-2026;Kassel;Germany;20.09.2026;next_check_overdue;Next check date is already in the past.;Run source verification and move next_check forward.
clean;Finkenwerder Insellauf;finkenwerder-insellauf-hamburg-06-06-2026;Hamburg;Germany;06.06.2026;;;No date action required.
clean;Panorama-Baumwipfel-Lauf;panorama-baumwipfel-lauf-oberschwarzach-13-06-2026;Oberschwarzach;Germany;13.06.2026;;;No date action required.
clean;Ebbser Koasamarsch;ebbser-koasamarsch-ebbs-12-06-2027;Ebbs;Austria;12.06.2027;;;No date action required.
clean;Himmelgeister Brückenlauf;himmelgeister-bruckenlauf-dusseldorf-13-06-2026;Düsseldorf;Germany;13.06.2026;;;No date action required.
clean;GlückLauf;glucklauf-salzgitter-13-06-2026;Salzgitter;Germany;13.06.2026;;;No date action required.
info;Mendener Citylauf mit Halbmarathon;mendener-citylauf-mit-halbmarathon-menden-14-06-2026;Menden;Germany;14.06.2026;next_check_overdue;Next check date is already in the past.;Run source verification and move next_check forward.
clean;Gorch-Fock-Lauf;gorch-fock-lauf-wilhelmshaven-14-06-2026;Wilhelmshaven;Germany;14.06.2026;;;No date action required.
clean;Herzogstadtlauf Straubing;herzogstadtlauf-straubing-straubing-14-06-2026;Straubing;Germany;14.06.2026;;;No date action required.
clean;Himmelswegelauf;himmelswegelauf-nebra-12-06-2027;Nebra;Germany;12.06.2027;;;No date action required.
clean;Tschirgant Sky Run;tschirgant-sky-run-imst-12-06-2027;Imst;Austria;12.06.2027;;;No date action required.
clean;saarBRÜCKENlauf;saarbruckenlauf-saarbrucken-14-06-2026;Saarbrücken;Germany;14.06.2026;;;No date action required.
clean;Heidenheimer Sparkassen-Stadtlauf;heidenheimer-sparkassen-stadtlauf-heidenheim-13-06-2027;Heidenheim;Germany;13.06.2027;;;No date action required.
info;Drebber Marathon;drebber-marathon-drebber-13-06-2026;Drebber;Germany;13.06.2026;next_check_overdue;Next check date is already in the past.;Run source verification and move next_check forward.
clean;Eschathlon - Der Eschborner Halbmarathon;eschathlon-der-eschborner-halbmarathon-eschborn-13-06-2027;Eschborn;Germany;13.06.2027;;;No date action required.
clean;Hennefer Europalauf;hennefer-europalauf-hennef-20-06-2026;Hennef;Germany;20.06.2026;;;No date action required.
info;Rennsteig Staffellauf;rennsteig-staffellauf-horschel-20-06-2026;Hörschel;Germany;20.06.2026;next_check_overdue;Next check date is already in the past.;Run source verification and move next_check forward.
clean;Skatstadtmarathon;skatstadtmarathon-altenburg-12-06-2027;Altenburg;Germany;12.06.2027;;;No date action required.
clean;Barmstedter Stadtlauf;barmstedter-stadtlauf-barmstedt-14-06-2026;Barmstedt;Germany;14.06.2026;;;No date action required.
clean;Sparkassen Metropolmarathon;sparkassen-metropolmarathon-furth-20-06-2027;Fürth;Germany;20.06.2027;;;No date action required.
clean;Sababurger Tierparklauf;sababurger-tierparklauf-hofgeismar-sababurg-21-06-2026;Hofgeismar-Sababurg;Germany;21.06.2026;;;No date action required.
clean;Melibokuslauf;melibokuslauf-alsbach-hahnlein-14-06-2026;Alsbach-Hähnlein;Germany;14.06.2026;;;No date action required.
clean;Draisinenlauf Altenglan;draisinenlauf-altenglan-altenglan-21-06-2026;Altenglan;Germany;21.06.2026;;;No date action required.
clean;Fichtelgebirgsmarathon;fichtelgebirgsmarathon-bad-alexandersbad-04-07-2026;Bad Alexandersbad;Germany;04.07.2026;;;No date action required.
clean;Montafon Arlberg Marathon;montafon-arlberg-marathon-st-anton-am-arlberg-26-06-2027;St. Anton am Arlberg;Austria;26.06.2027;;;No date action required.
clean;Flechtkulturlauf Obermain;flechtkulturlauf-obermain-lichtenfels-20-06-2026;Lichtenfels;Germany;20.06.2026;;;No date action required.
clean;Remmers-Hasetal Marathon;remmers-hasetal-marathon-loningen-26-06-2027;Löningen;Germany;26.06.2027;;;No date action required.
clean;Gornergrat Zermatt Marathon;gornergrat-zermatt-marathon-st-niklaus-03-07-2027;St. Niklaus;Switzerland;03.07.2027;;;No date action required.
clean;Roruper Abendlauf;roruper-abendlauf-dulmen-rorup-10-07-2026;Dülmen-Rorup;Germany;10.07.2026;;;No date action required.
clean;Eselsburger-Tal-Lauf;eselsburger-tal-lauf-herbrechtingen-05-07-2026;Herbrechtingen;Germany;05.07.2026;;;No date action required.
clean;ProPotsdam Schlösserlauf;propotsdam-schlosserlauf-potsdam-06-06-2027;Potsdam;Germany;06.06.2027;;;No date action required.
clean;SportScheck RUN München;sportscheck-run-munchen-munchen-18-06-2027;München;Germany;18.06.2027;;;No date action required.
info;Gletschermarathon Pitztal;gletschermarathon-pitztal-sankt-leonhard-im-pitztal-05-07-2026;Sankt Leonhard im Pitztal;Austria;05.07.2026;next_check_overdue;Next check date is already in the past.;Run source verification and move next_check forward.
info;Ermstal-Marathon;ermstal-marathon-metzingen-12-07-2026;Metzingen;Germany;12.07.2026;next_check_overdue;Next check date is already in the past.;Run source verification and move next_check forward.
clean;Heizomat Altmühlseelauf;heizomat-altmuhlseelauf-gunzenhausen-18-07-2026;Gunzenhausen;Germany;18.07.2026;;;No date action required.
clean;Küstenkanallauf;kustenkanallauf-friesoythe-kampe-04-07-2026;Friesoythe/Kampe;Germany;04.07.2026;;;No date action required.
info;Ottonenlauf;ottonenlauf-alexisbad-01-08-2026;Alexisbad;Germany;01.08.2026;next_check_overdue;Next check date is already in the past.;Run source verification and move next_check forward.
info;Altmühl-Jura Halbmarathon;altmuhl-jura-halbmarathon-greding-26-07-2026;Greding;Germany;26.07.2026;next_check_overdue;Next check date is already in the past.;Run source verification and move next_check forward.
info;Rheingauer Halbmarathon;rheingauer-halbmarathon-oestrich-winkel-26-07-2026;Oestrich-Winkel;Germany;26.07.2026;next_check_overdue;Next check date is already in the past.;Run source verification and move next_check forward.
info;Marburger Nachtmarathon;marburger-nachtmarathon-marburg-03-07-2026;Marburg;Germany;03.07.2026;next_check_overdue;Next check date is already in the past.;Run source verification and move next_check forward.
clean;Wilhelmsfelder Kerwelauf;wilhelmsfelder-kerwelauf-wilhelmsfeld-05-07-2026;Wilhelmsfeld;Germany;05.07.2026;;;No date action required.
info;Marathon rund um Wellen;marathon-rund-um-wellen-wellen-02-08-2026;Wellen;Germany;02.08.2026;next_check_overdue;Next check date is already in the past.;Run source verification and move next_check forward.
clean;Kapellenlauf Vorra;kapellenlauf-vorra-frensdorf-02-08-2026;Frensdorf;Germany;02.08.2026;;;No date action required.
clean;Eilenriederennen Hannover;eilenriederennen-hannover-hannover-30-08-2026;Hannover;Germany;30.08.2026;;;No date action required.
info;FlorSTADT Halbmarathon;florstadt-halbmarathon-florstadt-23-08-2026;Florstadt;Germany;23.08.2026;next_check_overdue;Next check date is already in the past.;Run source verification and move next_check forward.
clean;Borkumer Meilenlauf;borkumer-meilenlauf-borkum-05-09-2026;Borkum;Germany;05.09.2026;;;No date action required.
info;Rosengartenlauf;rosengartenlauf-rosengarten-vahrendorf-23-08-2026;Rosengarten-Vahrendorf;Germany;23.08.2026;next_check_overdue;Next check date is already in the past.;Run source verification and move next_check forward.
info;Jungfrau Marathon;jungfrau-marathon-interlaken-04-09-2026;Interlaken;Switzerland;04.09.2026;next_check_overdue;Next check date is already in the past.;Run source verification and move next_check forward.
clean;Steinhuder-Meer-Lauf;steinhuder-meer-lauf-neustadt-am-rubenberge-05-09-2026;Neustadt am Rübenberge;Germany;05.09.2026;;;No date action required.
info;City Marathon Bremerhaven;city-marathon-bremerhaven-bremerhaven-06-09-2026;Bremerhaven;Germany;06.09.2026;next_check_overdue;Next check date is already in the past.;Run source verification and move next_check forward.
info;BORSIG Halbmarathon;borsig-halbmarathon-berlin-06-09-2026;Berlin;Germany;06.09.2026;next_check_overdue;Next check date is already in the past.;Run source verification and move next_check forward.
info;Koberstädter Waldmarathon;koberstadter-waldmarathon-egelsbach-30-08-2026;Egelsbach;Germany;30.08.2026;next_check_overdue;Next check date is already in the past.;Run source verification and move next_check forward.
info;Burgwald Märchen Marathon;burgwald-marchen-marathon-rauschenberg-30-08-2026;Rauschenberg;Germany;30.08.2026;next_check_overdue;Next check date is already in the past.;Run source verification and move next_check forward.
info;Fehmarn Marathon;fehmarn-marathon-fehmarn-05-09-2026;Fehmarn;Germany;05.09.2026;next_check_overdue;Next check date is already in the past.;Run source verification and move next_check forward.
info;Flensburg liebt dich Marathon;flensburg-liebt-dich-marathon-flensburg-06-09-2026;Flensburg;Germany;06.09.2026;next_check_overdue;Next check date is already in the past.;Run source verification and move next_check forward.
info;swb Bremen Marathon;swb-bremen-marathon-bremen-13-09-2026;Bremen;Germany;13.09.2026;next_check_overdue;Next check date is already in the past.;Run source verification and move next_check forward.
info;Fränkische Schweiz Marathon;frankische-schweiz-marathon-ebermannstadt-06-09-2026;Ebermannstadt;Germany;06.09.2026;next_check_overdue;Next check date is already in the past.;Run source verification and move next_check forward.
info;Pfälzerwald Marathon;pfalzerwald-marathon-pirmasens-12-09-2026;Pirmasens;Germany;12.09.2026;next_check_overdue;Next check date is already in the past.;Run source verification and move next_check forward.
clean;wep-Strom Lauf;wep-strom-lauf-huckelhoven-13-09-2026;Hückelhoven;Germany;13.09.2026;;;No date action required.
info;Friedberger Halbmarathon;friedberger-halbmarathon-friedberg-i-bayern-13-09-2026;Friedberg i.Bayern;Germany;13.09.2026;next_check_overdue;Next check date is already in the past.;Run source verification and move next_check forward.
info;ebm-papst Marathon;ebm-papst-marathon-niedernhall-13-09-2026;Niedernhall;Germany;13.09.2026;next_check_overdue;Next check date is already in the past.;Run source verification and move next_check forward.
clean;Schweriner Fünf-Seen-Lauf;schweriner-funf-seen-lauf-schwerin-04-07-2026;Schwerin;Germany;04.07.2026;;;No date action required.
clean;Ahrathon Erlebnislauf;ahrathon-erlebnislauf-bad-neuenahr-ahrweiler-12-06-2027;Bad Neuenahr-Ahrweiler;Germany;12.06.2027;;;No date action required.
clean;Schapener Volkslauf;schapener-volkslauf-braunschweig-06-09-2026;Braunschweig;Germany;06.09.2026;;;No date action required.
info;Bodensee Marathon;bodensee-marathon-kressbronn-19-09-2026;Kressbronn;Germany;19.09.2026;next_check_overdue;Next check date is already in the past.;Run source verification and move next_check forward.
info;Wachau Marathon;wachau-marathon-krems-13-09-2026;Krems;Austria;13.09.2026;next_check_overdue;Next check date is already in the past.;Run source verification and move next_check forward.
info;Trail Marathon Heidelberg;trail-marathon-heidelberg-heidelberg-20-09-2026;Heidelberg;Germany;20.09.2026;next_check_overdue;Next check date is already in the past.;Run source verification and move next_check forward.
clean;Brauereienlauf;brauereienlauf-litzendorf-19-09-2026;Litzendorf;Germany;19.09.2026;;;No date action required.
info;Sparkassen - Küstenmarathon;sparkassen-kustenmarathon-otterndorf-20-09-2026;Otterndorf;Germany;20.09.2026;next_check_overdue;Next check date is already in the past.;Run source verification and move next_check forward.
clean;Altstadtlauf Salzwedel;altstadtlauf-salzwedel-salzwedel-20-09-2026;Salzwedel;Germany;20.09.2026;;;No date action required.
clean;Schuster Tegernseelauf;schuster-tegernseelauf-gmund-am-tegernsee-20-09-2026;Gmund am Tegernsee;Germany;20.09.2026;;;No date action required.
info;Taubertal 100;taubertal-100-rothenburg-ob-der-tauber-03-10-2026;Rothenburg ob der Tauber;Germany;03.10.2026;next_check_overdue;Next check date is already in the past.;Run source verification and move next_check forward.
info;Baden Marathon Karlsruhe;baden-marathon-karlsruhe-karlsruhe-20-09-2026;Karlsruhe;Germany;20.09.2026;next_check_overdue;Next check date is already in the past.;Run source verification and move next_check forward.
info;Einstein Marathon;einstein-marathon-ulm-27-09-2026;Ulm;Germany;27.09.2026;next_check_overdue;Next check date is already in the past.;Run source verification and move next_check forward.
info;Halbmarathon Altötting;halbmarathon-altotting-altotting-20-09-2026;Altötting;Germany;20.09.2026;next_check_overdue;Next check date is already in the past.;Run source verification and move next_check forward.
info;Schwarzwald Marathon;schwarzwald-marathon-braunlingen-10-10-2026;Bräunlingen;Germany;10.10.2026;next_check_overdue;Next check date is already in the past.;Run source verification and move next_check forward.
info;Kaisermarathon;kaisermarathon-soll-10-10-2026;Söll;Austria;10.10.2026;next_check_overdue;Next check date is already in the past.;Run source verification and move next_check forward.
info;Kärntner Marathon;karntner-marathon-feldkirchen-27-09-2026;Feldkirchen;Austria;27.09.2026;next_check_overdue;Next check date is already in the past.;Run source verification and move next_check forward.
info;Fulda Marathon;fulda-marathon-fulda-06-09-2026;Fulda;Germany;06.09.2026;next_check_overdue;Next check date is already in the past.;Run source verification and move next_check forward.
info;Eindhoven Marathon;eindhoven-marathon-eindhoven-11-10-2026;Eindhoven;Netherlands;11.10.2026;next_check_overdue;Next check date is already in the past.;Run source verification and move next_check forward.
info;Graz Marathon;graz-marathon-graz-11-10-2026;Graz;Austria;11.10.2026;next_check_overdue;Next check date is already in the past.;Run source verification and move next_check forward.
clean;RIBE Citylauf Schwabach;ribe-citylauf-schwabach-schwabach-11-10-2026;Schwabach;Germany;11.10.2026;;;No date action required.
info;Marathon München by Brooks;marathon-munchen-by-brooks-munchen-11-10-2026;München;Germany;11.10.2026;next_check_overdue;Next check date is already in the past.;Run source verification and move next_check forward.
info;Hachenburg Löwen Marathon;hachenburg-lowen-marathon-hachenburg-17-10-2026;Hachenburg;Germany;17.10.2026;next_check_overdue;Next check date is already in the past.;Run source verification and move next_check forward.
info;Drei-Talsperren Marathon;drei-talsperren-marathon-eibenstock-19-09-2026;Eibenstock;Germany;19.09.2026;next_check_overdue;Next check date is already in the past.;Run source verification and move next_check forward.
clean;Leipzig RUN;leipzig-run-leipzig-11-10-2026;Leipzig;Germany;11.10.2026;;;No date action required.
info;Filderstadt-Halbmarathon;filderstadt-halbmarathon-filderstadt-18-10-2026;Filderstadt;Germany;18.10.2026;next_check_overdue;Next check date is already in the past.;Run source verification and move next_check forward.
info;Swiss City Marathon Lucerne;swiss-city-marathon-lucerne-luzern-25-10-2026;Luzern;Switzerland;25.10.2026;next_check_overdue;Next check date is already in the past.;Run source verification and move next_check forward.
info;Westenergie Marathon;westenergie-marathon-essen-11-10-2026;Essen;Germany;11.10.2026;next_check_overdue;Next check date is already in the past.;Run source verification and move next_check forward.
clean;Braunschweiger Lauftage;braunschweiger-lauftage-braunschweig-25-10-2026;Braunschweig;Germany;25.10.2026;;;No date action required.
info;Usedom Marathon;usedom-marathon-wolgast-05-09-2026;Wolgast;Germany;05.09.2026;next_check_overdue;Next check date is already in the past.;Run source verification and move next_check forward.
info;Aschaffenburger Sparkassen Halbmarathon;aschaffenburger-sparkassen-halbmarathon-aschaffenburg-04-10-2026;Aschaffenburg;Germany;04.10.2026;next_check_overdue;Next check date is already in the past.;Run source verification and move next_check forward.
info;Chiemgau Trail Run;chiemgau-trail-run-marquartstein-24-10-2026;Marquartstein;Germany;24.10.2026;next_check_overdue;Next check date is already in the past.;Run source verification and move next_check forward.
info;Karneval Marathon Köln;karneval-marathon-koln-koln-11-11-2026;Köln;Germany;11.11.2026;next_check_overdue;Next check date is already in the past.;Run source verification and move next_check forward.
clean;SportScheck RUN Nürnberg;sportscheck-run-nurnberg-nurnberg-25-10-2026;Nürnberg;Germany;25.10.2026;;;No date action required.
info;Lausanne Marathon;lausanne-marathon-lausanne-25-10-2026;Lausanne;Switzerland;25.10.2026;next_check_overdue;Next check date is already in the past.;Run source verification and move next_check forward.
info;Schloss Marienburg Marathon;schloss-marienburg-marathon-nordstemmen-adensen-21-11-2026;Nordstemmen-Adensen;Germany;21.11.2026;next_check_overdue;Next check date is already in the past.;Run source verification and move next_check forward.
info;Röntgenlauf;rontgenlauf-remscheid-25-10-2026;Remscheid;Germany;25.10.2026;next_check_overdue;Next check date is already in the past.;Run source verification and move next_check forward.
info;Siebengebirgsmarathon;siebengebirgsmarathon-bad-honnef-06-12-2026;Bad Honnef;Germany;06.12.2026;next_check_overdue;Next check date is already in the past.;Run source verification and move next_check forward.
info;Zürich Marathon;zurich-marathon-zurich-11-04-2027;Zürich;Switzerland;11.04.2027;next_check_overdue;Next check date is already in the past.;Run source verification and move next_check forward.
info;Falke Rothaarsteig Marathon;falke-rothaarsteig-marathon-fleckenberg-17-10-2026;Fleckenberg;Germany;17.10.2026;next_check_overdue;Next check date is already in the past.;Run source verification and move next_check forward.
info;Oldenburg Marathon;oldenburg-marathon-edewecht-25-10-2026;Edewecht;Germany;25.10.2026;next_check_overdue;Next check date is already in the past.;Run source verification and move next_check forward.
info;Mein Freiburg Marathon;mein-freiburg-marathon-freiburg-04-04-2027;Freiburg;Germany;04.04.2027;next_check_overdue;Next check date is already in the past.;Run source verification and move next_check forward.
clean;Winterstaffel Pulheim;winterstaffel-pulheim-pulheim-31-01-2027;Pulheim;Germany;31.01.2027;;;No date action required.
info;uniper Marathon Düsseldorf;uniper-marathon-dusseldorf-dusseldorf-18-04-2027;Düsseldorf;Germany;18.04.2027;next_check_overdue;Next check date is already in the past.;Run source verification and move next_check forward.
info;ADAC Marathon Hannover;adac-marathon-hannover-hannover-11-04-2027;Hannover;Germany;11.04.2027;next_check_overdue;Next check date is already in the past.;Run source verification and move next_check forward.
info;Frauenfelder Marathon;frauenfelder-marathon-frauenfeld-15-11-2026;Frauenfeld;Switzerland;15.11.2026;next_check_overdue;Next check date is already in the past.;Run source verification and move next_check forward.
info;Tangermünder Elbdeichmarathon;tangermunder-elbdeichmarathon-tangermunde-18-04-2027;Tangermünde;Germany;18.04.2027;next_check_overdue;Next check date is already in the past.;Run source verification and move next_check forward.
info;Saaletal Marathon;saaletal-marathon-ramsthal-10-04-2027;Ramsthal;Germany;10.04.2027;next_check_overdue;Next check date is already in the past.;Run source verification and move next_check forward.
clean;Ring Running Series;ring-running-series-hockenheim-21-11-2026;Hockenheim;Germany;21.11.2026;;;No date action required.
info;Rursee Marathon;rursee-marathon-simmerath-08-11-2026;Simmerath;Germany;08.11.2026;next_check_overdue;Next check date is already in the past.;Run source verification and move next_check forward.
clean;Salvus-Teekottenlauf;salvus-teekottenlauf-emsdetten-23-04-2027;Emsdetten;Germany;23.04.2027;;;No date action required.
info;Leipzig Marathon;leipzig-marathon-leipzig-18-04-2027;Leipzig;Germany;18.04.2027;next_check_overdue;Next check date is already in the past.;Run source verification and move next_check forward.
info;Vienna City Marathon;vienna-city-marathon-vienna-18-04-2027;Vienna;Austria;18.04.2027;next_check_overdue;Next check date is already in the past.;Run source verification and move next_check forward.
info;Cuxhaven Marathon;cuxhaven-marathon-cuxhaven-02-05-2027;Cuxhaven;Germany;02.05.2027;next_check_overdue;Next check date is already in the past.;Run source verification and move next_check forward.
info;Obermain Marathon;obermain-marathon-bad-staffelstein-11-04-2027;Bad Staffelstein;Germany;11.04.2027;next_check_overdue;Next check date is already in the past.;Run source verification and move next_check forward.
info;Spreewald Marathon;spreewald-marathon-burg-25-04-2027;Burg;Germany;25.04.2027;next_check_overdue;Next check date is already in the past.;Run source verification and move next_check forward.
info;Marathon Deutsche Weinstraße;marathon-deutsche-weinstra-e-bockenheim-02-04-2028;Bockenheim;Germany;02.04.2028;next_check_overdue;Next check date is already in the past.;Run source verification and move next_check forward.
info;9. Super-Cross-Sprint Triathlon;9-super-cross-sprint-triathlon-merzig-07-06-2026;Merzig;Germany;07.06.2026;next_check_overdue;Next check date is already in the past.;Run source verification and move next_check forward.
info;PUMA Salzburg Marathon;puma-salzburg-marathon-salzburg-23-05-2027;Salzburg;Austria;23.05.2027;next_check_overdue;Next check date is already in the past.;Run source verification and move next_check forward.
clean;RYZON Bonn Triathlon;ryzon-bonn-triathlon-bonn-06-06-2027;Bonn;Germany;06.06.2027;;;No date action required.
info;17. Burgwald-Triathlon;17-burgwald-triathlon-burgwald-07-06-2026;Burgwald;Germany;07.06.2026;next_check_overdue;Next check date is already in the past.;Run source verification and move next_check forward.
info;16. GSYSTEMS-Koberbachtal-Triathlon - OD & JD;16-gsystems-koberbachtal-triathlon-od-jd-werdau-ot-langenhessen-06-06-2026;Werdau/ OT Langenhessen;Germany;06.06.2026;next_check_overdue;Next check date is already in the past.;Run source verification and move next_check forward.
clean;Enni Triathlon Moers;enni-triathlon-moers-moers-06-06-2027;Moers;Germany;06.06.2027;;;No date action required.
info;24. Meerenergie Triathlon Bokeloh;24-meerenergie-triathlon-bokeloh-wunstorf-07-06-2026;Wunstorf;Germany;07.06.2026;next_check_overdue;Next check date is already in the past.;Run source verification and move next_check forward.
clean;VR Bank Triathlon Heilbronn powered by Audi;vr-bank-triathlon-heilbronn-powered-by-audi-heilbronn-13-06-2027;Heilbronn;Germany;13.06.2027;;;No date action required.
info;12. Feuchtwanger Triathlon;12-feuchtwanger-triathlon-feuchtwangen-14-06-2026;Feuchtwangen;Germany;14.06.2026;next_check_overdue;Next check date is already in the past.;Run source verification and move next_check forward.
info;39. Kallmünzer Sparkassen-Triathlon;39-kallmunzer-sparkassen-triathlon-kallmunz-13-06-2026;Kallmünz;Germany;13.06.2026;next_check_overdue;Next check date is already in the past.;Run source verification and move next_check forward.
info;3. Oste-Triathlon Bremervörde;3-oste-triathlon-bremervorde-bremervorde-14-06-2026;Bremervörde;Germany;14.06.2026;next_check_overdue;Next check date is already in the past.;Run source verification and move next_check forward.
info;9. Cottbuser Ostsee-Triathlon;9-cottbuser-ostsee-triathlon-teichland-14-06-2026;Teichland;Germany;14.06.2026;next_check_overdue;Next check date is already in the past.;Run source verification and move next_check forward.
info;Havelberg Triathlon 2026;havelberg-triathlon-2026-havelberg-06-06-2026;Havelberg;Germany;06.06.2026;next_check_overdue;Next check date is already in the past.;Run source verification and move next_check forward.
clean;Lifestyle Würzburg Triathlon;lifestyle-wurzburg-triathlon-erlabrunn-13-06-2027;Erlabrunn;Germany;13.06.2027;;;No date action required.
info;25. Sternberger Triathlon;25-sternberger-triathlon-sternberg-14-06-2026;Sternberg;Germany;14.06.2026;next_check_overdue;Next check date is already in the past.;Run source verification and move next_check forward.
info;35. Reiling-Triathlon Harsewinkel;35-reiling-triathlon-harsewinkel-harsewinkel-07-06-2026;Harsewinkel;Germany;07.06.2026;next_check_overdue;Next check date is already in the past.;Run source verification and move next_check forward.
info;33. Mußbach Triathlon;33-mu-bach-triathlon-neustadt-14-06-2026;Neustadt;Germany;14.06.2026;next_check_overdue;Next check date is already in the past.;Run source verification and move next_check forward.
info;12. Ockstädter Cross Triathlon im Kirschenberg;12-ockstadter-cross-triathlon-im-kirschenberg-friedberg-ockstadt-20-06-2026;Friedberg-Ockstadt;Germany;20.06.2026;next_check_overdue;Next check date is already in the past.;Run source verification and move next_check forward.
info;Audi Triathlon Ingolstadt powered by BÜCHL;audi-triathlon-ingolstadt-powered-by-buchl-ingolstadt-14-06-2026;Ingolstadt;Germany;14.06.2026;next_check_overdue;Next check date is already in the past.;Run source verification and move next_check forward.
info;Nymphensee Triathlon;nymphensee-triathlon-brieselang-14-06-2026;Brieselang;Germany;14.06.2026;next_check_overdue;Next check date is already in the past.;Run source verification and move next_check forward.
info;7 Türme Triathlon 2026;7-turme-triathlon-2026-lubeck-14-06-2026;Lübeck;Germany;14.06.2026;next_check_overdue;Next check date is already in the past.;Run source verification and move next_check forward.
clean;31. Stadttriathlon Erding 2026;31-stadttriathlon-erding-2026-erding-14-06-2026;Erding;Germany;14.06.2026;;;No date action required.
clean;33. Steinbecker Triathlon;33-steinbecker-triathlon-recke-20-06-2027;Recke;Germany;20.06.2027;;;No date action required.
info;29. Vierlanden-Triathlon;29-vierlanden-triathlon-hamburg-21-06-2026;Hamburg;Germany;21.06.2026;next_check_overdue;Next check date is already in the past.;Run source verification and move next_check forward.
info;41. Hückeswagener Triathlon;41-huckeswagener-triathlon-huckeswagen-21-06-2026;Hückeswagen;Germany;21.06.2026;next_check_overdue;Next check date is already in the past.;Run source verification and move next_check forward.
info;32. Heinz Beierstorf Triathlon Stutensee;32-heinz-beierstorf-triathlon-stutensee-stutensee-21-06-2026;Stutensee;Germany;21.06.2026;next_check_overdue;Next check date is already in the past.;Run source verification and move next_check forward.
clean;9. Lauchringer Triathlon-Nacht;9-lauchringer-triathlon-nacht-lauchringen-25-06-2027;Lauchringen;Germany;25.06.2027;;;No date action required.
clean;34. Mühlchen-Triathlon Darmstadt-Arheilgen;34-muhlchen-triathlon-darmstadt-arheilgen-darmstadt-20-06-2027;Darmstadt;Germany;20.06.2027;;;No date action required.
clean;Wormser Nibelungenlauf;wormser-nibelungenlauf-worms-13-09-2026;Worms;Germany;13.09.2026;;;No date action required.
info;Einhorn-Triathlon Bremen;einhorn-triathlon-bremen-bremen-14-06-2026;Bremen;Germany;14.06.2026;next_check_overdue;Next check date is already in the past.;Run source verification and move next_check forward.
clean;StadtTriathlon Forchheim;stadttriathlon-forchheim-forchheim-13-06-2027;Forchheim;Germany;13.06.2027;;;No date action required.
info;SanktPauli Ultra;sanktpauli-ultra-rotenburg-wumme-tostedt-15-05-2027;Rotenburg/Wümme - Tostedt;Germany;15.05.2027;next_check_overdue;Next check date is already in the past.;Run source verification and move next_check forward.
info;Nordhäuser Triathlon;nordhauser-triathlon-nordhausen-21-06-2026;Nordhausen;Germany;21.06.2026;next_check_overdue;Next check date is already in the past.;Run source verification and move next_check forward.
info;14. Neunkircher Jedermann- und Staffeltriathlon;14-neunkircher-jedermann-und-staffeltriathlon-neunkirchen-21-06-2026;Neunkirchen;Germany;21.06.2026;next_check_overdue;Next check date is already in the past.;Run source verification and move next_check forward.
info;Rosenstadt-Triathlon;rosenstadt-triathlon-eutin-21-06-2026;Eutin;Germany;21.06.2026;next_check_overdue;Next check date is already in the past.;Run source verification and move next_check forward.
info;41. Edersee-Triathlon;41-edersee-triathlon-waldeck-27-06-2026;Waldeck;Germany;27.06.2026;next_check_overdue;Next check date is already in the past.;Run source verification and move next_check forward.
info;17. ITH-Hennesee-Triathlon;17-ith-hennesee-triathlon-meschede-27-06-2026;Meschede;Germany;27.06.2026;next_check_overdue;Next check date is already in the past.;Run source verification and move next_check forward.
info;41. Lipperlandtriathlon;41-lipperlandtriathlon-lage-21-06-2026;Lage;Germany;21.06.2026;next_check_overdue;Next check date is already in the past.;Run source verification and move next_check forward.
clean;Viking Triathlon Schleswig;viking-triathlon-schleswig-schleswig-20-06-2027;Schleswig;Germany;20.06.2027;;;No date action required.
info;Allgäu-Panorama-Marathon;allgau-panorama-marathon-sonthofen-09-08-2026;Sonthofen;Germany;09.08.2026;next_check_overdue;Next check date is already in the past.;Run source verification and move next_check forward.
info;Freudenstadt Grüntal 12h/24h Lauf (Herbst);freudenstadt-gruntal-12h-24h-lauf-herbst-freudenstadt-gruntal-03-10-2026;Freudenstadt-Grüntal;Germany;03.10.2026;next_check_overdue;Next check date is already in the past.;Run source verification and move next_check forward.
info;12.Mittelmosel Triathlon powered by vit:bikes Zell;12-mittelmosel-triathlon-powered-by-vit-bikes-zell-bullay-21-06-2026;Bullay;Germany;21.06.2026;next_check_overdue;Next check date is already in the past.;Run source verification and move next_check forward.
info;4. Neustädter Triathlon Sprintdistanz;4-neustadter-triathlon-sprintdistanz-neustadt-a-d-donau-28-06-2026;Neustadt a.d. Donau;Germany;28.06.2026;next_check_overdue;Next check date is already in the past.;Run source verification and move next_check forward.
clean;adidas Runners City Night Berlin;adidas-runners-city-night-berlin-berlin-01-08-2026;Berlin;Germany;01.08.2026;;;No date action required.
info;35. Tölzer Triathlon;35-tolzer-triathlon-sachsenkam-21-06-2026;Sachsenkam;Germany;21.06.2026;next_check_overdue;Next check date is already in the past.;Run source verification and move next_check forward.
clean;AOK Firmenlauf Reutlingen;aok-firmenlauf-reutlingen-reutlingen-11-06-2026;Reutlingen;Germany;11.06.2026;;;No date action required.
clean;B2Run Gelsenkirchen;b2run-gelsenkirchen-gelsenkirchen-01-09-2026;Gelsenkirchen;Germany;01.09.2026;;;No date action required.
clean;B2Run Koblenz;b2run-koblenz-koblenz-26-06-2026;Koblenz;Germany;26.06.2026;;;No date action required.
clean;B2Run Kaiserslautern;b2run-kaiserslautern-kaiserslautern-11-06-2026;Kaiserslautern;Germany;11.06.2026;;;No date action required.
clean;AOK-Firmenlauf Rheine;aok-firmenlauf-rheine-rheine-26-06-2026;Rheine;Germany;26.06.2026;;;No date action required.
info;Eversburger Gewässer Ultramarathon;eversburger-gewasser-ultramarathon-osnabruck-06-06-2026;Osnabrück;Germany;06.06.2026;next_check_overdue;Next check date is already in the past.;Run source verification and move next_check forward.
clean;Badeparadies Schwarzwald Firmenlauf Villingen-Schwenningen;badeparadies-schwarzwald-firmenlauf-villingen-schwenningen-villingen-schwenninge;Villingen-Schwenningen;Germany;02.07.2026;;;No date action required.
clean;TenneT POWERTRIATHLON Trebgast 2026;tennet-powertriathlon-trebgast-2026-trebgast-27-06-2027;Trebgast;Germany;27.06.2027;;;No date action required.
clean;Sparda Münster City Triathlon 2026;sparda-munster-city-triathlon-2026-munster-20-06-2027;Münster;Germany;20.06.2027;;;No date action required.
info;Franklin Meilenlauf Mannheim;franklin-meilenlauf-mannheim-mannheim-11-10-2026;Mannheim;Germany;11.10.2026;next_check_overdue;Next check date is already in the past.;Run source verification and move next_check forward.
clean;AOK Firmenlauf Bielefeld;aok-firmenlauf-bielefeld-bielefeld-26-08-2026;Bielefeld;Germany;26.08.2026;;;No date action required.
info;Fürst Carl Seenlandmarathon;furst-carl-seenlandmarathon-pleinfeld-20-09-2026;Pleinfeld;Germany;20.09.2026;next_check_overdue;Next check date is already in the past.;Run source verification and move next_check forward.
info;Haspa Halbmarathon Hamburg;haspa-halbmarathon-hamburg-hamburg-25-04-2027;Hamburg;Germany;25.04.2027;next_check_overdue;Next check date is already in the past.;Run source verification and move next_check forward.
clean;Dürener Firmenlauf;durener-firmenlauf-duren-12-06-2026;Düren;Germany;12.06.2026;;;No date action required.
info;Kap-Arkona-Lauf;kap-arkona-lauf-putgarten-03-10-2026;Putgarten;Germany;03.10.2026;next_check_overdue;Next check date is already in the past.;Run source verification and move next_check forward.
clean;Haster Volkslauf Osnabrück;haster-volkslauf-osnabruck-osnabruck-07-06-2026;Osnabrück;Germany;07.06.2026;;;No date action required.
clean;Gütersloh läuft;gutersloh-lauft-gutersloh-08-07-2026;Gütersloh;Germany;08.07.2026;;;No date action required.
info;König Ludwig Lauf Sommer;konig-ludwig-lauf-sommer-oberammergau-26-09-2026;Oberammergau;Germany;26.09.2026;next_check_overdue;Next check date is already in the past.;Run source verification and move next_check forward.
clean;LaminatDEPOT-Lauf Velbert;laminatdepot-lauf-velbert-velbert-05-07-2026;Velbert;Germany;05.07.2026;;;No date action required.
clean;Firmenpuls Neuss;firmenpuls-neuss-neuss-08-09-2026;Neuss;Germany;08.09.2026;;;No date action required.
info;Osnabrücker Ringweg Ultramarathon;osnabrucker-ringweg-ultramarathon-osnabruck-13-06-2026;Osnabrück;Germany;13.06.2026;next_check_overdue;Next check date is already in the past.;Run source verification and move next_check forward.
clean;REWE Women's Run Hamburg;rewe-women-s-run-hamburg-hamburg-14-06-2026;Hamburg;Germany;14.06.2026;;;No date action required.
clean;Bietigheimer Silvesterlauf;bietigheimer-silvesterlauf-bietigheim-bissingen-31-12-2026;Bietigheim-Bissingen;Germany;31.12.2026;;;No date action required.
clean;Mülheimer Firmenlauf;mulheimer-firmenlauf-mulheim-an-der-ruhr-17-09-2026;Mülheim an der Ruhr;Germany;17.09.2026;;;No date action required.
clean;RUN & FUN Krefelder Firmenlauf;run-fun-krefelder-firmenlauf-krefeld-02-09-2026;Krefeld;Germany;02.09.2026;;;No date action required.
info;Kölner Halbmarathon;kolner-halbmarathon-koln-30-08-2026;Köln;Germany;30.08.2026;next_check_overdue;Next check date is already in the past.;Run source verification and move next_check forward.
clean;Siegerländer AOK-Firmenlauf Siegen;siegerlander-aok-firmenlauf-siegen-siegen-15-07-2026;Siegen;Germany;15.07.2026;;;No date action required.
clean;Schwebebahnlauf Wuppertal;schwebebahnlauf-wuppertal-wuppertal-13-06-2027;Wuppertal;Germany;13.06.2027;;;No date action required.
info;Sparkasse 3-Länder-Marathon;sparkasse-3-lander-marathon-lindau-11-10-2026;Lindau;Germany;11.10.2026;next_check_overdue;Next check date is already in the past.;Run source verification and move next_check forward.
clean;Lüneburger Firmenlauf;luneburger-firmenlauf-luneburg-12-06-2026;Lüneburg;Germany;12.06.2026;;;No date action required.
clean;Sandhofer Straßenlauf;sandhofer-stra-enlauf-mannheim-19-06-2026;Mannheim;Germany;19.06.2026;;;No date action required.
clean;Solinger Klingenlauf;solinger-klingenlauf-solingen-04-06-2026;Solingen;Germany;04.06.2026;;;No date action required.
info;Mainauenlauf Bayreuth;mainauenlauf-bayreuth-bayreuth-14-06-2026;Bayreuth;Germany;14.06.2026;next_check_overdue;Next check date is already in the past.;Run source verification and move next_check forward.
clean;Stadtlauf Hanau;stadtlauf-hanau-hanau-18-09-2026;Hanau;Germany;18.09.2026;;;No date action required.
clean;Usedom Beach Marathon;usedom-beach-marathon-heringsdorf-05-06-2027;Heringsdorf;Germany;05.06.2027;;;No date action required.
clean;Sparkassen Firmenlauf Oberhausen;sparkassen-firmenlauf-oberhausen-oberhausen-18-06-2026;Oberhausen;Germany;18.06.2026;;;No date action required.
clean;VR Bank Firmenlauf Bamberg;vr-bank-firmenlauf-bamberg-bamberg-18-09-2026;Bamberg;Germany;18.09.2026;;;No date action required.
info;WVV Marathon Würzburg;wvv-marathon-wurzburg-wurzburg-23-05-2027;Würzburg;Germany;23.05.2027;next_check_overdue;Next check date is already in the past.;Run source verification and move next_check forward.
clean;1. Volkslauf Seelze;1-volkslauf-seelze-seelze-15-11-2026;Seelze;Germany;15.11.2026;;;No date action required.
info;1. Hannover Backyard Ultra;1-hannover-backyard-ultra-hannover-08-08-2026;Hannover;Germany;08.08.2026;next_check_overdue;Next check date is already in the past.;Run source verification and move next_check forward.
clean;1. Laufchallenge Mellendorfer TV;1-laufchallenge-mellendorfer-tv-hanover-23-08-2026;Hanover;Germany;23.08.2026;;;No date action required.
clean;10. Charity-Lauf Koldingen;10-charity-lauf-koldingen-region-hannover-02-08-2026;Region Hannover;Germany;02.08.2026;;;No date action required.
info;07. Stadtholz Marathon;07-stadtholz-marathon-rheda-wiedenbruck-20-07-2026;Rheda-Wiedenbrück;Germany;20.07.2026;next_check_overdue;Next check date is already in the past.;Run source verification and move next_check forward.
clean;11. Lichterlauf Tangermünde;11-lichterlauf-tangermunde-saxony-anhalt-21-08-2026;Saxony-Anhalt;Germany;21.08.2026;;;No date action required.
info;1. Westerwälder Backyard Ultra;1-westerwalder-backyard-ultra-westerwald-05-06-2026;Westerwald;Germany;05.06.2026;next_check_overdue;Next check date is already in the past.;Run source verification and move next_check forward.
info;13. Heilwald Marathon;13-heilwald-marathon-bad-lippspringe-24-07-2026;Bad Lippspringe;Germany;24.07.2026;next_check_overdue;Next check date is already in the past.;Run source verification and move next_check forward.
info;15. Brunsberglauf;15-brunsberglauf-buchholz-in-der-nordheide-06-09-2026;Buchholz in der Nordheide;Germany;06.09.2026;next_check_overdue;Next check date is already in the past.;Run source verification and move next_check forward.
info;15. Fullestrand-Ultramarathon;15-fullestrand-ultramarathon-hesse-13-06-2026;Hesse;Germany;13.06.2026;next_check_overdue;Next check date is already in the past.;Run source verification and move next_check forward.
clean;17. VSB Dresdner Nachtlauf;17-vsb-dresdner-nachtlauf-dresden-14-08-2026;Dresden;Germany;14.08.2026;;;No date action required.
clean;16. Köhlbrandbrückenlauf;16-kohlbrandbruckenlauf-kohlbrandbrucke-03-10-2026;Köhlbrandbrücke;Germany;03.10.2026;;;No date action required.
info;20. Müggelsee-Halbmarathon;20-muggelsee-halbmarathon-muggelsee-gebiet-18-10-2026;Müggelsee-Gebiet;Germany;18.10.2026;next_check_overdue;Next check date is already in the past.;Run source verification and move next_check forward.
clean;14. Garbsener Citylauf;14-garbsener-citylauf-garbsen-12-06-2026;Garbsen;Germany;12.06.2026;;;No date action required.
info;14. Stadtlauf des TSV Neustadt;14-stadtlauf-des-tsv-neustadt-neustadt-am-rubenberge-07-06-2026;Neustadt am Rübenberge;Germany;07.06.2026;next_check_overdue;Next check date is already in the past.;Run source verification and move next_check forward.
info;2. Jenaer Backyard Ultra;2-jenaer-backyard-ultra-jena-06-06-2026;Jena;Germany;06.06.2026;next_check_overdue;Next check date is already in the past.;Run source verification and move next_check forward.
clean;24. Duderstädter Sparkassenlauf;24-duderstadter-sparkassenlauf-duderstadt-28-08-2026;Duderstadt;Germany;28.08.2026;;;No date action required.
clean;23. Lehrter CityLauf;23-lehrter-citylauf-lehrte-04-09-2026;Lehrte;Germany;04.09.2026;;;No date action required.
clean;17. Klingenthal Salzkotten Marathon;17-klingenthal-salzkotten-marathon-paderborn-07-06-2026;Paderborn;Germany;07.06.2026;;;No date action required.
clean;25. Volkslauf um den Altwarmbüchener See;25-volkslauf-um-den-altwarmbuchener-see-isernhagen-10-10-2026;Isernhagen;Germany;10.10.2026;;;No date action required.
info;25. Benther-Berg-Lauf;25-benther-berg-lauf-ronnenberg-benthe-03-10-2026;Ronnenberg-Benthe;Germany;03.10.2026;next_check_overdue;Next check date is already in the past.;Run source verification and move next_check forward.
info;30. Lauf um den Arendsee;30-lauf-um-den-arendsee-saxony-anhalt-30-08-2026;Saxony-Anhalt;Germany;30.08.2026;next_check_overdue;Next check date is already in the past.;Run source verification and move next_check forward.
clean;23. Sudenburg-Lauf - Der Lauf mit dem Lächeln;23-sudenburg-lauf-der-lauf-mit-dem-lacheln-saxony-anhalt-13-06-2026;Saxony-Anhalt;Germany;13.06.2026;;;No date action required.
info;28. Hiddestorfer Rübenlauf;28-hiddestorfer-rubenlauf-hiddestorf-20-09-2026;Hiddestorf;Germany;20.09.2026;next_check_overdue;Next check date is already in the past.;Run source verification and move next_check forward.
info;38. Volkslauf des TSV Breuna;38-volkslauf-des-tsv-breuna-hesse-06-09-2026;Hesse;Germany;06.09.2026;next_check_overdue;Next check date is already in the past.;Run source verification and move next_check forward.
info;35. Speller Sparkassen-Sommernachtslauf;35-speller-sparkassen-sommernachtslauf-spelle-14-08-2026;Spelle;Germany;14.08.2026;next_check_overdue;Next check date is already in the past.;Run source verification and move next_check forward.
clean;38. Heiligenhafen Mitternachtslauf;38-heiligenhafen-mitternachtslauf-ostholstein-24-07-2026;Ostholstein;Germany;24.07.2026;;;No date action required.
info;43. Flora-Westfalica Marathon;43-flora-westfalica-marathon-rheda-wiedenbruck-30-07-2026;Rheda-Wiedenbrück;Germany;30.07.2026;next_check_overdue;Next check date is already in the past.;Run source verification and move next_check forward.
clean;36. Göttinger Altstadtlauf;36-gottinger-altstadtlauf-gottingen-01-07-2026;Göttingen;Germany;01.07.2026;;;No date action required.
clean;40. Braunschweiger Nachtlauf;40-braunschweiger-nachtlauf-braunschweig-18-06-2027;Braunschweig;Germany;18.06.2027;;;No date action required.
clean;37. Heideblütenlauf;37-heideblutenlauf-schneverdingen-29-08-2026;Schneverdingen;Germany;29.08.2026;;;No date action required.
clean;49. Warburger Oktoberwochen Volkslauf;49-warburger-oktoberwochen-volkslauf-warburg-03-10-2026;Warburg;Germany;03.10.2026;;;No date action required.
info;Abendlauf TSV Blau-Weiß Ippinghausen;abendlauf-tsv-blau-wei-ippinghausen-hesse-20-06-2026;Hesse;Germany;20.06.2026;next_check_overdue;Next check date is already in the past.;Run source verification and move next_check forward.
clean;43. Internationalen Airport Race;43-internationalen-airport-race-hamburg-airport-13-09-2026;Hamburg Airport;Germany;13.09.2026;;;No date action required.
info;6. Hofer Backyard Ultra;6-hofer-backyard-ultra-upper-franconia-27-06-2026;Upper Franconia;Germany;27.06.2026;next_check_overdue;Next check date is already in the past.;Run source verification and move next_check forward.
clean;6. Tuchmacher Stadtlauf;6-tuchmacher-stadtlauf-bramsche-06-09-2026;Bramsche;Germany;06.09.2026;;;No date action required.
clean;Abt-Degen-Lauf;abt-degen-lauf-zeil-am-main-10-10-2026;Zeil am Main;Germany;10.10.2026;;;No date action required.
info;Aalener Stadtlauf;aalener-stadtlauf-aalen-19-07-2026;Aalen;Germany;19.07.2026;next_check_overdue;Next check date is already in the past.;Run source verification and move next_check forward.
clean;ADAC-Tine-Flugplatzlauf;adac-tine-flugplatzlauf-husum-07-06-2026;Husum;Germany;07.06.2026;;;No date action required.
clean;32. Zeitzer Stadtlauf;32-zeitzer-stadtlauf-saxony-anhalt-29-08-2026;Saxony-Anhalt;Germany;29.08.2026;;;No date action required.
clean;Aerzener twinfit-Volkslauf;aerzener-twinfit-volkslauf-aerzen-20-09-2026;Aerzen;Germany;20.09.2026;;;No date action required.
info;Almetal-Marathon;almetal-marathon-paderborn-18-10-2026;Paderborn;Germany;18.10.2026;next_check_overdue;Next check date is already in the past.;Run source verification and move next_check forward.
clean;After Work Run Bad Homburg;after-work-run-bad-homburg-hesse-02-09-2026;Hesse;Germany;02.09.2026;;;No date action required.
info;Altra Sunset Wattenmeer;altra-sunset-wattenmeer-hamburg-30-08-2026;Hamburg;Germany;30.08.2026;next_check_overdue;Next check date is already in the past.;Run source verification and move next_check forward.
clean;AOK Firmenlauf Balingen;aok-firmenlauf-balingen-balingen-24-09-2026;Balingen;Germany;24.09.2026;;;No date action required.
clean;Allersberger Kirchweihlauf;allersberger-kirchweihlauf-mittelfranken-25-07-2026;Mittelfranken;Germany;25.07.2026;;;No date action required.
clean;Alb-Run Heroldstatt;alb-run-heroldstatt-heroldstatt-11-07-2026;Heroldstatt;Germany;11.07.2026;;;No date action required.
clean;AOK Firmenlauf Feuerbach;aok-firmenlauf-feuerbach-stuttgart-17-09-2026;Stuttgart;Germany;17.09.2026;;;No date action required.
clean;Alpener Stadtlauf;alpener-stadtlauf-alpen-03-06-2026;Alpen;Germany;03.06.2026;;;No date action required.
info;4. Rammelsberger Steigerlauf;4-rammelsberger-steigerlauf-goslar-22-08-2026;Goslar;Germany;22.08.2026;next_check_overdue;Next check date is already in the past.;Run source verification and move next_check forward.
clean;AOK Firmenlauf Göppingen;aok-firmenlauf-goppingen-goppingen-08-07-2026;Göppingen;Germany;08.07.2026;;;No date action required.
clean;AOK Firmenlauf Sulz am Neckar;aok-firmenlauf-sulz-am-neckar-sulz-am-neckar-29-07-2026;Sulz am Neckar;Germany;29.07.2026;;;No date action required.
clean;AOK Firmenlauf Ludwigsburg;aok-firmenlauf-ludwigsburg-ludwigsburg-30-09-2026;Ludwigsburg;Germany;30.09.2026;;;No date action required.
clean;Ansmann Cup 2026;ansmann-cup-2026-assamstadt-27-06-2026;Assamstadt;Germany;27.06.2026;;;No date action required.
clean;AOK Firmenlauf Mosbach;aok-firmenlauf-mosbach-mosbach-15-09-2026;Mosbach;Germany;15.09.2026;;;No date action required.
clean;Alzauenlauf TSV Trostberg;alzauenlauf-tsv-trostberg-trostberg-14-11-2026;Trostberg;Germany;14.11.2026;;;No date action required.
clean;AOK Firmenlauf Schwäbisch Hall;aok-firmenlauf-schwabisch-hall-schwabisch-hall-22-07-2026;Schwäbisch Hall;Germany;22.07.2026;;;No date action required.
clean;AOK Firmenlauf Stuttgart;aok-firmenlauf-stuttgart-stuttgart-01-07-2026;Stuttgart;Germany;01.07.2026;;;No date action required.
clean;AOK Firmenlauf Waiblingen;aok-firmenlauf-waiblingen-waiblingen-16-09-2026;Waiblingen;Germany;16.09.2026;;;No date action required.
clean;Aschauer Vorsilvesterlauf;aschauer-vorsilvesterlauf-aschau-im-chiemgau-28-12-2026;Aschau im Chiemgau;Germany;28.12.2026;;;No date action required.
clean;B2Run Hamburg;b2run-hamburg-volksparkstadion-25-08-2026;Volksparkstadion;Germany;25.08.2026;;;No date action required.
clean;Auenwaldlauf;auenwaldlauf-auenwald-04-07-2026;Auenwald;Germany;04.07.2026;;;No date action required.
clean;Aspacher Volkslauf;aspacher-volkslauf-gro-aspach-19-09-2026;Großaspach;Germany;19.09.2026;;;No date action required.
clean;AOK Firmenlauf in Haslach im Kinzigtal;aok-firmenlauf-in-haslach-im-kinzigtal-ortenaukreis-22-09-2026;Ortenaukreis;Germany;22.09.2026;;;No date action required.
info;Bad Buchauer Stadtlauf mit Federseehalbmarathon;bad-buchauer-stadtlauf-mit-federseehalbmarathon-biberach-11-07-2026;Biberach;Germany;11.07.2026;next_check_overdue;Next check date is already in the past.;Run source verification and move next_check forward.
clean;Bad Essener Abendlauf;bad-essener-abendlauf-bad-essen-03-07-2026;Bad Essen;Germany;03.07.2026;;;No date action required.
clean;B2Run Berlin;b2run-berlin-olympiastadion-berlin-16-09-2026;Olympiastadion Berlin;Germany;16.09.2026;;;No date action required.
clean;Babenberger Volkslauf;babenberger-volkslauf-bamberg-20-06-2026;Bamberg;Germany;20.06.2026;;;No date action required.
clean;Bahnstadtlauf 2026;bahnstadtlauf-2026-heidelberg-11-07-2026;Heidelberg;Germany;11.07.2026;;;No date action required.
clean;Bausch+Ströbel Stadtlauf Ilshofen;bausch-strobel-stadtlauf-ilshofen-ilshofen-26-09-2026;Ilshofen;Germany;26.09.2026;;;No date action required.
clean;BarockLauf Ludwigsburg;barocklauf-ludwigsburg-ludwigsburg-10-07-2026;Ludwigsburg;Germany;10.07.2026;;;No date action required.
info;BÄRENFELS SOMMERTRAIL 63-KM mit MARATHON, HALBMARATHON und 11-KM;barenfels-sommertrail-63-km-mit-marathon-halbmarathon-und-11-km-neubrucke-12-07-;Neubrücke;Germany;12.07.2026;next_check_overdue;Next check date is already in the past.;Run source verification and move next_check forward.
info;Bahndammlauf;bahndammlauf-53567-buchholz-06-09-2026;53567 Buchholz;Germany;06.09.2026;next_check_overdue;Next check date is already in the past.;Run source verification and move next_check forward.
clean;Benin Benefiz-Lauf;benin-benefiz-lauf-hirzweiler-26-09-2026;Hirzweiler;Germany;26.09.2026;;;No date action required.
info;Benefizlauf - Laufend Gutes tun;benefizlauf-laufend-gutes-tun-wangen-im-allgau-19-06-2026;Wangen im Allgäu;Germany;19.06.2026;next_check_overdue;Next check date is already in the past.;Run source verification and move next_check forward.
clean;Besenbinder Lauf - Rund um Hainrode;besenbinder-lauf-rund-um-hainrode-saxony-anhalt-27-06-2026;Saxony-Anhalt;Germany;27.06.2026;;;No date action required.
clean;Bergisch Gladbacher Stadtlauf;bergisch-gladbacher-stadtlauf-bergisch-gladbach-11-09-2026;Bergisch Gladbach;Germany;11.09.2026;;;No date action required.
clean;Bergdorfmeile;bergdorfmeile-karlsruhe-26-06-2026;Karlsruhe;Germany;26.06.2026;;;No date action required.
clean;Bessunger Merck-Lauf;bessunger-merck-lauf-darmstadt-19-09-2026;Darmstadt;Germany;19.09.2026;;;No date action required.
clean;Berliner Wasserbetriebe 5x5 km TEAM-Staffel;berliner-wasserbetriebe-5x5-km-team-staffel-tiergarten-04-06-2026;Tiergarten;Germany;04.06.2026;;;No date action required.
info;Bergkloster-Lauf;bergkloster-lauf-hochsauerlandkreis-27-09-2026;Hochsauerlandkreis;Germany;27.09.2026;next_check_overdue;Next check date is already in the past.;Run source verification and move next_check forward.
clean;Bedburger Citylauf 2026;bedburger-citylauf-2026-bedburg-13-09-2026;Bedburg;Germany;13.09.2026;;;No date action required.
info;Black Forest ULTRA Trail Run;black-forest-ultra-trail-run-kirchzarten-19-09-2026;Kirchzarten;Germany;19.09.2026;next_check_overdue;Next check date is already in the past.;Run source verification and move next_check forward.
info;Bielebohlauf;bielebohlauf-oppach-23-08-2026;Oppach;Germany;23.08.2026;next_check_overdue;Next check date is already in the past.;Run source verification and move next_check forward.
clean;Birkhahnlauf;birkhahnlauf-neustadt-am-rubenberge-25-10-2026;Neustadt am Rübenberge;Germany;25.10.2026;;;No date action required.
clean;Böckstiegellauf;bockstiegellauf-bielefeld-26-09-2026;Bielefeld;Germany;26.09.2026;;;No date action required.
info;Birklauf;birklauf-gelting-29-08-2026;Gelting;Germany;29.08.2026;next_check_overdue;Next check date is already in the past.;Run source verification and move next_check forward.
info;Blankeneser Heldenlauf;blankeneser-heldenlauf-blankeneser-treppenviertel-30-08-2026;Blankeneser Treppenviertel;Germany;30.08.2026;next_check_overdue;Next check date is already in the past.;Run source verification and move next_check forward.
clean;Bredstedt-Cross;bredstedt-cross-bredstedt-31-10-2026;Bredstedt;Germany;31.10.2026;;;No date action required.
info;Buchholzer Stadtlauf;buchholzer-stadtlauf-buchholz-in-der-nordheide-21-06-2026;Buchholz in der Nordheide;Germany;21.06.2026;next_check_overdue;Next check date is already in the past.;Run source verification and move next_check forward.
clean;Brauerschwender Basaltlauf;brauerschwender-basaltlauf-hesse-27-06-2026;Hesse;Germany;27.06.2026;;;No date action required.
clean;Braunschweiger Speed5;braunschweiger-speed5-braunschweig-08-11-2026;Braunschweig;Germany;08.11.2026;;;No date action required.
clean;Blutenburglauf;blutenburglauf-munchen-26-07-2026;München;Germany;26.07.2026;;;No date action required.
clean;BWM Sommerlochlauf;bwm-sommerlochlauf-steinheim-an-der-murr-04-08-2026;Steinheim an der Murr;Germany;04.08.2026;;;No date action required.
info;Canyon Run Mühlheim;canyon-run-muhlheim-hesse-06-09-2026;Hesse;Germany;06.09.2026;next_check_overdue;Next check date is already in the past.;Run source verification and move next_check forward.
info;Burg-Lauf Eppstein;burg-lauf-eppstein-hesse-26-06-2026;Hesse;Germany;26.06.2026;next_check_overdue;Next check date is already in the past.;Run source verification and move next_check forward.
info;Charity Mega Run;charity-mega-run-bingen-am-rhein-15-08-2026;Bingen am Rhein;Germany;15.08.2026;next_check_overdue;Next check date is already in the past.;Run source verification and move next_check forward.
clean;Burscheider Stadtlauf;burscheider-stadtlauf-rheinisch-bergischer-kreis-11-10-2026;Rheinisch-Bergischer Kreis;Germany;11.10.2026;;;No date action required.
info;Darmstädter Stadtlauf;darmstadter-stadtlauf-darmstadt-24-06-2026;Darmstadt;Germany;24.06.2026;next_check_overdue;Next check date is already in the past.;Run source verification and move next_check forward.
clean;Citylauf Grevenbroich;citylauf-grevenbroich-grevenbroich-12-06-2026;Grevenbroich;Germany;12.06.2026;;;No date action required.
clean;Crosslauf Fichtenau;crosslauf-fichtenau-fichtenau-11-07-2026;Fichtenau;Germany;11.07.2026;;;No date action required.
clean;Bremer Firmenlauf zur Spätschicht;bremer-firmenlauf-zur-spatschicht-weserwehr-25-06-2026;Weserwehr;Germany;25.06.2026;;;No date action required.
clean;Die 10 Kilometer von Dürwiß;die-10-kilometer-von-durwi-eschweiler-01-08-2026;Eschweiler;Germany;01.08.2026;;;No date action required.
info;Burgentrail Unterfränkische Traillaufmeisterschaften;burgentrail-unterfrankische-traillaufmeisterschaften-lower-franconia-03-10-2026;Lower Franconia;Germany;03.10.2026;next_check_overdue;Next check date is already in the past.;Run source verification and move next_check forward.
clean;Christmas Run To Tree;christmas-run-to-tree-forst-klovensteen-29-11-2026;Forst Klövensteen;Germany;29.11.2026;;;No date action required.
info;Der Alstertallauf;der-alstertallauf-alsterwanderweg-23-08-2026;Alsterwanderweg;Germany;23.08.2026;next_check_overdue;Next check date is already in the past.;Run source verification and move next_check forward.
clean;Ditzinger Keltenlauf;ditzinger-keltenlauf-ditzingen-18-10-2026;Ditzingen;Germany;18.10.2026;;;No date action required.
clean;Die 49. Nacht von Borgholzhausen;die-49-nacht-von-borgholzhausen-borgholzhausen-20-06-2026;Borgholzhausen;Germany;20.06.2026;;;No date action required.
clean;dm Firmenlauf Saarbrücken;dm-firmenlauf-saarbrucken-saarbrucken-02-06-2026;Saarbrücken;Germany;02.06.2026;;;No date action required.
info;DeisterCrossing Springe;deistercrossing-springe-hesse-13-09-2026;Hesse;Germany;13.09.2026;next_check_overdue;Next check date is already in the past.;Run source verification and move next_check forward.
info;DresdenHALF;dresdenhalf-dresden-06-09-2026;Dresden;Germany;06.09.2026;next_check_overdue;Next check date is already in the past.;Run source verification and move next_check forward.
clean;Dieburger Stadtlauf;dieburger-stadtlauf-hesse-20-06-2026;Hesse;Germany;20.06.2026;;;No date action required.
clean;Ehriker Stadtmauerlauf mit 2. Ehriker Burg Ramstein Lauf;ehriker-stadtmauerlauf-mit-2-ehriker-burg-ramstein-lauf-rhineland-palatinate-30-;Rhineland-Palatinate;Germany;30.08.2026;;;No date action required.
clean;edge beyond x Duracher Lauf;edge-beyond-x-duracher-lauf-oberallgau-21-06-2026;Oberallgäu;Germany;21.06.2026;;;No date action required.
clean;Durlacher Turmberglauf;durlacher-turmberglauf-karlsruhe-26-09-2026;Karlsruhe;Germany;26.09.2026;;;No date action required.
clean;Dünenlauf;dunenlauf-sandhausen-13-06-2026;Sandhausen;Germany;13.06.2026;;;No date action required.
clean;Bönnigheimer Stromberglauf;bonnigheimer-stromberglauf-bonnigheim-21-11-2026;Bönnigheim;Germany;21.11.2026;;;No date action required.
clean;EDITH LÜCKE-Frauenlauf TRIER;edith-lucke-frauenlauf-trier-rhineland-palatinate-20-09-2026;Rhineland-Palatinate;Germany;20.09.2026;;;No date action required.
info;Edersee-Lauf;edersee-lauf-hesse-29-08-2026;Hesse;Germany;29.08.2026;next_check_overdue;Next check date is already in the past.;Run source verification and move next_check forward.
info;Drachenlauf;drachenlauf-konigswinter-25-10-2026;Königswinter;Germany;25.10.2026;next_check_overdue;Next check date is already in the past.;Run source verification and move next_check forward.
clean;ENSINGER Laufcup;ensinger-laufcup-vaihingen-an-der-enz-17-10-2026;Vaihingen an der Enz;Germany;17.10.2026;;;No date action required.
clean;Eschweiler Citylauf 2026;eschweiler-citylauf-2026-eschweiler-23-08-2026;Eschweiler;Germany;23.08.2026;;;No date action required.
clean;Eltviller Familienlauf 2026;eltviller-familienlauf-2026-hesse-20-09-2026;Hesse;Germany;20.09.2026;;;No date action required.
clean;Esenser Volksbanklauf - 31. Stadtlauf;esenser-volksbanklauf-31-stadtlauf-friesland-31-07-2026;Friesland;Germany;31.07.2026;;;No date action required.
clean;Flörsheimer Lebenslauf;florsheimer-lebenslauf-hochtaunuskreis-29-08-2026;Hochtaunuskreis;Germany;29.08.2026;;;No date action required.
clean;Firmenlauf Renningen;firmenlauf-renningen-renningen-24-06-2026;Renningen;Germany;24.06.2026;;;No date action required.
clean;BraunenBerg-Lauf;braunenberg-lauf-ostalbkreis-19-09-2026;Ostalbkreis;Germany;19.09.2026;;;No date action required.
clean;Freisinger Sparkassenlauf;freisinger-sparkassenlauf-freising-08-07-2026;Freising;Germany;08.07.2026;;;No date action required.
clean;Friedrichshaller Runde;friedrichshaller-runde-bad-friedrichshall-26-09-2026;Bad Friedrichshall;Germany;26.09.2026;;;No date action required.
clean;Freiberger Bürgerfestlauf;freiberger-burgerfestlauf-freiberg-17-07-2026;Freiberg;Germany;17.07.2026;;;No date action required.
clean;Friedrichstaler Waldlauf;friedrichstaler-waldlauf-stutensee-25-10-2026;Stutensee;Germany;25.10.2026;;;No date action required.
clean;FriesenCross;friesencross-friesland-25-07-2026;Friesland;Germany;25.07.2026;;;No date action required.
clean;FSV-Lauf;fsv-lauf-erlangen-25-10-2026;Erlangen;Germany;25.10.2026;;;No date action required.
clean;Gänseliesellauf;ganseliesellauf-monheim-am-rhein-12-06-2026;Monheim am Rhein;Germany;12.06.2026;;;No date action required.
clean;Future Run - Ausbildung in Bewegung;future-run-ausbildung-in-bewegung-buxtehude-hedendorf-18-09-2026;Buxtehude-Hedendorf;Germany;18.09.2026;;;No date action required.
clean;Fuchsburg Lauf;fuchsburg-lauf-landkreis-pfaffenhofen-an-der-ilm-27-06-2026;Landkreis Pfaffenhofen an der Ilm;Germany;27.06.2026;;;No date action required.
clean;Gäulauf;gaulauf-rhineland-palatinate-03-06-2026;Rhineland-Palatinate;Germany;03.06.2026;;;No date action required.
clean;Gosheimer Lemberglauf;gosheimer-lemberglauf-gosheim-18-10-2026;Gosheim;Germany;18.10.2026;;;No date action required.
clean;Fürstenwaldlauf;furstenwaldlauf-ochsenhausen-19-06-2026;Ochsenhausen;Germany;19.06.2026;;;No date action required.
clean;Freystädter Volksfestlauf;freystadter-volksfestlauf-freystadt-07-06-2026;Freystadt;Germany;07.06.2026;;;No date action required.
info;Gettorfer Staffelmarathon;gettorfer-staffelmarathon-gettorf-23-08-2026;Gettorf;Germany;23.08.2026;next_check_overdue;Next check date is already in the past.;Run source verification and move next_check forward.
clean;Gerolsteiner Stadtlauf;gerolsteiner-stadtlauf-rhineland-palatinate-20-06-2026;Rhineland-Palatinate;Germany;20.06.2026;;;No date action required.
info;Gocher Steintorlauf;gocher-steintorlauf-kleve-04-07-2026;Kleve;Germany;04.07.2026;next_check_overdue;Next check date is already in the past.;Run source verification and move next_check forward.
clean;Fischerhuder Sommerlauf;fischerhuder-sommerlauf-osterholz-scharmbeck-27-06-2026;Osterholz-Scharmbeck;Germany;27.06.2026;;;No date action required.
clean;Grafschaftslauf;grafschaftslauf-rietberg-30-08-2026;Rietberg;Germany;30.08.2026;;;No date action required.
clean;Erftflitzer Lauf;erftflitzer-lauf-neuss-19-06-2026;Neuss;Germany;19.06.2026;;;No date action required.
clean;Gölitztallauf;golitztallauf-landkreis-zwickau-06-09-2026;Landkreis Zwickau;Germany;06.09.2026;;;No date action required.
clean;Hahnenkammlauf;hahnenkammlauf-edelsfeld-06-06-2026;Edelsfeld;Germany;06.06.2026;;;No date action required.
info;Halderner Volkslauf;halderner-volkslauf-rees-28-06-2026;Rees;Germany;28.06.2026;next_check_overdue;Next check date is already in the past.;Run source verification and move next_check forward.
info;Gladbecker Sparkassenlauf;gladbecker-sparkassenlauf-gladbeck-23-08-2026;Gladbeck;Germany;23.08.2026;next_check_overdue;Next check date is already in the past.;Run source verification and move next_check forward.
info;H/21 Halbmarathon;h-21-halbmarathon-hannover-11-10-2026;Hannover;Germany;11.10.2026;next_check_overdue;Next check date is already in the past.;Run source verification and move next_check forward.
clean;Hardtwaldlauf 2026;hardtwaldlauf-2026-karlsruhe-28-06-2026;Karlsruhe;Germany;28.06.2026;;;No date action required.
clean;Harzgeröder Klippenlauf;harzgeroder-klippenlauf-saxony-anhalt-06-06-2027;Saxony-Anhalt;Germany;06.06.2027;;;No date action required.
clean;Harsefelder Lauf- und Musikfestival;harsefelder-lauf-und-musikfestival-stade-13-06-2026;Stade;Germany;13.06.2026;;;No date action required.
clean;Heideköniginnenpokal;heidekoniginnenpokal-amelinghausen-22-08-2026;Amelinghausen;Germany;22.08.2026;;;No date action required.
clean;Hahner Kitzenhauslauf;hahner-kitzenhauslauf-aachen-13-06-2027;Aachen;Germany;13.06.2027;;;No date action required.
clean;Heider Abend-Stadtlauf;heider-abend-stadtlauf-dithmarschen-05-06-2026;Dithmarschen;Germany;05.06.2026;;;No date action required.
info;Herner St. Martini City-Lauf;herner-st-martini-city-lauf-herne-27-09-2026;Herne;Germany;27.09.2026;next_check_overdue;Next check date is already in the past.;Run source verification and move next_check forward.
clean;Herbstlauf Ready4Run Niederwangen;herbstlauf-ready4run-niederwangen-wangen-im-allgau-04-10-2026;Wangen im Allgäu;Germany;04.10.2026;;;No date action required.
info;Heumadener Volkslauf 2026;heumadener-volkslauf-2026-stuttgart-heumaden-19-07-2026;Stuttgart-Heumaden;Germany;19.07.2026;next_check_overdue;Next check date is already in the past.;Run source verification and move next_check forward.
info;Hausener Volks-Waldlauf (TGS-Hausen);hausener-volks-waldlauf-tgs-hausen-hesse-26-07-2026;Hesse;Germany;26.07.2026;next_check_overdue;Next check date is already in the past.;Run source verification and move next_check forward.
clean;Hockenheimringlauf;hockenheimringlauf-hockenheim-01-11-2026;Hockenheim;Germany;01.11.2026;;;No date action required.
clean;Globus-Theißen-Lauf;globus-thei-en-lauf-thei-en-21-06-2026;Theißen;Germany;21.06.2026;;;No date action required.
info;Herbstlauf der DJK Feudenheim;herbstlauf-der-djk-feudenheim-mannheim-17-10-2026;Mannheim;Germany;17.10.2026;next_check_overdue;Next check date is already in the past.;Run source verification and move next_check forward.
clean;Heuchelheimer Mitternachtslauf;heuchelheimer-mitternachtslauf-hesse-20-06-2026;Hesse;Germany;20.06.2026;;;No date action required.
clean;Herbstlauf;herbstlauf-otigheim-26-09-2026;Ötigheim;Germany;26.09.2026;;;No date action required.
clean;Hofheimer Volkslauf;hofheimer-volkslauf-hesse-26-09-2026;Hesse;Germany;26.09.2026;;;No date action required.
clean;Hohenlockstedter Pellkartoffellauf;hohenlockstedter-pellkartoffellauf-hohenlockstedt-26-09-2026;Hohenlockstedt;Germany;26.09.2026;;;No date action required.
info;Hohenneuffen-Berglauf mit BW Trail;hohenneuffen-berglauf-mit-bw-trail-beuren-14-06-2026;Beuren;Germany;14.06.2026;next_check_overdue;Next check date is already in the past.;Run source verification and move next_check forward.
info;Valencia Marathon Trinidad Alfonso Zurich;valencia-marathon-trinidad-alfonso-zurich-valencia-06-12-2026;Valencia;Spain;06.12.2026;next_check_overdue;Next check date is already in the past.;Run source verification and move next_check forward.
info;TCS Amsterdam Marathon;tcs-amsterdam-marathon-amsterdam-18-10-2026;Amsterdam;Netherlands;18.10.2026;next_check_overdue;Next check date is already in the past.;Run source verification and move next_check forward.
info;DNB Oslo Marathon;dnb-oslo-marathon-oslo-12-09-2026;Oslo;Norway;12.09.2026;next_check_overdue;Next check date is already in the past.;Run source verification and move next_check forward.
info;Estra Firenze Marathon;estra-firenze-marathon-florence-29-11-2026;Florence;Italy;29.11.2026;next_check_overdue;Next check date is already in the past.;Run source verification and move next_check forward.
info;Wizz Air Milano Marathon;wizz-air-milano-marathon-milan-04-04-2027;Milan;Italy;04.04.2027;next_check_overdue;Next check date is already in the past.;Run source verification and move next_check forward.
info;adidas Stockholm Marathon;adidas-stockholm-marathon-stockholm-29-05-2027;Stockholm;Sweden;29.05.2027;next_check_overdue;Next check date is already in the past.;Run source verification and move next_check forward.
info;EDP Porto Marathon;edp-porto-marathon-porto-08-11-2026;Porto;Portugal;08.11.2026;next_check_overdue;Next check date is already in the past.;Run source verification and move next_check forward.
info;EDP Lisbon Marathon;edp-lisbon-marathon-lisbon-10-10-2026;Lisbon;Portugal;10.10.2026;next_check_overdue;Next check date is already in the past.;Run source verification and move next_check forward.
info;Valencia Half Marathon Trinidad Alfonso Zurich;valencia-half-marathon-trinidad-alfonso-zurich-valencia-25-10-2026;Valencia;Spain;25.10.2026;next_check_overdue;Next check date is already in the past.;Run source verification and move next_check forward.
clean;Generali Berlin Half Marathon;generali-berlin-half-marathon-berlin-04-04-2027;Berlin;Germany;04.04.2027;;;No date action required.
info;HOKA UTMB Mont-Blanc;hoka-utmb-mont-blanc-chamonix-mont-blanc-24-08-2026;Chamonix-Mont-Blanc;France;24.08.2026;next_check_overdue;Next check date is already in the past.;Run source verification and move next_check forward.
info;IRONMAN Copenhagen;ironman-copenhagen-copenhagen-16-08-2026;Copenhagen;Denmark;16.08.2026;next_check_overdue;Next check date is already in the past.;Run source verification and move next_check forward.
info;Challenge Almere-Amsterdam;challenge-almere-amsterdam-almere-12-09-2026;Almere;Netherlands;12.09.2026;next_check_overdue;Next check date is already in the past.;Run source verification and move next_check forward.
info;Challenge Peguera Mallorca;challenge-peguera-mallorca-peguera-17-10-2026;Peguera;Spain;17.10.2026;next_check_overdue;Next check date is already in the past.;Run source verification and move next_check forward.
info;Challenge Kaiserwinkl-Walchsee;challenge-kaiserwinkl-walchsee-walchsee-28-06-2026;Walchsee;Austria;28.06.2026;next_check_overdue;Next check date is already in the past.;Run source verification and move next_check forward.
info;10. SaarschleifenLand-Lauf;10-saarschleifenland-lauf-merzig-06-09-2026;Merzig;Germany;06.09.2026;next_check_missing;Next check is not filled.;Fill Next check during the next source verification.
info;10 Teiche Marathon;10-teiche-marathon-hahnenklee-12-09-2026;Hahnenklee;Germany;12.09.2026;next_check_missing;Next check is not filled.;Fill Next check during the next source verification.
info;12. Cross against Cancer;12-cross-against-cancer-homburg-13-09-2026;Homburg;Germany;13.09.2026;next_check_missing;Next check is not filled.;Fill Next check during the next source verification.
info;21. Wutzseelauf;21-wutzseelauf-lindow-11-10-2026;Lindow;Germany;11.10.2026;next_check_missing;Next check is not filled.;Fill Next check during the next source verification.
info;25. Marner Kohltagelauf;25-marner-kohltagelauf-marne-27-09-2026;Marne;Germany;27.09.2026;next_check_missing;Next check is not filled.;Fill Next check during the next source verification.
info;28. Mühlhäuser Altstadtlauf;28-muhlhauser-altstadtlauf-muhlhausen-29-08-2026;Mühlhausen;Germany;29.08.2026;next_check_missing;Next check is not filled.;Fill Next check during the next source verification.
info;31. Geiseltalseelauf;31-geiseltalseelauf-braunsbedra-03-10-2026;Braunsbedra;Germany;03.10.2026;next_check_missing;Next check is not filled.;Fill Next check during the next source verification.
info;32. Advent-Lauf Saarbrücken;32-advent-lauf-saarbrucken-saarbrucken-29-11-2026;Saarbrücken;Germany;29.11.2026;next_check_missing;Next check is not filled.;Fill Next check during the next source verification.
info;32. Bismarckturmlauf;32-bismarckturmlauf-neustadt-an-der-orla-03-10-2026;Neustadt an der Orla;Germany;03.10.2026;next_check_missing;Next check is not filled.;Fill Next check during the next source verification.
info;33. Dabendorfer Herbstlauf;33-dabendorfer-herbstlauf-dabendorf-12-09-2026;Dabendorf;Germany;12.09.2026;next_check_missing;Next check is not filled.;Fill Next check during the next source verification.
info;34. Büsumer Volkslauf;34-busumer-volkslauf-busum-03-07-2026;Büsum;Germany;03.07.2026;next_check_missing;Next check is not filled.;Fill Next check during the next source verification.
info;36. Ratzeburger Adventslauf;36-ratzeburger-adventslauf-ratzeburg-29-11-2026;Ratzeburg;Germany;29.11.2026;next_check_missing;Next check is not filled.;Fill Next check during the next source verification.
info;41. levoBank Stadtlauf Lebach;41-levobank-stadtlauf-lebach-lebach-26-06-2026;Lebach;Germany;26.06.2026;next_check_missing;Next check is not filled.;Fill Next check during the next source verification.
info;41. Pönitzer Volkslauf;41-ponitzer-volkslauf-ponitz-12-07-2026;Pönitz;Germany;12.07.2026;next_check_missing;Next check is not filled.;Fill Next check during the next source verification.
info;42. Schwarzatallauf;42-schwarzatallauf-bad-blankenburg-27-06-2026;Bad Blankenburg;Germany;27.06.2026;next_check_missing;Next check is not filled.;Fill Next check during the next source verification.
info;48. Wernigeröder Silvesterlauf;48-wernigeroder-silvesterlauf-wernigerode-31-12-2026;Wernigerode;Germany;31.12.2026;next_check_missing;Next check is not filled.;Fill Next check during the next source verification.
info;51. Hubertuslauf;51-hubertuslauf-neuruppin-18-10-2026;Neuruppin;Germany;18.10.2026;next_check_missing;Next check is not filled.;Fill Next check during the next source verification.
info;52. Internationaler Silvesterlauf Saarbrücken;52-internationaler-silvesterlauf-saarbrucken-saarbrucken-27-12-2026;Saarbrücken;Germany;27.12.2026;next_check_missing;Next check is not filled.;Fill Next check during the next source verification.
info;7-Gebirgsmarathon;7-gebirgsmarathon-bad-honnef-13-12-2026;Bad Honnef;Germany;13.12.2026;next_check_missing;Next check is not filled.;Fill Next check during the next source verification.
info;9. Bernburger Halbmarathon;9-bernburger-halbmarathon-bernburg-19-09-2026;Bernburg;Germany;19.09.2026;next_check_missing;Next check is not filled.;Fill Next check during the next source verification.
info;Adventslauf Lage;adventslauf-lage-lage-06-12-2026;Lage;Germany;06.12.2026;next_check_missing;Next check is not filled.;Fill Next check during the next source verification.
info;BARMER CURREX Alsterlauf Hamburg;barmer-currex-alsterlauf-hamburg-hamburg-06-09-2026;Hamburg;Germany;06.09.2026;next_check_missing;Next check is not filled.;Fill Next check during the next source verification.
info;Alstertallauf Hamburg;alstertallauf-hamburg-hamburg-25-10-2026;Hamburg;Germany;25.10.2026;next_check_missing;Next check is not filled.;Fill Next check during the next source verification.
info;AOK-Firmenlauf Witten;aok-firmenlauf-witten-witten-02-07-2026;Witten;Germany;02.07.2026;next_check_missing;Next check is not filled.;Fill Next check during the next source verification.
info;Barther Flughafenlauf;barther-flughafenlauf-barth-19-07-2026;Barth;Germany;19.07.2026;next_check_missing;Next check is not filled.;Fill Next check during the next source verification.
info;Beetzseelauf;beetzseelauf-brandenburg-an-der-havel-03-10-2026;Brandenburg an der Havel;Germany;03.10.2026;next_check_missing;Next check is not filled.;Fill Next check during the next source verification.
info;Bertlicher Strassenläufe;bertlicher-strassenlaufe-herten-27-09-2026;Herten;Germany;27.09.2026;next_check_missing;Next check is not filled.;Fill Next check during the next source verification.
info;Bienwald Marathon;bienwald-marathon-kandel-14-03-2027;Kandel;Germany;14.03.2027;next_check_missing;Next check is not filled.;Fill Next check during the next source verification.
info;Bottwartal Marathon;bottwartal-marathon-steinheim-18-10-2026;Steinheim;Germany;18.10.2026;next_check_missing;Next check is not filled.;Fill Next check during the next source verification.
info;Bremer Brückenlauf;bremer-bruckenlauf-bremen-04-07-2026;Bremen;Germany;04.07.2026;next_check_missing;Next check is not filled.;Fill Next check during the next source verification.
info;Bremer Kuhcross QX;bremer-kuhcross-qx-bremen-15-11-2026;Bremen;Germany;15.11.2026;next_check_missing;Next check is not filled.;Fill Next check during the next source verification.
info;Brocken Marathon;brocken-marathon-wernigerode-10-10-2026;Wernigerode;Germany;10.10.2026;next_check_missing;Next check is not filled.;Fill Next check during the next source verification.
info;Bützower Citylauf;butzower-citylauf-butzow-30-08-2026;Bützow;Germany;30.08.2026;next_check_missing;Next check is not filled.;Fill Next check during the next source verification.
info;24-Stunden-Burginsellauf Delmenhorst;24-stunden-burginsellauf-delmenhorst-delmenhorst-27-06-2026;Delmenhorst;Germany;27.06.2026;next_check_missing;Next check is not filled.;Fill Next check during the next source verification.
info;Caputher Seelauf;caputher-seelauf-caputh-10-01-2027;Caputh;Germany;10.01.2027;next_check_missing;Next check is not filled.;Fill Next check during the next source verification.
info;City Marathon Wiesbaden;city-marathon-wiesbaden-wiesbaden-20-06-2026;Wiesbaden;Germany;20.06.2026;next_check_missing;Next check is not filled.;Fill Next check during the next source verification.
clean;Crailsheimer Halbmarathon;crailsheimer-halbmarathon-crailsheim-27-06-2027;Crailsheim;Germany;27.06.2027;;;No date action required.
info;DAK Firmenlauf Cottbus;dak-firmenlauf-cottbus-cottbus-10-09-2026;Cottbus;Germany;10.09.2026;next_check_missing;Next check is not filled.;Fill Next check during the next source verification.
info;Dessauer Rathaus-Center City RUN;dessauer-rathaus-center-city-run-dessau-13-09-2026;Dessau;Germany;13.09.2026;next_check_missing;Next check is not filled.;Fill Next check during the next source verification.
info;Dorstener 24-Stunden-Lauf;dorstener-24-stunden-lauf-dorsten-10-07-2026;Dorsten;Germany;10.07.2026;next_check_missing;Next check is not filled.;Fill Next check during the next source verification.
info;Düsseldorfer Silvesterlauf;dusseldorfer-silvesterlauf-dusseldorf-31-12-2026;Düsseldorf;Germany;31.12.2026;next_check_missing;Next check is not filled.;Fill Next check during the next source verification.
info;Einstein-Marathon Ulm;einstein-marathon-ulm-ulm-22-09-2026;Ulm;Germany;22.09.2026;next_check_missing;Next check is not filled.;Fill Next check during the next source verification.
info;Erfurter Nachtlauf;erfurter-nachtlauf-erfurt-29-08-2026;Erfurt;Germany;29.08.2026;next_check_missing;Next check is not filled.;Fill Next check during the next source verification.
info;fem.RUN Hannover;fem-run-hannover-hannover-25-09-2026;Hannover;Germany;25.09.2026;next_check_missing;Next check is not filled.;Fill Next check during the next source verification.
info;Firmenlauf Chemnitz;firmenlauf-chemnitz-chemnitz-02-09-2026;Chemnitz;Germany;02.09.2026;next_check_missing;Next check is not filled.;Fill Next check during the next source verification.
info;Fleesenseelauf;fleesenseelauf-gohren-lebbin-26-09-2026;Göhren-Lebbin;Germany;26.09.2026;next_check_missing;Next check is not filled.;Fill Next check during the next source verification.
info;Frauenlauf Köln;frauenlauf-koln-koln-13-09-2026;Köln;Germany;13.09.2026;next_check_missing;Next check is not filled.;Fill Next check during the next source verification.
info;Halloween-Run Bremen;halloween-run-bremen-bremen-31-10-2026;Bremen;Germany;31.10.2026;next_check_missing;Next check is not filled.;Fill Next check during the next source verification.
info;hella hamburg halbmarathon;hella-hamburg-halbmarathon-hamburg-28-06-2026;Hamburg;Germany;28.06.2026;next_check_missing;Next check is not filled.;Fill Next check during the next source verification.
info;hella Marathon Rostock;hella-marathon-rostock-rostock-01-08-2026;Rostock;Germany;01.08.2026;next_check_missing;Next check is not filled.;Fill Next check during the next source verification.
info;Hiltruper Halbmarathon;hiltruper-halbmarathon-munster-23-08-2026;Münster;Germany;23.08.2026;next_check_missing;Next check is not filled.;Fill Next check during the next source verification.
info;Hörnlelauf Konstanz;hornlelauf-konstanz-konstanz-11-10-2026;Konstanz;Germany;11.10.2026;next_check_missing;Next check is not filled.;Fill Next check during the next source verification.
info;Hofmühl-Volksfest Halbmarathon;hofmuhl-volksfest-halbmarathon-eichstatt-30-08-2026;Eichstätt;Germany;30.08.2026;next_check_missing;Next check is not filled.;Fill Next check during the next source verification.
info;Holzlandlauf;holzlandlauf-hermsdorf-12-09-2026;Hermsdorf;Germany;12.09.2026;next_check_missing;Next check is not filled.;Fill Next check during the next source verification.
info;Insellauf der AOK;insellauf-der-aok-insel-poel-21-06-2026;Insel Poel;Germany;21.06.2026;next_check_missing;Next check is not filled.;Fill Next check during the next source verification.
info;Internationaler Schwarzwald-Marathon;internationaler-schwarzwald-marathon-braunlingen-11-10-2026;Bräunlingen;Germany;11.10.2026;next_check_missing;Next check is not filled.;Fill Next check during the next source verification.
info;Internationaler Trierer Stadtlauf;internationaler-trierer-stadtlauf-trier-28-06-2026;Trier;Germany;28.06.2026;next_check_missing;Next check is not filled.;Fill Next check during the next source verification.
info;Kiel Lauf;kiel-lauf-kiel-13-09-2026;Kiel;Germany;13.09.2026;next_check_missing;Next check is not filled.;Fill Next check during the next source verification.
info;Kieler Förde Marathon;kieler-forde-marathon-kiel-20-09-2026;Kiel;Germany;20.09.2026;next_check_missing;Next check is not filled.;Fill Next check during the next source verification.
info;Kieler Förde Marathon;kieler-forde-marathon-kiel-19-09-2027;Kiel;Germany;19.09.2027;next_check_missing;Next check is not filled.;Fill Next check during the next source verification.
info;Königsschlösser Marathon;konigsschlosser-marathon-fussen-25-07-2026;Füssen;Germany;25.07.2026;next_check_missing;Next check is not filled.;Fill Next check during the next source verification.
info;Kühlungsborner CrossLauf;kuhlungsborner-crosslauf-kuhlungsborn-19-09-2026;Kühlungsborn;Germany;19.09.2026;next_check_missing;Next check is not filled.;Fill Next check during the next source verification.
info;(L)auf zur Venus;l-auf-zur-venus-bremen-13-09-2026;Bremen;Germany;13.09.2026;next_check_missing;Next check is not filled.;Fill Next check during the next source verification.
info;Lahnparklauf;lahnparklauf-wetzlar-30-08-2026;Wetzlar;Germany;30.08.2026;next_check_missing;Next check is not filled.;Fill Next check during the next source verification.
info;Lipperland Marathon;lipperland-marathon-dorentrup-21-11-2026;Dörentrup;Germany;21.11.2026;next_check_missing;Next check is not filled.;Fill Next check during the next source verification.
info;Ludwigshafener Stadtlauf;ludwigshafener-stadtlauf-ludwigshafen-am-rhein-27-06-2026;Ludwigshafen am Rhein;Germany;27.06.2026;next_check_missing;Next check is not filled.;Fill Next check during the next source verification.
info;Stadtwerke Lübeck Marathon;stadtwerke-lubeck-marathon-lubeck-18-10-2026;Lübeck;Germany;18.10.2026;next_check_overdue;Next check date is already in the past.;Run source verification and move next_check forward.
info;Marburger Nacht-Marathon;marburger-nacht-marathon-marburg-03-07-2026;Marburg;Germany;03.07.2026;next_check_missing;Next check is not filled.;Fill Next check during the next source verification.
info;100 Meilen Berlin — Mauerweglauf;100-meilen-berlin-mauerweglauf-berlin-15-08-2026;Berlin;Germany;15.08.2026;next_check_missing;Next check is not filled.;Fill Next check during the next source verification.
info;Miltenberger Landkreis-Lauftag;miltenberger-landkreis-lauftag-elsenfeld-13-09-2026;Elsenfeld;Germany;13.09.2026;next_check_missing;Next check is not filled.;Fill Next check during the next source verification.
info;Mitteldeutscher Marathon;mitteldeutscher-marathon-halle-04-10-2026;Halle;Germany;04.10.2026;next_check_missing;Next check is not filled.;Fill Next check during the next source verification.
info;Mittsommernachtslauf Hannover;mittsommernachtslauf-hannover-hannover-26-06-2026;Hannover;Germany;26.06.2026;next_check_missing;Next check is not filled.;Fill Next check during the next source verification.
info;Müritz-Lauf;muritz-lauf-waren-muritz-27-06-2026;Waren (Müritz);Germany;27.06.2026;next_check_missing;Next check is not filled.;Fill Next check during the next source verification.
info;Nordholzer Windmühlenlauf;nordholzer-windmuhlenlauf-wurster-nordseekuste-20-06-2026;Wurster Nordseeküste;Germany;20.06.2026;next_check_missing;Next check is not filled.;Fill Next check during the next source verification.
info;Offenbacher Mainuferlauf;offenbacher-mainuferlauf-offenbach-am-main-11-10-2026;Offenbach am Main;Germany;11.10.2026;next_check_missing;Next check is not filled.;Fill Next check during the next source verification.
info;OSC Vorsilvesterlauf;osc-vorsilvesterlauf-bremerhaven-27-12-2026;Bremerhaven;Germany;27.12.2026;next_check_missing;Next check is not filled.;Fill Next check during the next source verification.
info;OT Bremen Run;ot-bremen-run-bremen-13-09-2026;Bremen;Germany;13.09.2026;next_check_missing;Next check is not filled.;Fill Next check during the next source verification.
info;PSD Bank Halbmarathon Hamburg;psd-bank-halbmarathon-hamburg-hamburg-20-09-2026;Hamburg;Germany;20.09.2026;next_check_missing;Next check is not filled.;Fill Next check during the next source verification.
info;Reichenau Halbmarathon;reichenau-halbmarathon-reichenau-20-09-2026;Reichenau;Germany;20.09.2026;next_check_missing;Next check is not filled.;Fill Next check during the next source verification.
info;Rostock 10;rostock-10-rostock-03-10-2026;Rostock;Germany;03.10.2026;next_check_missing;Next check is not filled.;Fill Next check during the next source verification.
info;Sachsenlauf-Coswig;sachsenlauf-coswig-coswig-21-06-2026;Coswig;Germany;21.06.2026;next_check_missing;Next check is not filled.;Fill Next check during the next source verification.
info;Schlossinsellauf Lübben;schlossinsellauf-lubben-lubben-21-06-2026;Lübben;Germany;21.06.2026;next_check_missing;Next check is not filled.;Fill Next check during the next source verification.
info;Sparkassen Silvesterlauf Werl-Soest;sparkassen-silvesterlauf-werl-soest-werl-31-12-2026;Werl;Germany;31.12.2026;next_check_missing;Next check is not filled.;Fill Next check during the next source verification.
info;Sparkassen Phoenix-Halbmarathon Dortmund;sparkassen-phoenix-halbmarathon-dortmund-dortmund-03-10-2026;Dortmund;Germany;03.10.2026;next_check_missing;Next check is not filled.;Fill Next check during the next source verification.
info;Sparkassen Rügenbrücken-Marathon;sparkassen-rugenbrucken-marathon-stralsund-10-10-2026;Stralsund;Germany;10.10.2026;next_check_missing;Next check is not filled.;Fill Next check during the next source verification.
info;Sparkassen-SAARathon;sparkassen-saarathon-saarbrucken-11-10-2026;Saarbrücken;Germany;11.10.2026;next_check_missing;Next check is not filled.;Fill Next check during the next source verification.
info;Stadtwerke-Europalauf;stadtwerke-europalauf-neustadt-in-holstein-09-08-2026;Neustadt in Holstein;Germany;09.08.2026;next_check_missing;Next check is not filled.;Fill Next check during the next source verification.
info;Stolberger Schloss-Lauf;stolberger-schloss-lauf-stolberg-29-08-2026;Stolberg;Germany;29.08.2026;next_check_missing;Next check is not filled.;Fill Next check during the next source verification.
info;Stuttgart-Lauf;stuttgart-lauf-stuttgart-21-06-2026;Stuttgart;Germany;21.06.2026;next_check_missing;Next check is not filled.;Fill Next check during the next source verification.
info;SWP CityLauf Pforzheim;swp-citylauf-pforzheim-pforzheim-26-06-2026;Pforzheim;Germany;26.06.2026;next_check_missing;Next check is not filled.;Fill Next check during the next source verification.
info;Teltowkanalhalbmarathon;teltowkanalhalbmarathon-teltow-06-12-2026;Teltow;Germany;06.12.2026;next_check_missing;Next check is not filled.;Fill Next check during the next source verification.
info;Temnitzer Heide-Lauf;temnitzer-heide-lauf-temnitzquell-05-09-2026;Temnitzquell;Germany;05.09.2026;next_check_missing;Next check is not filled.;Fill Next check during the next source verification.
info;Tharandter-Wald-Lauf;tharandter-wald-lauf-hartha-30-08-2026;Hartha;Germany;30.08.2026;next_check_missing;Next check is not filled.;Fill Next check during the next source verification.
clean;Tiergartenlauf Velen;tiergartenlauf-velen-velen-20-06-2026;Velen;Germany;20.06.2026;;;No date action required.
info;LA-Hamburg TogetHHer Silvesterlauf;la-hamburg-togethher-silvesterlauf-hamburg-31-12-2026;Hamburg;Germany;31.12.2026;next_check_missing;Next check is not filled.;Fill Next check during the next source verification.
info;Tübinger Erbe-Lauf;tubinger-erbe-lauf-tubingen-20-09-2026;Tübingen;Germany;20.09.2026;next_check_missing;Next check is not filled.;Fill Next check during the next source verification.
info;UNO Urban Cross Lauf;uno-urban-cross-lauf-saarbrucken-04-10-2026;Saarbrücken;Germany;04.10.2026;next_check_missing;Next check is not filled.;Fill Next check during the next source verification.
info;SV-1860-Minden Volkslauf;sv-1860-minden-volkslauf-minden-29-08-2026;Minden;Germany;29.08.2026;next_check_missing;Next check is not filled.;Fill Next check during the next source verification.
info;Wallenstein Halbmarathon;wallenstein-halbmarathon-altdorf-26-07-2026;Altdorf;Germany;26.07.2026;next_check_missing;Next check is not filled.;Fill Next check during the next source verification.
info;Wardenburger Sommerlauf;wardenburger-sommerlauf-wardenburg-06-09-2026;Wardenburg;Germany;06.09.2026;next_check_missing;Next check is not filled.;Fill Next check during the next source verification.
info;Warener Sommerlauf;warener-sommerlauf-waren-muritz-20-06-2026;Waren (Müritz);Germany;20.06.2026;next_check_missing;Next check is not filled.;Fill Next check during the next source verification.
info;Weimarer Stadtlauf;weimarer-stadtlauf-weimar-10-10-2026;Weimar;Germany;10.10.2026;next_check_missing;Next check is not filled.;Fill Next check during the next source verification.
info;Wintermarathon Leipzig;wintermarathon-leipzig-leipzig-16-01-2027;Leipzig;Germany;16.01.2027;next_check_missing;Next check is not filled.;Fill Next check during the next source verification.
info;Volksbank Stadtlauf Selm 2026;volksbank-stadtlauf-selm-2026-selm-18-06-2026;Selm;Germany;18.06.2026;next_check_missing;Next check is not filled.;Fill Next check during the next source verification.
info;LKZ Firmenlauf;lkz-firmenlauf-ludwigsburg-17-06-2026;Ludwigsburg;Germany;17.06.2026;next_check_missing;Next check is not filled.;Fill Next check during the next source verification.
info;Sommernachtslauf am Hufeisen;sommernachtslauf-am-hufeisen-hesse-17-06-2026;Hesse;Germany;17.06.2026;next_check_missing;Next check is not filled.;Fill Next check during the next source verification.
info;Brunsbüttler Citylauf;brunsbuttler-citylauf-brunsbuttel-19-06-2026;Brunsbüttel;Germany;19.06.2026;next_check_missing;Next check is not filled.;Fill Next check during the next source verification.
info;Jemgumer Dörploop;jemgumer-dorploop-jemgum-19-06-2026;Jemgum;Germany;19.06.2026;next_check_missing;Next check is not filled.;Fill Next check during the next source verification.
info;27. Midsummer-Triathlon;27-midsummer-triathlon-gro-ensee-18-06-2026;Großensee;Germany;18.06.2026;next_check_missing;Next check is not filled.;Fill Next check during the next source verification.
info;4. Grünheider Schultriathlon;4-grunheider-schultriathlon-grunheide-mark-19-06-2026;Grünheide (Mark);Germany;19.06.2026;next_check_missing;Next check is not filled.;Fill Next check during the next source verification.
clean;Memmert Rothsee Triathlon;memmert-rothsee-triathlon-hilpoltstein-20-06-2027;Hilpoltstein;Germany;20.06.2027;;;No date action required.
info;29. Arendsee Triathlon;29-arendsee-triathlon-arendsee-altmark-20-06-2026;Arendsee (Altmark);Germany;20.06.2026;next_check_missing;Next check is not filled.;Fill Next check during the next source verification.
info;35. Unterallgäuer Triathlon;35-unterallgauer-triathlon-ottobeuren-27-06-2026;Ottobeuren;Germany;27.06.2026;next_check_missing;Next check is not filled.;Fill Next check during the next source verification.
info;18. Mitteldeutscher Firmenteam Triathlon;18-mitteldeutscher-firmenteam-triathlon-ro-bach-27-06-2026;Roßbach;Germany;27.06.2026;next_check_missing;Next check is not filled.;Fill Next check during the next source verification.
info;Swim + Run Vol. 13 / Triathlon Waldfeucht;swim-run-vol-13-triathlon-waldfeucht-heinsberg-kirchhoven-27-06-2026;Heinsberg - Kirchhoven;Germany;27.06.2026;next_check_missing;Next check is not filled.;Fill Next check during the next source verification.
info;Triathlon Dierhagen;triathlon-dierhagen-dierhagen-27-06-2026;Dierhagen;Germany;27.06.2026;next_check_missing;Next check is not filled.;Fill Next check during the next source verification.
info;28. EWR-Triathlon Lampertheim;28-ewr-triathlon-lampertheim-lampertheim-28-06-2026;Lampertheim;Germany;28.06.2026;next_check_missing;Next check is not filled.;Fill Next check during the next source verification.
clean;Herbrand Niederrhein Triathlon N3T;herbrand-niederrhein-triathlon-n3t-kalkar-27-06-2027;Kalkar;Germany;27.06.2027;;;No date action required.
info;Erbacher Triathlon;erbacher-triathlon-erbach-28-06-2026;Erbach;Germany;28.06.2026;next_check_missing;Next check is not filled.;Fill Next check during the next source verification.
info;9. Drachentriathlon;9-drachentriathlon-furth-im-wald-28-06-2026;Furth im Wald;Germany;28.06.2026;next_check_missing;Next check is not filled.;Fill Next check during the next source verification.
info;3. triathlon.de CUP Landshut;3-triathlon-de-cup-landshut-landshut-28-06-2026;Landshut;Germany;28.06.2026;next_check_missing;Next check is not filled.;Fill Next check during the next source verification.
info;Wemdinger Waldsee Triathlon;wemdinger-waldsee-triathlon-wemding-28-06-2026;Wemding;Germany;28.06.2026;next_check_missing;Next check is not filled.;Fill Next check during the next source verification.
info;20. ENTEGA Heinerman Triathlon;20-entega-heinerman-triathlon-darmstadt-28-06-2026;Darmstadt;Germany;28.06.2026;next_check_missing;Next check is not filled.;Fill Next check during the next source verification.
info;31. Fümmelsee-Triathlon;31-fummelsee-triathlon-wolfenbuttel-28-06-2026;Wolfenbüttel;Germany;28.06.2026;next_check_missing;Next check is not filled.;Fill Next check during the next source verification.
info;8. Nordhorner Triathlon;8-nordhorner-triathlon-nordhorn-28-06-2026;Nordhorn;Germany;28.06.2026;next_check_missing;Next check is not filled.;Fill Next check during the next source verification.
info;Kulturstadttriathlon Weimar 2026;kulturstadttriathlon-weimar-2026-weimar-28-06-2026;Weimar;Germany;28.06.2026;next_check_missing;Next check is not filled.;Fill Next check during the next source verification.
info;2. Zarrentin Triathlon;2-zarrentin-triathlon-zarrentin-28-06-2026;Zarrentin;Germany;28.06.2026;next_check_missing;Next check is not filled.;Fill Next check during the next source verification.
info;Hersbrucker Volkstriathlon 2026;hersbrucker-volkstriathlon-2026-hersbruck-28-06-2026;Hersbruck;Germany;28.06.2026;next_check_missing;Next check is not filled.;Fill Next check during the next source verification.
info;28. Dreikirchener systemceram Triathlon;28-dreikirchener-systemceram-triathlon-dreikirchen-28-06-2026;Dreikirchen;Germany;28.06.2026;next_check_missing;Next check is not filled.;Fill Next check during the next source verification.
info;Wedemark-Spass-Triathlon;wedemark-spass-triathlon-wedemark-28-06-2026;Wedemark;Germany;28.06.2026;next_check_missing;Next check is not filled.;Fill Next check during the next source verification.
info;21. Sparkassen Triathlon Braunschweig;21-sparkassen-triathlon-braunschweig-braunschweig-28-06-2026;Braunschweig;Germany;28.06.2026;next_check_missing;Next check is not filled.;Fill Next check during the next source verification.
info;19. DTU Triathlon Schultour 2026;19-dtu-triathlon-schultour-2026-neubrandenburg-01-07-2026;Neubrandenburg;Germany;01.07.2026;next_check_missing;Next check is not filled.;Fill Next check during the next source verification.
info;WerbellinseeTriathlon;werbellinseetriathlon-joachimsthal-04-07-2026;Joachimsthal;Germany;04.07.2026;next_check_missing;Next check is not filled.;Fill Next check during the next source verification.
info;Sparkassen Triathlon Tag Schopfheim;sparkassen-triathlon-tag-schopfheim-schopfheim-04-07-2026;Schopfheim;Germany;04.07.2026;next_check_missing;Next check is not filled.;Fill Next check during the next source verification.
info;35. Altmühltriathlon Leutershausen;35-altmuhltriathlon-leutershausen-leutershausen-04-07-2026;Leutershausen;Germany;04.07.2026;next_check_missing;Next check is not filled.;Fill Next check during the next source verification.
info;Berliner Volkstriathlon;berliner-volkstriathlon-berlin-05-07-2026;Berlin;Germany;05.07.2026;next_check_missing;Next check is not filled.;Fill Next check during the next source verification.
clean;13. Wanzleber Sparkassen Triathlon;13-wanzleber-sparkassen-triathlon-wanzleben-borde-04-07-2027;Wanzleben-Börde;Germany;04.07.2027;;;No date action required.
info;LEXWARE Freiburg-Triathlon 2026;lexware-freiburg-triathlon-2026-freiburg-im-breisgau-05-07-2026;Freiburg im Breisgau;Germany;05.07.2026;next_check_missing;Next check is not filled.;Fill Next check during the next source verification.
info;32.Poggensee Triathlon;32-poggensee-triathlon-bad-oldesloe-05-07-2026;Bad Oldesloe;Germany;05.07.2026;next_check_missing;Next check is not filled.;Fill Next check during the next source verification.
info;Saerbecker Triathlon;saerbecker-triathlon-saerbeck-05-07-2026;Saerbeck;Germany;05.07.2026;next_check_missing;Next check is not filled.;Fill Next check during the next source verification.
info;SCOTT Tegernsee Triathlon 2026;scott-tegernsee-triathlon-2026-gmund-a-tegernsee-05-07-2026;Gmund a. Tegernsee;Germany;05.07.2026;next_check_missing;Next check is not filled.;Fill Next check during the next source verification.
info;Volksbank Schultriathlon Ahlen 2026;volksbank-schultriathlon-ahlen-2026-ahlen-09-07-2026;Ahlen;Germany;09.07.2026;next_check_missing;Next check is not filled.;Fill Next check during the next source verification.
info;10. Schulmeisterschaft im Triathlon;10-schulmeisterschaft-im-triathlon-deggendorf-10-07-2026;Deggendorf;Germany;10.07.2026;next_check_missing;Next check is not filled.;Fill Next check during the next source verification.
info;SUZUKI World Triathlon Hamburg 2026;suzuki-world-triathlon-hamburg-2026-hamburg-11-07-2026;Hamburg;Germany;11.07.2026;next_check_missing;Next check is not filled.;Fill Next check during the next source verification.
info;11. Wuggi-Triathlon;11-wuggi-triathlon-prackenbach-11-07-2026;Prackenbach;Germany;11.07.2026;next_check_missing;Next check is not filled.;Fill Next check during the next source verification.
info;Schluchsee Triathlon;schluchsee-triathlon-schluchsee-11-07-2026;Schluchsee;Germany;11.07.2026;next_check_missing;Next check is not filled.;Fill Next check during the next source verification.
info;43. GEALAN Triathlon der IfL Hof;43-gealan-triathlon-der-ifl-hof-hof-11-07-2026;Hof;Germany;11.07.2026;next_check_missing;Next check is not filled.;Fill Next check during the next source verification.
info;26.Ammerseetriathlon;26-ammerseetriathlon-die-en-am-ammersee-11-07-2026;Dießen am Ammersee;Germany;11.07.2026;next_check_missing;Next check is not filled.;Fill Next check during the next source verification.
info;14. Stadtwerke Düsseldorf Familientriathlon;14-stadtwerke-dusseldorf-familientriathlon-dusseldorf-11-07-2026;Düsseldorf;Germany;11.07.2026;next_check_missing;Next check is not filled.;Fill Next check during the next source verification.
info;Piratentriathlon Amberg;piratentriathlon-amberg-amberg-11-07-2026;Amberg;Germany;11.07.2026;next_check_missing;Next check is not filled.;Fill Next check during the next source verification.
info;Raiffeisentriathlon;raiffeisentriathlon-hamm-sieg-12-07-2026;Hamm (Sieg);Germany;12.07.2026;next_check_missing;Next check is not filled.;Fill Next check during the next source verification.
info;5. Stadtwerke-Bochum-Triathlon;5-stadtwerke-bochum-triathlon-bochum-12-07-2026;Bochum;Germany;12.07.2026;next_check_missing;Next check is not filled.;Fill Next check during the next source verification.
info;41. Neue Rostocker WG Triathlon;41-neue-rostocker-wg-triathlon-rostock-12-07-2026;Rostock;Germany;12.07.2026;next_check_missing;Next check is not filled.;Fill Next check during the next source verification.
info;Hager Papprint Biosphärentriathlon;hager-papprint-biospharentriathlon-gersheim-12-07-2026;Gersheim;Germany;12.07.2026;next_check_missing;Next check is not filled.;Fill Next check during the next source verification.
info;Schlaubetal- Triathlon;schlaubetal-triathlon-mullrose-12-07-2026;Müllrose;Germany;12.07.2026;next_check_missing;Next check is not filled.;Fill Next check during the next source verification.
info;16. Hensel Recycling Churfranken Triathlon;16-hensel-recycling-churfranken-triathlon-niedernberg-12-07-2026;Niedernberg;Germany;12.07.2026;next_check_missing;Next check is not filled.;Fill Next check during the next source verification.
info;IOK-Triathlon Verl;iok-triathlon-verl-verl-12-07-2026;Verl;Germany;12.07.2026;next_check_missing;Next check is not filled.;Fill Next check during the next source verification.
info;38. Altmark-Triathlon;38-altmark-triathlon-hassel-ot-wischer-12-07-2026;Hassel OT Wischer;Germany;12.07.2026;next_check_missing;Next check is not filled.;Fill Next check during the next source verification.
info;Offendorf-Triathlon;offendorf-triathlon-ratekau-12-07-2026;Ratekau;Germany;12.07.2026;next_check_missing;Next check is not filled.;Fill Next check during the next source verification.
info;Holzland Triathlon Haßmersheim;holzland-triathlon-ha-mersheim-ha-mersheim-12-07-2026;Haßmersheim;Germany;12.07.2026;next_check_missing;Next check is not filled.;Fill Next check during the next source verification.
info;Cross Triathlon TSV Karlstadt;cross-triathlon-tsv-karlstadt-karlstadt-12-07-2026;Karlstadt;Germany;12.07.2026;next_check_missing;Next check is not filled.;Fill Next check during the next source verification.
info;Apian-Schultriathlon;apian-schultriathlon-85051-ingolstadt-14-07-2026;85051 Ingolstadt;Germany;14.07.2026;next_check_missing;Next check is not filled.;Fill Next check during the next source verification.
info;Höglwörther-See-Triathlon;hoglworther-see-triathlon-anger-18-07-2026;Anger;Germany;18.07.2026;next_check_missing;Next check is not filled.;Fill Next check during the next source verification.
info;Möhnesee Triathlon 2026;mohnesee-triathlon-2026-mohnesee-18-07-2026;Möhnesee;Germany;18.07.2026;next_check_missing;Next check is not filled.;Fill Next check during the next source verification.
info;39. Velburger Kirchweihtriathlon;39-velburger-kirchweihtriathlon-velburg-18-07-2026;Velburg;Germany;18.07.2026;next_check_missing;Next check is not filled.;Fill Next check during the next source verification.
info;41. Welzheimer Triathlon;41-welzheimer-triathlon-welzheim-18-07-2026;Welzheim;Germany;18.07.2026;next_check_missing;Next check is not filled.;Fill Next check during the next source verification.
info;Mey Generalbau Triathlon Tübingen;mey-generalbau-triathlon-tubingen-tubingen-19-07-2026;Tübingen;Germany;19.07.2026;next_check_missing;Next check is not filled.;Fill Next check during the next source verification.
info;35. Kratschmayer Triathlon;35-kratschmayer-triathlon-waldenburg-19-07-2026;Waldenburg;Germany;19.07.2026;next_check_missing;Next check is not filled.;Fill Next check during the next source verification.
info;23. Sparkassen-Triathlon Dortmund 2026;23-sparkassen-triathlon-dortmund-2026-dortmund-19-07-2026;Dortmund;Germany;19.07.2026;next_check_missing;Next check is not filled.;Fill Next check during the next source verification.
info;19. Rheinstetten Triathlon;19-rheinstetten-triathlon-rheinstetten-19-07-2026;Rheinstetten;Germany;19.07.2026;next_check_missing;Next check is not filled.;Fill Next check during the next source verification.
info;Landkreis-Schultriathlon Roth 2026;landkreis-schultriathlon-roth-2026-roth-21-07-2026;Roth;Germany;21.07.2026;next_check_missing;Next check is not filled.;Fill Next check during the next source verification.
info;Fürther Schultriathlon;further-schultriathlon-furth-22-07-2026;Fürth;Germany;22.07.2026;next_check_missing;Next check is not filled.;Fill Next check during the next source verification.
info;25. Schultriathlon Sonnenlugerschule Mengen;25-schultriathlon-sonnenlugerschule-mengen-mengen-22-07-2026;Mengen;Germany;22.07.2026;next_check_missing;Next check is not filled.;Fill Next check during the next source verification.
info;Die Finals 2026 - Sprint Triathlon Steinhuder Meer;die-finals-2026-sprint-triathlon-steinhuder-meer-wunstorf-23-07-2026;Wunstorf;Germany;23.07.2026;next_check_missing;Next check is not filled.;Fill Next check during the next source verification.
info;33. Hofheimer Triathlon;33-hofheimer-triathlon-hofheim-i-ufr-25-07-2026;Hofheim i. UFr.;Germany;25.07.2026;next_check_missing;Next check is not filled.;Fill Next check during the next source verification.
info;40. Müritz-Triathlon;40-muritz-triathlon-waren-muritz-25-07-2026;Waren (Müritz);Germany;25.07.2026;next_check_missing;Next check is not filled.;Fill Next check during the next source verification.
info;2. Malteser Triathlon;2-malteser-triathlon-heitersheim-25-07-2026;Heitersheim;Germany;25.07.2026;next_check_missing;Next check is not filled.;Fill Next check during the next source verification.
info;14. Schongau Triathlon;14-schongau-triathlon-schongau-26-07-2026;Schongau;Germany;26.07.2026;next_check_missing;Next check is not filled.;Fill Next check during the next source verification.
info;35. M-net Erlanger Triathlon;35-m-net-erlanger-triathlon-erlangen-26-07-2026;Erlangen;Germany;26.07.2026;next_check_missing;Next check is not filled.;Fill Next check during the next source verification.
info;Sparkasse Passau TRIATHLON NIEDERBAYERN 2026;sparkasse-passau-triathlon-niederbayern-2026-pocking-26-07-2026;Pocking;Germany;26.07.2026;next_check_missing;Next check is not filled.;Fill Next check during the next source verification.
info;40. Wörthsee-Triathlon;40-worthsee-triathlon-worthsee-26-07-2026;Wörthsee;Germany;26.07.2026;next_check_missing;Next check is not filled.;Fill Next check during the next source verification.
info;Kindelsberg Triathlon;kindelsberg-triathlon-hilchenbach-26-07-2026;Hilchenbach;Germany;26.07.2026;next_check_missing;Next check is not filled.;Fill Next check during the next source verification.
info;43. Leipziger Triathlon;43-leipziger-triathlon-leipzig-26-07-2026;Leipzig;Germany;26.07.2026;next_check_missing;Next check is not filled.;Fill Next check during the next source verification.
info;Heidelberg Triathlon;heidelberg-triathlon-heidelberg-26-07-2026;Heidelberg;Germany;26.07.2026;next_check_missing;Next check is not filled.;Fill Next check during the next source verification.
info;31. swb-Silbersee-Triathlon / Bremen-Stuhr;31-swb-silbersee-triathlon-bremen-stuhr-stuhr-26-07-2026;Stuhr;Germany;26.07.2026;next_check_missing;Next check is not filled.;Fill Next check during the next source verification.
info;17. eology Mainfrankentriathlon;17-eology-mainfrankentriathlon-kitzingen-01-08-2026;Kitzingen;Germany;01.08.2026;next_check_missing;Next check is not filled.;Fill Next check during the next source verification.
info;41. Ravensburger Triathlon;41-ravensburger-triathlon-ravensburg-01-08-2026;Ravensburg;Germany;01.08.2026;next_check_missing;Next check is not filled.;Fill Next check during the next source verification.
info;38. Sassenberger Triathlon 2026;38-sassenberger-triathlon-2026-sassenberg-02-08-2026;Sassenberg;Germany;02.08.2026;next_check_missing;Next check is not filled.;Fill Next check during the next source verification.
info;7. Scharmützelsee-Triathlon;7-scharmutzelsee-triathlon-bad-saarow-02-08-2026;Bad Saarow;Germany;02.08.2026;next_check_missing;Next check is not filled.;Fill Next check during the next source verification.
info;Frankfurt City Triathlon;frankfurt-city-triathlon-frankfurt-am-main-02-08-2026;Frankfurt am Main;Germany;02.08.2026;next_check_missing;Next check is not filled.;Fill Next check during the next source verification.
info;2. Nagler See Jedermanntriathlon;2-nagler-see-jedermanntriathlon-nagel-02-08-2026;Nagel;Germany;02.08.2026;next_check_missing;Next check is not filled.;Fill Next check during the next source verification.
info;38. Kamener Sparkassentriathlon;38-kamener-sparkassentriathlon-kamen-02-08-2026;Kamen;Germany;02.08.2026;next_check_missing;Next check is not filled.;Fill Next check during the next source verification.
info;Oettinger Triathlon;oettinger-triathlon-oettingen-i-bayern-02-08-2026;Oettingen i. Bayern;Germany;02.08.2026;next_check_missing;Next check is not filled.;Fill Next check during the next source verification.
info;35. Regensburger Triathlon;35-regensburger-triathlon-regensburg-02-08-2026;Regensburg;Germany;02.08.2026;next_check_missing;Next check is not filled.;Fill Next check during the next source verification.
info;BraWo Triathlon Salgitter;brawo-triathlon-salgitter-salzgitter-02-08-2026;Salzgitter;Germany;02.08.2026;next_check_missing;Next check is not filled.;Fill Next check during the next source verification.
info;Stadtwerke Borken Triathlon;stadtwerke-borken-triathlon-borken-08-08-2026;Borken;Germany;08.08.2026;next_check_missing;Next check is not filled.;Fill Next check during the next source verification.
info;37. Bergsee Triathlon;37-bergsee-triathlon-schleusingen-08-08-2026;Schleusingen;Germany;08.08.2026;next_check_missing;Next check is not filled.;Fill Next check during the next source verification.
info;19. Licher Triathlon;19-licher-triathlon-lich-08-08-2026;Lich;Germany;08.08.2026;next_check_missing;Next check is not filled.;Fill Next check during the next source verification.
info;DATAGROUP Triathlon Nürnberg;datagroup-triathlon-nurnberg-nurnberg-09-08-2026;Nürnberg;Germany;09.08.2026;next_check_missing;Next check is not filled.;Fill Next check during the next source verification.
info;Kraichgau Energie Summertime Triathlon;kraichgau-energie-summertime-triathlon-karlsdorf-neuthard-09-08-2026;Karlsdorf-Neuthard;Germany;09.08.2026;next_check_missing;Next check is not filled.;Fill Next check during the next source verification.
info;26. Pöhler-Triathlon;26-pohler-triathlon-pohl-09-08-2026;Pöhl;Germany;09.08.2026;next_check_missing;Next check is not filled.;Fill Next check during the next source verification.
info;14. GEWOBA City Triathlon Bremen;14-gewoba-city-triathlon-bremen-bremen-09-08-2026;Bremen;Germany;09.08.2026;next_check_missing;Next check is not filled.;Fill Next check during the next source verification.
info;Rheiner Channel Triathlon;rheiner-channel-triathlon-rheine-09-08-2026;Rheine;Germany;09.08.2026;next_check_missing;Next check is not filled.;Fill Next check during the next source verification.
info;35. Maibacher Triathlon;35-maibacher-triathlon-butzbach-09-08-2026;Butzbach;Germany;09.08.2026;next_check_missing;Next check is not filled.;Fill Next check during the next source verification.
info;Nordschwarzwald Triathlon;nordschwarzwald-triathlon-nagold-15-08-2026;Nagold;Germany;15.08.2026;next_check_missing;Next check is not filled.;Fill Next check during the next source verification.
info;O-SEE Challenge/DM Cross Triathlon/XTERRA;o-see-challenge-dm-cross-triathlon-xterra-olbersdorf-15-08-2026;Olbersdorf;Germany;15.08.2026;next_check_missing;Next check is not filled.;Fill Next check during the next source verification.
info;12. Altwarmbüchener Triathlon am 15./16.8.2026;12-altwarmbuchener-triathlon-am-15-16-8-2026-hannover-15-08-2026;Hannover;Germany;15.08.2026;next_check_missing;Next check is not filled.;Fill Next check during the next source verification.
info;Bornsdorf-Triathlon 2026;bornsdorf-triathlon-2026-heideblick-bornsdorf-15-08-2026;Heideblick-Bornsdorf;Germany;15.08.2026;next_check_missing;Next check is not filled.;Fill Next check during the next source verification.
info;37. KN Förde Triathlon 2026;37-kn-forde-triathlon-2026-kiel-16-08-2026;Kiel;Germany;16.08.2026;next_check_missing;Next check is not filled.;Fill Next check during the next source verification.
info;23. Rodgau Triathlon;23-rodgau-triathlon-rodgau-16-08-2026;Rodgau;Germany;16.08.2026;next_check_missing;Next check is not filled.;Fill Next check during the next source verification.
info;Triathlon Festival Rheinhessen;triathlon-festival-rheinhessen-worrstadt-16-08-2026;Wörrstadt;Germany;16.08.2026;next_check_missing;Next check is not filled.;Fill Next check during the next source verification.
info;3. Edermünder Triathlon;3-edermunder-triathlon-edermunde-16-08-2026;Edermünde;Germany;16.08.2026;next_check_missing;Next check is not filled.;Fill Next check during the next source verification.
info;31. Ilmenauer Teamtriathlon 2026;31-ilmenauer-teamtriathlon-2026-ilmenau-19-08-2026;Ilmenau;Germany;19.08.2026;next_check_missing;Next check is not filled.;Fill Next check during the next source verification.
info;42. Viernheimer V-Card-Triathlon;42-viernheimer-v-card-triathlon-viernheim-22-08-2026;Viernheim;Germany;22.08.2026;next_check_missing;Next check is not filled.;Fill Next check during the next source verification.
info;36. Elm-Lappwald Triathlon;36-elm-lappwald-triathlon-helmstedt-22-08-2026;Helmstedt;Germany;22.08.2026;next_check_missing;Next check is not filled.;Fill Next check during the next source verification.
info;Marathoncross um den Messerpokal;marathoncross-um-den-messerpokal-bad-liebenstein-20-06-2026;Bad Liebenstein;Germany;20.06.2026;next_check_missing;Next check is not filled.;Fill Next check during the next source verification.
clean;Losheimer Trailfest;losheimer-trailfest-losheim-am-see-27-06-2027;Losheim am See;Germany;27.06.2027;;;No date action required.
info;B. BRAUN Marathon;b-braun-marathon-tuttlingen-28-06-2026;Tuttlingen;Germany;28.06.2026;next_check_missing;Next check is not filled.;Fill Next check during the next source verification.
info;Maintal Ultratrail;maintal-ultratrail-veitshochheim-18-07-2026;Veitshöchheim;Germany;18.07.2026;next_check_missing;Next check is not filled.;Fill Next check during the next source verification.
info;Sachsenwaldlauf;sachsenwaldlauf-schwarzenbek-06-09-2026;Schwarzenbek;Germany;06.09.2026;next_check_missing;Next check is not filled.;Fill Next check during the next source verification.
info;Südthüringentrail;sudthuringentrail-suhl-12-09-2026;Suhl;Germany;12.09.2026;next_check_missing;Next check is not filled.;Fill Next check during the next source verification.
info;LIWA-LaufEvent;liwa-laufevent-lichtenwald-hegenlohe-18-04-2027;Lichtenwald-Hegenlohe;Germany;18.04.2027;next_check_missing;Next check is not filled.;Fill Next check during the next source verification.
info;Meldorfer Brückenlauf;meldorfer-bruckenlauf-meldorf-01-05-2027;Meldorf;Germany;01.05.2027;next_check_missing;Next check is not filled.;Fill Next check during the next source verification.
info;Vatertagslauf in Rhaunen;vatertagslauf-in-rhaunen-rhaunen-06-05-2027;Rhaunen;Germany;06.05.2027;next_check_missing;Next check is not filled.;Fill Next check during the next source verification.
info;Gutenberg Halbmarathon Mainz;gutenberg-halbmarathon-mainz-mainz-09-05-2027;Mainz;Germany;09.05.2027;next_check_missing;Next check is not filled.;Fill Next check during the next source verification.
info;Gerolsteiner Helgoland Marathon;gerolsteiner-helgoland-marathon-helgoland-22-05-2027;Helgoland;Germany;22.05.2027;next_check_missing;Next check is not filled.;Fill Next check during the next source verification.
info;Sevilla Marathon;sevilla-marathon-sevilla-21-02-2027;Sevilla;Spain;21.02.2027;next_check_missing;Next check is not filled.;Fill Next check during the next source verification.
info;Malta Marathon;malta-marathon-mdina-28-02-2027;Mdina;Malta;28.02.2027;next_check_missing;Next check is not filled.;Fill Next check during the next source verification.
info;Barcelona Marathon;barcelona-marathon-barcelona-14-03-2027;Barcelona;Spain;14.03.2027;next_check_missing;Next check is not filled.;Fill Next check during the next source verification.
info;Rome Marathon;rome-marathon-rom-14-03-2027;Rom;Italy;14.03.2027;next_check_missing;Next check is not filled.;Fill Next check during the next source verification.
info;Linz Donau Marathon;linz-donau-marathon-linz-11-04-2027;Linz;Austria;11.04.2027;next_check_missing;Next check is not filled.;Fill Next check during the next source verification.
info;Madrid Marathon;madrid-marathon-madrid-25-04-2027;Madrid;Spain;25.04.2027;next_check_missing;Next check is not filled.;Fill Next check during the next source verification.
info;London Marathon;london-marathon-london-25-04-2027;London;UK;25.04.2027;next_check_missing;Next check is not filled.;Fill Next check during the next source verification.
info;Innsbruck Alpine Trailrun;innsbruck-alpine-trailrun-innsbruck-05-05-2027;Innsbruck;Austria;05.05.2027;next_check_missing;Next check is not filled.;Fill Next check during the next source verification.
info;Generali Genf Marathon;generali-genf-marathon-genf-08-05-2027;Genf;Switzerland;08.05.2027;next_check_missing;Next check is not filled.;Fill Next check during the next source verification.
info;Kopenhagen Marathon;kopenhagen-marathon-kopenhagen-09-05-2027;Kopenhagen;Denmark;09.05.2027;next_check_missing;Next check is not filled.;Fill Next check during the next source verification.
clean;Swiss Irontrail;swiss-irontrail-savognin-15-08-2027;Savognin;Switzerland;15.08.2027;;;No date action required.
info;Bernina Gletschermarathon;bernina-gletschermarathon-pontresina-03-07-2026;Pontresina;Switzerland;03.07.2026;next_check_missing;Next check is not filled.;Fill Next check during the next source verification.
info;Silvrettatrailrun 3000;silvrettatrailrun-3000-ischgl-10-07-2026;Ischgl;Austria;10.07.2026;next_check_missing;Next check is not filled.;Fill Next check during the next source verification.
info;Gletscher Trailrun;gletscher-trailrun-obergurgl-16-07-2026;Obergurgl;Austria;16.07.2026;next_check_missing;Next check is not filled.;Fill Next check during the next source verification.
info;Grossglockner ULTRA-TRAIL;grossglockner-ultra-trail-kaprun-23-07-2026;Kaprun;Austria;23.07.2026;next_check_missing;Next check is not filled.;Fill Next check during the next source verification.
info;Davos X-Trails;davos-x-trails-davos-24-07-2026;Davos;Switzerland;24.07.2026;next_check_missing;Next check is not filled.;Fill Next check during the next source verification.
info;Gondo Marathon;gondo-marathon-gondo-08-08-2026;Gondo;Switzerland;08.08.2026;next_check_missing;Next check is not filled.;Fill Next check during the next source verification.
info;Helsinki Marathon;helsinki-marathon-helsinki-22-08-2026;Helsinki;Finland;22.08.2026;next_check_missing;Next check is not filled.;Fill Next check during the next source verification.
info;Reykjavik Marathon;reykjavik-marathon-reykjavik-22-08-2026;Reykjavik;Iceland;22.08.2026;next_check_missing;Next check is not filled.;Fill Next check during the next source verification.
info;Kleine Zeitung Wörthersee Halbmarathon;kleine-zeitung-worthersee-halbmarathon-klagenfurt-30-08-2026;Klagenfurt;Austria;30.08.2026;next_check_missing;Next check is not filled.;Fill Next check during the next source verification.
info;Torlauf Dachstein;torlauf-dachstein-ramsau-am-dachstein-05-09-2026;Ramsau am Dachstein;Austria;05.09.2026;next_check_missing;Next check is not filled.;Fill Next check during the next source verification.
info;Bukarest Marathon;bukarest-marathon-bukarest-11-10-2026;Bukarest;Romania;11.10.2026;next_check_missing;Next check is not filled.;Fill Next check during the next source verification.
info;Ascona-Locarno Run;ascona-locarno-run-ascona-11-10-2026;Ascona;Switzerland;11.10.2026;next_check_missing;Next check is not filled.;Fill Next check during the next source verification.
info;Budapest Marathon;budapest-marathon-budapest-11-10-2026;Budapest;Hungary;11.10.2026;next_check_missing;Next check is not filled.;Fill Next check during the next source verification.
info;Salzkammergut Marathon;salzkammergut-marathon-st-wolfgang-17-10-2026;St. Wolfgang;Austria;17.10.2026;next_check_missing;Next check is not filled.;Fill Next check during the next source verification.
info;Palma Marathon;palma-marathon-palma-de-mallorca-18-10-2026;Palma de Mallorca;Spain;18.10.2026;next_check_missing;Next check is not filled.;Fill Next check during the next source verification.
info;Antwerpen Marathon;antwerpen-marathon-antwerpen-18-10-2026;Antwerpen;Belgium;18.10.2026;next_check_missing;Next check is not filled.;Fill Next check during the next source verification.
info;Dublin Marathon;dublin-marathon-dublin-25-10-2026;Dublin;Ireland;25.10.2026;next_check_missing;Next check is not filled.;Fill Next check during the next source verification.
info;Athen Marathon;athen-marathon-athen-08-11-2026;Athen;Greece;08.11.2026;next_check_missing;Next check is not filled.;Fill Next check during the next source verification.
info;Verona Run Marathon;verona-run-marathon-verona-15-11-2026;Verona;Italy;15.11.2026;next_check_missing;Next check is not filled.;Fill Next check during the next source verification.
info;Welschlauf Südsteiermark;welschlauf-sudsteiermark-ehrenhausen-wies-01-05-2027;Ehrenhausen-Wies;Austria;01.05.2027;next_check_missing;Next check is not filled.;Fill Next check during the next source verification.
info;Zugspitz Ultratrail Garmisch-Partenkirchen;zugspitz-ultratrail-garmisch-partenkirchen-garmisch-partenkirchen-18-06-2026;Garmisch-Partenkirchen;Germany;18.06.2026;next_check_missing;Next check is not filled.;Fill Next check during the next source verification.
info;Vienna Summer Night Race;vienna-summer-night-race-wien-18-06-2026;Wien;Austria;18.06.2026;next_check_missing;Next check is not filled.;Fill Next check during the next source verification.
info;CampUS Run Stuttgart;campus-run-stuttgart-stuttgart-18-06-2026;Stuttgart;Germany;18.06.2026;next_check_missing;Next check is not filled.;Fill Next check during the next source verification.
clean;Legdener Mittsommernachtslauf;legdener-mittsommernachtslauf-legden-18-06-2027;Legden;Germany;18.06.2027;;;No date action required.
clean;MidSummerRun Hamburg;midsummerrun-hamburg-hamburg-19-06-2026;Hamburg;Germany;19.06.2026;;;No date action required.
info;Sonnenwendlauf Markkleeberg Winter-Edition;sonnenwendlauf-markkleeberg-winter-edition-markkleeberg-19-06-2026;Markkleeberg;Germany;19.06.2026;next_check_missing;Next check is not filled.;Fill Next check during the next source verification.
info;Altstadtlauf Heppenheim;altstadtlauf-heppenheim-heppenheim-19-06-2026;Heppenheim;Germany;19.06.2026;next_check_missing;Next check is not filled.;Fill Next check during the next source verification.
info;Wallauer Mittsommerlauf;wallauer-mittsommerlauf-hofheim-wallau-19-06-2026;Hofheim-Wallau;Germany;19.06.2026;next_check_missing;Next check is not filled.;Fill Next check during the next source verification.
info;Seelbach-Schwarzwald-Sonnwendlauf;seelbach-schwarzwald-sonnwendlauf-seelbach-19-06-2026;Seelbach;Germany;19.06.2026;next_check_missing;Next check is not filled.;Fill Next check during the next source verification.
info;Burgberglauf Gehrden;burgberglauf-gehrden-gehrden-20-06-2026;Gehrden;Germany;20.06.2026;next_check_missing;Next check is not filled.;Fill Next check during the next source verification.
info;Horremer Abendlauf Kerpen;horremer-abendlauf-kerpen-kerpen-20-06-2026;Kerpen;Germany;20.06.2026;next_check_missing;Next check is not filled.;Fill Next check during the next source verification.
clean;Traunsee-Halbmarathon Ebensee - Gmunden;traunsee-halbmarathon-ebensee-gmunden-ebensee-am-traunsee-19-06-2027;Ebensee am Traunsee;Austria;19.06.2027;;;No date action required.
clean;Muddy Angel Run Dresden;muddy-angel-run-dresden-dresden-29-05-2027;Dresden;Germany;29.05.2027;;;No date action required.
clean;Rats-Run Sulzbach-Rosenberg;rats-run-sulzbach-rosenberg-sulzbach-rosenberg-25-04-2027;Sulzbach-Rosenberg;Germany;25.04.2027;;;No date action required.
clean;Mittsommerlauf Düsseldorf;mittsommerlauf-dusseldorf-dusseldorf-21-06-2026;Düsseldorf;Germany;21.06.2026;;;No date action required.
info;Vechtdal Trail Ommen;vechtdal-trail-ommen-ommen-20-06-2026;Ommen;Netherlands;20.06.2026;next_check_missing;Next check is not filled.;Fill Next check during the next source verification.
clean;Allgäu Mittsommer Marsch Sonthofen;allgau-mittsommer-marsch-sonthofen-sonthofen-23-05-2027;Sonthofen;Germany;23.05.2027;;;No date action required.
clean;Indeland-Triathlon Eschweiler;indeland-triathlon-eschweiler-eschweiler-21-06-2026;Eschweiler;Germany;21.06.2026;;;No date action required.
info;Überlingen Run;uberlingen-run-uberlingen-21-06-2026;Überlingen;Germany;21.06.2026;next_check_missing;Next check is not filled.;Fill Next check during the next source verification.
info;Ratschings Mountain Trails;ratschings-mountain-trails-ratschings-21-06-2026;Ratschings;Germany;21.06.2026;next_check_missing;Next check is not filled.;Fill Next check during the next source verification.
info;Campus Run Berlin;campus-run-berlin-berlin-25-06-2026;Berlin;Germany;25.06.2026;next_check_missing;Next check is not filled.;Fill Next check during the next source verification.
clean;Kaiserkrone Trail Scheffau;kaiserkrone-trail-scheffau-scheffau-am-wilden-kaiser-26-06-2027;Scheffau am Wilden Kaiser;Germany;26.06.2027;;;No date action required.
info;Midnight Run Reykjavík 104 Reykjavík 21,1 km, 10 km, 5 km;midnight-run-reykjavik-104-reykjavik-21-1-km-10-km-5-km-is-104-reykjavik-25-06-2;IS 104 Reykjavík;Germany;25.06.2026;next_check_missing;Next check is not filled.;Fill Next check during the next source verification.
info;Altstadtfestlauf Lauf an der Pegnitz;altstadtfestlauf-lauf-an-der-pegnitz-lauf-an-der-pegnitz-26-06-2026;Lauf an der Pegnitz;Germany;26.06.2026;next_check_missing;Next check is not filled.;Fill Next check during the next source verification.
info;Steinhuder Meer-Triathlon;steinhuder-meer-triathlon-steinhude-25-06-2026;Steinhude;Germany;25.06.2026;next_check_missing;Next check is not filled.;Fill Next check during the next source verification.
info;Xletix Challenge Tirol;xletix-challenge-tirol-kuhtai-27-06-2026;Kühtai;Germany;27.06.2026;next_check_missing;Next check is not filled.;Fill Next check during the next source verification.
clean;Sauwald Trail Schardenberg;sauwald-trail-schardenberg-schardenberg-26-06-2027;Schardenberg;Austria;26.06.2027;;;No date action required.
clean;X-Trail-Breitnau;x-trail-breitnau-breitnau-26-06-2027;Breitnau;Germany;26.06.2027;;;No date action required.
info;SachsenTrail Breitenbrunn;sachsentrail-breitenbrunn-breitenbrunn-27-06-2026;Breitenbrunn;Germany;27.06.2026;next_check_missing;Next check is not filled.;Fill Next check during the next source verification.
clean;Lungauer Tauern Krone Challenge Tamsweg;lungauer-tauern-krone-challenge-tamsweg-tamsweg-27-06-2026;Tamsweg;Germany;27.06.2026;;;No date action required.
clean;Montafon-Arlberg-Marathon;montafon-arlberg-marathon-st-anton-26-06-2027;St. Anton;Germany;26.06.2027;;;No date action required.
info;Bever-Lauf Ostbevern;bever-lauf-ostbevern-ostbevern-27-06-2026;Ostbevern;Germany;27.06.2026;next_check_missing;Next check is not filled.;Fill Next check during the next source verification.
clean;Gettingtough Oberhof;gettingtough-oberhof-oberhof-26-06-2027;Oberhof;Germany;26.06.2027;;;No date action required.
info;Aletsch Halbmarathon Bettmeralp;aletsch-halbmarathon-bettmeralp-bettmeralp-28-06-2026;Bettmeralp;Germany;28.06.2026;next_check_missing;Next check is not filled.;Fill Next check during the next source verification.
info;Sunrise Run Düsseldorf;sunrise-run-dusseldorf-dusseldorf-28-06-2026;Düsseldorf;Germany;28.06.2026;next_check_missing;Next check is not filled.;Fill Next check during the next source verification.
info;Schwalbacher Volkslauf Lauf gegen Armut;schwalbacher-volkslauf-lauf-gegen-armut-schwalbach-28-06-2026;Schwalbach;Germany;28.06.2026;next_check_missing;Next check is not filled.;Fill Next check during the next source verification.
info;Steinwiesenlauf Hamburg;steinwiesenlauf-hamburg-ellerbek-05-07-2026;Ellerbek;Germany;05.07.2026;next_check_missing;Next check is not filled.;Fill Next check during the next source verification.
info;Eßlinger Zeitung-Lauf;e-linger-zeitung-lauf-esslingen-05-07-2026;Esslingen;Germany;05.07.2026;next_check_missing;Next check is not filled.;Fill Next check during the next source verification.
info;Stadionlauf Köln;stadionlauf-koln-koln-05-07-2026;Köln;Germany;05.07.2026;next_check_missing;Next check is not filled.;Fill Next check during the next source verification.
info;Kraftsolmser Dorflauf Waldsolms;kraftsolmser-dorflauf-waldsolms-waldsolms-05-07-2026;Waldsolms;Germany;05.07.2026;next_check_missing;Next check is not filled.;Fill Next check during the next source verification.
clean;Seiser-Alm-Halbmarathon;seiser-alm-halbmarathon-kastelruth-04-07-2027;Kastelruth;Italy;04.07.2027;;;No date action required.
info;City Run Münster;city-run-munster-munster-05-07-2026;Münster;Germany;05.07.2026;next_check_missing;Next check is not filled.;Fill Next check during the next source verification.
info;Ultra-Trail Val d'Aran Pyrenees;ultra-trail-val-d-aran-pyrenees-vielha-e-mijaran-05-07-2026;Vielha e Mijaran;Spain;05.07.2026;next_check_missing;Next check is not filled.;Fill Next check during the next source verification.
info;Staffelsee-Panoramalauf Murnau;staffelsee-panoramalauf-murnau-murnau-05-07-2026;Murnau;Germany;05.07.2026;next_check_missing;Next check is not filled.;Fill Next check during the next source verification.
info;Kirchweihlauf Neuendettelsau;kirchweihlauf-neuendettelsau-neuendettelsau-05-07-2026;Neuendettelsau;Germany;05.07.2026;next_check_missing;Next check is not filled.;Fill Next check during the next source verification.
info;Sonthofer Citylauf;sonthofer-citylauf-sonthofen-10-07-2026;Sonthofen;Germany;10.07.2026;next_check_missing;Next check is not filled.;Fill Next check during the next source verification.
info;Gran Trail Courmayeur;gran-trail-courmayeur-courmayeur-10-07-2026;Courmayeur;Germany;10.07.2026;next_check_missing;Next check is not filled.;Fill Next check during the next source verification.
info;Altstadtlauf Köln;altstadtlauf-koln-koln-10-07-2026;Köln;Germany;10.07.2026;next_check_missing;Next check is not filled.;Fill Next check during the next source verification.
info;Burbacher Windecklauf;burbacher-windecklauf-marxzell-burbach-10-07-2026;Marxzell-Burbach;Germany;10.07.2026;next_check_missing;Next check is not filled.;Fill Next check during the next source verification.
info;Trail Verbier St-Bernard;trail-verbier-st-bernard-verbier-10-07-2026;Verbier;Germany;10.07.2026;next_check_missing;Next check is not filled.;Fill Next check during the next source verification.
info;Rosengarten Schlern Skymarathon Tiers;rosengarten-schlern-skymarathon-tiers-tiers-11-07-2026;Tiers;Italy;11.07.2026;next_check_missing;Next check is not filled.;Fill Next check during the next source verification.
info;Steinenberger Waldlauf;steinenberger-waldlauf-steinenberg-12-07-2026;Steinenberg;Germany;12.07.2026;next_check_missing;Next check is not filled.;Fill Next check during the next source verification.
info;Stadtlauf Fürstenfeldbruck;stadtlauf-furstenfeldbruck-furstenfeldbruck-12-07-2026;Fürstenfeldbruck;Germany;12.07.2026;next_check_missing;Next check is not filled.;Fill Next check during the next source verification.
info;City Trail Essen;city-trail-essen-essen-12-07-2026;Essen;Germany;12.07.2026;next_check_missing;Next check is not filled.;Fill Next check during the next source verification.
info;Stadtlauf Düren;stadtlauf-duren-duren-12-07-2026;Düren;Germany;12.07.2026;next_check_missing;Next check is not filled.;Fill Next check during the next source verification.
info;Eiger Ultra Trail Grindelwald;eiger-ultra-trail-grindelwald-grindelwald-15-07-2026;Grindelwald;Switzerland;15.07.2026;next_check_missing;Next check is not filled.;Fill Next check during the next source verification.
info;Altstadtlauf Reutlingen;altstadtlauf-reutlingen-reutlingen-17-07-2026;Reutlingen;Germany;17.07.2026;next_check_missing;Next check is not filled.;Fill Next check during the next source verification.
info;Engadin Ultra Trail;engadin-ultra-trail-samedan-17-07-2026;Samedan;Germany;17.07.2026;next_check_missing;Next check is not filled.;Fill Next check during the next source verification.
info;Volkslauf Rund um Geislar;volkslauf-rund-um-geislar-bonn-17-07-2026;Bonn;Germany;17.07.2026;next_check_missing;Next check is not filled.;Fill Next check during the next source verification.
info;Lousberglauf Aachen;lousberglauf-aachen-aachen-01-07-2026;Aachen;Germany;01.07.2026;next_check_missing;Next check is not filled.;Fill Next check during the next source verification.
info;Forster Rosen-Pokal-Lauf;forster-rosen-pokal-lauf-forst-03-07-2026;Forst;Germany;03.07.2026;next_check_missing;Next check is not filled.;Fill Next check during the next source verification.
info;Brunnenfestlauf Reute;brunnenfestlauf-reute-bad-waldsee-03-07-2026;Bad Waldsee;Germany;03.07.2026;next_check_missing;Next check is not filled.;Fill Next check during the next source verification.
info;Stubai Ultratrail Neustift;stubai-ultratrail-neustift-neustift-03-07-2026;Neustift;Germany;03.07.2026;next_check_missing;Next check is not filled.;Fill Next check during the next source verification.
info;Wielemer Viertele Salem-Mittelstenweiler;wielemer-viertele-salem-mittelstenweiler-salem-mittelstenweiler-03-07-2026;Salem-Mittelstenweiler;Germany;03.07.2026;next_check_missing;Next check is not filled.;Fill Next check during the next source verification.
info;Drevenacker Abendlauf;drevenacker-abendlauf-hunxe-drevenack-03-07-2026;Hünxe-Drevenack;Germany;03.07.2026;next_check_missing;Next check is not filled.;Fill Next check during the next source verification.
info;Mittsommerlauf Heitersheim;mittsommerlauf-heitersheim-heitersheim-04-07-2026;Heitersheim;Germany;04.07.2026;next_check_missing;Next check is not filled.;Fill Next check during the next source verification.
info;BobbahnRun Winterberg;bobbahnrun-winterberg-winterberg-04-07-2026;Winterberg;Germany;04.07.2026;next_check_missing;Next check is not filled.;Fill Next check during the next source verification.
info;S´Kay Run Erlenbach;s-kay-run-erlenbach-erlenbach-04-07-2026;Erlenbach;Germany;04.07.2026;next_check_missing;Next check is not filled.;Fill Next check during the next source verification.
info;Montafon Totale Trail Silvretta;montafon-totale-trail-silvretta-schruns-04-07-2026;Schruns;Germany;04.07.2026;next_check_missing;Next check is not filled.;Fill Next check during the next source verification.
info;Traunsee Bergmarathon Gmunden;traunsee-bergmarathon-gmunden-gmunden-04-07-2026;Gmunden;Germany;04.07.2026;next_check_missing;Next check is not filled.;Fill Next check during the next source verification.
info;Schneekopflauf Schmiedefeld;schneekopflauf-schmiedefeld-schmiedefeld-am-rennsteig-04-07-2026;Schmiedefeld am Rennsteig;Germany;04.07.2026;next_check_missing;Next check is not filled.;Fill Next check during the next source verification.
info;Panoramalauf Rothenberg;panoramalauf-rothenberg-oberzent-rothenberg-05-07-2026;Oberzent-Rothenberg;Germany;05.07.2026;next_check_missing;Next check is not filled.;Fill Next check during the next source verification.
info;Lauf Rund um die Veste Coburg;lauf-rund-um-die-veste-coburg-coburg-05-07-2026;Coburg;Germany;05.07.2026;next_check_missing;Next check is not filled.;Fill Next check during the next source verification.
info;Stilfserjoch Stelvio Trail Run;stilfserjoch-stelvio-trail-run-prad-am-stilfserjoch-18-07-2026;Prad am Stilfserjoch;Germany;18.07.2026;next_check_missing;Next check is not filled.;Fill Next check during the next source verification.
info;Hanse-Citylauf Wesel;hanse-citylauf-wesel-wesel-18-07-2026;Wesel;Germany;18.07.2026;next_check_missing;Next check is not filled.;Fill Next check during the next source verification.
info;North Pole Marathon Spitzbergen - Spitzbergen 42,195 km;north-pole-marathon-spitzbergen-spitzbergen-42-195-km-longyearbyen-19-07-2026;Longyearbyen;Norway;19.07.2026;next_check_missing;Next check is not filled.;Fill Next check during the next source verification.
info;Muppberg-Trailrun Neustadt;muppberg-trailrun-neustadt-neustadt-19-07-2026;Neustadt;Germany;19.07.2026;next_check_missing;Next check is not filled.;Fill Next check during the next source verification.
info;Wild & Run Oberkollbach;wild-run-oberkollbach-oberreichenbach-22-07-2026;Oberreichenbach;Germany;22.07.2026;next_check_missing;Next check is not filled.;Fill Next check during the next source verification.
info;Urban Trail Run München;urban-trail-run-munchen-munchen-24-07-2026;München;Germany;24.07.2026;next_check_missing;Next check is not filled.;Fill Next check during the next source verification.
info;Rock the Race Cross-Hindernislauf Würzburg;rock-the-race-cross-hindernislauf-wurzburg-wurzburg-26-07-2026;Würzburg;Germany;26.07.2026;next_check_missing;Next check is not filled.;Fill Next check during the next source verification.
info;Pitz Alpine Glacier Trail;pitz-alpine-glacier-trail-mandarfen-31-07-2026;Mandarfen;Austria;31.07.2026;next_check_missing;Next check is not filled.;Fill Next check during the next source verification.
clean;SüdwestPark FunRun - Nürnberg;sudwestpark-funrun-nurnberg-nurnberg-10-06-2027;Nürnberg;Germany;10.06.2027;;;No date action required.
info;Högl-Berglauf - Ainring;hogl-berglauf-ainring-ainring-19-06-2026;Ainring;Germany;19.06.2026;next_check_missing;Next check is not filled.;Fill Next check during the next source verification.
clean;Laatzen Leinelauf;laatzen-leinelauf-laatzen-18-06-2027;Laatzen;Germany;18.06.2027;;;No date action required.
info;Brunsbütteler Citylauf;brunsbutteler-citylauf-brunsbuttel-19-06-2026;Brunsbüttel;Germany;19.06.2026;next_check_missing;Next check is not filled.;Fill Next check during the next source verification.
info;Bargstedter Mittsommernachtslauf;bargstedter-mittsommernachtslauf-bargstedt-19-06-2026;Bargstedt;Germany;19.06.2026;next_check_missing;Next check is not filled.;Fill Next check during the next source verification.
info;Sielmanns Heidelauf - Dallgow-Döberitz;sielmanns-heidelauf-dallgow-doberitz-dallgow-doberitz-20-06-2026;Dallgow-Döberitz;Germany;20.06.2026;next_check_missing;Next check is not filled.;Fill Next check during the next source verification.
info;BLN 10k - Berlin;bln-10k-berlin-berlin-20-06-2026;Berlin;Germany;20.06.2026;next_check_missing;Next check is not filled.;Fill Next check during the next source verification.
info;Wald- und Wiesenlauf Hassel;wald-und-wiesenlauf-hassel-hassel-20-06-2026;Hassel;Germany;20.06.2026;next_check_missing;Next check is not filled.;Fill Next check during the next source verification.
info;Empor Lauf - Dahme/Mark;empor-lauf-dahme-mark-dahme-mark-20-06-2026;Dahme/Mark;Germany;20.06.2026;next_check_missing;Next check is not filled.;Fill Next check during the next source verification.
info;Fiderepasslauf - Oberstdorf;fiderepasslauf-oberstdorf-oberstdorf-20-06-2026;Oberstdorf;Germany;20.06.2026;next_check_missing;Next check is not filled.;Fill Next check during the next source verification.
info;Samstagslauf Großenmeer - Ovelgönne;samstagslauf-gro-enmeer-ovelgonne-ovelgonne-20-06-2026;Ovelgönne;Germany;20.06.2026;next_check_missing;Next check is not filled.;Fill Next check during the next source verification.
info;Podbielski Lauf - Karstädt;podbielski-lauf-karstadt-karstadt-20-06-2026;Karstädt;Germany;20.06.2026;next_check_missing;Next check is not filled.;Fill Next check during the next source verification.
info;"Abendlauf ""Baunatal rennt"" KSV Baunatal";abendlauf-baunatal-rennt-ksv-baunatal-baunatal-20-06-2026;Baunatal;Germany;20.06.2026;next_check_missing;Next check is not filled.;Fill Next check during the next source verification.
info;"Trail ""Rund Um Die Sporkenburg"" - Neuhäusel";trail-rund-um-die-sporkenburg-neuhausel-neuhausel-20-06-2026;Neuhäusel;Germany;20.06.2026;next_check_missing;Next check is not filled.;Fill Next check during the next source verification.
info;Zweigkanal-Brücken-Marathon - Wallenhorst;zweigkanal-brucken-marathon-wallenhorst-wallenhorst-20-06-2026;Wallenhorst;Germany;20.06.2026;next_check_missing;Next check is not filled.;Fill Next check during the next source verification.
info;Altmühlfrankenlauf - Weißenburg in Bayern;altmuhlfrankenlauf-wei-enburg-in-bayern-wei-enburg-in-bayern-20-06-2026;Weißenburg in Bayern;Germany;20.06.2026;next_check_missing;Next check is not filled.;Fill Next check during the next source verification.
info;Cross & Quer in Oberbrügge - Halver;cross-quer-in-oberbrugge-halver-halver-20-06-2026;Halver;Germany;20.06.2026;next_check_missing;Next check is not filled.;Fill Next check during the next source verification.
clean;Marienloher Volkslauf - Paderborn;marienloher-volkslauf-paderborn-paderborn-20-06-2026;Paderborn;Germany;20.06.2026;;;No date action required.
info;Angermünder Wiesel Strandbadlauf am Wolletzsee;angermunder-wiesel-strandbadlauf-am-wolletzsee-angermunde-20-06-2026;Angermünde;Germany;20.06.2026;next_check_missing;Next check is not filled.;Fill Next check during the next source verification.
info;Lauf in die Sonne - Leutenbach;lauf-in-die-sonne-leutenbach-leutenbach-21-06-2026;Leutenbach;Germany;21.06.2026;next_check_missing;Next check is not filled.;Fill Next check during the next source verification.
info;Hunsrück-Trail - Mörschied;hunsruck-trail-morschied-morschied-21-06-2026;Mörschied;Germany;21.06.2026;next_check_missing;Next check is not filled.;Fill Next check during the next source verification.
info;Der Rigolator - Riegel am Kaiserstuhl;der-rigolator-riegel-am-kaiserstuhl-riegel-am-kaiserstuhl-21-06-2026;Riegel am Kaiserstuhl;Germany;21.06.2026;next_check_missing;Next check is not filled.;Fill Next check during the next source verification.
info;Eichberglauf Glottertal;eichberglauf-glottertal-glottertal-21-06-2026;Glottertal;Germany;21.06.2026;next_check_missing;Next check is not filled.;Fill Next check during the next source verification.
info;Apfellauf der Kelterei-Heil - Weilmünster;apfellauf-der-kelterei-heil-weilmunster-weilmunster-21-06-2026;Weilmünster;Germany;21.06.2026;next_check_missing;Next check is not filled.;Fill Next check during the next source verification.
info;Töpfermarktlauf Bürgel;topfermarktlauf-burgel-burgel-21-06-2026;Bürgel;Germany;21.06.2026;next_check_missing;Next check is not filled.;Fill Next check during the next source verification.
info;Wildes Wendland Trailrunning - Küsten;wildes-wendland-trailrunning-kusten-kusten-21-06-2026;Küsten;Germany;21.06.2026;next_check_missing;Next check is not filled.;Fill Next check during the next source verification.
info;KSC-Schlossparklauf - Karlsruhe;ksc-schlossparklauf-karlsruhe-karlsruhe-21-06-2026;Karlsruhe;Germany;21.06.2026;next_check_missing;Next check is not filled.;Fill Next check during the next source verification.
info;pro kids Lauf - Emmerich am Rhein;pro-kids-lauf-emmerich-am-rhein-emmerich-am-rhein-21-06-2026;Emmerich am Rhein;Germany;21.06.2026;next_check_missing;Next check is not filled.;Fill Next check during the next source verification.
info;Meerathon - Meerane;meerathon-meerane-meerane-21-06-2026;Meerane;Germany;21.06.2026;next_check_missing;Next check is not filled.;Fill Next check during the next source verification.
info;Störmthaler Seelauf - Großpösna;stormthaler-seelauf-gro-posna-gro-posna-21-06-2026;Großpösna;Germany;21.06.2026;next_check_missing;Next check is not filled.;Fill Next check during the next source verification.
info;Grevesmühlener Stadtlauf;grevesmuhlener-stadtlauf-grevesmuhlen-21-06-2026;Grevesmühlen;Germany;21.06.2026;next_check_missing;Next check is not filled.;Fill Next check during the next source verification.
clean;Erfurter Campuslauf;erfurter-campuslauf-erfurt-12-05-2027;Erfurt;Germany;12.05.2027;;;No date action required.
info;Kirschfestlauf - Naumburg (Saale);kirschfestlauf-naumburg-saale-naumburg-saale-24-06-2026;Naumburg (Saale);Germany;24.06.2026;next_check_missing;Next check is not filled.;Fill Next check during the next source verification.
info;Campus Run Berlin - Krumme Lanke;campus-run-berlin-krumme-lanke-krumme-lanke-25-06-2026;Krumme Lanke;Germany;25.06.2026;next_check_missing;Next check is not filled.;Fill Next check during the next source verification.
info;Retzbachlauf Gaimersheim;retzbachlauf-gaimersheim-gaimersheim-26-06-2026;Gaimersheim;Germany;26.06.2026;next_check_missing;Next check is not filled.;Fill Next check during the next source verification.
info;Sonnwendlauf Oy-Mittelberg;sonnwendlauf-oy-mittelberg-oy-mittelberg-26-06-2026;Oy-Mittelberg;Germany;26.06.2026;next_check_missing;Next check is not filled.;Fill Next check during the next source verification.
info;Osterrönfelder Moorlauf;osterronfelder-moorlauf-osterronfeld-26-06-2026;Osterrönfeld;Germany;26.06.2026;next_check_missing;Next check is not filled.;Fill Next check during the next source verification.
info;Geiersberglauf Waigolshausen;geiersberglauf-waigolshausen-waigolshausen-26-06-2026;Waigolshausen;Germany;26.06.2026;next_check_missing;Next check is not filled.;Fill Next check during the next source verification.
info;Bietigheimer Fackellauf - Bietigheim-Bissingen;bietigheimer-fackellauf-bietigheim-bissingen-bietigheim-bissingen-26-06-2026;Bietigheim-Bissingen;Germany;26.06.2026;next_check_missing;Next check is not filled.;Fill Next check during the next source verification.
clean;Bergischer 6 Stunden Lauf - Remscheid;bergischer-6-stunden-lauf-remscheid-remscheid-22-05-2027;Remscheid;Germany;22.05.2027;;;No date action required.
info;Deadly Dozen Wolfsburg;deadly-dozen-wolfsburg-wolfsburg-27-06-2026;Wolfsburg;Germany;27.06.2026;next_check_missing;Next check is not filled.;Fill Next check during the next source verification.
info;Oberlichtenauer Sommerlauf - Pulsnitz;oberlichtenauer-sommerlauf-pulsnitz-pulsnitz-27-06-2026;Pulsnitz;Germany;27.06.2026;next_check_missing;Next check is not filled.;Fill Next check during the next source verification.
info;CherryMan - Witzenhausen;cherryman-witzenhausen-witzenhausen-27-06-2026;Witzenhausen;Germany;27.06.2026;next_check_missing;Next check is not filled.;Fill Next check during the next source verification.
info;Hohenschönhausener Gartenlauf - Berlin;hohenschonhausener-gartenlauf-berlin-berlin-27-06-2026;Berlin;Germany;27.06.2026;next_check_missing;Next check is not filled.;Fill Next check during the next source verification.
info;Landkreislauf Schwandorf;landkreislauf-schwandorf-schwandorf-27-06-2026;Schwandorf;Germany;27.06.2026;next_check_missing;Next check is not filled.;Fill Next check during the next source verification.
info;Delligser Hilskammlauf - Delligsen;delligser-hilskammlauf-delligsen-delligsen-27-06-2026;Delligsen;Germany;27.06.2026;next_check_missing;Next check is not filled.;Fill Next check during the next source verification.
info;Internationaler Eggelauf - Marsberg;internationaler-eggelauf-marsberg-marsberg-27-06-2026;Marsberg;Germany;27.06.2026;next_check_missing;Next check is not filled.;Fill Next check during the next source verification.
info;Running Paule Marathon - Bad Münder am Deister;running-paule-marathon-bad-munder-am-deister-bad-munder-am-deister-27-06-2026;Bad Münder am Deister;Germany;27.06.2026;next_check_missing;Next check is not filled.;Fill Next check during the next source verification.
info;BikeNavy Run - Wurster Nordseeküste;bikenavy-run-wurster-nordseekuste-wurster-nordseekuste-28-06-2026;Wurster Nordseeküste;Germany;28.06.2026;next_check_missing;Next check is not filled.;Fill Next check during the next source verification.
info;Eschelbronner Schreinerdorflauf;eschelbronner-schreinerdorflauf-eschelbronn-28-06-2026;Eschelbronn;Germany;28.06.2026;next_check_missing;Next check is not filled.;Fill Next check during the next source verification.
info;Trailrun Stammbach;trailrun-stammbach-stammbach-28-06-2026;Stammbach;Germany;28.06.2026;next_check_missing;Next check is not filled.;Fill Next check during the next source verification.
info;Sonnwendlauf Großostheim;sonnwendlauf-gro-ostheim-gro-ostheim-28-06-2026;Großostheim;Germany;28.06.2026;next_check_missing;Next check is not filled.;Fill Next check during the next source verification.
clean;Hohner See Lauf;hohner-see-lauf-hohn-30-06-2027;Hohn;Germany;30.06.2027;;;No date action required.
info;Stadtlauf Saarburg;stadtlauf-saarburg-saarburg-03-07-2026;Saarburg;Germany;03.07.2026;next_check_missing;Next check is not filled.;Fill Next check during the next source verification.
info;Heuchelberg Trail - Leingarten;heuchelberg-trail-leingarten-leingarten-04-07-2026;Leingarten;Germany;04.07.2026;next_check_missing;Next check is not filled.;Fill Next check during the next source verification.
info;Kit Meisterschaft - Karlsruhe;kit-meisterschaft-karlsruhe-karlsruhe-04-07-2026;Karlsruhe;Germany;04.07.2026;next_check_missing;Next check is not filled.;Fill Next check during the next source verification.
info;Attler Lauf Wasserburg - Wasserburg am Inn;attler-lauf-wasserburg-wasserburg-am-inn-wasserburg-am-inn-04-07-2026;Wasserburg am Inn;Germany;04.07.2026;next_check_missing;Next check is not filled.;Fill Next check during the next source verification.
info;Happe Run 'n' Roll - Delbrück;happe-run-n-roll-delbruck-delbruck-04-07-2026;Delbrück;Germany;04.07.2026;next_check_missing;Next check is not filled.;Fill Next check during the next source verification.
info;KinzigCross - Gengenbach;kinzigcross-gengenbach-gengenbach-04-07-2026;Gengenbach;Germany;04.07.2026;next_check_missing;Next check is not filled.;Fill Next check during the next source verification.
info;Sportivo Orne Lauf - Titisee-Neustadt;sportivo-orne-lauf-titisee-neustadt-titisee-neustadt-04-07-2026;Titisee-Neustadt;Germany;04.07.2026;next_check_missing;Next check is not filled.;Fill Next check during the next source verification.
info;Heckenlauf Eicherscheid - Simmerath;heckenlauf-eicherscheid-simmerath-simmerath-04-07-2026;Simmerath;Germany;04.07.2026;next_check_missing;Next check is not filled.;Fill Next check during the next source verification.
info;Oberstdorfer Nebelhornberglauf;oberstdorfer-nebelhornberglauf-oberstdorf-05-07-2026;Oberstdorf;Germany;05.07.2026;next_check_missing;Next check is not filled.;Fill Next check during the next source verification.
info;Petersberg Berg-Crosslauf - Marktbergel;petersberg-berg-crosslauf-marktbergel-marktbergel-05-07-2026;Marktbergel;Germany;05.07.2026;next_check_missing;Next check is not filled.;Fill Next check during the next source verification.
info;InSchildesche Lauf - Bielefeld;inschildesche-lauf-bielefeld-bielefeld-05-07-2026;Bielefeld;Germany;05.07.2026;next_check_missing;Next check is not filled.;Fill Next check during the next source verification.
info;Berlin Running Festival Half Marathon;berlin-running-festival-half-marathon-berlin-05-07-2026;Berlin;Germany;05.07.2026;next_check_missing;Next check is not filled.;Fill Next check during the next source verification.
info;Dorfener Stadtlauf;dorfener-stadtlauf-dorfen-05-07-2026;Dorfen;Germany;05.07.2026;next_check_missing;Next check is not filled.;Fill Next check during the next source verification.
info;Rats-Run - Möckmühl;rats-run-mockmuhl-mockmuhl-05-07-2026;Möckmühl;Germany;05.07.2026;next_check_missing;Next check is not filled.;Fill Next check during the next source verification.
info;Bieg bez Granic - Frankfurt (Oder);bieg-bez-granic-frankfurt-oder-frankfurt-oder-08-07-2026;Frankfurt (Oder);Germany;08.07.2026;next_check_missing;Next check is not filled.;Fill Next check during the next source verification.
info;Lauf um den Wolfsberg - Ochsenburg;lauf-um-den-wolfsberg-ochsenburg-ochsenburg-09-07-2026;Ochsenburg;Germany;09.07.2026;next_check_missing;Next check is not filled.;Fill Next check during the next source verification.
info;Taubertaltrail - Rothenburg ob der Tauber;taubertaltrail-rothenburg-ob-der-tauber-rothenburg-ob-der-tauber-11-07-2026;Rothenburg ob der Tauber;Germany;11.07.2026;next_check_missing;Next check is not filled.;Fill Next check during the next source verification.
info;WertachXrun - Schwabmünchen;wertachxrun-schwabmunchen-schwabmunchen-11-07-2026;Schwabmünchen;Germany;11.07.2026;next_check_missing;Next check is not filled.;Fill Next check during the next source verification.
info;Lauf10 - Wolnzach;lauf10-wolnzach-wolnzach-11-07-2026;Wolnzach;Germany;11.07.2026;next_check_missing;Next check is not filled.;Fill Next check during the next source verification.
info;Rhön-Grabfeld-Cup – Hausen - Fladungen;rhon-grabfeld-cup-hausen-fladungen-fladungen-11-07-2026;Fladungen;Germany;11.07.2026;next_check_missing;Next check is not filled.;Fill Next check during the next source verification.
info;Tanzenhaider-Weiherlauf - Oberreichenbach;tanzenhaider-weiherlauf-oberreichenbach-oberreichenbach-11-07-2026;Oberreichenbach;Germany;11.07.2026;next_check_missing;Next check is not filled.;Fill Next check during the next source verification.
info;Teufelstisch-Trail - Hinterweidenthal;teufelstisch-trail-hinterweidenthal-hinterweidenthal-11-07-2026;Hinterweidenthal;Germany;11.07.2026;next_check_missing;Next check is not filled.;Fill Next check during the next source verification.
info;Monzinger Wingertslauf - Monzingen;monzinger-wingertslauf-monzingen-monzingen-12-07-2026;Monzingen;Germany;12.07.2026;next_check_missing;Next check is not filled.;Fill Next check during the next source verification.
info;Plankenfelser Waldlauf;plankenfelser-waldlauf-plankenfels-12-07-2026;Plankenfels;Germany;12.07.2026;next_check_missing;Next check is not filled.;Fill Next check during the next source verification.
info;Brezelfestlauf Speyer;brezelfestlauf-speyer-speyer-12-07-2026;Speyer;Germany;12.07.2026;next_check_missing;Next check is not filled.;Fill Next check during the next source verification.
info;Gläserner Mönch Lauf - Langenstein;glaserner-monch-lauf-langenstein-langenstein-12-07-2026;Langenstein;Germany;12.07.2026;next_check_missing;Next check is not filled.;Fill Next check during the next source verification.
info;Havellauf Berlin;havellauf-berlin-berlin-12-07-2026;Berlin;Germany;12.07.2026;next_check_missing;Next check is not filled.;Fill Next check during the next source verification.
info;Gibacht Berglauf Furth im Wald;gibacht-berglauf-furth-im-wald-furth-im-wald-12-07-2026;Furth im Wald;Germany;12.07.2026;next_check_missing;Next check is not filled.;Fill Next check during the next source verification.
info;SC Lüchow – Langstrecken auf der Bahn;sc-luchow-langstrecken-auf-der-bahn-luchow-13-07-2026;Lüchow;Germany;13.07.2026;next_check_missing;Next check is not filled.;Fill Next check during the next source verification.
info;Schwanberglauf Iphofen;schwanberglauf-iphofen-iphofen-17-07-2026;Iphofen;Germany;17.07.2026;next_check_missing;Next check is not filled.;Fill Next check during the next source verification.
info;Kölner Zoolauf;kolner-zoolauf-koln-17-07-2026;Köln;Germany;17.07.2026;next_check_missing;Next check is not filled.;Fill Next check during the next source verification.
info;Hembser Drei-Dörfer-Lauf - Brakel;hembser-drei-dorfer-lauf-brakel-brakel-17-07-2026;Brakel;Germany;17.07.2026;next_check_missing;Next check is not filled.;Fill Next check during the next source verification.
info;Wiesenlauf - Klein Meckelsen;wiesenlauf-klein-meckelsen-klein-meckelsen-18-07-2026;Klein Meckelsen;Germany;18.07.2026;next_check_missing;Next check is not filled.;Fill Next check during the next source verification.
info;Hakro-Stadtlauf - Schrozberg;hakro-stadtlauf-schrozberg-schrozberg-18-07-2026;Schrozberg;Germany;18.07.2026;next_check_missing;Next check is not filled.;Fill Next check during the next source verification.
info;Neusitz Lauf;neusitz-lauf-neusitz-18-07-2026;Neusitz;Germany;18.07.2026;next_check_missing;Next check is not filled.;Fill Next check during the next source verification.
info;Karlsfelder Triathlon;karlsfelder-triathlon-karlsfeld-19-07-2026;Karlsfeld;Germany;19.07.2026;next_check_missing;Next check is not filled.;Fill Next check during the next source verification.
info;Barbarossa Lauf - Erlenbach am Main;barbarossa-lauf-erlenbach-am-main-erlenbach-am-main-19-07-2026;Erlenbach am Main;Germany;19.07.2026;next_check_missing;Next check is not filled.;Fill Next check during the next source verification.
info;Mittsommer-Lauf Berlin;mittsommer-lauf-berlin-berlin-19-07-2026;Berlin;Germany;19.07.2026;next_check_missing;Next check is not filled.;Fill Next check during the next source verification.
info;Sommernachtslauf München;sommernachtslauf-munchen-munchen-22-07-2026;München;Germany;22.07.2026;next_check_missing;Next check is not filled.;Fill Next check during the next source verification.
info;Bokeler Windmühlenlauf;bokeler-windmuhlenlauf-bokel-24-07-2026;Bokel;Germany;24.07.2026;next_check_missing;Next check is not filled.;Fill Next check during the next source verification.
info;Towerman - Stoibermühlsee;towerman-stoibermuhlsee-stoibermuhlsee-24-07-2026;Stoibermühlsee;Germany;24.07.2026;next_check_missing;Next check is not filled.;Fill Next check during the next source verification.
info;Klettgaulauf;klettgaulauf-klettgau-24-07-2026;Klettgau;Germany;24.07.2026;next_check_missing;Next check is not filled.;Fill Next check during the next source verification.
info;Norderney - Meine Insel Lauf;norderney-meine-insel-lauf-norderney-25-07-2026;Norderney;Germany;25.07.2026;next_check_missing;Next check is not filled.;Fill Next check during the next source verification.
info;Crazy Runners Frankenwald Trail - Geroldsgrün;crazy-runners-frankenwald-trail-geroldsgrun-geroldsgrun-25-07-2026;Geroldsgrün;Germany;25.07.2026;next_check_missing;Next check is not filled.;Fill Next check during the next source verification.
info;Friesencross - Wangerland;friesencross-wangerland-wangerland-25-07-2026;Wangerland;Germany;25.07.2026;next_check_missing;Next check is not filled.;Fill Next check during the next source verification.
info;Triathlon Bundesliga Hannover Steinhude - Steinhuder Meer;triathlon-bundesliga-hannover-steinhude-steinhuder-meer-steinhuder-meer-25-07-20;Steinhuder Meer;Germany;25.07.2026;next_check_missing;Next check is not filled.;Fill Next check during the next source verification.
info;Hasborner Freundschaftslauf;hasborner-freundschaftslauf-hasborn-25-07-2026;Hasborn;Germany;25.07.2026;next_check_missing;Next check is not filled.;Fill Next check during the next source verification.
info;Augsburger Nachtlauf - Siebentischwald;augsburger-nachtlauf-siebentischwald-siebentischwald-25-07-2026;Siebentischwald;Germany;25.07.2026;next_check_missing;Next check is not filled.;Fill Next check during the next source verification.
info;Böblingen Stadtlauf - Sindelfingen;boblingen-stadtlauf-sindelfingen-sindelfingen-26-07-2026;Sindelfingen;Germany;26.07.2026;next_check_missing;Next check is not filled.;Fill Next check during the next source verification.
info;Weinheim Trails;weinheim-trails-weinheim-26-07-2026;Weinheim;Germany;26.07.2026;next_check_missing;Next check is not filled.;Fill Next check during the next source verification.
info;Rückenwindlauf - Garching bei München;ruckenwindlauf-garching-bei-munchen-garching-bei-munchen-26-07-2026;Garching bei München;Germany;26.07.2026;next_check_missing;Next check is not filled.;Fill Next check during the next source verification.
info;Pobershauer Schwarzwassertallauf - Marienberg;pobershauer-schwarzwassertallauf-marienberg-marienberg-26-07-2026;Marienberg;Germany;26.07.2026;next_check_missing;Next check is not filled.;Fill Next check during the next source verification.
info;Esenser Volksbanklauf;esenser-volksbanklauf-esens-31-07-2026;Esens;Germany;31.07.2026;next_check_missing;Next check is not filled.;Fill Next check during the next source verification.
info;SWE Halbmarathon Ettlingen;swe-halbmarathon-ettlingen-ettlingen-01-08-2026;Ettlingen;Germany;01.08.2026;next_check_missing;Next check is not filled.;Fill Next check during the next source verification.
info;Schwindegger Schlosslauf;schwindegger-schlosslauf-schwindegg-01-08-2026;Schwindegg;Germany;01.08.2026;next_check_missing;Next check is not filled.;Fill Next check during the next source verification.
info;Mehrstetter Crosslauf - Mehrstetten;mehrstetter-crosslauf-mehrstetten-mehrstetten-01-08-2026;Mehrstetten;Germany;01.08.2026;next_check_missing;Next check is not filled.;Fill Next check during the next source verification.
info;Nordkirchener Halbmarathon;nordkirchener-halbmarathon-nordkirchen-02-08-2026;Nordkirchen;Germany;02.08.2026;next_check_missing;Next check is not filled.;Fill Next check during the next source verification.
info;Wyker Stadtlauf - Wyk auf Föhr;wyker-stadtlauf-wyk-auf-fohr-wyk-auf-fohr-02-08-2026;Wyk auf Föhr;Germany;02.08.2026;next_check_missing;Next check is not filled.;Fill Next check during the next source verification.
info;Tegelberglauf - Schwangau;tegelberglauf-schwangau-schwangau-02-08-2026;Schwangau;Germany;02.08.2026;next_check_missing;Next check is not filled.;Fill Next check during the next source verification.
info;Bärenkopplauf - Waldbreitbach;barenkopplauf-waldbreitbach-waldbreitbach-07-08-2026;Waldbreitbach;Germany;07.08.2026;next_check_missing;Next check is not filled.;Fill Next check during the next source verification.
info;Stauseelauf Bad Wörishofer - Bad Wörishofen;stauseelauf-bad-worishofer-bad-worishofen-bad-worishofen-07-08-2026;Bad Wörishofen;Germany;07.08.2026;next_check_missing;Next check is not filled.;Fill Next check during the next source verification.
info;Fockbeker Dorflauf;fockbeker-dorflauf-fockbek-07-08-2026;Fockbek;Germany;07.08.2026;next_check_missing;Next check is not filled.;Fill Next check during the next source verification.
info;Schierker Sommerlauf - Wernigerode;schierker-sommerlauf-wernigerode-wernigerode-08-08-2026;Wernigerode;Germany;08.08.2026;next_check_missing;Next check is not filled.;Fill Next check during the next source verification.
info;Nacht der Zehner - Hamburg;nacht-der-zehner-hamburg-hamburg-08-08-2026;Hamburg;Germany;08.08.2026;next_check_missing;Next check is not filled.;Fill Next check during the next source verification.
info;Shoe Workers Hard Trail-Run - Hauenstein;shoe-workers-hard-trail-run-hauenstein-hauenstein-08-08-2026;Hauenstein;Germany;08.08.2026;next_check_missing;Next check is not filled.;Fill Next check during the next source verification.
info;Licher Cross-Triathlon;licher-cross-triathlon-lich-08-08-2026;Lich;Germany;08.08.2026;next_check_missing;Next check is not filled.;Fill Next check during the next source verification.
info;Stefan Andres Freundschaftslauf - Schweich;stefan-andres-freundschaftslauf-schweich-schweich-09-08-2026;Schweich;Germany;09.08.2026;next_check_missing;Next check is not filled.;Fill Next check during the next source verification.
info;The Last Light Backyard Ultra - Frankfurt (Oder);the-last-light-backyard-ultra-frankfurt-oder-frankfurt-oder-14-08-2026;Frankfurt (Oder);Germany;14.08.2026;next_check_missing;Next check is not filled.;Fill Next check during the next source verification.
info;Josef-Kaderhandt Waldlauf - Menden (Sauerland);josef-kaderhandt-waldlauf-menden-sauerland-menden-sauerland-15-08-2026;Menden (Sauerland);Germany;15.08.2026;next_check_missing;Next check is not filled.;Fill Next check during the next source verification.
info;GaPa Everesting-Festival - Garmisch-Partenkirchen;gapa-everesting-festival-garmisch-partenkirchen-garmisch-partenkirchen-15-08-202;Garmisch-Partenkirchen;Germany;15.08.2026;next_check_missing;Next check is not filled.;Fill Next check during the next source verification.
info;Detmolder Residenzlauf;detmolder-residenzlauf-detmold-15-08-2026;Detmold;Germany;15.08.2026;next_check_missing;Next check is not filled.;Fill Next check during the next source verification.
info;Stadtlauf in Gedern;stadtlauf-in-gedern-gedern-15-08-2026;Gedern;Germany;15.08.2026;next_check_missing;Next check is not filled.;Fill Next check during the next source verification.
info;Kelheimer Volksfestlauf;kelheimer-volksfestlauf-kelheim-15-08-2026;Kelheim;Germany;15.08.2026;next_check_missing;Next check is not filled.;Fill Next check during the next source verification.
info;Kerwelauf Hüttenfeld - Lampertheim;kerwelauf-huttenfeld-lampertheim-lampertheim-15-08-2026;Lampertheim;Germany;15.08.2026;next_check_missing;Next check is not filled.;Fill Next check during the next source verification.
info;Hunsbuckeltrail (HuBuT) - Laubach, Hunsrück;hunsbuckeltrail-hubut-laubach-hunsruck-laubach-16-08-2026;Laubach;Germany;16.08.2026;next_check_missing;Next check is not filled.;Fill Next check during the next source verification.
info;Sengbach-Talsperrenlauf - Leichlingen (Rheinland);sengbach-talsperrenlauf-leichlingen-rheinland-leichlingen-rheinland-16-08-2026;Leichlingen (Rheinland);Germany;16.08.2026;next_check_missing;Next check is not filled.;Fill Next check during the next source verification.
info;Wössner Halbmarathon - Unterwössen;wossner-halbmarathon-unterwossen-unterwossen-16-08-2026;Unterwössen;Germany;16.08.2026;next_check_missing;Next check is not filled.;Fill Next check during the next source verification.
info;"Wöhler-Lauf ""Rund um die Aabachtalsperre"" - Bad Wünnenberg";wohler-lauf-rund-um-die-aabachtalsperre-bad-wunnenberg-bad-wunnenberg-16-08-2026;Bad Wünnenberg;Germany;16.08.2026;next_check_missing;Next check is not filled.;Fill Next check during the next source verification.
info;Stadtwerke Halle Triathlon - Halle (Saale);stadtwerke-halle-triathlon-halle-saale-halle-saale-16-08-2026;Halle (Saale);Germany;16.08.2026;next_check_missing;Next check is not filled.;Fill Next check during the next source verification.
info;Wohldenberger Waldlauf - Holle;wohldenberger-waldlauf-holle-holle-16-08-2026;Holle;Germany;16.08.2026;next_check_missing;Next check is not filled.;Fill Next check during the next source verification.
info;Volkslauf rund um Zehnhausen - Landau in der Pfalz;volkslauf-rund-um-zehnhausen-landau-in-der-pfalz-landau-in-der-pfalz-21-08-2026;Landau in der Pfalz;Germany;21.08.2026;next_check_missing;Next check is not filled.;Fill Next check during the next source verification.
info;Herxheimer Abendstraßenlauf mit Pfalzmeisterschaften 10k - Herxheim bei Landau (Pfalz);herxheimer-abendstra-enlauf-mit-pfalzmeisterschaften-10k-herxheim-bei-landau-pfa;Herxheim bei Landau (Pfalz);Germany;21.08.2026;next_check_missing;Next check is not filled.;Fill Next check during the next source verification.
info;Ahnepark-Lauf der Laufgemeinschaft Vellmar;ahnepark-lauf-der-laufgemeinschaft-vellmar-vellmar-21-08-2026;Vellmar;Germany;21.08.2026;next_check_missing;Next check is not filled.;Fill Next check during the next source verification.
info;Lemgoer Hanselauf;lemgoer-hanselauf-lemgo-21-08-2026;Lemgo;Germany;21.08.2026;next_check_missing;Next check is not filled.;Fill Next check during the next source verification.
info;Exter FlexRun - Vlotho;exter-flexrun-vlotho-vlotho-22-08-2026;Vlotho;Germany;22.08.2026;next_check_missing;Next check is not filled.;Fill Next check during the next source verification.
info;Emder Vielfaltslauf - Emden;emder-vielfaltslauf-emden-emden-22-08-2026;Emden;Germany;22.08.2026;next_check_missing;Next check is not filled.;Fill Next check during the next source verification.
info;Stadtwerkelauf Delitzsch;stadtwerkelauf-delitzsch-delitzsch-22-08-2026;Delitzsch;Germany;22.08.2026;next_check_missing;Next check is not filled.;Fill Next check during the next source verification.
info;Seven Summits Siegen;seven-summits-siegen-siegen-22-08-2026;Siegen;Germany;22.08.2026;next_check_missing;Next check is not filled.;Fill Next check during the next source verification.
info;Jedermanntriathlon - Neustrelitz;jedermanntriathlon-neustrelitz-neustrelitz-22-08-2026;Neustrelitz;Germany;22.08.2026;next_check_missing;Next check is not filled.;Fill Next check during the next source verification.
info;Gebirgsmarathon Immenstadt - Immenstadt im Allgäu;gebirgsmarathon-immenstadt-immenstadt-im-allgau-immenstadt-im-allgau-22-08-2026;Immenstadt im Allgäu;Germany;22.08.2026;next_check_missing;Next check is not filled.;Fill Next check during the next source verification.
info;Michelsmarktlauf - Reichelsheim (Odenwald);michelsmarktlauf-reichelsheim-odenwald-reichelsheim-odenwald-22-08-2026;Reichelsheim (Odenwald);Germany;22.08.2026;next_check_missing;Next check is not filled.;Fill Next check during the next source verification.
info;Muldental-Triathlon - Grimma;muldental-triathlon-grimma-grimma-23-08-2026;Grimma;Germany;23.08.2026;next_check_missing;Next check is not filled.;Fill Next check during the next source verification.
info;Hachede-Triathlon - Geesthacht;hachede-triathlon-geesthacht-geesthacht-23-08-2026;Geesthacht;Germany;23.08.2026;next_check_missing;Next check is not filled.;Fill Next check during the next source verification.
info;Rag Hartfüssler Trail - Saarbrücken;rag-hartfussler-trail-saarbrucken-saarbrucken-23-08-2026;Saarbrücken;Germany;23.08.2026;next_check_missing;Next check is not filled.;Fill Next check during the next source verification.
info;Berliner Straßenlauf - Die Generalprobe;berliner-stra-enlauf-die-generalprobe-berlin-23-08-2026;Berlin;Germany;23.08.2026;next_check_missing;Next check is not filled.;Fill Next check during the next source verification.
info;Breisgau Triathlon - Malterdingen;breisgau-triathlon-malterdingen-malterdingen-23-08-2026;Malterdingen;Germany;23.08.2026;next_check_missing;Next check is not filled.;Fill Next check during the next source verification.
info;Breitunger Pleßlauf - Breitungen/Werra;breitunger-ple-lauf-breitungen-werra-breitungen-werra-23-08-2026;Breitungen/Werra;Germany;23.08.2026;next_check_missing;Next check is not filled.;Fill Next check during the next source verification.
info;Viernheimer Triathlon;viernheimer-triathlon-viernheim-23-08-2026;Viernheim;Germany;23.08.2026;next_check_missing;Next check is not filled.;Fill Next check during the next source verification.
info;Bürostadtlauf Frankfurt - Frankfurt am Main;burostadtlauf-frankfurt-frankfurt-am-main-frankfurt-am-main-27-08-2026;Frankfurt am Main;Germany;27.08.2026;next_check_missing;Next check is not filled.;Fill Next check during the next source verification.
info;Ibbenbürener Aaseelauf;ibbenburener-aaseelauf-ibbenburen-28-08-2026;Ibbenbüren;Germany;28.08.2026;next_check_missing;Next check is not filled.;Fill Next check during the next source verification.
info;Sommerabendlauf des TuS Köln;sommerabendlauf-des-tus-koln-koln-28-08-2026;Köln;Germany;28.08.2026;next_check_missing;Next check is not filled.;Fill Next check during the next source verification.
info;"Straßenlauf ""Rund um den Holtenauer Leuchtturm"" - Kiel";stra-enlauf-rund-um-den-holtenauer-leuchtturm-kiel-kiel-28-08-2026;Kiel;Germany;28.08.2026;next_check_missing;Next check is not filled.;Fill Next check during the next source verification.
info;Panoramalauf Rund Um Die Burg Are - Altenahr;panoramalauf-rund-um-die-burg-are-altenahr-altenahr-29-08-2026;Altenahr;Germany;29.08.2026;next_check_missing;Next check is not filled.;Fill Next check during the next source verification.
info;RWW-Ruhrauenlauf - Mülheim an der Ruhr;rww-ruhrauenlauf-mulheim-an-der-ruhr-mulheim-an-der-ruhr-29-08-2026;Mülheim an der Ruhr;Germany;29.08.2026;next_check_missing;Next check is not filled.;Fill Next check during the next source verification.
info;Beuchaer Triathlon Day - Brandis;beuchaer-triathlon-day-brandis-brandis-29-08-2026;Brandis;Germany;29.08.2026;next_check_missing;Next check is not filled.;Fill Next check during the next source verification.
info;Lebacher 12 Stunden Lionslauf;lebacher-12-stunden-lionslauf-lebach-29-08-2026;Lebach;Germany;29.08.2026;next_check_missing;Next check is not filled.;Fill Next check during the next source verification.
info;Limlauf Kirkel;limlauf-kirkel-kirkel-29-08-2026;Kirkel;Germany;29.08.2026;next_check_missing;Next check is not filled.;Fill Next check during the next source verification.
info;Altenhainer Weißbiermeile - Frankenberg/Sa.;altenhainer-wei-biermeile-frankenberg-sa-frankenberg-sa-29-08-2026;Frankenberg/Sa.;Germany;29.08.2026;next_check_missing;Next check is not filled.;Fill Next check during the next source verification.
info;Sprint Triathlon in Ingelheim - Ingelheim am Rhein;sprint-triathlon-in-ingelheim-ingelheim-am-rhein-ingelheim-am-rhein-30-08-2026;Ingelheim am Rhein;Germany;30.08.2026;next_check_missing;Next check is not filled.;Fill Next check during the next source verification.
info;Kallinchen Triathlon - Zossen;kallinchen-triathlon-zossen-zossen-30-08-2026;Zossen;Germany;30.08.2026;next_check_missing;Next check is not filled.;Fill Next check during the next source verification.
info;Otterndorf Triathlon;otterndorf-triathlon-otterndorf-30-08-2026;Otterndorf;Germany;30.08.2026;next_check_missing;Next check is not filled.;Fill Next check during the next source verification.
info;Covestro Triathlon - Krefeld;covestro-triathlon-krefeld-krefeld-30-08-2026;Krefeld;Germany;30.08.2026;next_check_missing;Next check is not filled.;Fill Next check during the next source verification.
info;Sechtemer Burgenlauf - Bornheim;sechtemer-burgenlauf-bornheim-bornheim-30-08-2026;Bornheim;Germany;30.08.2026;next_check_missing;Next check is not filled.;Fill Next check during the next source verification.
info;Elbe-Triathlon Hamburg;elbe-triathlon-hamburg-hamburg-30-08-2026;Hamburg;Germany;30.08.2026;next_check_missing;Next check is not filled.;Fill Next check during the next source verification.
info;Brombachseetriathlon - Pleinfeld;brombachseetriathlon-pleinfeld-pleinfeld-30-08-2026;Pleinfeld;Germany;30.08.2026;next_check_missing;Next check is not filled.;Fill Next check during the next source verification.
info;Windmühlenberglauf - Wolfsburg;windmuhlenberglauf-wolfsburg-wolfsburg-30-08-2026;Wolfsburg;Germany;30.08.2026;next_check_missing;Next check is not filled.;Fill Next check during the next source verification.
info;GochNESS-TRIathlon;gochness-triathlon-goch-30-08-2026;Goch;Germany;30.08.2026;next_check_missing;Next check is not filled.;Fill Next check during the next source verification.
info;Freiburger Laufveranstaltung - Freiburg (Elbe);freiburger-laufveranstaltung-freiburg-elbe-freiburg-elbe-30-08-2026;Freiburg (Elbe);Germany;30.08.2026;next_check_missing;Next check is not filled.;Fill Next check during the next source verification.
info;Riesenbecker Triathlon - Hörstel;riesenbecker-triathlon-horstel-horstel-30-08-2026;Hörstel;Germany;30.08.2026;next_check_missing;Next check is not filled.;Fill Next check during the next source verification.
info;Cross Fun Run Natur-Freizeitlauf für Alle - Ahrensburg;cross-fun-run-natur-freizeitlauf-fur-alle-ahrensburg-ahrensburg-30-08-2026;Ahrensburg;Germany;30.08.2026;next_check_missing;Next check is not filled.;Fill Next check during the next source verification.
info;Ökorun in Wächtersbach;okorun-in-wachtersbach-wachtersbach-30-08-2026;Wächtersbach;Germany;30.08.2026;next_check_missing;Next check is not filled.;Fill Next check during the next source verification.
info;Gerhard-Hamann-Gedenklauf-Crosslauf - Krostitz;gerhard-hamann-gedenklauf-crosslauf-krostitz-krostitz-30-08-2026;Krostitz;Germany;30.08.2026;next_check_missing;Next check is not filled.;Fill Next check during the next source verification.
info;"Team Magenta Lauf ""Münster""";team-magenta-lauf-munster-munster-03-09-2026;Münster;Germany;03.09.2026;next_check_missing;Next check is not filled.;Fill Next check during the next source verification.
info;Weikersheimer Kärwelauf;weikersheimer-karwelauf-weikersheim-04-09-2026;Weikersheim;Germany;04.09.2026;next_check_missing;Next check is not filled.;Fill Next check during the next source verification.
info;Höinger Heidelauf - Ense;hoinger-heidelauf-ense-ense-04-09-2026;Ense;Germany;04.09.2026;next_check_missing;Next check is not filled.;Fill Next check during the next source verification.
info;Weidatalcross - Weißendorf;weidatalcross-wei-endorf-wei-endorf-05-09-2026;Weißendorf;Germany;05.09.2026;next_check_missing;Next check is not filled.;Fill Next check during the next source verification.
info;WILDMAN Harz - Wildemann;wildman-harz-wildemann-wildemann-05-09-2026;Wildemann;Germany;05.09.2026;next_check_missing;Next check is not filled.;Fill Next check during the next source verification.
info;Kurstadtlauf - Heilbad Heiligenstadt;kurstadtlauf-heilbad-heiligenstadt-heilbad-heiligenstadt-05-09-2026;Heilbad Heiligenstadt;Germany;05.09.2026;next_check_missing;Next check is not filled.;Fill Next check during the next source verification.
info;Sparkassenlauf Aurich;sparkassenlauf-aurich-aurich-05-09-2026;Aurich;Germany;05.09.2026;next_check_missing;Next check is not filled.;Fill Next check during the next source verification.
info;Brockenlauf Ilsenburg - Ilsenburg (Harz);brockenlauf-ilsenburg-ilsenburg-harz-ilsenburg-harz-05-09-2026;Ilsenburg (Harz);Germany;05.09.2026;next_check_missing;Next check is not filled.;Fill Next check during the next source verification.
info;Cottbuser Triathlon;cottbuser-triathlon-cottbus-05-09-2026;Cottbus;Germany;05.09.2026;next_check_missing;Next check is not filled.;Fill Next check during the next source verification.
info;Herbstwaldlauf des Ski-Club Fretter - Finnentrop;herbstwaldlauf-des-ski-club-fretter-finnentrop-finnentrop-05-09-2026;Finnentrop;Germany;05.09.2026;next_check_missing;Next check is not filled.;Fill Next check during the next source verification.
info;Zehn Freunde Team Triathlon Darmstadt;zehn-freunde-team-triathlon-darmstadt-darmstadt-06-09-2026;Darmstadt;Germany;06.09.2026;next_check_missing;Next check is not filled.;Fill Next check during the next source verification.
info;Rostocker Frauenlauf;rostocker-frauenlauf-rostock-06-09-2026;Rostock;Germany;06.09.2026;next_check_missing;Next check is not filled.;Fill Next check during the next source verification.
info;Top Race Germany - Bostalsee;top-race-germany-bostalsee-bostalsee-06-09-2026;Bostalsee;Germany;06.09.2026;next_check_missing;Next check is not filled.;Fill Next check during the next source verification.
info;Hochheimer Weinbergslauf - Hochheim am Main;hochheimer-weinbergslauf-hochheim-am-main-hochheim-am-main-06-09-2026;Hochheim am Main;Germany;06.09.2026;next_check_missing;Next check is not filled.;Fill Next check during the next source verification.
info;Kö Meile Düsseldorf;ko-meile-dusseldorf-dusseldorf-06-09-2026;Düsseldorf;Germany;06.09.2026;next_check_missing;Next check is not filled.;Fill Next check during the next source verification.
info;Eintracht MainSprint Triathlon - Neu-Isenburg;eintracht-mainsprint-triathlon-neu-isenburg-neu-isenburg-06-09-2026;Neu-Isenburg;Germany;06.09.2026;next_check_missing;Next check is not filled.;Fill Next check during the next source verification.
info;Bismarckturmlauf - Herford;bismarckturmlauf-herford-herford-06-09-2026;Herford;Germany;06.09.2026;next_check_missing;Next check is not filled.;Fill Next check during the next source verification.
info;BSV Sommer-Cup - Hamburg;bsv-sommer-cup-hamburg-hamburg-09-09-2026;Hamburg;Germany;09.09.2026;next_check_missing;Next check is not filled.;Fill Next check during the next source verification.
info;Kölner gastRUNomie Lauf;kolner-gastrunomie-lauf-koln-10-09-2026;Köln;Germany;10.09.2026;next_check_missing;Next check is not filled.;Fill Next check during the next source verification.
info;10-Teiche-Marathon - Goslar;10-teiche-marathon-goslar-goslar-12-09-2026;Goslar;Germany;12.09.2026;next_check_missing;Next check is not filled.;Fill Next check during the next source verification.
info;Weitersburg Halbmarathon;weitersburg-halbmarathon-weitersburg-12-09-2026;Weitersburg;Germany;12.09.2026;next_check_missing;Next check is not filled.;Fill Next check during the next source verification.
info;Rudelsburglauf - Bad Kösen - Naumburg (Saale);rudelsburglauf-bad-kosen-naumburg-saale-naumburg-saale-12-09-2026;Naumburg (Saale);Germany;12.09.2026;next_check_missing;Next check is not filled.;Fill Next check during the next source verification.
info;Deutsche Ultramarathon Meisterschaften 100km - Orankesee;deutsche-ultramarathon-meisterschaften-100km-orankesee-orankesee-12-09-2026;Orankesee;Germany;12.09.2026;next_check_missing;Next check is not filled.;Fill Next check during the next source verification.
info;Klosterlauf Wiedenbrück - Rheda-Wiedenbrück;klosterlauf-wiedenbruck-rheda-wiedenbruck-rheda-wiedenbruck-12-09-2026;Rheda-Wiedenbrück;Germany;12.09.2026;next_check_missing;Next check is not filled.;Fill Next check during the next source verification.
info;Zooparklauf Erfurt;zooparklauf-erfurt-erfurt-12-09-2026;Erfurt;Germany;12.09.2026;next_check_missing;Next check is not filled.;Fill Next check during the next source verification.
info;DRK-Hospizlauf - Neustrelitz;drk-hospizlauf-neustrelitz-neustrelitz-12-09-2026;Neustrelitz;Germany;12.09.2026;next_check_missing;Next check is not filled.;Fill Next check during the next source verification.
info;Nordhorner Meile;nordhorner-meile-nordhorn-12-09-2026;Nordhorn;Germany;12.09.2026;next_check_missing;Next check is not filled.;Fill Next check during the next source verification.
info;Sportmeilen Run Rosstal;sportmeilen-run-rosstal-ro-tal-12-09-2026;Roßtal;Germany;12.09.2026;next_check_missing;Next check is not filled.;Fill Next check during the next source verification.
info;Zeuthener Jedermannslauf - Eichwalde;zeuthener-jedermannslauf-eichwalde-eichwalde-13-09-2026;Eichwalde;Germany;13.09.2026;next_check_missing;Next check is not filled.;Fill Next check during the next source verification.
info;Brooks Ruhr Trail Run - Hagen;brooks-ruhr-trail-run-hagen-hagen-13-09-2026;Hagen;Germany;13.09.2026;next_check_missing;Next check is not filled.;Fill Next check during the next source verification.
info;Zwickau Triathlon;zwickau-triathlon-zwickau-13-09-2026;Zwickau;Germany;13.09.2026;next_check_missing;Next check is not filled.;Fill Next check during the next source verification.
info;Brückenlauf Halbmarathon des ASV Köln;bruckenlauf-halbmarathon-des-asv-koln-koln-13-09-2026;Köln;Germany;13.09.2026;next_check_missing;Next check is not filled.;Fill Next check during the next source verification.
info;Weplauf Hückelhoven;weplauf-huckelhoven-huckelhoven-13-09-2026;Hückelhoven;Germany;13.09.2026;next_check_missing;Next check is not filled.;Fill Next check during the next source verification.
info;Algemarin SV3sathlon - Mühltal;algemarin-sv3sathlon-muhltal-muhltal-13-09-2026;Mühltal;Germany;13.09.2026;next_check_missing;Next check is not filled.;Fill Next check during the next source verification.
info;Laufend Glauben Laufwallfahrt - Werl;laufend-glauben-laufwallfahrt-werl-werl-13-09-2026;Werl;Germany;13.09.2026;next_check_missing;Next check is not filled.;Fill Next check during the next source verification.
info;Kreuzberger Viertelmarathon - Berlin;kreuzberger-viertelmarathon-berlin-berlin-13-09-2026;Berlin;Germany;13.09.2026;next_check_missing;Next check is not filled.;Fill Next check during the next source verification.
info;Bitburger Stadtlauf;bitburger-stadtlauf-bitburg-13-09-2026;Bitburg;Germany;13.09.2026;next_check_missing;Next check is not filled.;Fill Next check during the next source verification.
info;City Move Bielefeld;city-move-bielefeld-bielefeld-13-09-2026;Bielefeld;Germany;13.09.2026;next_check_missing;Next check is not filled.;Fill Next check during the next source verification.
info;Werner-Bünger-Gedenklauf - Havelland;werner-bunger-gedenklauf-havelland-havelland-13-09-2026;Havelland;Germany;13.09.2026;next_check_missing;Next check is not filled.;Fill Next check during the next source verification.
info;Womens-Run-Siegen;womens-run-siegen-siegen-13-09-2026;Siegen;Germany;13.09.2026;next_check_missing;Next check is not filled.;Fill Next check during the next source verification.
info;Herbstkammlauf - Klingenthal;herbstkammlauf-klingenthal-klingenthal-13-09-2026;Klingenthal;Germany;13.09.2026;next_check_missing;Next check is not filled.;Fill Next check during the next source verification.
info;Förderturmlauf - Essen;forderturmlauf-essen-essen-17-09-2026;Essen;Germany;17.09.2026;next_check_missing;Next check is not filled.;Fill Next check during the next source verification.
info;Delbrücker Katharinenlauf;delbrucker-katharinenlauf-delbruck-18-09-2026;Delbrück;Germany;18.09.2026;next_check_missing;Next check is not filled.;Fill Next check during the next source verification.
info;Ladage Lauf - Wennigsen (Deister);ladage-lauf-wennigsen-deister-wennigsen-deister-19-09-2026;Wennigsen (Deister);Germany;19.09.2026;next_check_missing;Next check is not filled.;Fill Next check during the next source verification.
info;Hochhausmarathon Köln;hochhausmarathon-koln-koln-19-09-2026;Köln;Germany;19.09.2026;next_check_missing;Next check is not filled.;Fill Next check during the next source verification.
info;Center Run - Pösna Park - Großpösna;center-run-posna-park-gro-posna-gro-posna-19-09-2026;Großpösna;Germany;19.09.2026;next_check_missing;Next check is not filled.;Fill Next check during the next source verification.
info;Mühlenlauf in Laar;muhlenlauf-in-laar-laar-19-09-2026;Laar;Germany;19.09.2026;next_check_missing;Next check is not filled.;Fill Next check during the next source verification.
info;Arberland Ultra Trail - Bodenmais;arberland-ultra-trail-bodenmais-bodenmais-19-09-2026;Bodenmais;Germany;19.09.2026;next_check_missing;Next check is not filled.;Fill Next check during the next source verification.
info;Messelauf Lauda-Königshofen;messelauf-lauda-konigshofen-lauda-konigshofen-19-09-2026;Lauda-Königshofen;Germany;19.09.2026;next_check_missing;Next check is not filled.;Fill Next check during the next source verification.
info;Stadtparklauf Sondershausen;stadtparklauf-sondershausen-sondershausen-19-09-2026;Sondershausen;Germany;19.09.2026;next_check_missing;Next check is not filled.;Fill Next check during the next source verification.
info;Obernzenner Seelauf;obernzenner-seelauf-obernzenn-19-09-2026;Obernzenn;Germany;19.09.2026;next_check_missing;Next check is not filled.;Fill Next check during the next source verification.
info;Freimarktslauf Garrel;freimarktslauf-garrel-garrel-19-09-2026;Garrel;Germany;19.09.2026;next_check_missing;Next check is not filled.;Fill Next check during the next source verification.
info;Klausdorfer Kranichlauf;klausdorfer-kranichlauf-klausdorf-19-09-2026;Klausdorf;Germany;19.09.2026;next_check_missing;Next check is not filled.;Fill Next check during the next source verification.
info;Belchen-Berglauf - Schönau im Schwarzwald;belchen-berglauf-schonau-im-schwarzwald-schonau-im-schwarzwald-19-09-2026;Schönau im Schwarzwald;Germany;19.09.2026;next_check_missing;Next check is not filled.;Fill Next check during the next source verification.
info;Stadtwald-Cross in Lutherstadt Wittenberg;stadtwald-cross-in-lutherstadt-wittenberg-lutherstadt-wittenberg-19-09-2026;Lutherstadt Wittenberg;Germany;19.09.2026;next_check_missing;Next check is not filled.;Fill Next check during the next source verification.
info;Lauf in die Mönau - Erlangen;lauf-in-die-monau-erlangen-erlangen-19-09-2026;Erlangen;Germany;19.09.2026;next_check_missing;Next check is not filled.;Fill Next check during the next source verification.
info;Duinger Berglauf - Duingen;duinger-berglauf-duingen-duingen-19-09-2026;Duingen;Germany;19.09.2026;next_check_missing;Next check is not filled.;Fill Next check during the next source verification.
info;Heidener Teufelslauf;heidener-teufelslauf-heiden-19-09-2026;Heiden;Germany;19.09.2026;next_check_missing;Next check is not filled.;Fill Next check during the next source verification.
info;Baaber Heidelauf;baaber-heidelauf-baabe-19-09-2026;Baabe;Germany;19.09.2026;next_check_missing;Next check is not filled.;Fill Next check during the next source verification.
info;Dresden Frauenlauf;dresden-frauenlauf-dresden-19-09-2026;Dresden;Germany;19.09.2026;next_check_missing;Next check is not filled.;Fill Next check during the next source verification.
clean;Hermannslauf Bielefeld;hermannslauf-bielefeld-detmold-25-04-2027;Detmold;Germany;25.04.2027;;;No date action required.
info;NN Marathon Rotterdam;nn-marathon-rotterdam-rotterdam-12-04-2026;Rotterdam;Netherlands;12.04.2026;next_check_overdue;Next check date is already in the past.;Run source verification and move next_check forward.
info;Schneider Electric Marathon de Paris;schneider-electric-marathon-de-paris-paris-12-04-2026;Paris;France;12.04.2026;next_check_overdue;Next check date is already in the past.;Run source verification and move next_check forward.
info;Vodafone Prague Marathon;vodafone-prague-marathon-prague-03-05-2026;Prague;Czech Republic;03.05.2026;next_check_overdue;Next check date is already in the past.;Run source verification and move next_check forward.
clean;Mozart 100 by UTMB;mozart-100-by-utmb-salzburg-05-06-2027;Salzburg;Austria;05.06.2027;;;No date action required.
info;Transvulcania;transvulcania-fuencaliente-de-la-palma-08-05-2027;Fuencaliente de La Palma;Spain;08.05.2027;next_check_overdue;Next check date is already in the past.;Run source verification and move next_check forward.
info;Paderborner Osterlauf;paderborner-osterlauf-paderborn-04-04-2026;Paderborn;Germany;04.04.2026;next_check_overdue;Next check date is already in the past.;Run source verification and move next_check forward.
