event_name;sport;date;city;country;address;latitude;longitude;distance;description;event_url;data_source;source_url;verification_status;priority;check_frequency;last_checked;next_check;source_note;image
Bielefelder Triathlon;Triathlon;28.06.2026;Bielefeld;Germany;Senner Waldbad, Am Waldbad 72, 33659 Bielefeld;51.9622218;8.526118;Sprint / Relay / Youth;Participants: 450 | Course: flat run course | Format: 500 m swim / 20 km bike / 5 km run plus relay and youth races.;https://www.triathlon-bielefeld.de/anmeldung;Official organizer website;https://www.triathlon-bielefeld.de/ausschreibung;registration_open;medium;monthly;02.06.2026;02.07.2026;Manual review: official TSVE Bielefeld triathlon page confirms June 28 2026, Senner Waldbad address, sprint distance, participant limit and registration page. Coordinates use Senner Waldbad OpenStreetMap location. Precise address geocoded with Geoapify (Senner Waldbad, Am Waldbad 72, 33659 Bielefeld, Germany).;
Sörmlands 100 Trail Run;Ultramarathon;11.09.2026;Björnlunda;Sweden;Öster-Malma, 611 91 Björnlunda, Sweden;58.950627;17.158171;8 km / 22 km / 50 km / 100 km / 100 Miles;Sörmlands 100 Trail Run is a Swedish trail weekend with multiple distances: 8 km, 22 km, 50 km, 100 km and 100 miles.;https://www.sormlands100.com/;Official website;https://www.sormlands100.com/;registration_open;medium;monthly;02.06.2026;02.07.2026;Restored after manual review. Official website shows September 11th-13th 2026, multiple race distances including 100 km and 100 miles, and registration link. Previous CSV date 12.11.2026 was not found on the page. Precise address geocoded with Geoapify (Öster-Malma, 611 91 Björnlunda, Sweden, Sweden). Location QA: coordinates repaired using address geocoding (Öster-Malma, 611 91 Björnlunda, Sweden, Björnlunda, Sweden).;
IRONMAN Hamburg European Championship;Triathlon;07.06.2026;Hamburg;Germany;Jungfernstieg 53, 20354 Hamburg;53.554191;9.9911391;Full;IRONMAN Hamburg European Championship is a full-distance triathlon in Hamburg with lake swim, flat bike course and flat run course.;https://www.ironman.com/races/im-hamburg;Official IRONMAN website;https://www.ironman.com/races/im-hamburg;sold_out;high;weekly;02.06.2026;09.06.2026;Restored after manual review. Official IRONMAN page shows June 7 2026 and Registration Sold Out. Precise address geocoded with Geoapify (Jungfernstieg 53, 20354 Hamburg, Germany).;
IRONMAN Frankfurt;Triathlon;28.06.2026;Frankfurt;Germany;Mainkai, 60311 Frankfurt;50.1093261;8.6837057;Full;IRONMAN Frankfurt is a full-distance triathlon in Frankfurt with lake swim, rolling bike course and flat run course.;https://www.ironman.com/races/im-frankfurt;Official IRONMAN website;https://www.ironman.com/races/im-frankfurt;sold_out;high;weekly;02.06.2026;09.06.2026;Restored after manual review. Official IRONMAN page shows June 28 2026 and Registration Sold Out. Precise address geocoded with Geoapify (Mainkai, 60311 Frankfurt, Germany).;
IRONMAN 70.3 Duisburg;Triathlon;16.08.2026;Duisburg;Germany;Kruppstraße 30, 47055 Duisburg;51.3947457;6.7114351;Middle;IRONMAN 70.3 Duisburg is a middle-distance triathlon in Duisburg with lake swim, flat bike course and rolling run course.;https://www.ironman.com/races/im703-duisburg;Official IRONMAN website;https://www.ironman.com/races/im703-duisburg;sold_out;high;weekly;02.06.2026;09.06.2026;Restored after manual review. Official IRONMAN page shows August 16 2026 and General Registration Sold Out. Precise address geocoded with Geoapify (Kruppstraße 30, 47055 Duisburg, Germany).;
IRONMAN 70.3 Leipzig;Triathlon;23.08.2026;Leipzig;Germany;Leipzig, Germany;51.3406321;12.3747329;Middle;IRONMAN 70.3 Leipzig is a middle-distance triathlon in Leipzig with lake swim, flat bike course and flat run course.;https://www.ironman.com/races/im703-leipzig;Official IRONMAN website;https://www.ironman.com/races/im703-leipzig;sold_out;high;weekly;02.06.2026;09.06.2026;Restored after manual review. Official IRONMAN page shows August 23 2026 and General Registration Sold Out.;
IRONMAN 70.3 Erkner;Triathlon;13.09.2026;Erkner;Germany;Erkner, Germany;52.4259804;13.7542811;Middle;IRONMAN 70.3 Erkner is a middle-distance triathlon in Erkner with lake swim, flat bike course and flat run course.;https://www.ironman.com/races/im703-erkner;Official IRONMAN website;https://www.ironman.com/races/im703-erkner;sold_out;high;weekly;02.06.2026;09.06.2026;Restored after manual review. Official IRONMAN page shows September 13 2026 and General Registration Sold Out.;
IRONMAN Kaernten-Klagenfurt Austria;Triathlon;14.06.2026;Klagenfurt;Austria;Klagenfurt, Austria;46.623943;14.3075976;Full;Swim: Lake | Bike: Flat | Run: Rolling;https://www.ironman.com/races/im-austria;Official IRONMAN website;https://www.ironman.com/races/im-austria;sold_out;high;weekly;02.06.2026;09.06.2026;Restored after live official IRONMAN check. Official page shows June 14 2026 and Registration Sold Out.;
IRONMAN 70.3 European Championship Elsinore;Triathlon;21.06.2026;Elsinore;Denmark;Elsinore, Denmark;56.0348739;12.6130073;Middle;Swim: Bay | Bike: Rolling | Run: Flat;https://www.ironman.com/races/im703-elsinore;Official IRONMAN website;https://www.ironman.com/races/im703-elsinore;sold_out;high;weekly;02.06.2026;09.06.2026;Restored after live official IRONMAN check. Official page shows June 21 2026 and Registration Sold Out.;
IRONMAN 70.3 Westfriesland;Triathlon;21.06.2026;Hoorn;Netherlands;Hoorn, Netherlands;52.653272;5.0735802;Middle;Swim: Lake | Bike: Flat | Run: Flat;https://www.ironman.com/races/im703-westfriesland;Official IRONMAN website;https://www.ironman.com/races/im703-westfriesland;sold_out;high;weekly;02.06.2026;09.06.2026;Restored after live official IRONMAN check. Official page shows June 21 2026 and Registration Sold Out.;
IRONMAN Switzerland Thun;Triathlon;05.07.2026;Thun;Switzerland;Thun, Switzerland;46.7582827;7.628086;Full;Swim: Lake | Bike: Hilly | Run: Flat;https://www.ironman.com/races/im-switzerland;Official IRONMAN website;https://www.ironman.com/races/im-switzerland;registration_open;high;weekly;02.06.2026;09.06.2026;Restored after live official IRONMAN check. Official page shows July 5 2026 and Registration Now Open.;
IRONMAN 70.3 Jonkoping;Triathlon;05.07.2026;Jonkoping;Sweden;Jonkoping, Sweden;57.7825634;14.165719;Middle;Swim: Lake | Bike: Rolling | Run: Flat;https://www.ironman.com/races/im703-jonkoping;Official IRONMAN website;https://www.ironman.com/races/im703-jonkoping;sold_out;high;weekly;02.06.2026;09.06.2026;Restored after live official IRONMAN check. Official page shows July 5 2026 and Registration Sold Out.;
IRONMAN 70.3 Luxembourg;Triathlon;12.07.2026;Moselle;Luxembourg;Moselle, Luxembourg;50.0997553;5.9153518;Middle;Swim: River | Bike: Rolling | Run: Flat;https://www.ironman.com/races/im703-luxembourg;Official IRONMAN website;https://www.ironman.com/races/im703-luxembourg;sold_out;high;weekly;02.06.2026;09.06.2026;Restored after live official IRONMAN check. Official page shows July 12 2026 and General Registration Sold Out.;
IRONMAN Vitoria-Gasteiz;Triathlon;12.07.2026;Vitoria-Gasteiz;Spain;Vitoria-Gasteiz, Spain;42.8465088;-2.6724025;Full;Swim: Lake | Bike: Rolling | Run: Flat;https://www.ironman.com/races/im-vitoria;Official IRONMAN website;https://www.ironman.com/races/im-vitoria;sold_out;high;weekly;02.06.2026;09.06.2026;Restored after live official IRONMAN check. Official page shows July 12 2026 and Registration Sold Out.;
IRONMAN 70.3 Vitoria-Gasteiz;Triathlon;12.07.2026;Vitoria-Gasteiz;Spain;Vitoria-Gasteiz, Spain;42.8465088;-2.6724025;Middle;Swim: Lake | Bike: Rolling | Run: Flat;https://www.ironman.com/races/im703-vitoria;Official IRONMAN website;https://www.ironman.com/races/im703-vitoria;sold_out;high;weekly;02.06.2026;09.06.2026;Restored after live official IRONMAN check. Official page shows July 12 2026 and Registration Sold Out.;
Generali Köln Marathon;Running;04.10.2026;Köln;Germany;L111, 50679 Köln;50.936742995562746;6.978251138557531;Half Marathon / Marathon / 42.195 km;Generali Köln Marathon official marathon and half marathon event.;https://generali-koeln-marathon.de/;Official website recovery review;https://generali-koeln-marathon.de/anmeldung/;registration_open;high;weekly;03.06.2026;10.06.2026;Updated from Europe major marathons recovery review. Official registration URL and 2026 date retained. Duplicate-safe update, no intermediary event URL. Precise address geocoded with Geoapify (L111, 50679 Köln, Germany).;
Köln Triathlon;Triathlon;06.09.2026;Köln;Germany;Rheinparkweg 1, 50679 Köln;50.9458861;6.9704153;Sprint, Olympic, Middle;Köln Triathlon;https://www.koeln-triathlon.com/;Google Suche;https://www.koeln-triathlon.com/;registration_open;high;weekly;02.06.2026;09.06.2026;Official event website reviewed during data import. Live URL verification: official registration signal found and date/year signal found. Precise address geocoded with Geoapify (Rheinparkweg 1, 50679 Köln, Germany). Live URL verification: official registration signal and exact date signal found. Precise address geocoded with Geoapify (Rheinparkweg 1, 50679 Köln, Germany).;
Haspa Marathon Hamburg;Running;25.04.2027;Hamburg;Germany;Karolinenstraße / Hamburg Messe, Hamburg;53.557504;9.975498;Marathon / 42.195 km;Hamburg marathon. Official race info confirms the 41st edition on 25 April 2027.;https://haspa-marathon-hamburg.de/;Official website recovery review;https://haspa-marathon-hamburg.de/en/race-info-marathon/;registration_open;high;weekly;03.06.2026;10.06.2026;Updated from Europe major marathons recovery review. Official race info confirms 2027 date and start/finish at Karolinenstraße / Hamburg Messe. Precise address geocoded with Geoapify (Karolinenstraße / Hamburg Messe, Hamburg, Germany).;
BMW Berlin Marathon;Running;27.09.2026;Berlin;Germany;Straße des 17. Juni, between Brandenburg Gate and Kleiner Stern, Berlin;52.524932;13.407032;Marathon / 42.195 km;Abbott World Marathon Majors event in Berlin. Official page confirms 27 September 2026 and lottery process.;https://www.bmw-berlin-marathon.com/;Official website recovery review;https://www.bmw-berlin-marathon.com/en/registration/registration-information;registration_not_open;high;weekly;03.06.2026;10.06.2026;Updated from Europe major marathons recovery review. Official website confirms 2026 date. Lottery registration period for the marathon was already closed. Precise address geocoded with Geoapify (Straße des 17. Juni, between Brandenburg Gate and Kleiner Stern, Berlin, Germany).;
Mainova Frankfurt Marathon;Running;25.10.2026;Frankfurt am Main;Germany;Festhalle Messe Frankfurt, Frankfurt am Main;50.113036;8.651832;Marathon / 42.195 km;Mainova Frankfurt Marathon official marathon event.;https://www.frankfurt-marathon.com/;Official website recovery review;https://www.frankfurt-marathon.com/;registration_open;high;weekly;03.06.2026;10.06.2026;Updated from Europe major marathons recovery review. Existing official organizer URL retained and coordinates improved to Festhalle / Messe Frankfurt area. Precise address geocoded with Geoapify (Festhalle Messe Frankfurt, Frankfurt am Main, Germany).;
Thüringen Ultra;Ultramarathon;04.07.2026;Fröttstädt;Germany;Bahnhofstraße 1, 99880 Hörsel;50.90132;10.560932;100 km;Thüringen Ultra;http://www.thueringenultra.de/startseite/index.php;Chat-GPT Daten;http://www.thueringenultra.de/startseite/index.php;registration_open;medium;monthly;02.06.2026;02.07.2026;Event source prepared for future verification. Live URL verification: official registration signal found and date/year signal found. Precise address geocoded with Geoapify (Bahnhofstraße 1, 99880 Hörsel, Germany). Live URL verification: official registration signal and exact date signal found. Precise address geocoded with Geoapify (Bahnhofstraße 1, 99880 Hörsel, Germany).;
Münster Marathon;Running;13.09.2026;Münster;Germany;Schlosspl. 2, 48149 Münster;51.9638852;7.613212;Marathon;Volksbank Münster Marathon;https://www.volksbank-muenster-marathon.de/_rubric/index.php?rubric=Home%20DE;Google Suche;https://www.volksbank-muenster-marathon.de/_rubric/index.php?rubric=Home%20DE;registration_open;medium;monthly;02.06.2026;02.07.2026;Official event website reviewed during data import. Live URL verification: official registration signal found and date/year signal found. Precise address geocoded with Geoapify (Schlosspl. 2, 48149 Münster, Germany). Live URL verification: official registration signal and exact date signal found. Precise address geocoded with Geoapify (Schlosspl. 2, 48149 Münster, Germany).;
GutsMuths Rennsteiglauf;Ultramarathon;22.05.2027;Schmiedefeld;Germany;Schmiedefeld, Germany;50.5333;11.2167;17 km / 21 km / 42 km / 74 km;Imported from marathon.de running calendar. Source listing: https://www.marathon.de/laufevent/gutsmuths-rennsteiglauf/;https://www.rennsteiglauf.de/;marathon.de;https://www.rennsteiglauf.de/;registration_open;medium;monthly;02.06.2026;02.07.2026;Official organizer URL reviewed from marathon.de discovery data. Live URL verification: official registration signal found and date/year signal found. Live URL verification: official registration signal and exact date signal found.;https://www.marathon.de/logos/gutsmuths-rennsteiglauf.jpg
Ostseeman;Triathlon;02.08.2026;Glücksburg;Germany;Sandwigstraße 1, 24960 Glücksburg;54.840851;9.5343775;Middle , Full;Ostseeman Triathlon;https://www.ostseeman.de/startseite.html;Chat-GPT Daten;https://www.ostseeman.de/startseite.html;registration_open;medium;monthly;02.06.2026;02.07.2026;Event source prepared for future verification. Live URL verification: official registration signal found and date/year signal found. Precise address geocoded with Geoapify (Sandwigstraße 1, 24960 Glücksburg, Germany). Live URL verification: official registration signal and exact date signal found. Precise address geocoded with Geoapify (Sandwigstraße 1, 24960 Glücksburg, Germany).;
Zugspitz Ultratrail;Ultramarathon;20.06.2026;Garmisch-Partenkirchen;Germany;Richard-Strauss-Platz 1, 82467 Garmisch-Partenkirchen;47.4948475;11.0915726;107, 86 km, 69 km, 44 km, 29 km;Salomon Zugspitz Ultratrail;https://zugspitz.utmb.world/;Chat-GPT Daten;https://zugspitz.utmb.world/;registration_open;medium;monthly;02.06.2026;02.07.2026;Event source prepared for future verification. Live URL verification: official registration signal found and date/year signal found. Precise address geocoded with Geoapify (Richard-Strauss-Platz 1, 82467 Garmisch-Partenkirchen, Germany). Live URL verification: official registration signal and exact date signal found. Precise address geocoded with Geoapify (Richard-Strauss-Platz 1, 82467 Garmisch-Partenkirchen, Germany).;
Challenge Roth;Triathlon;05.07.2026;Roth;Germany;Otto-Schrimpff-Straße 12, 91154 Roth;49.2430375;11.0948034;Full;DATEV Challenge Roth;https://www.challenge-roth.com/de/;Chat-GPT Daten;https://www.challenge-roth.com/de/;registration_open;high;weekly;02.06.2026;09.06.2026;Event source prepared for future verification. Live URL verification: official registration signal found and date/year signal found. Precise address geocoded with Geoapify (Otto-Schrimpff-Straße 12, 91154 Roth, Germany). Live URL verification: official registration signal and exact date signal found. Precise address geocoded with Geoapify (Otto-Schrimpff-Straße 12, 91154 Roth, Germany).;
Dresden Marathon;Running;25.10.2026;Dresden;Germany;Ostra-Ufer 2, 01067 Dresden;51.0588063;13.731368;Marathon;Dresden Marathon;https://www.dresden-marathon.com/;Chat-GPT Daten;https://www.dresden-marathon.com/;registration_open;medium;monthly;02.06.2026;02.07.2026;Event source prepared for future verification. Live URL verification: official registration signal found and date/year signal found. Precise address geocoded with Geoapify (Ostra-Ufer 2, 01067 Dresden, Germany). Live URL verification: official registration signal and exact date signal found. Precise address geocoded with Geoapify (Ostra-Ufer 2, 01067 Dresden, Germany).;
Magdeburg Marathon;Running;04.10.2026;Magdeburg;Germany;Magdeburg, Germany;52.1314783;11.6400789;4 km / 10 km / 21 km / 42 km;Imported from marathon.de running calendar. Source listing: https://www.marathon.de/laufevent/magdeburg-marathon/;https://magdeburg-marathon.eu/;marathon.de;https://magdeburg-marathon.eu/;registration_open;medium;monthly;02.06.2026;02.07.2026;Official organizer URL reviewed from marathon.de discovery data. Live URL verification: official registration signal found and date/year signal found. Live URL verification: official registration signal and exact date signal found.;https://www.marathon.de/logos/magdeburg-marathon.jpg
Fischland Darss-Zingst Ultramarathon;Ultramarathon;13.06.2026;Ribnitz-Damgarten;Germany;Ribnitz-Damgarten, Germany;54.2433326;12.4319733;100 km, 115 km;Imported from marathon.de running calendar. Source listing: https://www.marathon.de/laufevent/fischland-darss-zingst-ultramarathon/;https://www.fischland-darss-zingst-ultramarathon.eu/;marathon.de + Laufrennen discovery, official organizer URL, source: https://laufrennen.de/rennseiten/fischland_darss_zingst_ultramarathon_fdzu/;https://www.fischland-darss-zingst-ultramarathon.eu/;registration_open;medium;monthly;02.06.2026;02.07.2026;Official organizer URL discovered from Laufrennen detail page. Live URL verification: official registration signal found and date/year signal found. Live URL verification: official registration signal and exact date signal found.;https://www.marathon.de/kategorien/b8921e67a0.jpg
Kassel Marathon;Running;20.09.2026;Kassel;Germany;Kassel, Germany;51.3157833;9.4978479;10 km, Half Marathon, Marathon;Official local running event in Kassel. Distances: 10 km, Half Marathon, Marathon. Discovered via Kilometerliebe and linked to the official event website.;https://kassel-marathon.de/;Kilometerliebe Discovery;https://kassel-marathon.de/;registration_open;medium;monthly;02.06.2026;02.07.2026;Official organizer URL discovered from Kilometerliebe listing. Live URL verification: official registration signal found and date/year signal found. Live URL verification: official registration signal and exact date signal found.;
Finkenwerder Insellauf;Running;06.06.2026;Hamburg;Germany;Hamburg, Germany;53.5501721;10.0013165;5 km / 10 km / 20 km;Imported from marathon.de running calendar. Source listing: https://www.marathon.de/laufevent/finkenwerder-insellauf/;https://www.finkenwerder-insellauf.de/;marathon.de;https://www.finkenwerder-insellauf.de/;registration_open;low;quarterly;02.06.2026;31.08.2026;Official organizer URL reviewed from marathon.de discovery data. Live URL verification: official registration signal found and date/year signal found. Live URL verification: official registration signal and exact date signal found.;https://www.marathon.de/kategorien/9d67eb951b.jpg
Panorama-Baumwipfel-Lauf;Running;13.06.2026;Oberschwarzach;Germany;Oberschwarzach, Germany;49.8537347;10.4192342;6 km / 12 km / 21 km;Imported from marathon.de running calendar. Source listing: https://www.marathon.de/laufevent/panorama-baumwipfel-lauf/;https://panorama-baumwipfel-lauf.de/;marathon.de;https://panorama-baumwipfel-lauf.de/;registration_open;low;quarterly;02.06.2026;31.08.2026;Official organizer URL reviewed from marathon.de discovery data. Live URL verification: official registration signal found and date/year signal found. Live URL verification: official registration signal and exact date signal found.;https://www.marathon.de/kategorien/2232d51c55.jpg
Ebbser Koasamarsch;Ultramarathon;13.06.2026;Ebbs;Austria;Ebbs, Austria;47.630874;12.2154318;20 km / 33 km / 44 km;Imported from marathon.de running calendar. Source listing: https://www.marathon.de/laufevent/ebbser-koasamarsch/;https://www.koasamarsch.at/;marathon.de;https://www.koasamarsch.at/;registration_open;medium;monthly;02.06.2026;02.07.2026;Official organizer URL reviewed from marathon.de discovery data. Live URL verification: official registration signal found and date/year signal found. Live URL verification: official registration signal and exact date signal found.;https://www.marathon.de/kategorien/06527d7ce5.jpg
Himmelgeister Brückenlauf;Running;13.06.2026;Düsseldorf;Germany;Düsseldorf, Germany;51.2254018;6.7763137;11 km / 21 km;Imported from marathon.de running calendar. Source listing: https://www.marathon.de/laufevent/himmelgeister-brueckenlauf/;https://himmelgeister-brueckenlauf.de/;marathon.de;https://himmelgeister-brueckenlauf.de/;registration_open;low;quarterly;02.06.2026;31.08.2026;Official organizer URL reviewed from marathon.de discovery data. Live URL verification: official registration signal found and date/year signal found. Live URL verification: official registration signal and exact date signal found.;https://www.marathon.de/kategorien/2232d51c55.jpg
GlückLauf;Running;13.06.2026;Salzgitter;Germany;Salzgitter, Germany;52.1503721;10.3593147;5 km / 10 km / 21 km;Imported from marathon.de running calendar. Source listing: https://www.marathon.de/laufevent/gluecklauf/;https://www.xn--glcklauf-75a.de/;marathon.de;https://www.xn--glcklauf-75a.de/;registration_open;low;quarterly;02.06.2026;31.08.2026;Official organizer URL reviewed from marathon.de discovery data. Live URL verification: official registration signal found and date/year signal found. Live URL verification: official registration signal and exact date signal found.;https://www.marathon.de/logos/gluecklauf.jpg
Mendener Citylauf mit Halbmarathon;Running;14.06.2026;Menden;Germany;Menden, Germany;51.43779;7.7953822;5 km / 10 km / 21 km;Imported from marathon.de running calendar. Source listing: https://www.marathon.de/laufevent/mendener-citylauf/;https://www.menden-citylauf.de/;marathon.de;https://www.menden-citylauf.de/;registration_open;medium;monthly;02.06.2026;02.07.2026;Official organizer URL reviewed from marathon.de discovery data. Live URL verification: official registration signal found and date/year signal found. Live URL verification: official registration signal and exact date signal found.;https://www.marathon.de/kategorien/2232d51c55.jpg
Gorch-Fock-Lauf;Running;14.06.2026;Wilhelmshaven;Germany;Wilhelmshaven, Germany;53.5278793;8.106301;5 km / 10 km / 21 km / 42 km;Imported from marathon.de running calendar. Source listing: https://www.marathon.de/laufevent/gorch-fock-lauf/;https://gorch-fock-lauf.de/;marathon.de;https://gorch-fock-lauf.de/;registration_open;low;quarterly;02.06.2026;31.08.2026;Official organizer URL reviewed from marathon.de discovery data. Live URL verification: official registration signal found and date/year signal found. Live URL verification: official registration signal and exact date signal found.;https://www.marathon.de/logos/gorch-fock-lauf.jpg
Herzogstadtlauf Straubing;Running;14.06.2026;Straubing;Germany;Straubing, Germany;48.8839157;12.5955773;2 km / 5 km / 10 km / 20 km;Imported from marathon.de running calendar. Source listing: https://www.marathon.de/laufevent/herzogstadtlauf-straubing/;https://www.herzogstadtlauf.de/;marathon.de;https://www.herzogstadtlauf.de/;registration_open;low;quarterly;02.06.2026;31.08.2026;Official organizer URL reviewed from marathon.de discovery data. Live URL verification: official registration signal found and date/year signal found. Live URL verification: official registration signal and exact date signal found.;https://www.marathon.de/kategorien/2232d51c55.jpg
Himmelswegelauf;Running;13.06.2026;Nebra;Germany;Nebra, Germany;51.2873083;11.5787877;10 km / 21 km / 42 km;Imported from marathon.de running calendar. Source listing: https://www.marathon.de/laufevent/himmelswegelauf/;https://www.himmelswegelauf.de/;marathon.de;https://www.himmelswegelauf.de/;registration_open;low;quarterly;02.06.2026;31.08.2026;Official organizer URL reviewed from marathon.de discovery data. Live URL verification: official registration signal found and date/year signal found. Live URL verification: official registration signal and exact date signal found.;https://www.marathon.de/kategorien/9df6b59342.jpg
Tschirgant Sky Run;Ultramarathon;13.06.2026;Imst;Austria;Imst, Austria;47.2381536;10.7406982;17 km / 27 km / 43 km / 53 km;Imported from marathon.de running calendar. Source listing: https://www.marathon.de/laufevent/tschirgant-sky-run/;https://tschirgant-sky.run/;marathon.de;https://tschirgant-sky.run/;registration_open;medium;monthly;02.06.2026;02.07.2026;Official organizer URL reviewed from marathon.de discovery data. Live URL verification: official registration signal found and date/year signal found. Live URL verification: official registration signal and exact date signal found.;https://www.marathon.de/logos/tschirgant-sky-run.jpg
saarBRÜCKENlauf;Running;14.06.2026;Saarbrücken;Germany;Saarbrücken, Germany;49.234362;6.996379;10 km / 20 km;Imported from marathon.de running calendar. Source listing: https://www.marathon.de/laufevent/saarbrueckenlauf/;https://www.saarbrueckenlauf.de/;marathon.de;https://www.saarbrueckenlauf.de/;registration_open;low;quarterly;02.06.2026;31.08.2026;Official organizer URL reviewed from marathon.de discovery data. Live URL verification: official registration signal found and date/year signal found. Live URL verification: official registration signal and exact date signal found.;https://www.marathon.de/kategorien/2232d51c55.jpg
Heidenheimer Sparkassen-Stadtlauf;Running;14.06.2026;Heidenheim;Germany;Heidenheim, Germany;48.6767637;10.152923;5 km / 10 km / 21 km;Imported from marathon.de running calendar. Source listing: https://www.marathon.de/laufevent/heidenheimer-sparkassen-stadtlauf/;https://heidenheimer-stadtlauf.de/;marathon.de;https://heidenheimer-stadtlauf.de/;registration_open;low;quarterly;02.06.2026;31.08.2026;Official organizer URL reviewed from marathon.de discovery data. Live URL verification: official registration signal found and date/year signal found. Live URL verification: official registration signal and exact date signal found.;https://www.marathon.de/kategorien/2232d51c55.jpg
Drebber Marathon;Running;13.06.2026;Drebber;Germany;Drebber, Germany;52.652437;8.4199322;5 km / 10 km / 21 km / 42 km;Imported from marathon.de running calendar.;http://drebber-marathon.de/;marathon.de;http://drebber-marathon.de/;registration_open;medium;monthly;02.06.2026;02.07.2026;Official organizer URL reviewed from marathon.de discovery data. Live URL verification: official registration signal found and date/year signal found. Live URL verification: official registration signal and exact date signal found.;https://www.marathon.de/kategorien/9df6b59342.jpg
Eschathlon - Der Eschborner Halbmarathon;Running;14.06.2026;Eschborn;Germany;Eschborn, Germany;50.1504737;8.5607767;3 km / 10 km / 21 km;Imported from marathon.de running calendar. Source listing: https://www.marathon.de/laufevent/eschathlon/;https://www.eschathlon.de/;marathon.de;https://www.eschathlon.de/;registration_open;medium;monthly;02.06.2026;02.07.2026;Official organizer URL reviewed from marathon.de discovery data. Live URL verification: official registration signal found and date/year signal found. Live URL verification: official registration signal and exact date signal found.;https://www.marathon.de/kategorien/2232d51c55.jpg
Hennefer Europalauf;Running;20.06.2026;Hennef;Germany;Hennef, Germany;50.7754417;7.2847945;4 km / 7 km / 10 km / 21 km;Imported from marathon.de running calendar. Source listing: https://www.marathon.de/laufevent/hennefer-europalauf/;https://europalauf.eu/;marathon.de;https://europalauf.eu/;registration_open;low;quarterly;02.06.2026;31.08.2026;Official organizer URL reviewed from marathon.de discovery data. Live URL verification: official registration signal found and date/year signal found. Live URL verification: official registration signal and exact date signal found.;https://www.marathon.de/kategorien/2232d51c55.jpg
Rennsteig Staffellauf;Ultramarathon;20.06.2026;Hörschel;Germany;Hörschel, Germany;51.0054262;10.230899;170 km;Imported from marathon.de running calendar. Source listing: https://www.marathon.de/laufevent/rennsteig-staffellauf/;https://www.rennsteig-staffellauf.de/;marathon.de;https://www.rennsteig-staffellauf.de/;registration_open;medium;monthly;02.06.2026;02.07.2026;Official organizer URL reviewed from marathon.de discovery data. Live URL verification: official registration signal found and date/year signal found. Live URL verification: official registration signal and exact date signal found.;https://www.marathon.de/logos/gutsmuths-rennsteiglauf.jpg
Skatstadtmarathon;Running;13.06.2026;Altenburg;Germany;Altenburg, Germany;50.9852411;12.4340988;5 km / 13 km / 21 km / 42 km;Imported from marathon.de running calendar.;https://www.skatstadtmarathon.de/;marathon.de;https://www.skatstadtmarathon.de/;registration_open;medium;monthly;02.06.2026;02.07.2026;Official organizer URL reviewed from marathon.de discovery data. Live URL verification: official registration signal found and date/year signal found. Live URL verification: official registration signal and exact date signal found.;https://www.marathon.de/logos/skatstadtmarathon.jpg
Barmstedter Stadtlauf;Running;14.06.2026;Barmstedt;Germany;Barmstedt, Germany;53.7889203;9.7703927;5 km / 10 km / 21 km;Imported from marathon.de running calendar. Source listing: https://www.marathon.de/laufevent/barmstedter-stadtlauf/;https://bmtv.de/sportangebote/veranstaltungen/stadtlauf;marathon.de;https://bmtv.de/sportangebote/veranstaltungen/stadtlauf;registration_open;low;quarterly;02.06.2026;31.08.2026;Official organizer URL reviewed from marathon.de discovery data. Live URL verification: official registration signal found and date/year signal found. Live URL verification: official registration signal and exact date signal found.;https://www.marathon.de/kategorien/2232d51c55.jpg
Sparkassen Metropolmarathon;Running;14.06.2026;Fürth;Germany;Fürth, Germany;49.6599;8.7809;10 km / 21 km / 42 km;Imported from marathon.de running calendar.;https://metropolmarathon.de/;marathon.de;https://metropolmarathon.de/;registration_open;medium;monthly;02.06.2026;02.07.2026;Official organizer URL reviewed from marathon.de discovery data. Live URL verification: official registration signal found and date/year signal found. Live URL verification: official registration signal and exact date signal found. Location QA: coordinates repaired using city geocoding (Fürth, Germany).;https://www.marathon.de/logos/metropolmarathon-fuerth.jpg
Sababurger Tierparklauf;Running;21.06.2026;Hofgeismar-Sababurg;Germany;Hofgeismar-Sababurg, Germany;51.4972178;9.4280731;5 km / 10 km / 21 km;Imported from marathon.de running calendar. Source listing: https://www.marathon.de/laufevent/sababurger-tierparklauf/;https://www.tierparklauf.de/start/;marathon.de;https://www.tierparklauf.de/start/;registration_open;low;quarterly;02.06.2026;31.08.2026;Official organizer URL reviewed from marathon.de discovery data. Live URL verification: official registration signal found and date/year signal found. Live URL verification: official registration signal and exact date signal found.;https://www.marathon.de/kategorien/2232d51c55.jpg
Melibokuslauf;Running;14.06.2026;Alsbach-Hähnlein;Germany;Alsbach-Hähnlein, Germany;49.7383506;8.5950049;10 km / 20 km;Imported from marathon.de running calendar. Source listing: https://www.marathon.de/laufevent/melibokuslauf/;https://tv-alsbach.de/melibokuslauf/;marathon.de;https://tv-alsbach.de/melibokuslauf/;registration_open;low;quarterly;02.06.2026;31.08.2026;Official organizer URL reviewed from marathon.de discovery data. Live URL verification: official registration signal found and date/year signal found. Live URL verification: official registration signal and exact date signal found.;https://www.marathon.de/kategorien/06527d7ce5.jpg
Draisinenlauf Altenglan;Running;21.06.2026;Altenglan;Germany;Altenglan, Germany;49.5536508;7.4610041;21 km;Imported from marathon.de running calendar. Source listing: https://www.marathon.de/laufevent/draisinenlauf-altenglan/;https://lsc-kusel.de/draisinenlauf/;marathon.de;https://lsc-kusel.de/draisinenlauf/;registration_open;low;quarterly;02.06.2026;31.08.2026;Official organizer URL reviewed from marathon.de discovery data. Live URL verification: official registration signal found and date/year signal found. Live URL verification: official registration signal and exact date signal found.;https://www.marathon.de/kategorien/2232d51c55.jpg
Fichtelgebirgsmarathon;Running;04.07.2026;Bad Alexandersbad;Germany;Bad Alexandersbad, Germany;50.0110866;12.0241501;10 km / 21 km / 42 km;Imported from marathon.de running calendar.;https://fichtelgebirgsmarathon.de/;marathon.de;https://fichtelgebirgsmarathon.de/;registration_open;medium;monthly;02.06.2026;02.07.2026;Official organizer URL reviewed from marathon.de discovery data. Live URL verification: official registration signal found and date/year signal found. Live URL verification: official registration signal and exact date signal found.;https://www.marathon.de/logos/fichtelgebirgsmarathon.jpg
Montafon Arlberg Marathon;Running;27.06.2026;St. Anton am Arlberg;Austria;St. Anton am Arlberg, Austria;47.1288996;10.2663669;15 km / 33 km / 42 km;Imported from marathon.de running calendar. Source listing: https://www.marathon.de/laufevent/montafon-arlberg-marathon/;https://www.montafon.at/montafon-arlberg-marathon/de;marathon.de;https://www.montafon.at/montafon-arlberg-marathon/de;registration_open;medium;monthly;02.06.2026;02.07.2026;Official organizer URL reviewed from marathon.de discovery data. Live URL verification: official registration signal found and date/year signal found. Live URL verification: official registration signal and exact date signal found.;https://www.marathon.de/logos/montafon-arlberg-marathon.jpg
Flechtkulturlauf Obermain;Running;20.06.2026;Lichtenfels;Germany;Lichtenfels, Germany;50.1315263;11.0839299;5 km / 10 km;Imported from marathon.de running calendar. Source listing: https://www.marathon.de/laufevent/flechtkulturlauf-obermain/;https://ascburgberg.de/flechtkulturlauf;marathon.de;https://ascburgberg.de/flechtkulturlauf;registration_open;low;quarterly;02.06.2026;31.08.2026;Official organizer URL reviewed from marathon.de discovery data. Live URL verification: official registration signal found and date/year signal found. Live URL verification: official registration signal and exact date signal found.;https://www.marathon.de/kategorien/2232d51c55.jpg
Remmers-Hasetal Marathon;Running;27.06.2026;Löningen;Germany;Löningen, Germany;52.7363493;7.7570655;5 km / 10 km / 21 km / 42 km;Imported from marathon.de running calendar.;https://remmers-hasetal-marathon.de/;marathon.de;https://remmers-hasetal-marathon.de/;registration_open;medium;monthly;02.06.2026;02.07.2026;Official organizer URL reviewed from marathon.de discovery data. Live URL verification: official registration signal found and date/year signal found. Live URL verification: official registration signal and exact date signal found.;https://www.marathon.de/logos/remmers-hasetal-marathon.jpg
Gornergrat Zermatt Marathon;Ultramarathon;04.07.2026;St. Niklaus;Switzerland;St. Niklaus, Switzerland;46.177002;7.802516;21 km / 22 km / 42 km / 46 km;Imported from marathon.de running calendar. Source listing: https://www.marathon.de/laufevent/zermatt-marathon/;https://www.zermattmarathon.ch/de;marathon.de;https://www.zermattmarathon.ch/de;registration_open;medium;monthly;02.06.2026;02.07.2026;Official organizer URL reviewed from marathon.de discovery data. Live URL verification: official registration signal found and date/year signal found. Live URL verification: official registration signal and exact date signal found.;https://www.marathon.de/logos/zermatt-marathon.jpg
Roruper Abendlauf;Running;10.07.2026;Dülmen-Rorup;Germany;Dülmen-Rorup, Germany;51.8283677;7.2791406;3 km / 10 km / 21 km;Imported from marathon.de running calendar. Source listing: https://www.marathon.de/laufevent/roruper-abendlauf/;https://www.rorup.net/lauftreff/;marathon.de;https://www.rorup.net/lauftreff/;registration_open;low;quarterly;02.06.2026;31.08.2026;Official organizer URL reviewed from marathon.de discovery data. Live URL verification: official registration signal found and date/year signal found. Live URL verification: official registration signal and exact date signal found.;https://www.marathon.de/kategorien/2232d51c55.jpg
Eselsburger-Tal-Lauf;Running;05.07.2026;Herbrechtingen;Germany;Herbrechtingen, Germany;48.6226932;10.1761696;5 km / 10 km / 21 km;Imported from marathon.de running calendar. Source listing: https://www.marathon.de/laufevent/eselsburger-tal-lauf/;https://www.lauftreff-herbrechtingen.de/;marathon.de;https://www.lauftreff-herbrechtingen.de/;registration_open;low;quarterly;02.06.2026;31.08.2026;Official organizer URL reviewed from marathon.de discovery data. Live URL verification: official registration signal found and date/year signal found. Live URL verification: official registration signal and exact date signal found.;https://www.marathon.de/kategorien/2232d51c55.jpg
ProPotsdam Schlösserlauf;Running;07.06.2026;Potsdam;Germany;Potsdam, Germany;52.4009309;13.0591397;10 km / 21 km;Imported from marathon.de running calendar. Source listing: https://www.marathon.de/laufevent/propotsdam-schloesserlauf/;https://potsdam-schloesserlauf.de/;marathon.de;https://potsdam-schloesserlauf.de/;registration_open;low;quarterly;02.06.2026;31.08.2026;Official organizer URL reviewed from marathon.de discovery data. Live URL verification: official registration signal found and date/year signal found. Live URL verification: official registration signal and exact date signal found.;https://www.marathon.de/kategorien/2232d51c55.jpg
SportScheck RUN München;Running;05.07.2026;München;Germany;München, Germany;48.1371079;11.5753822;5 km / 10 km / 21 km;Imported from marathon.de running calendar. Source listing: https://www.marathon.de/laufevent/sportscheck-run-muenchen/;https://www.sportscheck.com/run.html;marathon.de;https://www.sportscheck.com/run.html;registration_open;low;quarterly;02.06.2026;31.08.2026;Official organizer URL reviewed from marathon.de discovery data. Live URL verification: official registration signal found and date/year signal found. Live URL verification: official registration signal and exact date signal found.;https://www.marathon.de/logos/sportscheck-run-muenchen.jpg
Gletschermarathon Pitztal;Running;05.07.2026;Sankt Leonhard im Pitztal;Austria;Mandarfen, Sankt Leonhard im Pitztal, Tirol, Austria;46.9686284;10.8709246;6 km / 21 km / 42 km;Imported from marathon.de running calendar. Source listing: https://www.marathon.de/laufevent/gletschermarathon-pitztal/;https://www.pitztal.com/de/gletschermarathon.html;marathon.de;https://www.pitztal.com/de/gletschermarathon.html;registration_open;medium;monthly;02.06.2026;02.07.2026;"Official organizer URL reviewed from marathon.de discovery data. Live URL verification: official registration signal found and date/year signal found. Live URL verification: official registration signal and exact date signal found. Manual QA correction: Pitztal glacier marathon start area belongs to Mandarfen/St. Leonhard im Pitztal, Austria; previous Austria geocode pointed to the wrong St. Leonhard.";https://www.marathon.de/logos/gletschermarathon-pitztal.jpg
Ermstal-Marathon;Running;12.07.2026;Metzingen;Germany;Metzingen, Germany;48.5397247;9.2831201;8 km / 10 km / 21 km / 42 km;Imported from marathon.de running calendar.;https://www.ermstal-marathon.de/;marathon.de;https://www.ermstal-marathon.de/;registration_open;medium;monthly;02.06.2026;02.07.2026;Official organizer URL reviewed from marathon.de discovery data. Live URL verification: official registration signal found and date/year signal found. Live URL verification: official registration signal and exact date signal found.;https://www.marathon.de/kategorien/9df6b59342.jpg
Heizomat Altmühlseelauf;Running;18.07.2026;Gunzenhausen;Germany;Gunzenhausen, Germany;49.1161362;10.7406852;7 km / 21 km;Imported from marathon.de running calendar. Source listing: https://www.marathon.de/laufevent/altmuehlseelauf/;https://www.altmuehlseelauf.de/;marathon.de;https://www.altmuehlseelauf.de/;registration_open;low;quarterly;02.06.2026;31.08.2026;Official organizer URL reviewed from marathon.de discovery data. Live URL verification: official registration signal found and date/year signal found. Live URL verification: official registration signal and exact date signal found.;https://www.marathon.de/kategorien/2232d51c55.jpg
Küstenkanallauf;Running;04.07.2026;Friesoythe/Kampe;Germany;Friesoythe/Kampe, Germany;53.0847318;7.854147;6 km / 11 km / 22 km;Imported from marathon.de running calendar. Source listing: https://www.marathon.de/laufevent/kuestenkanallauf/;https://www.kc-ikenbruegge.de/;marathon.de;https://www.kc-ikenbruegge.de/;registration_open;low;quarterly;02.06.2026;31.08.2026;Official organizer URL reviewed from marathon.de discovery data. Live URL verification: official registration signal found and date/year signal found. Live URL verification: official registration signal and exact date signal found.;https://www.marathon.de/kategorien/2232d51c55.jpg
Ottonenlauf;Ultramarathon;01.08.2026;Alexisbad;Germany;Alexisbad, Germany;51.6499442;11.1165337;26 km / 45 km / 69 km;Imported from marathon.de running calendar. Source listing: https://www.marathon.de/laufevent/ottonenlauf/;https://www.ottonenlauf.info/;marathon.de;https://www.ottonenlauf.info/;registration_open;medium;monthly;02.06.2026;02.07.2026;Official organizer URL reviewed from marathon.de discovery data. Live URL verification: official registration signal found and date/year signal found. Live URL verification: official registration signal and exact date signal found.;https://www.marathon.de/kategorien/b8921e67a0.jpg
Altmühl-Jura Halbmarathon;Running;26.07.2026;Greding;Germany;Greding, Germany;49.0666571;11.3398301;5 km / 10 km / 21 km;Imported from marathon.de running calendar. Source listing: https://www.marathon.de/laufevent/altmuehl-jura-halbmarathon/;https://www.greding.de/aj-halbmarathon/;marathon.de;https://www.greding.de/aj-halbmarathon/;registration_open;medium;monthly;02.06.2026;02.07.2026;Official organizer URL reviewed from marathon.de discovery data. Live URL verification: official registration signal found and date/year signal found. Live URL verification: official registration signal and exact date signal found.;https://www.marathon.de/kategorien/2232d51c55.jpg
Rheingauer Halbmarathon;Running;26.07.2026;Oestrich-Winkel;Germany;Oestrich-Winkel, Germany;50.0071863;8.0167585;5 km / 10 km / 21 km;Imported from marathon.de running calendar. Source listing: https://www.marathon.de/laufevent/rheingauer-halbmarathon/;https://www.rieslinglauf.de/;marathon.de;https://www.rieslinglauf.de/;registration_open;medium;monthly;02.06.2026;02.07.2026;Official organizer URL reviewed from marathon.de discovery data. Live URL verification: official registration signal found and date/year signal found. Live URL verification: official registration signal and exact date signal found.;https://www.marathon.de/kategorien/2232d51c55.jpg
Marburger Nachtmarathon;Running;03.07.2026;Marburg;Germany;Marburg, Germany;50.8090106;8.7704695;10 km, Half Marathon, Marathon;Imported from marathon.de running calendar. Source listing: https://www.marathon.de/laufevent/marburger-nachtmarathon/;https://ultra-marburg.de/nachtmarathon/;marathon.de + Kilometerliebe Discovery;https://ultra-marburg.de/nachtmarathon/;registration_open;medium;monthly;02.06.2026;02.07.2026;Official organizer URL discovered from Kilometerliebe listing. Live URL verification: official registration signal found and date/year signal found. Live URL verification: official registration signal and exact date signal found.;https://www.marathon.de/kategorien/9df6b59342.jpg
Wilhelmsfelder Kerwelauf;Running;05.07.2026;Wilhelmsfeld;Germany;Wilhelmsfeld, Germany;49.4626013;8.7632568;6 km / 10 km / 21 km;Imported from marathon.de running calendar. Source listing: https://www.marathon.de/laufevent/wilhelmsfelder-kerwelauf/;https://kerwelauf.de/;marathon.de;https://kerwelauf.de/;registration_open;low;quarterly;02.06.2026;31.08.2026;Official organizer URL reviewed from marathon.de discovery data. Live URL verification: official registration signal found and date/year signal found. Live URL verification: official registration signal and exact date signal found.;https://www.marathon.de/kategorien/2232d51c55.jpg
Marathon rund um Wellen;Running;02.08.2026;Wellen;Germany;Wellen, Germany;49.6692928;6.4334568;5 km / 11 km / 21 km / 42 km;Imported from marathon.de running calendar.;https://www.wellen-marathon.de/;marathon.de;https://www.wellen-marathon.de/;registration_open;medium;monthly;02.06.2026;02.07.2026;Official organizer URL reviewed from marathon.de discovery data. Live URL verification: official registration signal found and date/year signal found. Live URL verification: official registration signal and exact date signal found.;https://www.marathon.de/kategorien/9df6b59342.jpg
Kapellenlauf Vorra;Running;02.08.2026;Frensdorf;Germany;Frensdorf, Germany;49.8091858;10.8699018;10 km / 21 km;Imported from marathon.de running calendar. Source listing: https://www.marathon.de/laufevent/kapellenlauf-vorra/;https://www.laufclub-vorra.de/;marathon.de;https://www.laufclub-vorra.de/;registration_open;low;quarterly;02.06.2026;31.08.2026;Official organizer URL reviewed from marathon.de discovery data. Live URL verification: official registration signal found and date/year signal found. Live URL verification: official registration signal and exact date signal found.;https://www.marathon.de/kategorien/2232d51c55.jpg
Eilenriederennen Hannover;Running;30.08.2026;Hannover;Germany;Hannover, Germany;52.3744779;9.7385532;5 km / 10 km / 21 km;Imported from marathon.de running calendar. Source listing: https://www.marathon.de/laufevent/eilenriederennen-hannover/;https://www.eilenriederennen.de/;marathon.de;https://www.eilenriederennen.de/;registration_open;low;quarterly;02.06.2026;31.08.2026;Official organizer URL reviewed from marathon.de discovery data. Live URL verification: official registration signal found and date/year signal found. Live URL verification: official registration signal and exact date signal found.;https://www.marathon.de/kategorien/2232d51c55.jpg
FlorSTADT Halbmarathon;Running;23.08.2026;Florstadt;Germany;Florstadt, Germany;50.3200881;8.9050064;5 km / 10 km / 21 km;Imported from marathon.de running calendar. Source listing: https://www.marathon.de/laufevent/florstadt-halbmarathon/;https://ltflorstadt.de/halbmarathon;marathon.de;https://ltflorstadt.de/halbmarathon;registration_open;medium;monthly;02.06.2026;02.07.2026;Official organizer URL reviewed from marathon.de discovery data. Live URL verification: official registration signal found and date/year signal found. Live URL verification: official registration signal and exact date signal found.;https://www.marathon.de/kategorien/2232d51c55.jpg
Borkumer Meilenlauf;Running;05.09.2026;Borkum;Germany;Borkum, Germany;53.5862669;6.6917449;5 km / 10 km;Imported from marathon.de running calendar. Source listing: https://www.marathon.de/laufevent/borkumer-meilenlauf/;https://www.borkumer-meilenlauf.de/;marathon.de;https://www.borkumer-meilenlauf.de/;registration_open;low;quarterly;02.06.2026;31.08.2026;Official organizer URL reviewed from marathon.de discovery data. Live URL verification: official registration signal found and date/year signal found. Live URL verification: official registration signal and exact date signal found.;https://www.marathon.de/kategorien/9d67eb951b.jpg
Rosengartenlauf;Ultramarathon;23.08.2026;Rosengarten-Vahrendorf;Germany;Rosengarten-Vahrendorf, Germany;52.474505;8.009533;5 km / 10 km / 21 km / 50 km;Imported from marathon.de running calendar. Source listing: https://www.marathon.de/laufevent/rosengartenlauf/;https://rosengartenlauf.de/;marathon.de;https://rosengartenlauf.de/;registration_open;medium;monthly;02.06.2026;02.07.2026;Official organizer URL reviewed from marathon.de discovery data. Live URL verification: official registration signal found and date/year signal found. Live URL verification: official registration signal and exact date signal found. Location QA: coordinates repaired using city geocoding (Rosengarten-Vahrendorf, Germany).;https://www.marathon.de/kategorien/2232d51c55.jpg
Jungfrau Marathon;Running;04.09.2026;Interlaken;Switzerland;Interlaken, Switzerland;46.6855231;7.8585139;42 km;Imported from marathon.de running calendar. Source listing: https://www.marathon.de/laufevent/jungfrau-marathon/;https://www.jungfrau-marathon.ch/de/index.html;marathon.de;https://www.jungfrau-marathon.ch/de/index.html;registration_open;medium;monthly;02.06.2026;02.07.2026;Official organizer URL reviewed from marathon.de discovery data. Live URL verification: official registration signal found and date/year signal found. Live URL verification: official registration signal and exact date signal found.;https://www.marathon.de/logos/jungfrau-marathon.jpg
Steinhuder-Meer-Lauf;Running;05.09.2026;Neustadt am Rübenberge;Germany;Neustadt am Rübenberge, Germany;52.5045772;9.4616921;5 km / 10 km / 21 km;Imported from marathon.de running calendar. Source listing: https://www.marathon.de/laufevent/steinhuder-meer-lauf/;https://www.tsv-poggenhagen1946.de/;marathon.de;https://www.tsv-poggenhagen1946.de/;registration_open;low;quarterly;02.06.2026;31.08.2026;Official organizer URL reviewed from marathon.de discovery data. Live URL verification: official registration signal found and date/year signal found. Live URL verification: official registration signal and exact date signal found.;https://www.marathon.de/kategorien/2232d51c55.jpg
City Marathon Bremerhaven;Running;06.09.2026;Bremerhaven;Germany;Bremerhaven, Germany;53.5505392;8.5851945;7 km / 10 km / 21 km / 42 km;Imported from marathon.de running calendar.;https://www.bremerhaven-marathon.de/;marathon.de;https://www.bremerhaven-marathon.de/;registration_open;medium;monthly;02.06.2026;02.07.2026;Official organizer URL reviewed from marathon.de discovery data. Live URL verification: official registration signal found and date/year signal found. Live URL verification: official registration signal and exact date signal found.;https://www.marathon.de/kategorien/9df6b59342.jpg
BORSIG Halbmarathon;Running;06.09.2026;Berlin;Germany;Berlin, Germany;52.5173885;13.3951309;5 km / 10 km / 21 km;Imported from marathon.de running calendar.;https://borsighalbmarathon.de/;marathon.de;https://borsighalbmarathon.de/;registration_open;medium;monthly;02.06.2026;02.07.2026;Official organizer URL reviewed from marathon.de discovery data. Live URL verification: official registration signal found and date/year signal found. Live URL verification: official registration signal and exact date signal found.;https://www.marathon.de/kategorien/2232d51c55.jpg
Koberstädter Waldmarathon;Running;30.08.2026;Egelsbach;Germany;Egelsbach, Germany;49.9668352;8.6659289;10 km / 21 km;Imported from marathon.de running calendar.;https://www.koberstaedter-marathon.de/;marathon.de;https://www.koberstaedter-marathon.de/;registration_open;medium;monthly;02.06.2026;02.07.2026;Official organizer URL reviewed from marathon.de discovery data. Live URL verification: official registration signal found and date/year signal found. Live URL verification: official registration signal and exact date signal found.;https://www.marathon.de/logos/koberstaedter-waldmarathon.jpg
Burgwald Märchen Marathon;Running;30.08.2026;Rauschenberg;Germany;Rauschenberg, Germany;50.9089878;8.8864674;5 km / 10 km / 21 km / 32 km;Imported from marathon.de running calendar. Source listing: https://www.marathon.de/laufevent/burgwald-maerchen-marathon/;https://bmm-rauschenberg.de/;marathon.de;https://bmm-rauschenberg.de/;registration_open;medium;monthly;02.06.2026;02.07.2026;Official organizer URL reviewed from marathon.de discovery data. Live URL verification: official registration signal found and date/year signal found. Live URL verification: official registration signal and exact date signal found.;https://www.marathon.de/kategorien/9df6b59342.jpg
Fehmarn Marathon;Running;05.09.2026;Fehmarn;Germany;Fehmarn, Germany;54.4685201;11.1342465;5 km / 11 km / 21 km / 42 km;Imported from marathon.de running calendar.;https://fehmarn-marathon.de/;marathon.de;https://fehmarn-marathon.de/;registration_open;medium;monthly;02.06.2026;02.07.2026;Official organizer URL reviewed from marathon.de discovery data. Live URL verification: official registration signal found and date/year signal found. Live URL verification: official registration signal and exact date signal found.;https://www.marathon.de/kategorien/9df6b59342.jpg
Flensburg liebt dich Marathon;Running;06.09.2026;Flensburg;Germany;Flensburg, Germany;54.7833021;9.4333264;5 km / 10 km / 21 km / 42 km;Imported from marathon.de running calendar.;https://flensburg-marathon.de/;marathon.de;https://flensburg-marathon.de/;registration_open;medium;monthly;02.06.2026;02.07.2026;Official organizer URL reviewed from marathon.de discovery data. Live URL verification: official registration signal found and date/year signal found. Live URL verification: official registration signal and exact date signal found.;https://www.marathon.de/logos/flensburg-marathon.jpg
swb Bremen Marathon;Running;13.09.2026;Bremen;Germany;Bremen, Germany;53.0758196;8.8071646;10 km / 21 km / 42 km;Imported from marathon.de running calendar. Source listing: https://www.marathon.de/laufevent/bremen-marathon/;https://swb-marathon.com/;marathon.de;https://swb-marathon.com/;registration_open;medium;monthly;02.06.2026;02.07.2026;Official organizer URL reviewed from marathon.de discovery data. Live URL verification: official registration signal found and date/year signal found. Live URL verification: official registration signal and exact date signal found.;https://www.marathon.de/kategorien/9df6b59342.jpg
Fränkische Schweiz Marathon;Running;06.09.2026;Ebermannstadt;Germany;Ebermannstadt, Germany;49.7802113;11.1875112;10 km / 21 km / 42 km;Imported from marathon.de running calendar.;https://www.fs-marathon.de/;marathon.de;https://www.fs-marathon.de/;registration_open;medium;monthly;02.06.2026;02.07.2026;Official organizer URL reviewed from marathon.de discovery data. Live URL verification: official registration signal found and date/year signal found. Live URL verification: official registration signal and exact date signal found.;https://www.marathon.de/logos/fraenkische-schweiz-marathon.jpg
Pfälzerwald Marathon;Running;12.09.2026;Pirmasens;Germany;Pirmasens, Germany;49.1996961;7.6087847;21 km / 42 km;Imported from marathon.de running calendar.;https://www.pfaelzerwald-marathon.de/;marathon.de;https://www.pfaelzerwald-marathon.de/;registration_open;medium;monthly;02.06.2026;02.07.2026;Official organizer URL reviewed from marathon.de discovery data. Live URL verification: official registration signal found and date/year signal found. Live URL verification: official registration signal and exact date signal found.;https://www.marathon.de/kategorien/9df6b59342.jpg
wep-Strom Lauf;Running;13.09.2026;Hückelhoven;Germany;Hückelhoven, Germany;51.0552368;6.2247322;5 km / 10 km / 21 km / 42 km;Imported from marathon.de running calendar. Source listing: https://www.marathon.de/laufevent/wep-strom-lauf/;http://www.wepstrom-lauf.de/;marathon.de;http://www.wepstrom-lauf.de/;registration_open;low;quarterly;02.06.2026;31.08.2026;Official organizer URL reviewed from marathon.de discovery data. Live URL verification: official registration signal found and date/year signal found. Live URL verification: official registration signal and exact date signal found.;https://www.marathon.de/kategorien/9df6b59342.jpg
Friedberger Halbmarathon;Running;13.09.2026;Friedberg i.Bayern;Germany;Friedberg i.Bayern, Germany;48.3551962;10.9786498;21 km;Imported from marathon.de running calendar. Source listing: https://www.marathon.de/laufevent/friedberger-halbmarathon/;https://www.halbmarathon-friedberg.de/;marathon.de;https://www.halbmarathon-friedberg.de/;registration_open;medium;monthly;02.06.2026;02.07.2026;Official organizer URL reviewed from marathon.de discovery data. Live URL verification: official registration signal found and date/year signal found. Live URL verification: official registration signal and exact date signal found.;https://www.marathon.de/logos/friedberger-halbmarathon.jpg
ebm-papst Marathon;Running;13.09.2026;Niedernhall;Germany;Niedernhall, Germany;49.294729;9.61617;5 km / 10 km / 21 km / 42 km;Imported from marathon.de running calendar.;https://www.ebmpapst-marathon.de/de/de/home.html;marathon.de;https://www.ebmpapst-marathon.de/de/de/home.html;registration_open;medium;monthly;02.06.2026;02.07.2026;Official organizer URL reviewed from marathon.de discovery data. Live URL verification: official registration signal found and date/year signal found. Live URL verification: official registration signal and exact date signal found.;https://www.marathon.de/logos/ebm-papst-marathon.jpg
Schweriner Fünf-Seen-Lauf;Running;04.07.2026;Schwerin;Germany;Schwerin, Germany;53.6288297;11.4148038;5 km / 10 km / 15 km / 21 km;Imported from marathon.de running calendar. Source listing: https://www.marathon.de/laufevent/schweriner-fuenf-seen-lauf/;https://www.fuenf-seen-lauf.de/;marathon.de;https://www.fuenf-seen-lauf.de/;registration_open;low;quarterly;02.06.2026;31.08.2026;Official organizer URL reviewed from marathon.de discovery data. Live URL verification: official registration signal found and date/year signal found. Live URL verification: official registration signal and exact date signal found.;https://www.marathon.de/kategorien/2232d51c55.jpg
Ahrathon Erlebnislauf;Running;13.06.2026;Bad Neuenahr-Ahrweiler;Germany;Bad Neuenahr-Ahrweiler, Germany;50.5444551;7.1186671;5 km / 12 km / 21 km / 42 km;Imported from marathon.de running calendar. Source listing: https://www.marathon.de/laufevent/ahrathon-erlebnislauf/;https://ahrathon.de/;marathon.de;https://ahrathon.de/;registration_open;low;quarterly;02.06.2026;31.08.2026;Official organizer URL reviewed from marathon.de discovery data. Live URL verification: official registration signal found and date/year signal found. Live URL verification: official registration signal and exact date signal found.;https://www.marathon.de/kategorien/9df6b59342.jpg
Schapener Volkslauf;Running;06.09.2026;Braunschweig;Germany;Braunschweig, Germany;52.2646577;10.5236066;6 km / 10 km / 21 km;Imported from marathon.de running calendar. Source listing: https://www.marathon.de/laufevent/schapener-volkslauf/;https://www.volkslauf-schapen.de/;marathon.de;https://www.volkslauf-schapen.de/;registration_open;low;quarterly;02.06.2026;31.08.2026;Official organizer URL reviewed from marathon.de discovery data. Live URL verification: official registration signal found and date/year signal found. Live URL verification: official registration signal and exact date signal found.;https://www.marathon.de/kategorien/2232d51c55.jpg
Bodensee Marathon;Running;19.09.2026;Kressbronn;Germany;Kressbronn, Germany;49.0655511;10.1378705;10 km / 21 km / 42 km;Imported from marathon.de running calendar.;https://www.bodensee-marathon.de/;marathon.de;https://www.bodensee-marathon.de/;registration_open;medium;monthly;02.06.2026;02.07.2026;Official organizer URL reviewed from marathon.de discovery data. Live URL verification: official registration signal found and date/year signal found. Live URL verification: official registration signal and exact date signal found.;https://www.marathon.de/logos/bodensee-marathon.jpg
Wachau Marathon;Running;13.09.2026;Krems;Austria;Krems, Austria;48.4108382;15.6003717;11 km / 21 km / 42 km;Imported from marathon.de running calendar. Source listing: https://www.marathon.de/laufevent/wachau-marathon/;https://www.wachaumarathon.com/;marathon.de;https://www.wachaumarathon.com/;registration_open;medium;monthly;02.06.2026;02.07.2026;Official organizer URL reviewed from marathon.de discovery data. Live URL verification: official registration signal found and date/year signal found. Live URL verification: official registration signal and exact date signal found.;https://www.marathon.de/logos/wachau-marathon.jpg
Trail Marathon Heidelberg;Ultramarathon;20.09.2026;Heidelberg;Germany;Heidelberg, Germany;49.4093582;8.694724;20 km / 30 km / 45 km;Imported from marathon.de running calendar. Source listing: https://www.marathon.de/laufevent/trail-marathon-heidelberg/;https://www.trailmarathon-heidelberg.de/;marathon.de;https://www.trailmarathon-heidelberg.de/;registration_open;medium;monthly;02.06.2026;02.07.2026;Official organizer URL reviewed from marathon.de discovery data. Live URL verification: official registration signal found and date/year signal found. Live URL verification: official registration signal and exact date signal found.;https://www.marathon.de/kategorien/06527d7ce5.jpg
Brauereienlauf;Running;19.09.2026;Litzendorf;Germany;Litzendorf, Germany;49.9123064;11.0096505;10 km / 21 km;Imported from marathon.de running calendar. Source listing: https://www.marathon.de/laufevent/brauereienlauf/;https://brauereienlauf.de/;marathon.de;https://brauereienlauf.de/;registration_open;low;quarterly;02.06.2026;31.08.2026;Official organizer URL reviewed from marathon.de discovery data. Live URL verification: official registration signal found and date/year signal found. Live URL verification: official registration signal and exact date signal found.;https://www.marathon.de/kategorien/2232d51c55.jpg
Sparkassen - Küstenmarathon;Running;20.09.2026;Otterndorf;Germany;Otterndorf, Germany;53.8073939;8.8956836;5 km / 10 km / 25 km / 42 km;Imported from marathon.de running calendar.;https://www.kuestenmarathon.de/;marathon.de;https://www.kuestenmarathon.de/;registration_open;medium;monthly;02.06.2026;02.07.2026;Official organizer URL reviewed from marathon.de discovery data. Live URL verification: official registration signal found and date/year signal found. Live URL verification: official registration signal and exact date signal found.;https://www.marathon.de/kategorien/9df6b59342.jpg
Altstadtlauf Salzwedel;Running;20.09.2026;Salzwedel;Germany;Salzwedel, Germany;52.8528456;11.1539699;5 km / 10 km / 21 km;Imported from marathon.de running calendar. Source listing: https://www.marathon.de/laufevent/altstadtlauf-salzwedel/;https://www.altstadtlauf-salzwedel.de/;marathon.de;https://www.altstadtlauf-salzwedel.de/;registration_open;low;quarterly;02.06.2026;31.08.2026;Official organizer URL reviewed from marathon.de discovery data. Live URL verification: official registration signal found and date/year signal found. Live URL verification: official registration signal and exact date signal found.;https://www.marathon.de/kategorien/2232d51c55.jpg
Schuster Tegernseelauf;Running;20.09.2026;Gmund am Tegernsee;Germany;Gmund am Tegernsee, Germany;47.750822;11.738955;5 km / 10 km / 21 km;Imported from marathon.de running calendar. Source listing: https://www.marathon.de/laufevent/tegernseelauf/;https://tegernseelauf.de/;marathon.de;https://tegernseelauf.de/;registration_open;low;quarterly;02.06.2026;31.08.2026;Official organizer URL reviewed from marathon.de discovery data. Live URL verification: official registration signal found and date/year signal found. Live URL verification: official registration signal and exact date signal found.;https://www.marathon.de/kategorien/2232d51c55.jpg
Taubertal 100;Ultramarathon;03.10.2026;Rothenburg ob der Tauber;Germany;Rothenburg ob der Tauber, Germany;49.3658042;10.1629182;50 km / 70 km / 100 km / 100 Miles;Point-to-point ultra through the Tauber Valley with 50 km, 70 km, 100 km and 100 mile race options.;https://www.taubertal100.de/;Official organizer website;https://www.taubertal100.de/;registration_open;medium;monthly;08.06.2026;08.07.2026;Official organizer website confirms the 3 October 2026 event and all four race distances.;
Baden Marathon Karlsruhe;Running;20.09.2026;Karlsruhe;Germany;Karlsruhe, Germany;49.0068705;8.4034195;14 km / 21 km / 42 km;Imported from marathon.de running calendar.;https://www.badenmarathon.de/;marathon.de;https://www.badenmarathon.de/;registration_open;medium;monthly;02.06.2026;02.07.2026;Official organizer URL reviewed from marathon.de discovery data. Live URL verification: official registration signal found and date/year signal found. Live URL verification: official registration signal and exact date signal found.;https://www.marathon.de/logos/baden-marathon.jpg
Einstein Marathon;Running;27.09.2026;Ulm;Germany;Ulm, Germany;48.3984968;9.9912458;5 km / 10 km / 21 km / 42 km;Imported from marathon.de running calendar.;https://einsteinmarathon.de/;marathon.de;https://einsteinmarathon.de/;registration_open;medium;monthly;02.06.2026;02.07.2026;Official organizer URL reviewed from marathon.de discovery data. Live URL verification: official registration signal found and date/year signal found. Live URL verification: official registration signal and exact date signal found.;https://www.marathon.de/logos/einstein-marathon.jpg
Halbmarathon Altötting;Running;20.09.2026;Altötting;Germany;Altötting, Germany;48.2268085;12.6757914;6 km / 21 km;Imported from marathon.de running calendar.;https://www.halbmarathon.de/;marathon.de;https://www.halbmarathon.de/;registration_open;medium;monthly;02.06.2026;02.07.2026;Official organizer URL reviewed from marathon.de discovery data. Live URL verification: official registration signal found and date/year signal found. Live URL verification: official registration signal and exact date signal found.;https://www.marathon.de/logos/halbmarathon-altoetting.jpg
Schwarzwald Marathon;Running;10.10.2026;Bräunlingen;Germany;Bräunlingen, Germany;47.9300645;8.448329;5 km / 10 km / 21 km / 42 km;Imported from marathon.de running calendar.;https://www.schwarzwaldmarathon.de/;marathon.de;https://www.schwarzwaldmarathon.de/;registration_open;medium;monthly;02.06.2026;02.07.2026;Official organizer URL reviewed from marathon.de discovery data. Live URL verification: official registration signal found and date/year signal found. Live URL verification: official registration signal and exact date signal found.;https://www.marathon.de/kategorien/9df6b59342.jpg
Kaisermarathon;Running;10.10.2026;Söll;Austria;Söll, Austria;47.5037676;12.1914903;42 km;Imported from marathon.de running calendar. Source listing: https://www.marathon.de/laufevent/kaisermarathon/;https://www.tourdetirol.com/;marathon.de;https://www.tourdetirol.com/;registration_open;medium;monthly;02.06.2026;02.07.2026;Official organizer URL reviewed from marathon.de discovery data. Live URL verification: official registration signal found and date/year signal found. Live URL verification: official registration signal and exact date signal found.;https://www.marathon.de/kategorien/9df6b59342.jpg
Kärntner Marathon;Ultramarathon;27.09.2026;Feldkirchen;Austria;Feldkirchen, Austria;46.7284183;14.0906473;11 km / 21 km / 42 km / 50 km;Imported from marathon.de running calendar. Source listing: https://www.marathon.de/laufevent/kaerntner-marathon/;https://internationaler-kaernten-marathon.at/;marathon.de;https://internationaler-kaernten-marathon.at/;registration_open;medium;monthly;02.06.2026;02.07.2026;Official organizer URL reviewed from marathon.de discovery data. Live URL verification: official registration signal found and date/year signal found. Live URL verification: official registration signal and exact date signal found.;https://www.marathon.de/logos/kaerntner-marathon.jpg
Fulda Marathon;Running;06.09.2026;Fulda;Germany;Fulda, Germany;50.5514658;9.6762161;5 km / 10 km / 21 km;Imported from marathon.de running calendar.;https://fulda-marathon.de/;marathon.de;https://fulda-marathon.de/;registration_open;medium;monthly;02.06.2026;02.07.2026;Official organizer URL reviewed from marathon.de discovery data. Live URL verification: official registration signal found and date/year signal found. Live URL verification: official registration signal and exact date signal found.;https://www.marathon.de/logos/fulda-marathon.jpg
Eindhoven Marathon;Running;11.10.2026;Eindhoven;Netherlands;Eindhoven, Netherlands;51.4392648;5.478633;5 km / 10 km / 21 km / 42 km;Imported from marathon.de running calendar. Source listing: https://www.marathon.de/laufevent/eindhoven-marathon/;https://asmlmarathoneindhoven.nl/en/;marathon.de;https://asmlmarathoneindhoven.nl/en/;registration_open;medium;monthly;02.06.2026;02.07.2026;Official organizer URL reviewed from marathon.de discovery data. Live URL verification: official registration signal found and date/year signal found. Live URL verification: official registration signal and exact date signal found.;https://www.marathon.de/logos/eindhoven-marathon.jpg
Graz Marathon;Running;11.10.2026;Graz;Austria;Graz, Austria;47.0708678;15.4382786;10 km / 21 km / 42 km;Imported from marathon.de running calendar. Source listing: https://www.marathon.de/laufevent/graz-marathon/;https://www.grazmarathon.at/;marathon.de;https://www.grazmarathon.at/;registration_open;medium;monthly;02.06.2026;02.07.2026;Official organizer URL reviewed from marathon.de discovery data. Live URL verification: official registration signal found and date/year signal found. Live URL verification: official registration signal and exact date signal found.;https://www.marathon.de/logos/graz-marathon.jpg
RIBE Citylauf Schwabach;Running;11.10.2026;Schwabach;Germany;Schwabach, Germany;49.3290521;11.0207677;5 km / 10 km / 21 km;Imported from marathon.de running calendar. Source listing: https://www.marathon.de/laufevent/citylauf-schwabach/;https://schwabacher-citylauf.de/;marathon.de;https://schwabacher-citylauf.de/;registration_open;low;quarterly;02.06.2026;31.08.2026;Official organizer URL reviewed from marathon.de discovery data. Live URL verification: official registration signal found and date/year signal found. Live URL verification: official registration signal and exact date signal found.;https://www.marathon.de/kategorien/2232d51c55.jpg
Marathon München by Brooks;Running;11.10.2026;München;Germany;München, Germany;48.1371079;11.5753822;10 km / 21 km / 42 km;Imported from marathon.de running calendar. Source listing: https://www.marathon.de/laufevent/muenchen-marathon/;https://marathonmuenchen.org/;marathon.de;https://marathonmuenchen.org/;registration_open;medium;monthly;02.06.2026;02.07.2026;Official organizer URL reviewed from marathon.de discovery data. Live URL verification: official registration signal found and date/year signal found. Live URL verification: official registration signal and exact date signal found.;https://www.marathon.de/kategorien/9df6b59342.jpg
Hachenburg Löwen Marathon;Running;17.10.2026;Hachenburg;Germany;Hachenburg, Germany;50.6627538;7.8253173;6 km / 11 km / 21 km;Imported from marathon.de running calendar. Source listing: https://www.marathon.de/laufevent/hachenburg-loewen-marathon/;https://www.loewenlauf-hachenburg.de/;marathon.de;https://www.loewenlauf-hachenburg.de/;registration_open;medium;monthly;02.06.2026;02.07.2026;Official organizer URL reviewed from marathon.de discovery data. Live URL verification: official registration signal found and date/year signal found. Live URL verification: official registration signal and exact date signal found.;https://www.marathon.de/kategorien/2232d51c55.jpg
Drei-Talsperren Marathon;Running;19.09.2026;Eibenstock;Germany;Eibenstock, Germany;50.4725811;12.6117135;8 km / 21 km / 42 km;Imported from marathon.de running calendar.;https://drei-talsperren-marathon.de/;marathon.de;https://drei-talsperren-marathon.de/;registration_open;medium;monthly;02.06.2026;02.07.2026;Official organizer URL reviewed from marathon.de discovery data. Live URL verification: official registration signal found and date/year signal found. Live URL verification: official registration signal and exact date signal found.;https://www.marathon.de/kategorien/9df6b59342.jpg
Leipzig RUN;Running;11.10.2026;Leipzig;Germany;Leipzig, Germany;51.3406321;12.3747329;10 km / 21 km;Imported from marathon.de running calendar. Source listing: https://www.marathon.de/laufevent/leipzig-run/;https://leipzigrun.maximalpuls.com/;marathon.de;https://leipzigrun.maximalpuls.com/;registration_open;low;quarterly;02.06.2026;31.08.2026;Official organizer URL reviewed from marathon.de discovery data. Live URL verification: official registration signal found and date/year signal found. Live URL verification: official registration signal and exact date signal found.;https://www.marathon.de/kategorien/2232d51c55.jpg
Filderstadt-Halbmarathon;Running;18.10.2026;Filderstadt;Germany;Filderstadt, Germany;48.6664;9.2199647;10 km / 21 km;Imported from marathon.de running calendar.;https://www.filderstadt-halbmarathon.de/;marathon.de;https://www.filderstadt-halbmarathon.de/;registration_open;medium;monthly;02.06.2026;02.07.2026;Official organizer URL reviewed from marathon.de discovery data. Live URL verification: official registration signal found and date/year signal found. Live URL verification: official registration signal and exact date signal found.;https://www.marathon.de/kategorien/2232d51c55.jpg
Swiss City Marathon Lucerne;Running;25.10.2026;Luzern;Switzerland;Luzern, Switzerland;47.052144;8.3058123;10 km / 21 km / 42 km;Imported from marathon.de running calendar. Source listing: https://www.marathon.de/laufevent/swiss-city-marathon-lucerne/;https://www.swisscitymarathon.ch/;marathon.de;https://www.swisscitymarathon.ch/;registration_open;medium;monthly;02.06.2026;02.07.2026;Official organizer URL reviewed from marathon.de discovery data. Live URL verification: official registration signal found and date/year signal found. Live URL verification: official registration signal and exact date signal found.;https://www.marathon.de/logos/swiss-city-marathon-lucerne.jpg
Westenergie Marathon;Running;11.10.2026;Essen;Germany;Essen, Germany;51.4582235;7.0158171;17 km / 42 km;Imported from marathon.de running calendar.;https://westenergie-marathon.de/;marathon.de;https://westenergie-marathon.de/;registration_open;medium;monthly;02.06.2026;02.07.2026;Official organizer URL reviewed from marathon.de discovery data. Live URL verification: official registration signal found and date/year signal found. Live URL verification: official registration signal and exact date signal found.;https://www.marathon.de/kategorien/9df6b59342.jpg
Braunschweiger Lauftage;Running;25.10.2026;Braunschweig;Germany;Braunschweig, Germany;52.2646577;10.5236066;5 km / 10 km / 21 km;Imported from marathon.de running calendar. Source listing: https://www.marathon.de/laufevent/braunschweiger-lauftage/;https://www.braunschweiger-lauftage.de/;marathon.de;https://www.braunschweiger-lauftage.de/;registration_open;low;quarterly;02.06.2026;31.08.2026;Official organizer URL reviewed from marathon.de discovery data. Live URL verification: official registration signal found and date/year signal found. Live URL verification: official registration signal and exact date signal found.;https://www.marathon.de/kategorien/2232d51c55.jpg
Usedom Marathon;Running;05.09.2026;Wolgast;Germany;Wolgast, Germany;54.0536473;13.7757809;21 km / 42 km;Imported from marathon.de running calendar. Source listing: https://www.marathon.de/laufevent/usedom-marathon/;https://usedom-marathon.com/;marathon.de;https://usedom-marathon.com/;registration_open;medium;monthly;02.06.2026;02.07.2026;Official organizer URL reviewed from marathon.de discovery data. Live URL verification: official registration signal found and date/year signal found. Live URL verification: official registration signal and exact date signal found.;https://www.marathon.de/logos/usedom-marathon.jpg
Aschaffenburger Sparkassen Halbmarathon;Running;04.10.2026;Aschaffenburg;Germany;Aschaffenburg, Germany;49.9706701;9.1384857;21 km;Imported from marathon.de running calendar. Source listing: https://www.marathon.de/laufevent/aschaffenburger-halbmarathon/;https://hm-ab.de/;marathon.de;https://hm-ab.de/;registration_open;medium;monthly;02.06.2026;02.07.2026;Official organizer URL reviewed from marathon.de discovery data. Live URL verification: official registration signal found and date/year signal found. Live URL verification: official registration signal and exact date signal found.;https://www.marathon.de/kategorien/2232d51c55.jpg
Chiemgau Trail Run;Ultramarathon;24.10.2026;Marquartstein;Germany;Marquartstein, Germany;47.7608226;12.4604809;10 km / 21 km / 42 km / 60 km;Imported from marathon.de running calendar. Source listing: https://www.marathon.de/laufevent/chiemgau-trail-run/;https://chiemgau-trail-run.de/;marathon.de;https://chiemgau-trail-run.de/;registration_open;medium;monthly;02.06.2026;02.07.2026;Official organizer URL reviewed from marathon.de discovery data. Live URL verification: official registration signal found and date/year signal found. Live URL verification: official registration signal and exact date signal found.;https://www.marathon.de/kategorien/06527d7ce5.jpg
Karneval Marathon Köln;Running;11.11.2026;Köln;Germany;Köln, Germany;50.938361;6.959974;42 km;Imported from marathon.de running calendar.;https://www.karneval-marathon.de/;marathon.de;https://www.karneval-marathon.de/;registration_open;medium;monthly;02.06.2026;02.07.2026;Official organizer URL reviewed from marathon.de discovery data. Live URL verification: official registration signal found and date/year signal found. Live URL verification: official registration signal and exact date signal found.;https://www.marathon.de/kategorien/9df6b59342.jpg
SportScheck RUN Nürnberg;Running;25.10.2026;Nürnberg;Germany;Nürnberg, Germany;49.453872;11.077298;6 km / 10 km / 21 km;Imported from marathon.de running calendar. Source listing: https://www.marathon.de/laufevent/sportscheck-run-nuernberg/;https://www.sportscheck.com/run.html;marathon.de;https://www.sportscheck.com/run.html;registration_open;low;quarterly;02.06.2026;31.08.2026;Official organizer URL reviewed from marathon.de discovery data. Live URL verification: official registration signal found and date/year signal found. Live URL verification: official registration signal and exact date signal found.;https://www.marathon.de/logos/sportscheck-run-nuernberg.jpg
Lausanne Marathon;Running;25.10.2026;Lausanne;Switzerland;Lausanne, Switzerland;46.5218269;6.6327025;10 km / 21 km / 42 km;Imported from marathon.de running calendar. Source listing: https://www.marathon.de/laufevent/lausanne-marathon/;https://de.lausanne-marathon.com/;marathon.de;https://de.lausanne-marathon.com/;registration_open;medium;monthly;02.06.2026;02.07.2026;Official organizer URL reviewed from marathon.de discovery data. Live URL verification: official registration signal found and date/year signal found. Live URL verification: official registration signal and exact date signal found.;https://www.marathon.de/logos/lausanne-marathon.jpg
Schloss Marienburg Marathon;Running;21.11.2026;Nordstemmen-Adensen;Germany;Nordstemmen-Adensen, Germany;52.1763239;9.729259;21 km / 42 km;Imported from marathon.de running calendar.;https://www.schloss-marienburg-marathon.de/;marathon.de;https://www.schloss-marienburg-marathon.de/;registration_open;medium;monthly;02.06.2026;02.07.2026;Official organizer URL reviewed from marathon.de discovery data. Live URL verification: official registration signal found and date/year signal found. Live URL verification: official registration signal and exact date signal found.;https://www.marathon.de/kategorien/9df6b59342.jpg
Röntgenlauf;Running;25.10.2026;Remscheid;Germany;Remscheid, Germany;51.1798706;7.1943544;5 km, 10 km, Half Marathon, Marathon;Imported from marathon.de running calendar. Source listing: https://www.marathon.de/laufevent/roentgenlauf/;https://www.roentgenlauf.de/;marathon.de + Laufrennen discovery, official organizer URL, source: https://laufrennen.de/rennseiten/24_rontgenlauf/;https://www.roentgenlauf.de/;registration_open;medium;monthly;02.06.2026;02.07.2026;Official organizer URL discovered from Laufrennen detail page. Live URL verification: official registration signal found and date/year signal found. Live URL verification: official registration signal and exact date signal found.;https://www.marathon.de/kategorien/9df6b59342.jpg
Siebengebirgsmarathon;Running;06.12.2026;Bad Honnef;Germany;Bad Honnef, Germany;50.6448582;7.2272534;21 km / 42 km;Imported from marathon.de running calendar. Source listing: https://www.marathon.de/laufevent/siebengebirgsmarathon/;https://siebengebirgsmarathon.net/;marathon.de;https://siebengebirgsmarathon.net/;registration_open;medium;monthly;02.06.2026;02.07.2026;Official organizer URL reviewed from marathon.de discovery data. Live URL verification: official registration signal found and date/year signal found. Live URL verification: official registration signal and exact date signal found.;https://www.marathon.de/kategorien/9df6b59342.jpg
Zürich Marathon;Running;11.04.2027;Zürich;Switzerland;Zürich, Switzerland;47.3744489;8.5410422;10 km / 21 km / 42 km;Imported from marathon.de running calendar. Source listing: https://www.marathon.de/laufevent/zuerich-marathon/;https://www.zuerichmarathon.ch/;marathon.de;https://www.zuerichmarathon.ch/;registration_open;medium;monthly;02.06.2026;02.07.2026;Official organizer URL reviewed from marathon.de discovery data. Live URL verification: official registration signal found and date/year signal found. Live URL verification: official registration signal and exact date signal found.;https://www.marathon.de/logos/zuerich-marathon.jpg
Falke Rothaarsteig Marathon;Running;17.10.2026;Fleckenberg;Germany;Fleckenberg, Germany;51.1325162;8.2623868;12 km / 21 km / 22 km / 42 km;Imported from marathon.de running calendar.;https://rothaarsteig-marathon.de/;marathon.de;https://rothaarsteig-marathon.de/;registration_open;medium;monthly;02.06.2026;02.07.2026;Official organizer URL reviewed from marathon.de discovery data. Live URL verification: official registration signal found and date/year signal found. Live URL verification: official registration signal and exact date signal found.;https://www.marathon.de/kategorien/9df6b59342.jpg
Oldenburg Marathon;Running;25.10.2026;Edewecht;Germany;Edewecht, Germany;53.1283992;7.9855044;5 km / 10 km / 21 km / 42 km;Imported from marathon.de running calendar.;https://oldenburg-marathon.de/;marathon.de;https://oldenburg-marathon.de/;registration_open;medium;monthly;02.06.2026;02.07.2026;Official organizer URL reviewed from marathon.de discovery data. Live URL verification: official registration signal found and date/year signal found. Live URL verification: official registration signal and exact date signal found.;https://www.marathon.de/logos/oldenburg-marathon.jpg
Mein Freiburg Marathon;Running;04.04.2027;Freiburg;Germany;Freiburg, Germany;47.9960901;7.8494005;3 km / 10 km / 21 km / 42 km;Imported from marathon.de running calendar.;https://www.mein-freiburgmarathon.de/;marathon.de;https://www.mein-freiburgmarathon.de/;registration_open;medium;monthly;02.06.2026;02.07.2026;Official organizer URL reviewed from marathon.de discovery data. Live URL verification: official registration signal found and date/year signal found. Live URL verification: official registration signal and exact date signal found.;https://www.marathon.de/logos/mein-freiburg-marathon.jpg
Winterstaffel Pulheim;Running;31.01.2027;Pulheim;Germany;Pulheim, Germany;50.9979888;6.8025409;5 km / 10 km / 21 km / 42 km;Imported from marathon.de running calendar. Source listing: https://www.marathon.de/laufevent/winterstaffel-pulheim/;https://www.winterstaffel.de/;marathon.de;https://www.winterstaffel.de/;registration_open;low;quarterly;02.06.2026;31.08.2026;Official organizer URL reviewed from marathon.de discovery data. Live URL verification: official registration signal found and date/year signal found. Live URL verification: official registration signal and exact date signal found.;https://www.marathon.de/kategorien/9df6b59342.jpg
uniper Marathon Düsseldorf;Running;18.04.2027;Düsseldorf;Germany;Düsseldorf, Germany;51.2254018;6.7763137;21 km / 42 km;Imported from marathon.de running calendar.;https://www.uniper-duesseldorfmarathon.de/;marathon.de;https://www.uniper-duesseldorfmarathon.de/;registration_open;medium;monthly;02.06.2026;02.07.2026;Official organizer URL reviewed from marathon.de discovery data. Live URL verification: official registration signal found and date/year signal found. Live URL verification: official registration signal and exact date signal found.;https://www.marathon.de/logos/duesseldorf-marathon.jpg
ADAC Marathon Hannover;Running;11.04.2027;Hannover;Germany;Trammplatz / Neues Rathaus, Hannover;52.36793;9.73772;10 km / Half Marathon / Marathon / 42.195 km;ADAC Marathon Hannover official marathon event with 10 km, half marathon and marathon distances.;https://www.marathon-hannover.de/;Official website recovery review;https://www.marathon-hannover.de/landingpage.html;registration_open;medium;monthly;03.06.2026;03.07.2026;Deduplicated Hannover Marathon and ADAC Marathon Hannover into one official-name row. Updated from Europe major marathons recovery review. Precise address geocoded with Geoapify (Trammplatz / Neues Rathaus, Hannover, Germany).;
Frauenfelder Marathon;Running;15.11.2026;Frauenfeld;Switzerland;Frauenfeld, Switzerland;47.5561915;8.8963347;21 km / 42 km;Imported from marathon.de running calendar. Source listing: https://www.marathon.de/laufevent/frauenfelder-marathon/;https://derfrauenfelder.ch/;marathon.de;https://derfrauenfelder.ch/;registration_open;medium;monthly;02.06.2026;02.07.2026;Official organizer URL reviewed from marathon.de discovery data. Live URL verification: official registration signal found and date/year signal found. Live URL verification: official registration signal and exact date signal found.;https://www.marathon.de/logos/frauenfelder-marathon.jpg
Tangermünder Elbdeichmarathon;Running;18.04.2027;Tangermünde;Germany;Tangermünde, Germany;52.5431104;11.9722524;10 km / 21 km / 42 km;Imported from marathon.de running calendar.;https://www.elbdeichmarathon.de/;marathon.de;https://www.elbdeichmarathon.de/;registration_open;medium;monthly;02.06.2026;02.07.2026;Official organizer URL reviewed from marathon.de discovery data. Live URL verification: official registration signal found and date/year signal found. Live URL verification: official registration signal and exact date signal found.;https://www.marathon.de/logos/tangermuender-elbdeichmarathon.jpg
Saaletal Marathon;Running;10.04.2027;Ramsthal;Germany;Ramsthal, Germany;50.1398945;10.0692744;10 km / 21 km / 33 km / 42 km;Imported from marathon.de running calendar.;https://saaletal-marathon.de/;marathon.de;https://saaletal-marathon.de/;registration_open;medium;monthly;02.06.2026;02.07.2026;Official organizer URL reviewed from marathon.de discovery data. Live URL verification: official registration signal found and date/year signal found. Live URL verification: official registration signal and exact date signal found.;https://www.marathon.de/logos/saaletal-marathon.jpg
Ring Running Series;Running;21.11.2026;Hockenheim;Germany;Hockenheim, Germany;49.3188892;8.5475467;21 km / 42 km;Imported from marathon.de running calendar. Source listing: https://www.marathon.de/laufevent/ring-running-series/;https://ringrunningseries.com/;marathon.de;https://ringrunningseries.com/;registration_open;low;quarterly;02.06.2026;31.08.2026;Official organizer URL reviewed from marathon.de discovery data. Live URL verification: official registration signal found and date/year signal found. Live URL verification: official registration signal and exact date signal found.;https://www.marathon.de/kategorien/9df6b59342.jpg
Rursee Marathon;Ultramarathon;08.11.2026;Simmerath;Germany;Simmerath, Germany;50.6072499;6.3005267;17 km / 42 km / 52 km;Imported from marathon.de running calendar.;https://rursee-marathon.de/;marathon.de;https://rursee-marathon.de/;registration_open;medium;monthly;02.06.2026;02.07.2026;Official organizer URL reviewed from marathon.de discovery data. Live URL verification: official registration signal found and date/year signal found. Live URL verification: official registration signal and exact date signal found.;https://www.marathon.de/logos/rursee-marathon.jpg
Salvus-Teekottenlauf;Running;23.04.2027;Emsdetten;Germany;Emsdetten, Germany;52.174687;7.5301756;5 km / 10 km / 21 km;Imported from marathon.de running calendar. Source listing: https://www.marathon.de/laufevent/teekottenlauf/;https://www.salvus-teekottenlauf.de/;marathon.de;https://www.salvus-teekottenlauf.de/;registration_open;low;quarterly;02.06.2026;31.08.2026;Official organizer URL reviewed from marathon.de discovery data. Live URL verification: official registration signal found and date/year signal found. Live URL verification: official registration signal and exact date signal found.;https://www.marathon.de/kategorien/2232d51c55.jpg
Leipzig Marathon;Running;18.04.2027;Leipzig;Germany;Leipzig, Germany;51.3406321;12.3747329;4 km / 10 km / 21 km / 42 km;Imported from marathon.de running calendar.;https://leipzigmarathon.de/;marathon.de;https://leipzigmarathon.de/;registration_open;medium;monthly;02.06.2026;02.07.2026;Official organizer URL reviewed from marathon.de discovery data. Live URL verification: official registration signal found and date/year signal found. Live URL verification: official registration signal and exact date signal found.;https://www.marathon.de/logos/leipzig-marathon.jpg
Vienna City Marathon;Running;18.04.2027;Vienna;Austria;Reichsbrücke / Wagramer Straße, Vienna;48.2317425;16.4158593;Half Marathon / Marathon / 42.195 km;Major Vienna marathon with marathon and half marathon distances.;https://www.vienna-marathon.com/;Official website recovery review;https://www.vienna-marathon.com/;registration_open;medium;monthly;03.06.2026;03.07.2026;Updated from Europe major marathons recovery review. Official organizer URL and 2027 date retained, coordinates improved to Reichsbrücke / Wagramer Straße start area. Precise address geocoded with Geoapify (Reichsbrücke / Wagramer Straße, Vienna, Austria).;
Cuxhaven Marathon;Running;02.05.2027;Cuxhaven;Germany;Cuxhaven, Germany;53.86878;8.698286;6 km / 10 km / 21 km / 32 km;Imported from marathon.de running calendar.;https://www.cuxhaven-marathon.de/;marathon.de;https://www.cuxhaven-marathon.de/;registration_open;medium;monthly;02.06.2026;02.07.2026;Official organizer URL reviewed from marathon.de discovery data. Live URL verification: official registration signal found and date/year signal found. Live URL verification: official registration signal and exact date signal found.;https://www.marathon.de/logos/cuxhaven-marathon.jpg
Obermain Marathon;Running;11.04.2027;Bad Staffelstein;Germany;Bad Staffelstein, Germany;50.1028339;10.999159;13 km / 21 km / 42 km;Imported from marathon.de running calendar.;https://www.obermain-marathon.de/;marathon.de;https://www.obermain-marathon.de/;registration_open;medium;monthly;02.06.2026;02.07.2026;Official organizer URL reviewed from marathon.de discovery data. Live URL verification: official registration signal found and date/year signal found. Live URL verification: official registration signal and exact date signal found.;https://www.marathon.de/kategorien/9df6b59342.jpg
Spreewald Marathon;Running;25.04.2027;Burg;Germany;Burg, Germany;49.9600346;6.3512069;10 km / 21 km / 42 km;Imported from marathon.de running calendar.;https://spreewaldmarathon.de/wpswm/;marathon.de;https://spreewaldmarathon.de/wpswm/;registration_open;medium;monthly;02.06.2026;02.07.2026;Official organizer URL reviewed from marathon.de discovery data. Live URL verification: official registration signal found and date/year signal found. Live URL verification: official registration signal and exact date signal found.;https://www.marathon.de/kategorien/9df6b59342.jpg
Marathon Deutsche Weinstraße;Running;02.04.2028;Bockenheim;Germany;Bockenheim, Germany;50.1233115;8.6460563;21 km / 42 km;Imported from marathon.de running calendar. Source listing: https://www.marathon.de/laufevent/marathon-deutsche-weinstrasse/;https://www.marathon-deutsche-weinstrasse.de/;marathon.de;https://www.marathon-deutsche-weinstrasse.de/;registration_open;medium;monthly;02.06.2026;02.07.2026;Official organizer URL reviewed from marathon.de discovery data. Live URL verification: official registration signal found and date/year signal found. Live URL verification: official registration signal and exact date signal found.;https://www.marathon.de/kategorien/9df6b59342.jpg
9. Super-Cross-Sprint Triathlon;Triathlon;07.06.2026;Merzig;Germany;Merzig, Germany;49.443;6.627;Sprint;Region: Saarland Source listing: https://www.triathlondeutschland.de/aktive/wettkaempfe/veranstaltungskalender/06-2026/9-super-cross-sprint-triathlon;http://www.tri-sport.de/;DTU Veranstaltungskalender;http://www.tri-sport.de/;registration_open;medium;monthly;02.06.2026;02.07.2026;Event source prepared for future verification. Live URL verification: official registration signal found and date/year signal found. Live URL verification: official registration signal and exact date signal found.;
PUMA Salzburg Marathon;Running;23.05.2027;Salzburg;Austria;Salzburg, Austria;47.7981346;13.0464806;5 km / 7 km / 10 km / 21 km;Imported from marathon.de running calendar. Source listing: https://www.marathon.de/laufevent/salzburg-marathon/;https://salzburg-marathon.at/de/;marathon.de;https://salzburg-marathon.at/de/;registration_open;medium;monthly;02.06.2026;02.07.2026;Official organizer URL reviewed from marathon.de discovery data. Live URL verification: official registration signal found and date/year signal found. Live URL verification: official registration signal and exact date signal found.;https://www.marathon.de/logos/salzburg-marathon.jpg
RYZON Bonn Triathlon;Triathlon;07.06.2026;Bonn;Germany;Bonn, Germany;50.74;7.113;Triathlon;Region: Nordrhein-Westfalen Source listing: https://www.triathlondeutschland.de/aktive/wettkaempfe/veranstaltungskalender/06-2026/ryzon-bonn-triathlon;https://www.bonn-triathlon.de/;DTU Veranstaltungskalender;https://www.bonn-triathlon.de/;registration_open;medium;monthly;02.06.2026;02.07.2026;Event source prepared for future verification. Live URL verification: official registration signal found and date/year signal found. Live URL verification: official registration signal and exact date signal found.;
17. Burgwald-Triathlon;Triathlon;07.06.2026;Burgwald;Germany;Burgwald, Germany;51.022;8.807;Triathlon;Region: Hessen Source listing: https://www.triathlondeutschland.de/aktive/wettkaempfe/veranstaltungskalender/06-2026/17-burgwald-triathlon;http://www.burgwald-triathlon.de/;DTU Veranstaltungskalender;http://www.burgwald-triathlon.de/;registration_open;medium;monthly;02.06.2026;02.07.2026;Event source prepared for future verification. Live URL verification: official registration signal found and date/year signal found. Live URL verification: official registration signal and exact date signal found.;
16. GSYSTEMS-Koberbachtal-Triathlon - OD & JD;Triathlon;06.06.2026;Werdau/ OT Langenhessen;Germany;Werdau/ OT Langenhessen, Germany;50.746;12.414;Olympic;Region: Sachsen Source listing: https://www.triathlondeutschland.de/aktive/wettkaempfe/veranstaltungskalender/06-2026/16-gsystems-koberbachtal-triathlon-od-jd;https://www.koberbachtal-triathlon.de/;DTU Veranstaltungskalender;https://www.koberbachtal-triathlon.de/;registration_open;medium;monthly;02.06.2026;02.07.2026;Event source prepared for future verification. Live URL verification: official registration signal found and date/year signal found. Live URL verification: official registration signal and exact date signal found.;
Enni Triathlon Moers;Triathlon;07.06.2026;Moers;Germany;Moers, Germany;51.438;6.622;Triathlon;Region: Nordrhein-Westfalen Source listing: https://www.triathlondeutschland.de/aktive/wettkaempfe/veranstaltungskalender/06-2026/enni-triathlon-moers;https://www.enni-triathlon.de/;DTU Veranstaltungskalender;https://www.enni-triathlon.de/;registration_open;medium;monthly;02.06.2026;02.07.2026;Event source prepared for future verification. Live URL verification: official registration signal found and date/year signal found. Live URL verification: official registration signal and exact date signal found.;
24. Meerenergie Triathlon Bokeloh;Triathlon;07.06.2026;Wunstorf;Germany;Wunstorf, Germany;52.42;9.376;Triathlon;Region: Niedersachsen Source listing: https://www.triathlondeutschland.de/aktive/wettkaempfe/veranstaltungskalender/06-2026/24-meerenergie-triathlon-bokeloh;https://www.svbutteramt.de/;DTU Veranstaltungskalender;https://www.svbutteramt.de/;registration_open;medium;monthly;02.06.2026;02.07.2026;Event source prepared for future verification. Live URL verification: official registration signal found and date/year signal found. Live URL verification: official registration signal and exact date signal found.;
VR Bank Triathlon Heilbronn powered by Audi;Triathlon;14.06.2026;Heilbronn;Germany;Heilbronn, Germany;49.144;9.217;Triathlon;Region: Baden-Württemberg Source listing: https://www.triathlondeutschland.de/aktive/wettkaempfe/veranstaltungskalender/06-2026/vr-bank-triathlon-heilbronn-powered-audi;https://www.triathlon-heilbronn.de/;DTU Veranstaltungskalender;https://www.triathlon-heilbronn.de/;registration_open;medium;monthly;02.06.2026;02.07.2026;Event source prepared for future verification. Live URL verification: official registration signal found and date/year signal found. Live URL verification: official registration signal and exact date signal found.;
12. Feuchtwanger Triathlon;Triathlon;14.06.2026;Feuchtwangen;Germany;Feuchtwangen, Germany;49.161;10.325;Triathlon;Region: Bayern Source listing: https://www.triathlondeutschland.de/aktive/wettkaempfe/veranstaltungskalender/06-2026/12-feuchtwanger-triathlon;https://www.triathlon-feuchtwangen.de/;DTU Veranstaltungskalender;https://www.triathlon-feuchtwangen.de/;registration_open;medium;monthly;02.06.2026;02.07.2026;Event source prepared for future verification. Live URL verification: official registration signal found and date/year signal found. Live URL verification: official registration signal and exact date signal found.;
39. Kallmünzer Sparkassen-Triathlon;Triathlon;13.06.2026;Kallmünz;Germany;Kallmünz, Germany;49.161;11.953;Triathlon;Region: Bayern Source listing: https://www.triathlondeutschland.de/aktive/wettkaempfe/veranstaltungskalender/06-2026/39-kallmuenzer-sparkassen-triathlon;https://www.atsv-kallmuenz.de/triathlon/;DTU Veranstaltungskalender;https://www.atsv-kallmuenz.de/triathlon/;registration_open;medium;monthly;02.06.2026;02.07.2026;Event source prepared for future verification. Live URL verification: official registration signal found and date/year signal found. Live URL verification: official registration signal and exact date signal found.;
3. Oste-Triathlon Bremervörde;Triathlon;14.06.2026;Bremervörde;Germany;Bremervörde, Germany;53.49;9.146;Triathlon;Region: Niedersachsen Source listing: https://www.triathlondeutschland.de/aktive/wettkaempfe/veranstaltungskalender/06-2026/3-oste-triathlon-bremervoerde;https://www.oste-sport.de/;DTU Veranstaltungskalender;https://www.oste-sport.de/;registration_open;medium;monthly;02.06.2026;02.07.2026;Event source prepared for future verification. Live URL verification: official registration signal found and date/year signal found. Live URL verification: official registration signal and exact date signal found.;
9. Cottbuser Ostsee-Triathlon;Triathlon;14.06.2026;Teichland;Germany;Teichland, Germany;51.893;14.326;Triathlon;Region: Brandenburg Source listing: https://www.triathlondeutschland.de/aktive/wettkaempfe/veranstaltungskalender/06-2026/9-cottbuser-ostsee-triathlon;http://tsv-cottbus.de/;DTU Veranstaltungskalender;http://tsv-cottbus.de/;registration_open;medium;monthly;02.06.2026;02.07.2026;Event source prepared for future verification. Live URL verification: official registration signal found and date/year signal found. Live URL verification: official registration signal and exact date signal found.;
Havelberg Triathlon 2026;Triathlon;06.06.2026;Havelberg;Germany;Havelberg, Germany;52.829;12.067;Triathlon;Region: Sachsen-Anhalt Source listing: https://www.triathlondeutschland.de/aktive/wettkaempfe/veranstaltungskalender/06-2026/havelberg-triathlon-2026;https://www.havelbergtriathlon.de/;DTU Veranstaltungskalender;https://www.havelbergtriathlon.de/;registration_open;medium;monthly;02.06.2026;02.07.2026;Event source prepared for future verification. Live URL verification: official registration signal found and date/year signal found. Live URL verification: official registration signal and exact date signal found.;
Lifestyle Würzburg Triathlon;Triathlon;14.06.2026;Erlabrunn;Germany;Erlabrunn, Germany;49.859;9.842;Triathlon;Region: Bayern Source listing: https://www.triathlondeutschland.de/aktive/wettkaempfe/veranstaltungskalender/06-2026/lifestyle-wuerzburg-triathlon;https://www.wuerzburg-triathlon.de/;DTU Veranstaltungskalender;https://www.wuerzburg-triathlon.de/;registration_open;medium;monthly;02.06.2026;02.07.2026;Event source prepared for future verification. Live URL verification: official registration signal found and date/year signal found. Live URL verification: official registration signal and exact date signal found.;
25. Sternberger Triathlon;Triathlon;14.06.2026;Sternberg;Germany;Sternberg, Germany;53.662;11.949;Triathlon;Region: Mecklenburg-Vorpommern Source listing: https://www.triathlondeutschland.de/aktive/wettkaempfe/veranstaltungskalender/06-2026/25-sternberger-triathlon;http://www.sternberger-triathlon.de/;DTU Veranstaltungskalender;http://www.sternberger-triathlon.de/;registration_open;medium;monthly;02.06.2026;02.07.2026;Event source prepared for future verification. Live URL verification: official registration signal found and date/year signal found. Live URL verification: official registration signal and exact date signal found.;
35. Reiling-Triathlon Harsewinkel;Triathlon;07.06.2026;Harsewinkel;Germany;Harsewinkel, Germany;51.966;8.22;Triathlon;Region: Nordrhein-Westfalen Source listing: https://www.triathlondeutschland.de/aktive/wettkaempfe/veranstaltungskalender/06-2026/35-reiling-triathlon-harsewinkel;https://trispeed.de/;DTU Veranstaltungskalender;https://trispeed.de/;registration_open;medium;monthly;02.06.2026;02.07.2026;Event source prepared for future verification. Live URL verification: official registration signal found and date/year signal found. Live URL verification: official registration signal and exact date signal found.;
33. Mußbach Triathlon;Triathlon;14.06.2026;Neustadt;Germany;Neustadt, Germany;54.1029898;10.8186738;Triathlon;Region: Rheinland-Pfalz Source listing: https://www.triathlondeutschland.de/aktive/wettkaempfe/veranstaltungskalender/06-2026/33-mussbach-triathlon;https://tv-mussbach.de/;DTU Veranstaltungskalender;https://tv-mussbach.de/;registration_open;medium;monthly;02.06.2026;02.07.2026;Event source prepared for future verification. Live URL verification: official registration signal found and date/year signal found. Live URL verification: official registration signal and exact date signal found. Location QA: coordinates repaired using city geocoding (Neustadt, Germany).;
12. Ockstädter Cross Triathlon im Kirschenberg;Triathlon;20.06.2026;Friedberg-Ockstadt;Germany;Friedberg-Ockstadt, Germany;48.344218;11.003453;Triathlon;Region: Hessen Source listing: https://www.triathlondeutschland.de/aktive/wettkaempfe/veranstaltungskalender/06-2026/12-ockstaedter-cross-triathlon-im-kirschenberg;http://www.cross-triathlon-ockstadt.de/;DTU Veranstaltungskalender;http://www.cross-triathlon-ockstadt.de/;registration_open;medium;monthly;02.06.2026;02.07.2026;Event source prepared for future verification. Live URL verification: official registration signal found and date/year signal found. Live URL verification: official registration signal and exact date signal found. Location QA: coordinates repaired using city geocoding (Friedberg-Ockstadt, Germany).;
Audi Triathlon Ingolstadt powered by BÜCHL;Triathlon;14.06.2026;Ingolstadt;Germany;Ingolstadt, Germany;48.753;11.394;Triathlon;Region: Bayern Source listing: https://www.triathlondeutschland.de/aktive/wettkaempfe/veranstaltungskalender/06-2026/audi-triathlon-ingolstadt-powered-buechl;https://triathlon-ingolstadt.de/;DTU Veranstaltungskalender;https://triathlon-ingolstadt.de/;registration_open;medium;monthly;02.06.2026;02.07.2026;Event source prepared for future verification. Live URL verification: official registration signal found and date/year signal found. Live URL verification: official registration signal and exact date signal found.;
Nymphensee Triathlon;Triathlon;14.06.2026;Brieselang;Germany;Brieselang, Germany;52.584;13.018;Triathlon;Region: Brandenburg Source listing: https://www.triathlondeutschland.de/aktive/wettkaempfe/veranstaltungskalender/06-2026/nymphensee-triathlon;https://nymphensee-triathlon.de/;DTU Veranstaltungskalender;https://nymphensee-triathlon.de/;registration_open;medium;monthly;02.06.2026;02.07.2026;Event source prepared for future verification. Live URL verification: official registration signal found and date/year signal found. Live URL verification: official registration signal and exact date signal found.;
7 Türme Triathlon 2026;Triathlon;14.06.2026;Lübeck;Germany;Lübeck, Germany;53.866;10.685;Triathlon;Region: Schleswig-Holstein Source listing: https://www.triathlondeutschland.de/aktive/wettkaempfe/veranstaltungskalender/06-2026/7-tuerme-triathlon-2026;https://www.7-tuerme-triathlon.de/;DTU Veranstaltungskalender;https://www.7-tuerme-triathlon.de/;registration_open;medium;monthly;02.06.2026;02.07.2026;Event source prepared for future verification. Live URL verification: official registration signal found and date/year signal found. Live URL verification: official registration signal and exact date signal found.;
31. Stadttriathlon Erding 2026;Triathlon;14.06.2026;Erding;Germany;Erding, Germany;48.319;11.909;Triathlon;Region: Bayern Source listing: https://www.triathlondeutschland.de/aktive/wettkaempfe/veranstaltungskalender/06-2026/31-stadttriathlon-erding-2026;https://trisport-erding.de/stadttriathlon/information-stadttriathlon/;DTU Veranstaltungskalender;https://trisport-erding.de/stadttriathlon/information-stadttriathlon/;registration_open;medium;monthly;02.06.2026;02.07.2026;Event source prepared for future verification. Live URL verification: official registration signal found and date/year signal found. Live URL verification: official registration signal and exact date signal found.;
33. Steinbecker Triathlon;Triathlon;21.06.2026;Recke;Germany;Recke, Germany;52.339;7.736;Triathlon;Region: Nordrhein-Westfalen Source listing: https://www.triathlondeutschland.de/aktive/wettkaempfe/veranstaltungskalender/06-2026/33-steinbecker-triathlon;https://www.steinbeck-triathlon.de/;DTU Veranstaltungskalender;https://www.steinbeck-triathlon.de/;registration_open;medium;monthly;02.06.2026;02.07.2026;Event source prepared for future verification. Live URL verification: official registration signal found and date/year signal found. Live URL verification: official registration signal and exact date signal found.;
29. Vierlanden-Triathlon;Triathlon;21.06.2026;Hamburg;Germany;Hamburg, Germany;53.473;10.173;Triathlon;Region: Hamburg Source listing: https://www.triathlondeutschland.de/aktive/wettkaempfe/veranstaltungskalender/06-2026/29-vierlanden-triathlon;https://www.vierlanden-triathlon.de/;DTU Veranstaltungskalender;https://www.vierlanden-triathlon.de/;registration_open;medium;monthly;02.06.2026;02.07.2026;Event source prepared for future verification. Live URL verification: official registration signal found and date/year signal found. Live URL verification: official registration signal and exact date signal found.;
41. Hückeswagener Triathlon;Triathlon;21.06.2026;Hückeswagen;Germany;Hückeswagen, Germany;51.141;7.355;Triathlon;Region: Nordrhein-Westfalen Source listing: https://www.triathlondeutschland.de/aktive/wettkaempfe/veranstaltungskalender/06-2026/41-hueckeswagener-triathlon;https://atv-triathlon.de/;DTU Veranstaltungskalender;https://atv-triathlon.de/;registration_open;medium;monthly;02.06.2026;02.07.2026;Event source prepared for future verification. Live URL verification: official registration signal found and date/year signal found. Live URL verification: official registration signal and exact date signal found.;
32. Heinz Beierstorf Triathlon Stutensee;Triathlon;21.06.2026;Stutensee;Germany;Stutensee, Germany;49.068;8.476;Triathlon;Region: Baden-Württemberg Source listing: https://www.triathlondeutschland.de/aktive/wettkaempfe/veranstaltungskalender/06-2026/32-heinz-beierstorf-triathlon-stutensee;https://tsg-blankenloch.de/;DTU Veranstaltungskalender;https://tsg-blankenloch.de/;registration_open;medium;monthly;02.06.2026;02.07.2026;Event source prepared for future verification. Live URL verification: official registration signal found and date/year signal found. Live URL verification: official registration signal and exact date signal found.;
9. Lauchringer Triathlon-Nacht;Triathlon;26.06.2026;Lauchringen;Germany;Lauchringen, Germany;47.624;8.305;Triathlon;Region: Baden-Württemberg Source listing: https://www.triathlondeutschland.de/aktive/wettkaempfe/veranstaltungskalender/06-2026/9-lauchringer-triathlon-nacht;https://www.triathlon-lauchringen.de/;DTU Veranstaltungskalender;https://www.triathlon-lauchringen.de/;registration_open;medium;monthly;02.06.2026;02.07.2026;Event source prepared for future verification. Live URL verification: official registration signal found and date/year signal found. Live URL verification: official registration signal and exact date signal found.;
34. Mühlchen-Triathlon Darmstadt-Arheilgen;Triathlon;21.06.2026;Darmstadt;Germany;Darmstadt, Germany;49.901;8.668;Triathlon;Region: Hessen Source listing: https://www.triathlondeutschland.de/aktive/wettkaempfe/veranstaltungskalender/06-2026/34-muehlchen-triathlon-darmstadt-arheilgen;https://www.sg-arheilgen.de/de/sportangebot/sportangebote-und-abteilungen/triathlon/muehlchen-triathlon/;DTU Veranstaltungskalender;https://www.sg-arheilgen.de/de/sportangebot/sportangebote-und-abteilungen/triathlon/muehlchen-triathlon/;registration_open;medium;monthly;02.06.2026;02.07.2026;Event source prepared for future verification. Live URL verification: official registration signal found and date/year signal found. Live URL verification: official registration signal and exact date signal found.;
Wormser Nibelungenlauf;Running;13.09.2026;Worms;Germany;Worms, Germany;49.6302618;8.3620898;5 km / 10 km / 21 km;Imported from marathon.de running calendar. Source listing: https://www.marathon.de/laufevent/wormser-nibelungenlauf/;https://nibelungenlauf.de/;marathon.de;https://nibelungenlauf.de/;registration_open;low;quarterly;02.06.2026;31.08.2026;Official organizer URL reviewed from marathon.de discovery data. Live URL verification: official registration signal found and date/year signal found. Live URL verification: official registration signal and exact date signal found.;https://www.marathon.de/kategorien/2232d51c55.jpg
Einhorn-Triathlon Bremen;Triathlon;14.06.2026;Bremen;Germany;Bremen, Germany;53.118;8.817;Triathlon;Region: Bremen Source listing: https://www.triathlondeutschland.de/aktive/wettkaempfe/veranstaltungskalender/06-2026/einhorn-triathlon-bremen;https://triathlon-club-bremen.de/einhorn-triathlon-blog/;DTU Veranstaltungskalender;https://triathlon-club-bremen.de/einhorn-triathlon-blog/;registration_open;medium;monthly;02.06.2026;02.07.2026;Event source prepared for future verification. Live URL verification: official registration signal found and date/year signal found. Live URL verification: official registration signal and exact date signal found.;
StadtTriathlon Forchheim;Triathlon;14.06.2026;Forchheim;Germany;Forchheim, Germany;49.71;11.064;Triathlon;Region: Bayern Source listing: https://www.triathlondeutschland.de/aktive/wettkaempfe/veranstaltungskalender/06-2026/stadttriathlon-forchheim;https://stadttriathlon-forchheim.de/;DTU Veranstaltungskalender;https://stadttriathlon-forchheim.de/;registration_open;medium;monthly;02.06.2026;02.07.2026;Event source prepared for future verification. Live URL verification: official registration signal found and date/year signal found. Live URL verification: official registration signal and exact date signal found.;
SanktPauli Ultra;Ultramarathon;15.05.2027;Rotenburg/Wümme - Tostedt;Germany;Rotenburg/Wümme - Tostedt, Germany;53.28265;9.7124175;100 km;Official local running event in Rotenburg/Wümme - Tostedt. Distances: 100 km. Discovered via Kilometerliebe and linked to the official event website.;https://www.bremensanktpauli.de/infos;Kilometerliebe Discovery;https://www.bremensanktpauli.de/infos;registration_open;medium;monthly;02.06.2026;02.07.2026;Official organizer URL discovered from Kilometerliebe listing. Live URL verification: official registration signal found and date/year signal found. Live URL verification: official registration signal and exact date signal found.;
Nordhäuser Triathlon;Triathlon;21.06.2026;Nordhausen;Germany;Nordhausen, Germany;51.472;10.811;Triathlon;Region: Thüringen Source listing: https://www.triathlondeutschland.de/aktive/wettkaempfe/veranstaltungskalender/06-2026/nordhaeuser-triathlon;https://triathlon-nordhausen.de/;DTU Veranstaltungskalender;https://triathlon-nordhausen.de/;registration_open;medium;monthly;02.06.2026;02.07.2026;Event source prepared for future verification. Live URL verification: official registration signal found and date/year signal found. Live URL verification: official registration signal and exact date signal found.;
14. Neunkircher Jedermann- und Staffeltriathlon;Triathlon;21.06.2026;Neunkirchen;Germany;Neunkirchen, Germany;49.344;7.184;Triathlon;Region: Saarland Source listing: https://www.triathlondeutschland.de/aktive/wettkaempfe/veranstaltungskalender/06-2026/14-neunkircher-jedermann-und-staffeltriathlon;https://neunkircher-triathlon.de/;DTU Veranstaltungskalender;https://neunkircher-triathlon.de/;registration_open;medium;monthly;02.06.2026;02.07.2026;Event source prepared for future verification. Live URL verification: official registration signal found and date/year signal found. Live URL verification: official registration signal and exact date signal found.;
Rosenstadt-Triathlon;Triathlon;21.06.2026;Eutin;Germany;Eutin, Germany;54.137;10.619;Triathlon;Region: Schleswig-Holstein Source listing: https://www.triathlondeutschland.de/aktive/wettkaempfe/veranstaltungskalender/06-2026/rosenstadt-triathlon;https://rosenstadt-triathlon.de/;DTU Veranstaltungskalender;https://rosenstadt-triathlon.de/;registration_open;medium;monthly;02.06.2026;02.07.2026;Event source prepared for future verification. Live URL verification: official registration signal found and date/year signal found. Live URL verification: official registration signal and exact date signal found.;
41. Edersee-Triathlon;Triathlon;27.06.2026;Waldeck;Germany;Waldeck, Germany;51.208;9.065;Triathlon;Region: Hessen Source listing: https://www.triathlondeutschland.de/aktive/wettkaempfe/veranstaltungskalender/06-2026/41-edersee-triathlon;https://edersee-triathlon.de/;DTU Veranstaltungskalender;https://edersee-triathlon.de/;registration_open;medium;monthly;02.06.2026;02.07.2026;Event source prepared for future verification. Live URL verification: official registration signal found and date/year signal found. Live URL verification: official registration signal and exact date signal found.;
17. ITH-Hennesee-Triathlon;Triathlon;27.06.2026;Meschede;Germany;Meschede, Germany;51.303;8.263;Triathlon;Region: Nordrhein-Westfalen Source listing: https://www.triathlondeutschland.de/aktive/wettkaempfe/veranstaltungskalender/06-2026/17-ith-hennesee-triathlon;https://www.trifunhennesee.de/ith-hennesee-triathlon/;DTU Veranstaltungskalender;https://www.trifunhennesee.de/ith-hennesee-triathlon/;registration_open;medium;monthly;02.06.2026;02.07.2026;Event source prepared for future verification. Live URL verification: official registration signal found and date/year signal found. Live URL verification: official registration signal and exact date signal found.;
41. Lipperlandtriathlon;Triathlon;21.06.2026;Lage;Germany;Lage, Germany;51.963;8.756;Triathlon;Region: Nordrhein-Westfalen Source listing: https://www.triathlondeutschland.de/aktive/wettkaempfe/veranstaltungskalender/06-2026/41-lipperlandtriathlon;https://tglage.de/triathlon.html;DTU Veranstaltungskalender;https://tglage.de/triathlon.html;registration_open;medium;monthly;02.06.2026;02.07.2026;Event source prepared for future verification. Live URL verification: official registration signal found and date/year signal found. Live URL verification: official registration signal and exact date signal found.;
Viking Triathlon Schleswig;Triathlon;21.06.2026;Schleswig;Germany;Schleswig, Germany;54.513;9.558;Triathlon;Region: Schleswig-Holstein Source listing: https://www.triathlondeutschland.de/termine/dtu-deutsche-meisterschaften/viking-triathlon-schleswig;https://viking-triathlon.de/;DTU Veranstaltungskalender;https://viking-triathlon.de/;registration_open;medium;monthly;02.06.2026;02.07.2026;Event source prepared for future verification. Live URL verification: official registration signal found and date/year signal found. Live URL verification: official registration signal and exact date signal found.;
Allgäu-Panorama-Marathon;Running;09.08.2026;Sonthofen;Germany;Sonthofen, Germany;47.5135363;10.281931;Half Marathon, Marathon;Official local running event in Sonthofen. Distances: Half Marathon, Marathon. Discovered via Kilometerliebe and linked to the official event website.;http://www.allgaeu-panorama-marathon.de/;Kilometerliebe Discovery;http://www.allgaeu-panorama-marathon.de/;registration_open;medium;monthly;02.06.2026;02.07.2026;Official organizer URL discovered from Kilometerliebe listing. Live URL verification: official registration signal found and date/year signal found. Live URL verification: official registration signal and exact date signal found.;
Freudenstadt Grüntal 12h/24h Lauf (Herbst);Ultramarathon;03.10.2026;Freudenstadt-Grüntal;Germany;Freudenstadt-Grüntal, Germany;48.4796222;8.4683264;12h / 24h Ultramarathon;Official local running event in Freudenstadt-Grüntal. Distances: 12h / 24h Ultramarathon. Discovered via Kilometerliebe and linked to the official event website.;https://neckarlauf.com/geh-heim-lauf.html;Kilometerliebe Discovery;https://neckarlauf.com/geh-heim-lauf.html;registration_open;medium;monthly;02.06.2026;02.07.2026;Official organizer URL discovered from Kilometerliebe listing. Live URL verification: official registration signal found and date/year signal found. Live URL verification: official registration signal and exact date signal found.;
12.Mittelmosel Triathlon powered by vit:bikes Zell;Triathlon;21.06.2026;Bullay;Germany;Bullay, Germany;50.054;7.13;Triathlon;Region: Rheinland-Pfalz Source listing: https://www.triathlondeutschland.de/aktive/wettkaempfe/veranstaltungskalender/06-2026/12mittelmosel-triathlon-powered-vitbikes-zell;https://www.mittelmosel-triathlon.de/;DTU Veranstaltungskalender;https://www.mittelmosel-triathlon.de/;registration_open;medium;monthly;02.06.2026;02.07.2026;Event source prepared for future verification. Live URL verification: official registration signal found and date/year signal found. Live URL verification: official registration signal and exact date signal found.;
4. Neustädter Triathlon Sprintdistanz;Triathlon;28.06.2026;Neustadt a.d. Donau;Germany;Neustadt a.d. Donau, Germany;48.809;11.764;Triathlon;Region: Bayern Source listing: https://www.triathlondeutschland.de/aktive/wettkaempfe/veranstaltungskalender/06-2026/4-neustaedter-triathlon-sprintdistanz;https://tsv-bad-goegging.de/;DTU Veranstaltungskalender;https://tsv-bad-goegging.de/;registration_open;medium;monthly;02.06.2026;02.07.2026;Event source prepared for future verification. Live URL verification: official registration signal found and date/year signal found. Live URL verification: official registration signal and exact date signal found.;
adidas Runners City Night Berlin;Running;01.08.2026;Berlin;Germany;Berlin, Germany;52.5173885;13.3951309;5 km, 10 km;Official local running event in Berlin. Distances: 5 km, 10 km. Discovered via Kilometerliebe and linked to the official event website.;https://www.berlin-citynight.de/;Kilometerliebe Discovery;https://www.berlin-citynight.de/;registration_open;low;quarterly;02.06.2026;31.08.2026;Official organizer URL discovered from Kilometerliebe listing. Live URL verification: official registration signal found and date/year signal found. Live URL verification: official registration signal and exact date signal found.;
35. Tölzer Triathlon;Triathlon;21.06.2026;Sachsenkam;Germany;Sachsenkam, Germany;47.822;11.622;Triathlon;Region: Bayern Source listing: https://www.triathlondeutschland.de/aktive/wettkaempfe/veranstaltungskalender/06-2026/35-toelzer-triathlon;https://wsv-toelz.de/toelzer-triathlon/;DTU Veranstaltungskalender;https://wsv-toelz.de/toelzer-triathlon/;registration_open;medium;monthly;02.06.2026;02.07.2026;Event source prepared for future verification. Live URL verification: official registration signal found and date/year signal found. Live URL verification: official registration signal and exact date signal found.;
AOK Firmenlauf Reutlingen;Running;11.06.2026;Reutlingen;Germany;Reutlingen, Germany;48.4919508;9.2114144;5 km;Official local running event in Reutlingen. Distances: 5 km. Discovered via Kilometerliebe and linked to the official event website.;https://reutlingen.bw-running.de/home;Kilometerliebe Discovery;https://reutlingen.bw-running.de/home;registration_open;low;quarterly;02.06.2026;31.08.2026;Official organizer URL discovered from Kilometerliebe listing. Live URL verification: official registration signal found and date/year signal found. Live URL verification: official registration signal and exact date signal found.;
B2Run Gelsenkirchen;Running;01.09.2026;Gelsenkirchen;Germany;Gelsenkirchen, Germany;51.5110321;7.0960124;5 km;Official local running event in Gelsenkirchen. Distances: 5 km. Discovered via Kilometerliebe and linked to the official event website.;https://www.b2run.de/run/de/de/gelsenkirchen/index.html;Kilometerliebe Discovery;https://www.b2run.de/run/de/de/gelsenkirchen/index.html;registration_open;low;quarterly;02.06.2026;31.08.2026;Official organizer URL discovered from Kilometerliebe listing. Live URL verification: official registration signal found and date/year signal found. Live URL verification: official registration signal and exact date signal found.;
B2Run Koblenz;Running;26.06.2026;Koblenz;Germany;Koblenz, Germany;50.3533278;7.5943951;5 km;Official local running event in Koblenz. Distances: 5 km. Discovered via Kilometerliebe and linked to the official event website.;https://www.b2run.de/run/de/de/koblenz/index.html;Kilometerliebe Discovery;https://www.b2run.de/run/de/de/koblenz/index.html;registration_open;low;quarterly;02.06.2026;31.08.2026;Official organizer URL discovered from Kilometerliebe listing. Live URL verification: official registration signal found and date/year signal found. Live URL verification: official registration signal and exact date signal found.;
B2Run Kaiserslautern;Running;11.06.2026;Kaiserslautern;Germany;Kaiserslautern, Germany;49.4432174;7.7689951;5 km;Official local running event in Kaiserslautern. Distances: 5 km. Discovered via Kilometerliebe and linked to the official event website.;https://www.b2run.de/run/de/de/kaiserslautern/index.html;Kilometerliebe Discovery;https://www.b2run.de/run/de/de/kaiserslautern/index.html;registration_open;low;quarterly;02.06.2026;31.08.2026;Official organizer URL discovered from Kilometerliebe listing. Live URL verification: official registration signal found and date/year signal found. Live URL verification: official registration signal and exact date signal found.;
AOK-Firmenlauf Rheine;Running;26.06.2026;Rheine;Germany;Rheine, Germany;52.2797707;7.4373615;5 km;Official local running event in Rheine. Distances: 5 km. Discovered via Kilometerliebe and linked to the official event website.;https://aok-firmenlauf-rheine.de/;Kilometerliebe Discovery;https://aok-firmenlauf-rheine.de/;registration_open;low;quarterly;02.06.2026;31.08.2026;Official organizer URL discovered from Kilometerliebe listing. Live URL verification: official registration signal found and date/year signal found. Live URL verification: official registration signal and exact date signal found.;
Eversburger Gewässer Ultramarathon;Ultramarathon;06.06.2026;Osnabrück;Germany;Osnabrück, Germany;52.2719595;8.047635;45.3 km;Official local running event in Osnabrück. Distances: 45.3 km. Discovered via Kilometerliebe and linked to the official event website.;https://my.raceresult.com/381648/;Kilometerliebe Discovery;https://my.raceresult.com/381648/;registration_open;medium;monthly;02.06.2026;02.07.2026;Official organizer URL discovered from Kilometerliebe listing. Live URL verification: official registration signal found and date/year signal found. Live URL verification: official registration signal and exact date signal found.;
Badeparadies Schwarzwald Firmenlauf Villingen-Schwenningen;Running;02.07.2026;Villingen-Schwenningen;Germany;Villingen-Schwenningen, Germany;48.063152;8.4929618;5 km;Official local running event in Villingen-Schwenningen. Distances: 5 km. Discovered via Kilometerliebe and linked to the official event website.;https://firmenlauf-vs.de/;Kilometerliebe Discovery;https://firmenlauf-vs.de/;registration_open;low;quarterly;02.06.2026;31.08.2026;Official organizer URL discovered from Kilometerliebe listing. Live URL verification: official registration signal found and date/year signal found. Live URL verification: official registration signal and exact date signal found.;
TenneT POWERTRIATHLON Trebgast 2026;Triathlon;28.06.2026;Trebgast;Germany;Trebgast, Germany;50.062;11.55;Triathlon;Region: Bayern Source listing: https://www.triathlondeutschland.de/aktive/wettkaempfe/veranstaltungskalender/06-2026/tennet-powertriathlon-trebgast-2026;https://triathlon-trebgast.de/;DTU Veranstaltungskalender;https://triathlon-trebgast.de/;registration_open;medium;monthly;02.06.2026;02.07.2026;Event source prepared for future verification. Live URL verification: official registration signal found and date/year signal found. Live URL verification: official registration signal and exact date signal found.;
Sparda Münster City Triathlon 2026;Triathlon;21.06.2026;Münster;Germany;Münster, Germany;51.951;7.638;Triathlon;Region: Nordrhein-Westfalen Source listing: https://www.triathlondeutschland.de/aktive/wettkaempfe/veranstaltungskalender/06-2026/sparda-muenster-city-triathlon-2026;https://muenster-triathlon.de/;DTU Veranstaltungskalender;https://muenster-triathlon.de/;registration_open;medium;monthly;02.06.2026;02.07.2026;Event source prepared for future verification. Live URL verification: official registration signal found and date/year signal found. Live URL verification: official registration signal and exact date signal found.;
Franklin Meilenlauf Mannheim;Running;11.10.2026;Mannheim;Germany;Mannheim, Germany;49.4892913;8.4673098;10 km, Half Marathon;Official local running event in Mannheim. Distances: 10 km, Half Marathon. Discovered via Kilometerliebe and linked to the official event website.;https://www.franklin-meilenlauf.de/;Kilometerliebe Discovery;https://www.franklin-meilenlauf.de/;registration_open;medium;monthly;02.06.2026;02.07.2026;Official organizer URL discovered from Kilometerliebe listing. Live URL verification: official registration signal found and date/year signal found. Live URL verification: official registration signal and exact date signal found.;
AOK Firmenlauf Bielefeld;Running;26.08.2026;Bielefeld;Germany;Bielefeld, Germany;52.0191005;8.531007;5 km;Official local running event in Bielefeld. Distances: 5 km. Discovered via Kilometerliebe and linked to the official event website.;https://www.firmenlauf-bielefeld.com/;Kilometerliebe Discovery;https://www.firmenlauf-bielefeld.com/;registration_open;low;quarterly;02.06.2026;31.08.2026;Official organizer URL discovered from Kilometerliebe listing. Live URL verification: official registration signal found and date/year signal found. Live URL verification: official registration signal and exact date signal found.;
Fürst Carl Seenlandmarathon;Running;20.09.2026;Pleinfeld;Germany;Pleinfeld, Germany;49.1053751;10.98564;10 km, Half Marathon, Marathon;Official local running event in Pleinfeld. Distances: 10 km, Half Marathon, Marathon. Discovered via Kilometerliebe and linked to the official event website.;https://www.seenlandmarathon.de/;Kilometerliebe Discovery;https://www.seenlandmarathon.de/;registration_open;medium;monthly;02.06.2026;02.07.2026;Official organizer URL discovered from Kilometerliebe listing. Live URL verification: official registration signal found and date/year signal found. Live URL verification: official registration signal and exact date signal found.;
Haspa Halbmarathon Hamburg;Running;25.04.2027;Hamburg;Germany;Hamburg, Germany;53.5501721;10.0013165;Half Marathon;Official local running event in Hamburg. Distances: Half Marathon. Discovered via Kilometerliebe and linked to the official event website.;https://haspa-marathon-hamburg.de/halbmarathon/;Kilometerliebe Discovery;https://haspa-marathon-hamburg.de/halbmarathon/;registration_open;medium;monthly;02.06.2026;02.07.2026;Official organizer URL discovered from Kilometerliebe listing. Live URL verification: official registration signal found and date/year signal found. Live URL verification: official registration signal and exact date signal found.;
Dürener Firmenlauf;Running;12.06.2026;Düren;Germany;Düren, Germany;50.8031684;6.4820806;5 km;Official local running event in Düren. Distances: 5 km. Discovered via Kilometerliebe and linked to the official event website.;https://www.firmenlauf-dueren.de/;Kilometerliebe Discovery;https://www.firmenlauf-dueren.de/;registration_open;low;quarterly;02.06.2026;31.08.2026;Official organizer URL discovered from Kilometerliebe listing. Live URL verification: official registration signal found and date/year signal found. Live URL verification: official registration signal and exact date signal found.;
Kap-Arkona-Lauf;Running;03.10.2026;Putgarten;Germany;Putgarten, Germany;54.6728579;13.4159183;10 km, Half Marathon;Official local running event in Putgarten. Distances: 10 km, Half Marathon. Discovered via Kilometerliebe and linked to the official event website.;https://kap-arkona-lauf.de/;Kilometerliebe Discovery;https://kap-arkona-lauf.de/;registration_open;medium;monthly;02.06.2026;02.07.2026;Official organizer URL discovered from Kilometerliebe listing. Live URL verification: official registration signal found and date/year signal found. Live URL verification: official registration signal and exact date signal found.;
Haster Volkslauf Osnabrück;Running;07.06.2026;Osnabrück;Germany;Osnabrück, Germany;52.2719595;8.047635;5 km, 10 km;Official local running event in Osnabrück. Distances: 5 km, 10 km. Discovered via Kilometerliebe and linked to the official event website.;https://tushaste01.de/haster-volkslauf-copy/;Kilometerliebe Discovery;https://tushaste01.de/haster-volkslauf-copy/;registration_open;low;quarterly;02.06.2026;31.08.2026;Official organizer URL discovered from Kilometerliebe listing. Live URL verification: official registration signal found and date/year signal found. Live URL verification: official registration signal and exact date signal found.;
Gütersloh läuft;Running;08.07.2026;Gütersloh;Germany;Gütersloh, Germany;51.9063997;8.3782078;10 km;Official local running event in Gütersloh. Distances: 10 km. Discovered via Kilometerliebe and linked to the official event website.;https://guetersloh-laeuft.de/;Kilometerliebe Discovery;https://guetersloh-laeuft.de/;registration_open;low;quarterly;02.06.2026;31.08.2026;Official organizer URL discovered from Kilometerliebe listing. Live URL verification: official registration signal found and date/year signal found. Live URL verification: official registration signal and exact date signal found.;
König Ludwig Lauf Sommer;Running;26.09.2026;Oberammergau;Germany;Oberammergau, Germany;47.597344;11.0640664;10 km, Half Marathon;Official local running event in Oberammergau. Distances: 10 km, Half Marathon. Discovered via Kilometerliebe and linked to the official event website.;https://www.koenig-ludwig-lauf.com/home.html;Kilometerliebe Discovery;https://www.koenig-ludwig-lauf.com/home.html;registration_open;medium;monthly;02.06.2026;02.07.2026;Official organizer URL discovered from Kilometerliebe listing. Live URL verification: official registration signal found and date/year signal found. Live URL verification: official registration signal and exact date signal found.;
LaminatDEPOT-Lauf Velbert;Running;05.07.2026;Velbert;Germany;Velbert, Germany;51.3406713;7.0439912;10 km;Official local running event in Velbert. Distances: 10 km. Discovered via Kilometerliebe and linked to the official event website.;https://laminatdepot-lauf.de/;Kilometerliebe Discovery;https://laminatdepot-lauf.de/;registration_open;low;quarterly;02.06.2026;31.08.2026;Official organizer URL discovered from Kilometerliebe listing. Live URL verification: official registration signal found and date/year signal found. Live URL verification: official registration signal and exact date signal found.;
Firmenpuls Neuss;Running;08.09.2026;Neuss;Germany;Neuss, Germany;51.1981778;6.6916476;5 km;Official local running event in Neuss. Distances: 5 km. Discovered via Kilometerliebe and linked to the official event website.;https://www.firmenpuls.de/;Kilometerliebe Discovery;https://www.firmenpuls.de/;registration_open;low;quarterly;02.06.2026;31.08.2026;Official organizer URL discovered from Kilometerliebe listing. Live URL verification: official registration signal found and date/year signal found. Live URL verification: official registration signal and exact date signal found.;
Osnabrücker Ringweg Ultramarathon;Ultramarathon;13.06.2026;Osnabrück;Germany;Osnabrück, Germany;52.2719595;8.047635;70 km;Official local running event in Osnabrück. Distances: 70 km. Discovered via Kilometerliebe and linked to the official event website.;https://my.raceresult.com/363204/;Kilometerliebe Discovery;https://my.raceresult.com/363204/;registration_open;medium;monthly;02.06.2026;02.07.2026;Official organizer URL discovered from Kilometerliebe listing. Live URL verification: official registration signal found and date/year signal found. Live URL verification: official registration signal and exact date signal found.;
REWE Women's Run Hamburg;Running;14.06.2026;Hamburg;Germany;Hamburg, Germany;53.5501721;10.0013165;5 km, 10 km;Official local running event in Hamburg. Distances: 5 km, 10 km. Discovered via Kilometerliebe and linked to the official event website.;https://womensrun-hamburg.de/;Kilometerliebe Discovery;https://womensrun-hamburg.de/;registration_open;low;quarterly;02.06.2026;31.08.2026;Official organizer URL discovered from Kilometerliebe listing. Live URL verification: official registration signal found and date/year signal found. Live URL verification: official registration signal and exact date signal found.;
Bietigheimer Silvesterlauf;Running;31.12.2026;Bietigheim-Bissingen;Germany;Bietigheim-Bissingen, Germany;48.9493243;9.1364229;10 km;Official local running event in Bietigheim-Bissingen. Distances: 10.5 km. Discovered via Kilometerliebe and linked to the official event website.;https://www.bietigheimer-silvesterlauf.de/;Kilometerliebe Discovery + Laufrennen discovery, official organizer URL, source: https://laufrennen.de/rennseiten/bietigheimer_silvesterlauf/;https://www.bietigheimer-silvesterlauf.de/;registration_open;low;quarterly;02.06.2026;31.08.2026;Official organizer URL discovered from Laufrennen detail page. Live URL verification: official registration signal found and date/year signal found. Live URL verification: official registration signal and exact date signal found.;
Mülheimer Firmenlauf;Running;17.09.2026;Mülheim an der Ruhr;Germany;Mülheim an der Ruhr, Germany;51.4272925;6.8829192;5.6 km;Official local running event in Mülheim an der Ruhr. Distances: 5.6 km. Discovered via Kilometerliebe and linked to the official event website.;https://www.muelheimer-firmenlauf.de/;Kilometerliebe Discovery;https://www.muelheimer-firmenlauf.de/;registration_open;low;quarterly;02.06.2026;31.08.2026;Official organizer URL discovered from Kilometerliebe listing. Live URL verification: official registration signal found and date/year signal found. Live URL verification: official registration signal and exact date signal found.;
RUN & FUN Krefelder Firmenlauf;Running;02.09.2026;Krefeld;Germany;Krefeld, Germany;51.3331205;6.5623343;5 km;Official local running event in Krefeld. Distances: 5 km. Discovered via Kilometerliebe and linked to the official event website.;https://www.run-fun-kr.de/;Kilometerliebe Discovery;https://www.run-fun-kr.de/;registration_open;low;quarterly;02.06.2026;31.08.2026;Official organizer URL discovered from Kilometerliebe listing. Live URL verification: official registration signal found and date/year signal found. Live URL verification: official registration signal and exact date signal found.;
Kölner Halbmarathon;Running;30.08.2026;Köln;Germany;Köln, Germany;50.938361;6.959974;Half Marathon;Official local running event in Köln. Distances: Half Marathon. Discovered via Kilometerliebe and linked to the official event website.;https://koelner-halbmarathon.de/;Kilometerliebe Discovery;https://koelner-halbmarathon.de/;registration_open;medium;monthly;02.06.2026;02.07.2026;Official organizer URL discovered from Kilometerliebe listing. Live URL verification: official registration signal found and date/year signal found. Live URL verification: official registration signal and exact date signal found.;
Siegerländer AOK-Firmenlauf Siegen;Running;15.07.2026;Siegen;Germany;Siegen, Germany;50.8751175;8.0256131;5.5 km;Official local running event in Siegen. Distances: 5.5 km. Discovered via Kilometerliebe and linked to the official event website.;https://www.firmenlauf-siegen.de/;Kilometerliebe Discovery;https://www.firmenlauf-siegen.de/;registration_open;low;quarterly;02.06.2026;31.08.2026;Official organizer URL discovered from Kilometerliebe listing. Live URL verification: official registration signal found and date/year signal found. Live URL verification: official registration signal and exact date signal found.;
Schwebebahnlauf Wuppertal;Running;14.06.2026;Wuppertal;Germany;Wuppertal, Germany;51.264018;7.1780374;5 km, 10 km, Half Marathon;Official local running event in Wuppertal. Distances: 5 km, 10 km, Half Marathon. Discovered via Kilometerliebe and linked to the official event website.;https://schwebebahn-lauf.de/;Kilometerliebe Discovery;https://schwebebahn-lauf.de/;registration_open;medium;monthly;02.06.2026;02.07.2026;Official organizer URL discovered from Kilometerliebe listing. Live URL verification: official registration signal found and date/year signal found. Live URL verification: official registration signal and exact date signal found.;
Sparkasse 3-Länder-Marathon;Running;11.10.2026;Lindau;Germany;Lindau, Germany;54.3846451;9.9034272;5 km, 10 km, Half Marathon, Marathon;Official local running event in Lindau. Distances: 5 km, 10 km, Half Marathon, Marathon. Discovered via Kilometerliebe and linked to the official event website.;https://www.sparkasse-3-laender-marathon.at/de/home/;Kilometerliebe Discovery;https://www.sparkasse-3-laender-marathon.at/de/home/;registration_open;medium;monthly;02.06.2026;02.07.2026;Official organizer URL discovered from Kilometerliebe listing. Live URL verification: official registration signal found and date/year signal found. Live URL verification: official registration signal and exact date signal found.;
Lüneburger Firmenlauf;Running;12.06.2026;Lüneburg;Germany;Lüneburg, Germany;53.248706;10.407855;5 km;Official local running event in Lüneburg. Distances: 5 km. Discovered via Kilometerliebe and linked to the official event website.;https://fitwerft.de/;Kilometerliebe Discovery;https://fitwerft.de/;registration_open;low;quarterly;02.06.2026;31.08.2026;Official organizer URL discovered from Kilometerliebe listing. Live URL verification: official registration signal found and date/year signal found. Live URL verification: official registration signal and exact date signal found.;
Sandhofer Straßenlauf;Running;19.06.2026;Mannheim;Germany;Mannheim, Germany;49.4892913;8.4673098;10 km;Official local running event in Mannheim. Distances: 10 km. Discovered via Kilometerliebe and linked to the official event website.;https://www.sandhofer-strassenlauf.de/;Kilometerliebe Discovery;https://www.sandhofer-strassenlauf.de/;registration_open;low;quarterly;02.06.2026;31.08.2026;Official organizer URL discovered from Kilometerliebe listing. Live URL verification: official registration signal found and date/year signal found. Live URL verification: official registration signal and exact date signal found.;
Solinger Klingenlauf;Running;04.06.2026;Solingen;Germany;Solingen, Germany;51.1721629;7.0845893;5 km, 10 km;Official local running event in Solingen. Distances: 5 km, 10 km. Discovered via Kilometerliebe and linked to the official event website.;https://www.klingenlauf.de/;Kilometerliebe Discovery;https://www.klingenlauf.de/;registration_open;low;quarterly;02.06.2026;31.08.2026;Official organizer URL discovered from Kilometerliebe listing. Live URL verification: official registration signal found and date/year signal found. Live URL verification: official registration signal and exact date signal found.;
Mainauenlauf Bayreuth;Running;14.06.2026;Bayreuth;Germany;Bayreuth, Germany;49.9446345;11.5743543;5 km, 10 km, Half Marathon;Official local running event in Bayreuth. Distances: 5 km, 10 km, Half Marathon. Discovered via Kilometerliebe and linked to the official event website.;https://www.mainauenlauf.de/de/home/;Kilometerliebe Discovery;https://www.mainauenlauf.de/de/home/;registration_open;medium;monthly;02.06.2026;02.07.2026;Official organizer URL discovered from Kilometerliebe listing. Live URL verification: official registration signal found and date/year signal found. Live URL verification: official registration signal and exact date signal found.;
Stadtlauf Hanau;Running;18.09.2026;Hanau;Germany;Hanau, Germany;50.132881;8.9169797;5 km;Official local running event in Hanau. Distances: 5 km. Discovered via Kilometerliebe and linked to the official event website.;https://hanauer-stadtlauf.de/;Kilometerliebe Discovery;https://hanauer-stadtlauf.de/;registration_open;low;quarterly;02.06.2026;31.08.2026;Official organizer URL discovered from Kilometerliebe listing. Live URL verification: official registration signal found and date/year signal found. Live URL verification: official registration signal and exact date signal found.;
Usedom Beach Marathon;Running;06.06.2026;Heringsdorf;Germany;Heringsdorf, Germany;53.9543267;14.1673508;10 km, Half Marathon, Marathon;Official local running event in Heringsdorf. Distances: 10 km, Half Marathon, Marathon. Discovered via Kilometerliebe and linked to the official event website.;https://usedom.de/usedom-beach-marathon;Kilometerliebe Discovery;https://usedom.de/usedom-beach-marathon;registration_open;medium;monthly;02.06.2026;02.07.2026;Official organizer URL discovered from Kilometerliebe listing. Live URL verification: official registration signal found and date/year signal found. Live URL verification: official registration signal and exact date signal found.;
Sparkassen Firmenlauf Oberhausen;Running;18.06.2026;Oberhausen;Germany;Oberhausen, Germany;51.4696137;6.8514435;5 km;Official local running event in Oberhausen. Distances: 5 km. Discovered via Kilometerliebe and linked to the official event website.;https://oberhausener-firmenlauf.de/;Kilometerliebe Discovery;https://oberhausener-firmenlauf.de/;registration_open;low;quarterly;02.06.2026;31.08.2026;Official organizer URL discovered from Kilometerliebe listing. Live URL verification: official registration signal found and date/year signal found. Live URL verification: official registration signal and exact date signal found.;
VR Bank Firmenlauf Bamberg;Running;18.09.2026;Bamberg;Germany;Bamberg, Germany;49.8916044;10.8868478;5 km;Official local running event in Bamberg. Distances: 5 km. Discovered via Kilometerliebe and linked to the official event website.;https://firmenlauf-bamberg.de/;Kilometerliebe Discovery;https://firmenlauf-bamberg.de/;registration_open;low;quarterly;02.06.2026;31.08.2026;Official organizer URL discovered from Kilometerliebe listing. Live URL verification: official registration signal found and date/year signal found. Live URL verification: official registration signal and exact date signal found.;
WVV Marathon Würzburg;Running;23.05.2027;Würzburg;Germany;Würzburg, Germany;49.7933723;9.9309779;10 km, Half Marathon, Marathon;Official local running event in Würzburg. Distances: 10 km, Half Marathon, Marathon. Discovered via Kilometerliebe and linked to the official event website.;https://www.wuerzburg-marathon.de/;Kilometerliebe Discovery;https://www.wuerzburg-marathon.de/;registration_open;medium;monthly;02.06.2026;02.07.2026;Official organizer URL discovered from Kilometerliebe listing. Live URL verification: official registration signal found and date/year signal found. Live URL verification: official registration signal and exact date signal found.;
1. Volkslauf Seelze;Running;15.11.2026;Seelze;Germany;Seelze, Lower Saxony, Germany;52.3964639;9.594287;10 km, 5 km;Der ADAC Marathon Hannover bietet ein vielfältiges Lauferlebnis mit Distanzen von 4 bis 42 km, darunter Marathon, Halbmarathon, Staffel-Marathon, 10 km Lauf und Handbike-Marathon. Die Strecke zählt zu den flachsten Deutschlands mit nur 19 m Höhenunterschied, was Bestzeiten begünstigt. Das Event ist geprägt von urbanem Flair, moderner Musik und grünen Streckenabschnitten, die durch die Innenstadt und markante Hotspots;https://www.marathon-hannover.de/laufpass-der-region/laufpass.html;Laufrennen discovery, official organizer URL, source: https://laufrennen.de/rennseiten/1_volkslauf_seelze/;https://www.marathon-hannover.de/laufpass-der-region/laufpass.html;registration_open;low;quarterly;02.06.2026;31.08.2026;Official organizer URL discovered from Laufrennen detail page. Live URL verification: official registration signal found and date/year signal found. Precise address geocoded with Geoapify (Seelze, Lower Saxony, Germany, Germany). Live URL verification: official registration signal and exact date signal found. Precise address geocoded with Geoapify (Seelze, Lower Saxony, Germany, Germany).;
1. Hannover Backyard Ultra;Ultramarathon;08.08.2026;Hannover;Germany;Georgengarten, Hannover, Lower Saxony, Germany;52.3744779;9.7385532;6.7 km, Backyard Ultra;Der 1. Hannover Backyard Ultra findet am 8. August 2026 im Georgengarten in Hannover statt. Bei diesem einzigartigen Laufformat wird jede Stunde eine Runde von 6,706 km gelaufen, bis nur noch eine Person übrig bleibt. Die Veranstaltung bietet eine besondere Herausforderung für Ausdauerläufer und fördert Gemeinschaft und sportlichen Ehrgeiz in der Region Hannover.;https://hannover-runners.de/sportangebot/veranstaltungen/hannover-backyard-ultra/;Laufrennen discovery, official organizer URL, source: https://laufrennen.de/rennseiten/1_hannover_backyard_ultra/;https://hannover-runners.de/sportangebot/veranstaltungen/hannover-backyard-ultra/;registration_open;medium;monthly;02.06.2026;02.07.2026;Official organizer URL discovered from Laufrennen detail page. Live URL verification: official registration signal found and date/year signal found. Live URL verification: official registration signal and exact date signal found.;
1. Laufchallenge Mellendorfer TV;Running;23.08.2026;Hanover;Germany;Wedemark, Hanover, Lower Saxony, Germany;52.3744779;9.7385532;5 km;Der Sparkassen-Laufpass 2026 der Region Hannover bietet mit 43 Laufevents die größte Laufserie ihrer Art in Deutschland. Teilnehmer können bei verschiedenen Veranstaltungen in der Region Hannover Stempel sammeln und so die Region laufend entdecken. Jede erfolgreiche Teilnahme wird mit einem Stempel honoriert, und Vielläufer können attraktive Prämien in Gold, Silber oder Bronze erreichen. Die Teilnahme erfolgt direkt;https://www.hannover.de/Kultur-Freizeit/Freizeit-Sport/Sport/Laufpass-2026;Laufrennen discovery, official organizer URL, source: https://laufrennen.de/rennseiten/1_laufchallenge_mellendorfer_tv/;https://www.hannover.de/Kultur-Freizeit/Freizeit-Sport/Sport/Laufpass-2026;registration_open;low;quarterly;02.06.2026;31.08.2026;Official organizer URL discovered from Laufrennen detail page. Live URL verification: official registration signal found and date/year signal found. Live URL verification: official registration signal and exact date signal found.;
10. Charity-Lauf Koldingen;Running;02.08.2026;Region Hannover;Germany;Koldingen, Pattensen, Region Hannover, Lower Saxony, Germany;52.2714193;9.7968916;10 km, 5 km;Der Charity-Lauf Koldingen ist Teil des Sparkassen-Laufpasses der Region Hannover, einer der größten Laufserien Deutschlands mit 43 Veranstaltungen im Jahr 2026. Die Läuferinnen und Läufer haben die Möglichkeit, die Region Hannover laufend zu entdecken und bei jeder Teilnahme Stempel für ihren Laufpass zu sammeln. Der Lauf bietet eine abwechslungsreiche Strecke in der schönen Umgebung von Pattensen und fördert den Br;https://www.hannover.de/Kultur-Freizeit/Freizeit-Sport/Sport/Laufpass-2026;Laufrennen discovery, official organizer URL, source: https://laufrennen.de/rennseiten/10_charity_lauf_koldingen/;https://www.hannover.de/Kultur-Freizeit/Freizeit-Sport/Sport/Laufpass-2026;registration_open;low;quarterly;02.06.2026;31.08.2026;Official organizer URL discovered from Laufrennen detail page. Live URL verification: official registration signal found and date/year signal found. Live URL verification: official registration signal and exact date signal found.;
07. Stadtholz Marathon;Running;20.07.2026;Rheda-Wiedenbrück;Germany;Heideteich, Rheda-Wiedenbrück, North Rhine-Westphalia, Germany;51.8428202;8.2985615;Marathon;Der Stadtholz Marathon in Rheda-Wiedenbrück ist ein Lauf am Heideteich mit einem Trail von 6,14 km pro Runde. Die Veranstaltung ist keine wettkampforientierte Veranstaltung, sondern richtet sich an Läufer, die Freude am Laufen in der Natur haben. Der Marathon wird anlässlich einer Leinenhochzeit von Evi Köppe-Neeb veranstaltet und bietet eine besondere Atmosphäre am Heideteich. Die Strecke ist geprägt von naturnahen;https://www.100-marathon-club.de/de/termine?page=3;Laufrennen discovery, official organizer URL, source: https://laufrennen.de/rennseiten/07_stadtholz_marathon/;https://www.100-marathon-club.de/de/termine?page=3;registration_open;medium;monthly;02.06.2026;02.07.2026;Official organizer URL discovered from Laufrennen detail page. Live URL verification: official registration signal found and date/year signal found. Live URL verification: official registration signal and exact date signal found.;
11. Lichterlauf Tangermünde;Running;21.08.2026;Saxony-Anhalt;Germany;Kaiserstadt Tangermünde, Elbufer, Bleichenberg, Saxony-Anhalt, Germany;52.545394;11.979044;10 km, 5 km;Der Tangermünder Lichterlauf ist ein stimmungsvoller Lauf direkt an der Elbe in der historischen Kaiserstadt Tangermünde. Am 21. August 2026 können Läuferinnen und Läufer aller Altersklassen und Leistungsniveaus auf verschiedenen Streckenlängen teilnehmen, darunter Kinderlauf, 5 km Jedermannlauf, 10 km Hauptlauf und eine Teamstaffel. Die Strecke führt entlang der malerischen Elbpromenade und bietet eine besondere Atm;https://www.lichterlauf-tangermuende.de/;Laufrennen discovery, official organizer URL, source: https://laufrennen.de/rennseiten/11_lichterlauf_tangermunde/;https://www.lichterlauf-tangermuende.de/;registration_open;low;quarterly;02.06.2026;31.08.2026;Official organizer URL discovered from Laufrennen detail page. Live URL verification: official registration signal found and date/year signal found. Precise address geocoded with Geoapify (Kaiserstadt Tangermünde, Elbufer, Bleichenberg, Saxony-Anhalt, Germany, Germany). Live URL verification: official registration signal and exact date signal found. Precise address geocoded with Geoapify (Kaiserstadt Tangermünde, Elbufer, Bleichenberg, Saxony-Anhalt, Germany, Germany). Location QA: coordinates repaired using address geocoding (Kaiserstadt Tangermünde, Elbufer, Bleichenberg, Saxony-Anhalt, Germany, Saxony-Anhalt, Germany).;
1. Westerwälder Backyard Ultra;Ultramarathon;05.06.2026;Westerwald;Germany;Höchstenbach, Westerwald, Rheinland-Pfalz, Germany;52.2499014;9.2370449;6.7 km, Backyard Ultra;Der Westerwälder Backyard Ultra 2026 ist ein einzigartiger Ultramarathon, der in Höchstenbach im Westerwald (Rheinland-Pfalz) stattfindet. Die Teilnehmer laufen auf einem 6,706 km langen, markierten Rundkurs mit 71 Höhenmetern pro Runde, der über Wald-, Forst- und Wiesenwege führt. Die Veranstaltung zeichnet sich durch eine familiäre Atmosphäre mit elektronischer Rundenzählung, Verpflegung im Start-/Zielbereich und e;https://katjas-laufzeit.de/westerwaelder-backyard-ultra-2026-ausschreibung/;Laufrennen discovery, official organizer URL, source: https://laufrennen.de/rennseiten/1_westerwalder_backyard_ultra/;https://katjas-laufzeit.de/westerwaelder-backyard-ultra-2026-ausschreibung/;registration_open;medium;monthly;02.06.2026;02.07.2026;Official organizer URL discovered from Laufrennen detail page. Live URL verification: official registration signal found and date/year signal found. Live URL verification: official registration signal and exact date signal found. Location QA: coordinates repaired using city geocoding (Westerwald, Germany).;
13. Heilwald Marathon;Running;24.07.2026;Bad Lippspringe;Germany;Bad Lippspringe, Nordrhein-Westfalen, Germany;51.7833;8.81667;Marathon;Der Heilwald-Marathon in Bad Lippspringe ist ein besonderer Lauf, der inmitten des 200 Hektar großen Heilwalds stattfindet, einem europaweit einzigartigen Erholungs- und Therapiewald mit einem beruhigenden Mittelgebirgsklima. Die Strecke besteht aus sechs großen Runden à 7,05 km, die insgesamt 42,3 km ergeben und wurde sorgfältig mit Messrad und GPS vermessen. Die Veranstaltung ist eine private Laufveranstaltung mit;https://www.marathonsammlerberndneumann.com/marathonveranstaltungen/heilwald/;Laufrennen discovery, official organizer URL, source: https://laufrennen.de/rennseiten/13_heilwald_marathon/;https://www.marathonsammlerberndneumann.com/marathonveranstaltungen/heilwald/;registration_open;medium;monthly;02.06.2026;02.07.2026;Official organizer URL discovered from Laufrennen detail page. Live URL verification: official registration signal found and date/year signal found. Live URL verification: official registration signal and exact date signal found.;
15. Brunsberglauf;Running;06.09.2026;Buchholz in der Nordheide;Germany;Buchholz in der Nordheide, Lower Saxony, Germany;53.3187601;9.8770469;Halbmarathon, 11.7 km, 5 km;Der 15. Brunsberglauf am 6. September 2026 in Buchholz/Holm-Seppensen bietet Läufern ein abwechslungsreiches Programm mit Hauptläufen über 11,7 km, einem Halbmarathon sowie einem 5 km Familienlauf. Die Strecken führen durch Wald und blühende Heide mit Highlights wie der Höllenschlucht, dem Brunsberg, dem Mühlenteich und dem Zwergentunnel. Zusätzlich gibt es vier Kinderläufe für verschiedene Altersstufen. Im Zielberei;https://www.brunsberglauf.de/;Laufrennen discovery, official organizer URL, source: https://laufrennen.de/rennseiten/15_brunsberglauf/;https://www.brunsberglauf.de/;registration_open;medium;monthly;02.06.2026;02.07.2026;Official organizer URL discovered from Laufrennen detail page. Live URL verification: official registration signal found and date/year signal found. Live URL verification: official registration signal and exact date signal found.;
15. Fullestrand-Ultramarathon;Ultramarathon;13.06.2026;Hesse;Germany;Kasseler Auedamm 17, Kassel, Hesse, Germany;51.3027675;9.5000115;50 km;Der Fullestrand-Ultramarathon findet am 13. Juni 2026 in Kassel statt und bietet eine anspruchsvolle 46,5 km lange Strecke entlang der Fulda mit etwa 350 Höhenmetern. Die Route führt von Kassel aus flussaufwärts, über den Fuldahöhenweg und zurück entlang des Fuldaradwegs, durch abwechslungsreiche Landschaften und Naturräume. Die Veranstaltung wird von Laufwerk Kassel unter der Leitung von Sylke Kuhn organisiert und v;https://laufwerk-kassel.webnode.page/lwk/fullestrand-ultra/;Laufrennen discovery, official organizer URL, source: https://laufrennen.de/rennseiten/15_fullestrand_ultramarathon/;https://laufwerk-kassel.webnode.page/lwk/fullestrand-ultra/;registration_open;medium;monthly;02.06.2026;02.07.2026;Official organizer URL discovered from Laufrennen detail page. Live URL verification: official registration signal found and date/year signal found. Precise address geocoded with Geoapify (Kasseler Auedamm 17, Kassel, Hesse, Germany, Germany). Live URL verification: official registration signal and exact date signal found. Precise address geocoded with Geoapify (Kasseler Auedamm 17, Kassel, Hesse, Germany, Germany).;
17. VSB Dresdner Nachtlauf;Running;14.08.2026;Dresden;Germany;Heinz-Steyer-Stadion, Dresden, Saxony, Germany;51.059798;13.7268658;11.5 km, 6.2 km;Der VSB Dresdner Nachtlauf bietet eine traumhaft beleuchtete Laufstrecke mit Blick auf die Dresdner Skyline, begleitet von Fackeln und Knicklichtern, die eine besondere Atmosphäre schaffen. Die 11,5 km Strecke führt entlang der Elbe bis zum Blauen Wunder und zurück über die Neustädter Elbseite, während die 6,2 km Strecke ebenfalls an der Elbe entlang verläuft und über die Albertbrücke ins Ziel führt. Neben dem sportl;https://dresdner-nachtlauf.de/;Laufrennen discovery, official organizer URL, source: https://laufrennen.de/rennseiten/17_vsb_dresdner_nachtlauf/;https://dresdner-nachtlauf.de/;registration_open;low;quarterly;02.06.2026;31.08.2026;Official organizer URL discovered from Laufrennen detail page. Live URL verification: official registration signal found and date/year signal found. Precise address geocoded with Geoapify (Heinz-Steyer-Stadion, Dresden, Saxony, Germany, Germany). Live URL verification: official registration signal and exact date signal found. Precise address geocoded with Geoapify (Heinz-Steyer-Stadion, Dresden, Saxony, Germany, Germany).;
16. Köhlbrandbrückenlauf;Running;03.10.2026;Köhlbrandbrücke;Germany;Köhlbrandbrücke, Hamburg, Germany;53.517283;9.970124;12.3 km;Der Köhlbrandbrückenlauf ist Deutschlands größter Brückenlauf und führt über das Wahrzeichen im Hamburger Hafen. Die Veranstaltung bietet Läufern die einzigartige Gelegenheit, die imposante Köhlbrandbrücke zu überqueren und dabei die Hafenatmosphäre hautnah zu erleben. Der Lauf zieht jährlich zahlreiche Teilnehmer an und ist bekannt für seine besondere Streckenführung und die tolle Stimmung entlang der Route.;https://www.koehlbrandbrueckenlauf.de/;Laufrennen discovery, official organizer URL, source: https://laufrennen.de/rennseiten/16_kohlbrandbruckenlauf/;https://www.koehlbrandbrueckenlauf.de/;registration_open;low;quarterly;02.06.2026;31.08.2026;Official organizer URL discovered from Laufrennen detail page. Live URL verification: official registration signal found and date/year signal found. Precise address geocoded with Geoapify (Köhlbrandbrücke, Hamburg, Germany, Germany). Live URL verification: official registration signal and exact date signal found. Precise address geocoded with Geoapify (Köhlbrandbrücke, Hamburg, Germany, Germany).;
20. Müggelsee-Halbmarathon;Running;18.10.2026;Müggelsee-Gebiet;Germany;Müggelsee-Gebiet, Berlin, Germany;52.429805;13.67664;Halbmarathon, 10 km, 5 km;Der Müggelsee-Halbmarathon ist ein landschaftlich reizvoller Lauf im Südosten Berlins, der komplett um den Großen Müggelsee führt. Die Veranstaltung bietet drei Streckenlängen: Halbmarathon, 10 Kilometer und 5 Kilometer, die jeweils als Pendelstrecken oder Rundkurs gestaltet sind. Die Strecke verläuft unter anderem durch den historischen Spreetunnel und bietet eine idyllische Kulisse mit Blick auf den größten Berline;https://ww-sport.de/mueggelsee_hm/;Laufrennen discovery, official organizer URL, source: https://laufrennen.de/rennseiten/20_muggelsee_halbmarathon/;https://ww-sport.de/mueggelsee_hm/;registration_open;medium;monthly;02.06.2026;02.07.2026;Official organizer URL discovered from Laufrennen detail page. Live URL verification: official registration signal found and date/year signal found. Precise address geocoded with Geoapify (Müggelsee-Gebiet, Berlin, Germany, Germany). Live URL verification: official registration signal and exact date signal found. Precise address geocoded with Geoapify (Müggelsee-Gebiet, Berlin, Germany, Germany).;
14. Garbsener Citylauf;Running;12.06.2026;Garbsen;Germany;Rathausplatz, Garbsen, Lower Saxony, Germany;52.426678;9.592613;10 km, 5 km;Der 14. Garbsener Citylauf am 12. Juni 2026 ist Garbsens größte Sportveranstaltung und bietet Läufen für alle Altersgruppen und Leistungsniveaus. Es gibt sechs verschiedene Läufe, von einem Eltern-Kind-Lauf über 500 Meter bis hin zum Agon Tax-Lauf über 10.000 Meter. Die Strecken führen durch den Rathausplatz, das IGS-Gelände sowie entlang der Meyenfelder Straße und am Berenbosteler See. Die Veranstaltung ist familien;https://citylauf.gsc-garbsen.de/;Laufrennen discovery, official organizer URL, source: https://laufrennen.de/rennseiten/14_garbsener_citylauf/;https://citylauf.gsc-garbsen.de/;registration_open;low;quarterly;02.06.2026;31.08.2026;Official organizer URL discovered from Laufrennen detail page. Live URL verification: official registration signal found and date/year signal found. Precise address geocoded with Geoapify (Rathausplatz, Garbsen, Lower Saxony, Germany, Germany). Live URL verification: official registration signal and exact date signal found. Precise address geocoded with Geoapify (Rathausplatz, Garbsen, Lower Saxony, Germany, Germany).;
14. Stadtlauf des TSV Neustadt;Running;07.06.2026;Neustadt am Rübenberge;Germany;Neustadt am Rübenberge, Lower Saxony, Germany;52.5023396;9.4282662;Halbmarathon, 10 km, 5 km;Der 14. Stadtlauf des TSV Neustadt am 7. Juni 2026 ist ein barrierearmer Volkslauf in Neustadt am Rübenberge, der Gemeinschaft und Inklusion fördert. Der Lauf steht für ein gemeinschaftliches Miteinander und bringt Freunde an gemeinsamer Bewegung zusammen. Mit jedem Schritt wird soziale Verbundenheit gestärkt und ein Zeichen für eine inklusive Zukunft gesetzt. Der Lauf richtet sich an alle Altersgruppen und bietet ei;https://www.tsv-neustadt.net/service/stadtlauf-tsv-neustadt;Laufrennen discovery, official organizer URL, source: https://laufrennen.de/rennseiten/14_stadtlauf_des_tsv_neustadt/;https://www.tsv-neustadt.net/service/stadtlauf-tsv-neustadt;registration_open;medium;monthly;02.06.2026;02.07.2026;Official organizer URL discovered from Laufrennen detail page. Live URL verification: official registration signal found and date/year signal found. Live URL verification: official registration signal and exact date signal found.;
2. Jenaer Backyard Ultra;Ultramarathon;06.06.2026;Jena;Germany;Jena-Cospeda, Jena, Thüringen, Germany;50.9281717;11.5879359;6.7 km, Backyard Ultra;Der 2. Jenaer Backyard Ultra ist ein einzigartiger Last Human Standing-Lauf in Jena-Cospeda, Thüringen. Alle Teilnehmer starten stündlich gleichzeitig auf einen 6,7 km langen Rundkurs, den sie innerhalb einer Stunde absolvieren müssen. Wer die Runde nicht schafft oder aufgibt, scheidet aus. Das Rennen endet, wenn nur noch ein Läufer übrig bleibt, der die Runde innerhalb des Zeitlimits beendet. Zusätzlich zur Einzel;https://jenaerbackyardultra.de/;Laufrennen discovery, official organizer URL, source: https://laufrennen.de/rennseiten/2_jenaer_backyard_ultra/;https://jenaerbackyardultra.de/;registration_open;medium;monthly;02.06.2026;02.07.2026;Official organizer URL discovered from Laufrennen detail page. Live URL verification: official registration signal found and date/year signal found. Live URL verification: official registration signal and exact date signal found.;
24. Duderstädter Sparkassenlauf;Running;28.08.2026;Duderstadt;Germany;Duderstadt, Niedersachsen, Germany;51.514633;10.2676414;10 km, 5 km;Der 24. Duderstädter Sparkassenlauf findet am 28. August 2026 in der historischen Fußgängerzone von Duderstadt statt. Die Veranstaltung startet um 16:00 Uhr mit der Eröffnung vor dem Rathaus, das auch Zielpunkt aller Läufe ist. Angeboten werden verschiedene Distanzen von 600 m Bambinilauf über 1,25 km Schülerrunden bis hin zu 5 km und 10 km Läufen. Für Kinder und Jugendliche gibt es Finisher-Medaillen, für die 5- und;https://www.duderstaedter-sparkassenlauf.de/;Laufrennen discovery, official organizer URL, source: https://laufrennen.de/rennseiten/24_duderstadter_sparkassenlauf/;https://www.duderstaedter-sparkassenlauf.de/;registration_open;low;quarterly;02.06.2026;31.08.2026;Official organizer URL discovered from Laufrennen detail page. Live URL verification: official registration signal found and date/year signal found. Live URL verification: official registration signal and exact date signal found.;
23. Lehrter CityLauf;Running;04.09.2026;Lehrte;Germany;Lehrte, Lower Saxony, Germany;52.3689852;9.9885921;10 km, 5 km;Der 23. Lehrter CityLauf findet am 4. September 2026 statt und ist eine traditionsreiche Laufveranstaltung in der Innenstadt von Lehrte. Die Läufe umfassen Distanzen von 2, 4 und 10 Kilometern, inklusive Bambini- und Schulläufen sowie einem Inklusionslauf über 2 Kilometer. Die Firmenwertung über 4 und 10 Kilometer wird erneut von der KURTULUS GRUPPE prämiert. Für eine tolle Atmosphäre sorgt musikalische Begleitung un;https://lehrtersv.de/aktuelles/62-citylauf/1053-23-lehrter-citylauf-am-04-09-2026;Laufrennen discovery, official organizer URL, source: https://laufrennen.de/rennseiten/23_lehrter_citylauf/;https://lehrtersv.de/aktuelles/62-citylauf/1053-23-lehrter-citylauf-am-04-09-2026;registration_open;low;quarterly;02.06.2026;31.08.2026;Official organizer URL discovered from Laufrennen detail page. Live URL verification: official registration signal found and date/year signal found. Live URL verification: official registration signal and exact date signal found.;
17. Klingenthal Salzkotten Marathon;Running;07.06.2026;Paderborn;Germany;Salzkotten, Paderborn, North Rhine-Westphalia, Germany;51.6717596;8.6068636;Marathon, Halbmarathon, 10 km, 5 km;Der 17. Klingenthal Salzkotten Marathon bietet ein einzigartiges Lauf-Wochenende mit einer mitreißenden Atmosphäre im Herzen der Stadt Salzkotten. Die Strecken führen durch die Stadt und den Ortsteil Verne, sind offiziell vermessen und bieten ein sportliches Erlebnis auf höchstem Niveau. Im Schatten der Salzkottener Saline erwartet die Läufer ein erstklassiger Verpflegungsbereich und eine entspannte Chillout-Area. Al;https://salzkotten-marathon.de/;Laufrennen discovery, official organizer URL, source: https://laufrennen.de/rennseiten/17_klingenthal_salzkotten_marathon/;https://salzkotten-marathon.de/;registration_open;medium;monthly;02.06.2026;02.07.2026;Official organizer URL discovered from Laufrennen detail page. Live URL verification: official registration signal found and date/year signal found. Live URL verification: official registration signal and exact date signal found.;
25. Volkslauf um den Altwarmbüchener See;Running;10.10.2026;Isernhagen;Germany;Altwarmbüchen, Isernhagen, Lower Saxony, Germany;52.4347962;9.8483711;10 km, 7.2 km;Der Volkslauf um den Altwarmbüchener See ist Teil des Sparkassen-Laufpasses der Region Hannover, einer der größten Laufserien Deutschlands mit 43 Veranstaltungen im Jahr 2026. Der Lauf bietet Läuferinnen und Läufern die Möglichkeit, die Region Hannover laufend zu entdecken und an einem abwechslungsreichen Laufangebot teilzunehmen. Jede Teilnahme wird mit einem Stempel im Laufpass honoriert, der sowohl digital als auc;https://www.hannover.de/Kultur-Freizeit/Freizeit-Sport/Sport/Laufpass-2026;Laufrennen discovery, official organizer URL, source: https://laufrennen.de/rennseiten/25_volkslauf_um_den_altwarmbuchener_see/;https://www.hannover.de/Kultur-Freizeit/Freizeit-Sport/Sport/Laufpass-2026;registration_open;low;quarterly;02.06.2026;31.08.2026;Official organizer URL discovered from Laufrennen detail page. Live URL verification: official registration signal found and date/year signal found. Live URL verification: official registration signal and exact date signal found.;
25. Benther-Berg-Lauf;Running;03.10.2026;Ronnenberg-Benthe;Germany;VSV Benthe Sportplatz, Am Hammfeld, Ronnenberg-Benthe, Lower Saxony, Germany;52.342381;9.631612;Halbmarathon, 10 km;Der Benther-Berg-Lauf findet am 3. Oktober 2026 in Ronnenberg-Benthe statt und ist Teil des Sparkassen-Laufpass der Region Hannover. Die Veranstaltung bietet verschiedene Laufdistanzen für alle Altersgruppen, von Bambini- und Kinderläufen bis hin zu einem Halbmarathon über 21,8 km. Die Strecke führt durch die landschaftlich reizvolle Umgebung des Benther Bergs und bietet sowohl ambitionierten Läufern als auch Freizei;https://vsv-benthe.de/vsv-sportarten/benther-berg-lauf/;Laufrennen discovery, official organizer URL, source: https://laufrennen.de/rennseiten/25_benther_berg_lauf/;https://vsv-benthe.de/vsv-sportarten/benther-berg-lauf/;registration_open;medium;monthly;02.06.2026;02.07.2026;Official organizer URL discovered from Laufrennen detail page. Live URL verification: official registration signal found and date/year signal found. Precise address geocoded with Geoapify (VSV Benthe Sportplatz, Am Hammfeld, Ronnenberg-Benthe, Lower Saxony, Germany, Germany). Live URL verification: official registration signal and exact date signal found. Precise address geocoded with Geoapify (VSV Benthe Sportplatz, Am Hammfeld, Ronnenberg-Benthe, Lower Saxony, Germany, Germany).;
30. Lauf um den Arendsee;Running;30.08.2026;Saxony-Anhalt;Germany;Strandbad Arendsee, Arendsee, Saxony-Anhalt, Germany;51.9280976;11.6812243;Halbmarathon, 10 km, 5 km;Der 30. Lauf um den Arendsee (LUDA) findet am 30. August 2026 im Strandbad Arendsee statt. Die Veranstaltung ist eine Jubiläumsauflage und bietet Läufern aus der Region und darüber hinaus eine sportliche Kulisse in der Natur. Neben dem Lauf gibt es eine kleine Party am Vorabend, um gemeinsam den Sport und die Gemeinschaft zu feiern. Die Organisation durch Kersten Friedrich Events garantiert eine professionelle Durchf;https://kersten-friedrich-events.com/lauf-um-den-arendsee/;Laufrennen discovery, official organizer URL, source: https://laufrennen.de/rennseiten/30_lauf_um_den_arendsee/;https://kersten-friedrich-events.com/lauf-um-den-arendsee/;registration_open;medium;monthly;02.06.2026;02.07.2026;Official organizer URL discovered from Laufrennen detail page. Live URL verification: official registration signal found and date/year signal found. Precise address geocoded with Geoapify (Strandbad Arendsee, Arendsee, Saxony-Anhalt, Germany, Germany). Live URL verification: official registration signal and exact date signal found. Precise address geocoded with Geoapify (Strandbad Arendsee, Arendsee, Saxony-Anhalt, Germany, Germany). Location QA: coordinates repaired using city geocoding (Saxony-Anhalt, Germany).;
23. Sudenburg-Lauf - Der Lauf mit dem Lächeln;Running;13.06.2026;Saxony-Anhalt;Germany;Heinrich-Germer-Stadion, Magdeburg, Saxony-Anhalt, Germany;52.106248;11.601218;10 km, 5 km;Der Sudenburg-Lauf ist ein Lauf unter dem Motto Von Läufern für Läufer und findet am 13. Juni 2026 im Heinrich-Germer-Stadion in Magdeburg statt. Die Veranstaltung zeichnet sich durch Begeisterung für das Laufen und den Stadtteil Sudenburg aus. Es gibt verschiedene Laufstrecken für Kinder, Jugendliche und Erwachsene, die durch die Stadt und das Stadion führen. Der Fokus liegt darauf, möglichst viele Menschen zum La;https://sudenburglauf.de/;Laufrennen discovery, official organizer URL, source: https://laufrennen.de/rennseiten/23_sudenburg_lauf_der_lauf_mit_dem_lacheln/;https://sudenburglauf.de/;registration_open;low;quarterly;02.06.2026;31.08.2026;Official organizer URL discovered from Laufrennen detail page. Live URL verification: official registration signal found and date/year signal found. Precise address geocoded with Geoapify (Heinrich-Germer-Stadion, Magdeburg, Saxony-Anhalt, Germany, Germany). Live URL verification: official registration signal and exact date signal found. Precise address geocoded with Geoapify (Heinrich-Germer-Stadion, Magdeburg, Saxony-Anhalt, Germany, Germany).;
28. Hiddestorfer Rübenlauf;Running;20.09.2026;Hiddestorf;Germany;Hiddestorf, Lower Saxony, Germany;52.2850507;9.7030835;Halbmarathon, 10 km, 5 km;Der 28. Hiddestorfer Rübenlauf ist ein familiäres Laufevent, das vom Lauftreff des Sportverein Eintracht Hiddestorf organisiert wird. Die Veranstaltung bietet Strecken über 1,4 km, 5,2 km, 10,1 km und den Hemminger Halbmarathon (21,3 km) an. Neben dem sportlichen Wettkampf erwartet die Teilnehmer ein legendäres Läuferfrühstück, Kuchen, Waffeln, Gegrilltes und Getränke sowie ein abwechslungsreiches Rahmenprogramm mit;https://www.ruebenlauf.de/;Laufrennen discovery, official organizer URL, source: https://laufrennen.de/rennseiten/28_hiddestorfer_rubenlauf/;https://www.ruebenlauf.de/;registration_open;medium;monthly;02.06.2026;02.07.2026;Official organizer URL discovered from Laufrennen detail page. Live URL verification: official registration signal found and date/year signal found. Live URL verification: official registration signal and exact date signal found.;
38. Volkslauf des TSV Breuna;Running;06.09.2026;Hesse;Germany;Lauf- und Wanderpark Breuna, Breuna, Waldeck-Frankenberg, Hesse, Germany;50.6080651;9.0284647;Halbmarathon, 10 km, 5 km;Der 38. Breunaer Malsburglauf findet am 6. September 2026 statt und ist eine traditionsreiche Laufveranstaltung im Lauf- und Wanderpark Breuna. Der Lauf bietet eine attraktive Strecke in der schönen Natur rund um Breuna und richtet sich an Läufer aller Altersklassen. Die Veranstaltung wird vom TSV Breuna e.V. organisiert und ist Teil des Nordhessencups. Die Anmeldung erfolgt über die Plattform RaceResult.;http://www.tsv-breuna.de/leichtathletik;Laufrennen discovery, official organizer URL, source: https://laufrennen.de/rennseiten/38_volkslauf_des_tsv_breuna/;http://www.tsv-breuna.de/leichtathletik;registration_open;medium;monthly;02.06.2026;02.07.2026;Official organizer URL discovered from Laufrennen detail page. Live URL verification: official registration signal found and date/year signal found. Precise address geocoded with Geoapify (Lauf- und Wanderpark Breuna, Breuna, Waldeck-Frankenberg, Hesse, Germany, Germany). Live URL verification: official registration signal and exact date signal found. Precise address geocoded with Geoapify (Lauf- und Wanderpark Breuna, Breuna, Waldeck-Frankenberg, Hesse, Germany, Germany). Location QA: coordinates repaired using city geocoding (Hesse, Germany).;
35. Speller Sparkassen-Sommernachtslauf;Running;14.08.2026;Spelle;Germany;Wählehof, Spelle, Lower Saxony, Germany;52.3647228;7.4737526;Halbmarathon, 10 km, 5 km;Der 35. Speller Sparkassen-Sommernachtslauf ist ein traditionsreicher Lauf in Spelle, der vom SC Spelle-Venhaus veranstaltet wird. Die Veranstaltung bietet Läufern eine attraktive Strecke in der schönen Umgebung von Wählehof. Der Lauf ist für alle Alters- und Leistungsklassen geeignet und findet in entspannter Atmosphäre statt. Die Teilnehmer können sich auf eine gut organisierte Veranstaltung mit familiärem Charakte;https://www.scsv.de/abteilung/laufen--leichtathletik/sommernachtslauf;Laufrennen discovery, official organizer URL, source: https://laufrennen.de/rennseiten/35_speller_sparkassen_sommernachtslauf/;https://www.scsv.de/abteilung/laufen--leichtathletik/sommernachtslauf;registration_open;medium;monthly;02.06.2026;02.07.2026;Official organizer URL discovered from Laufrennen detail page. Live URL verification: official registration signal found and date/year signal found. Live URL verification: official registration signal and exact date signal found.;
38. Heiligenhafen Mitternachtslauf;Running;24.07.2026;Ostholstein;Germany;Heiligenhafen, Ostholstein, Schleswig-Holstein, Germany;54.3717445;10.9809235;10 km, 5 km;Der 38. Heiligenhafen Mitternachtslauf findet am 24. Juli 2026 statt und bietet Läufern ein besonderes Erlebnis mit Startzeiten am späten Abend. Die Hauptstrecke führt über 10 km durch die Stadt Heiligenhafen, entlang der Uferpromenade und rund um den Binnensee, mit viel Unterstützung an der Strecke. Zusätzlich gibt es weitere Wettbewerbe wie den Binnenseelauf (ca. 5,5 km), die Mitternachtslauf-Doppelmeile (ca. 3,2 k;https://www.mitternachtslauf.com/;Laufrennen discovery, official organizer URL, source: https://laufrennen.de/rennseiten/38_heiligenhafen_mitternachtslauf/;https://www.mitternachtslauf.com/;registration_open;low;quarterly;02.06.2026;31.08.2026;Official organizer URL discovered from Laufrennen detail page. Live URL verification: official registration signal found and date/year signal found. Live URL verification: official registration signal and exact date signal found.;
43. Flora-Westfalica Marathon;Running;30.07.2026;Rheda-Wiedenbrück;Germany;Rheda-Wiedenbrück, North Rhine-Westphalia, Germany;51.8360891;8.2988715;Marathon;Der Flora-Westfalica Marathon in Rheda-Wiedenbrück ist ein privater Marathonlauf, der nach den Regeln des 100 Marathonclub Deutschland durchgeführt wird. Die Strecke besteht aus sieben großen Runden à 6,10 km, insgesamt 42,7 km, und wird je nach Witterung mit Pfeilen oder Flatterband markiert. Die Veranstaltung legt Wert auf Selbstversorgung, da die Läufer nach jeder Runde am Auto vorbeikommen. Die Zeitnahme erfolgt;https://www.marathonsammlerberndneumann.com/marathonveranstaltungen/flora-westfalica/;Laufrennen discovery, official organizer URL, source: https://laufrennen.de/rennseiten/43_flora_westfalica_marathon/;https://www.marathonsammlerberndneumann.com/marathonveranstaltungen/flora-westfalica/;registration_open;medium;monthly;02.06.2026;02.07.2026;Official organizer URL discovered from Laufrennen detail page. Live URL verification: official registration signal found and date/year signal found. Live URL verification: official registration signal and exact date signal found.;
36. Göttinger Altstadtlauf;Running;01.07.2026;Göttingen;Germany;Innenstadt, Göttingen, Lower Saxony, Germany;51.5318433;9.9353974;10 km, 5 km;Der Göttinger Altstadtlauf ist ein traditionsreiches Laufevent in der Innenstadt von Göttingen, das 2026 zum 36. Mal stattfindet. Die Veranstaltung verbindet Laufen mit dem besonderen Flair der Altstadt und zieht Läufer*innen aller Altersklassen an. Neben dem Hauptlauf gibt es verschiedene Schülerläufe und einen beliebten Firmenlauf mit Teamwertung. Die Strecke führt durch die historische Innenstadt und bietet eine l;https://www.goettinger-altstadtlauf.de/;Laufrennen discovery, official organizer URL, source: https://laufrennen.de/rennseiten/36_gottinger_altstadtlauf/;https://www.goettinger-altstadtlauf.de/;registration_open;low;quarterly;02.06.2026;31.08.2026;Official organizer URL discovered from Laufrennen detail page. Live URL verification: official registration signal found and date/year signal found. Live URL verification: official registration signal and exact date signal found.;
40. Braunschweiger Nachtlauf;Running;19.06.2026;Braunschweig;Germany;Bohlweg, Braunschweig, Lower Saxony, Germany;52.262082;10.526073;10 km, 6.5 km;Der 40. Braunschweiger Nachtlauf am 19. Juni 2026 bietet ein vielfältiges Sportangebot für alle Altersklassen, von Bambini- bis zu Jedermannläufen. Die Läufe führen durch die Innenstadt von Braunschweig mit Start und Ziel am Bohlweg, die Bambiniläufe starten am Burgplatz. Die Veranstaltung ist bekannt für ihre besondere Atmosphäre und die Unterstützung durch die Braunschweigische Sparkassenstiftung, die das Event erm;https://www.mtv-bs.de/de/nachtlauf/;Laufrennen discovery, official organizer URL, source: https://laufrennen.de/rennseiten/40_braunschweiger_nachtlauf/;https://www.mtv-bs.de/de/nachtlauf/;registration_open;low;quarterly;02.06.2026;31.08.2026;Official organizer URL discovered from Laufrennen detail page. Live URL verification: official registration signal found and date/year signal found. Precise address geocoded with Geoapify (Bohlweg, Braunschweig, Lower Saxony, Germany, Germany). Live URL verification: official registration signal and exact date signal found. Precise address geocoded with Geoapify (Bohlweg, Braunschweig, Lower Saxony, Germany, Germany).;
37. Heideblütenlauf;Running;29.08.2026;Schneverdingen;Germany;Schulstraße, Schneverdingen, Lower Saxony, Germany;53.1187799;9.7873454;10 km, 5 km;Der 37. Heideblütenlauf findet am Samstag, den 29. August 2026 in Schneverdingen statt und ist ein traditionelles Laufevent, das im Rahmen des Heideblütenfestes ausgetragen wird. Die Veranstaltung wird vom TV Jahn Schneverdingen organisiert und bietet Läufern aller Altersklassen die Möglichkeit, die schöne Heidelandschaft zu erleben. Die Strecke führt durch die malerische Umgebung und wird von zahlreichen Helfern und;https://www.tvjahn.de/sport/lauftreff/heidebluetenlauf/;Laufrennen discovery, official organizer URL, source: https://laufrennen.de/rennseiten/37_heideblutenlauf/;https://www.tvjahn.de/sport/lauftreff/heidebluetenlauf/;registration_open;low;quarterly;02.06.2026;31.08.2026;Official organizer URL discovered from Laufrennen detail page. Live URL verification: official registration signal found and date/year signal found. Precise address geocoded with Geoapify (Schulstraße, Schneverdingen, Lower Saxony, Germany, Germany). Live URL verification: official registration signal and exact date signal found. Precise address geocoded with Geoapify (Schulstraße, Schneverdingen, Lower Saxony, Germany, Germany).;
49. Warburger Oktoberwochen Volkslauf;Running;03.10.2026;Warburg;Germany;Sportzentrum Diemelaue, Warburg, North Rhine-Westphalia, Germany;51.4886533;9.1488385;10 km, 5 km;Der 49. Warburger Oktoberwochenlauf findet am 3. Oktober 2026 im Sportzentrum Diemelaue in Warburg statt. Die Veranstaltung bietet eine 5-km-Firmenwertung und richtet sich auch an Jugendliche und Schüler. Die Anmeldung erfolgt per SEPA-Lastschrift über RaceResult. Weitere Details zur Ausschreibung werden den Teilnehmern später mitgeteilt.;https://www.warburgersv.de/veranstaltungen/42-warburger-oktoberwochenlauf-2018;Laufrennen discovery, official organizer URL, source: https://laufrennen.de/rennseiten/49_warburger_oktoberwochen_volkslauf/;https://www.warburgersv.de/veranstaltungen/42-warburger-oktoberwochenlauf-2018;registration_open;low;quarterly;02.06.2026;31.08.2026;Official organizer URL discovered from Laufrennen detail page. Live URL verification: official registration signal found and date/year signal found. Precise address geocoded with Geoapify (Sportzentrum Diemelaue, Warburg, North Rhine-Westphalia, Germany, Germany). Live URL verification: official registration signal and exact date signal found. Precise address geocoded with Geoapify (Sportzentrum Diemelaue, Warburg, North Rhine-Westphalia, Germany, Germany).;
Abendlauf TSV Blau-Weiß Ippinghausen;Running;20.06.2026;Hesse;Germany;Weidelsburgstadion, Wolfhagen-Ippinghausen, Hesse, Germany;51.2816935;9.1410782;Halbmarathon;Der Abendlauf des TSV Blau-Weiß Ippinghausen findet am 20. Juni 2026 in Wolfhagen-Ippinghausen statt. Die Veranstaltung bietet Läufe über 10 km, Halbmarathon und Marathon auf befestigten und geteerten Waldwegen mit Start und Ziel im Weidelsburgstadion. Die Strecke führt durch den Stadtwald mit landschaftlich reizvollen Abschnitten wie dem Stöcketeich und bietet mehrere Verpflegungsstellen. Die Veranstaltung ist offen;https://wila-ippinghausen.de/Abendlauf/Ausschreibung;Laufrennen discovery, official organizer URL, source: https://laufrennen.de/rennseiten/abendlauf_tsv_blau_weiss_ippinghausen/;https://wila-ippinghausen.de/Abendlauf/Ausschreibung;registration_open;medium;monthly;02.06.2026;02.07.2026;Official organizer URL discovered from Laufrennen detail page. Live URL verification: official registration signal found and date/year signal found. Precise address geocoded with Geoapify (Weidelsburgstadion, Wolfhagen-Ippinghausen, Hesse, Germany, Germany). Live URL verification: official registration signal and exact date signal found. Precise address geocoded with Geoapify (Weidelsburgstadion, Wolfhagen-Ippinghausen, Hesse, Germany, Germany).;
43. Internationalen Airport Race;Running;13.09.2026;Hamburg Airport;Germany;Hamburg Airport, Hamburg, Germany;53.5501721;10.0013165;16.1 km, 5 km;Das 43. Internationale Airport Race in Hamburg findet am 13. September 2026 statt und bietet ein abwechslungsreiches Lauferlebnis rund um den Hamburger Flughafen. Der Startschuss für die 10-Meilen-Strecke fällt traditionell um 11:00 Uhr auf der LSV-Sportanlage in der Borsteler Chaussee. Neben dem Hauptlauf über 10 Meilen gibt es auch Wettbewerbe über 5 km und das Mini Airport Race. Die einzigartige Flughafenkulisse s;https://www.airportrace.de/;Laufrennen discovery, official organizer URL, source: https://laufrennen.de/rennseiten/43_internationalen_airport_race/;https://www.airportrace.de/;registration_open;low;quarterly;02.06.2026;31.08.2026;Official organizer URL discovered from Laufrennen detail page. Live URL verification: official registration signal found and date/year signal found. Live URL verification: official registration signal and exact date signal found.;
6. Hofer Backyard Ultra;Ultramarathon;27.06.2026;Upper Franconia;Germany;Hof, Upper Franconia, Bavaria, Germany;50.3187507;11.9162992;100 km, Backyard Ultra;"Der Hofer Backyard Ultra ist ein einzigartiges Ultralauf-Event, das am 27. Juni 2026 in Hof (Bayern) stattfindet. Das Rennen startet um 09:00 Uhr und ist per Definition ""open end"", das heißt, es endet erst, wenn nur noch ein Läufer übrig bleibt oder alle aufgegeben haben. Die Strecke führt auf einer 6,706 Kilometer langen Runde mit etwa 80 Höhenmetern über Wald- und Forstwege sowie Asphalt. Das Event zieht Teilnehmer";https://www.hofer-backyard-ultra.de/;Laufrennen discovery, official organizer URL, source: https://laufrennen.de/rennseiten/6_hofer_backyard_ultra/;https://www.hofer-backyard-ultra.de/;registration_open;medium;monthly;02.06.2026;02.07.2026;Official organizer URL discovered from Laufrennen detail page. Live URL verification: official registration signal found and date/year signal found. Live URL verification: official registration signal and exact date signal found.;
6. Tuchmacher Stadtlauf;Running;06.09.2026;Bramsche;Germany;Bramsche, Lower Saxony, Germany;52.4075184;7.9791742;10 km, 5 km;Der Tuchmacher Stadtlauf in Bramsche ist ein beliebter Lauf mit mehreren Strecken, der jährlich zahlreiche Teilnehmer anzieht. Die Veranstaltung zeichnet sich durch eine familiäre Atmosphäre und eine abwechslungsreiche Streckenführung durch die Innenstadt aus. Besonders der 10-km-Hauptlauf zieht leistungsstarke Athleten an, während der Schülerlauf mit großer Beteiligung für viel Stimmung sorgt. Die Bramscher Rumläufe;https://bramscher-rumlaeufer.de/;Laufrennen discovery, official organizer URL, source: https://laufrennen.de/rennseiten/6_tuchmacher_stadtlauf/;https://bramscher-rumlaeufer.de/;registration_open;low;quarterly;02.06.2026;31.08.2026;Official organizer URL discovered from Laufrennen detail page. Live URL verification: official registration signal found and date/year signal found. Live URL verification: official registration signal and exact date signal found.;
Abt-Degen-Lauf;Running;10.10.2026;Zeil am Main;Germany;Zeil am Main, Bavaria, Germany;50.0137529;10.5948036;10 km;Der Abt-Degen-Lauf des TV 1884 Zeil ist ein traditionsreicher Laufwettbewerb, der am 10. Oktober 2026 zum 30. Mal stattfindet. Angeboten werden verschiedene Distanzen, darunter ein Hauptlauf über 11 km sowie Schülerläufe über 1600 m und 800 m und ein Bambinilauf. Die Veranstaltung bietet eine gut organisierte Laufstrecke mit Zeitnahme, Startnummernausgabe, Duschen und Umkleiden sowie Verpflegung und Siegerehrung. Der;https://abt-degen-lauf.de/;Laufrennen discovery, official organizer URL, source: https://laufrennen.de/rennseiten/abt_degen_lauf/;https://abt-degen-lauf.de/;registration_open;low;quarterly;02.06.2026;31.08.2026;Official organizer URL discovered from Laufrennen detail page. Live URL verification: official registration signal found and date/year signal found. Live URL verification: official registration signal and exact date signal found.;
Aalener Stadtlauf;Running;19.07.2026;Aalen;Germany;Sparkassenplatz, Aalen, Baden-Württemberg, Germany;48.838115;10.095077;Marathon, Halbmarathon, 10 km, 5 km;Der Aalener Stadtlauf findet am 19. Juli 2026 am Sparkassenplatz in Aalen statt und bietet eine abwechslungsreiche Laufveranstaltung mit verschiedenen Läufen wie Bambinilauf, Schülerlauf, AOK Aktiv & Gesund Lauf, Teamlauf sowie dem Jugend- und Sparkassen-Hauptlauf. Die Veranstaltung zeichnet sich durch eine tolle Atmosphäre und sportliche Herausforderungen aus. Neu ist die Einführung der Stadt-Land-Fluss-Cupwertung,;https://aalener-stadtlauf.de/;Laufrennen discovery, official organizer URL, source: https://laufrennen.de/rennseiten/aalener_stadtlauf/;https://aalener-stadtlauf.de/;registration_open;medium;monthly;02.06.2026;02.07.2026;Official organizer URL discovered from Laufrennen detail page. Coordinates corrected by country-bounded Geoapify geocoding (Sparkassenplatz, Aalen, Baden-Württemberg, Germany). Live URL verification: official registration signal found and date/year signal found. Precise address geocoded with Geoapify (Sparkassenplatz, Aalen, Baden-Württemberg, Germany, Germany). Live URL verification: official registration signal and exact date signal found. Precise address geocoded with Geoapify (Sparkassenplatz, Aalen, Baden-Württemberg, Germany, Germany).;
ADAC-Tine-Flugplatzlauf;Running;07.06.2026;Husum;Germany;Husum, Schleswig-Holstein, Germany;54.4918698;9.0322878;10 km;Der ADAC-Tine-Flugplatzlauf in Husum ist ein einzigartiges Laufevent, das auf einem echten Flugplatzgelände stattfindet. Die Veranstaltung richtet sich an die ganze Familie und bietet eine besondere Atmosphäre für Läufer aller Altersklassen. Erleben Sie sportlichen Ehrgeiz und Gemeinschaftsgefühl in der schönen Umgebung von Husum an der Nordsee.;https://www.nordseetourismus.de/adac-tine-flugplatzlauf?type=5200;Laufrennen discovery, official organizer URL, source: https://laufrennen.de/rennseiten/adac_tine_flugplatzlauf/;https://www.nordseetourismus.de/adac-tine-flugplatzlauf?type=5200;registration_open;low;quarterly;02.06.2026;31.08.2026;Official organizer URL discovered from Laufrennen detail page. Live URL verification: official registration signal found and date/year signal found. Live URL verification: official registration signal and exact date signal found.;
32. Zeitzer Stadtlauf;Running;29.08.2026;Saxony-Anhalt;Germany;Schlosspark Zeitz, Zeitz, Saxony-Anhalt, Germany;51.9280976;11.6812243;10 km;Der Zeitzer Stadtlauf findet im Schlosspark Moritzburg Zeitz statt und wird von der SG Chemie Zeitz veranstaltet. Die Veranstaltung beginnt um 9:15 Uhr mit dem Start der Hauptläufe um 10:00 Uhr. Das Organisationsbüro befindet sich vor der Hauptbühne im Stadtpark, und Umkleide- sowie Duschmöglichkeiten sind in den Klinkerhallen in der Albrechtstraße vorhanden. Der Eingang zum Park erfolgt über die Stephanstraße. Der L;https://www.sg-chemie-zeitz.de/zeitzer-stadtlauf/;Laufrennen discovery, official organizer URL, source: https://laufrennen.de/rennseiten/32_zeitzer_stadtlauf/;https://www.sg-chemie-zeitz.de/zeitzer-stadtlauf/;registration_open;low;quarterly;02.06.2026;31.08.2026;Official organizer URL discovered from Laufrennen detail page. Live URL verification: official registration signal found and date/year signal found. Precise address geocoded with Geoapify (Schlosspark Zeitz, Zeitz, Saxony-Anhalt, Germany, Germany). Live URL verification: official registration signal and exact date signal found. Precise address geocoded with Geoapify (Schlosspark Zeitz, Zeitz, Saxony-Anhalt, Germany, Germany). Location QA: coordinates repaired using city geocoding (Saxony-Anhalt, Germany).;
Aerzener twinfit-Volkslauf;Running;20.09.2026;Aerzen;Germany;Aerzen, Lower Saxony, Germany;52.035157;9.25543;10 km;Der Aerzener twinfit-Volkslauf ist eine familienfreundliche Laufveranstaltung mit verschiedenen Distanzen, die in Aerzen startet und endet. Angeboten werden ein 5 km und 10 km Volkslauf, ein Firmen- und Teamlauf über 5 km sowie ein Schülerlauf über 1,8 km und ein kostenfreier Kinderlauf. Die Veranstaltung findet am 20. September 2026 statt und bietet eine angenehme Atmosphäre mit Verpflegung und Siegerehrung. Die Läu;https://www.twinfit.de/twinfitlauf;Laufrennen discovery, official organizer URL, source: https://laufrennen.de/rennseiten/aerzener_twinfit_volkslauf/;https://www.twinfit.de/twinfitlauf;registration_open;low;quarterly;02.06.2026;31.08.2026;Official organizer URL discovered from Laufrennen detail page. Live URL verification: official registration signal found and date/year signal found. Live URL verification: official registration signal and exact date signal found.;
Almetal-Marathon;Running;18.10.2026;Paderborn;Germany;Büren-Ringelstein, Paderborn, North Rhine-Westphalia, Germany;51.7177044;8.752653;Marathon, Halbmarathon;Der Almetal-Marathon 2026 findet am 18. Oktober statt und bietet Läuferinnen und Läufern eine landschaftlich reizvolle Strecke von Büren-Ringelstein bis zum Ahorn-Sportpark in Paderborn. Neben der klassischen Marathondistanz gibt es zwei Halbmarathon-Varianten sowie einen Staffelwettbewerb über vier Teilstrecken. Die Veranstaltung ist geprägt von ehrenamtlichem Engagement zahlreicher Sportvereine und bietet eine fami;https://www.ahorn-sportpark.de/feeds/Aktuelles/almetal-marathon-2026;Laufrennen discovery, official organizer URL, source: https://laufrennen.de/rennseiten/almetal_marathon/;https://www.ahorn-sportpark.de/feeds/Aktuelles/almetal-marathon-2026;registration_open;medium;monthly;02.06.2026;02.07.2026;Official organizer URL discovered from Laufrennen detail page. Live URL verification: official registration signal found and date/year signal found. Live URL verification: official registration signal and exact date signal found.;
After Work Run Bad Homburg;Running;02.09.2026;Hesse;Germany;Bad Homburg v. d. Höhe, Hochtaunuskreis, Hesse, Germany;50.2459526;8.6148995;5 km;Der After Work Run Bad Homburg ist ein jährliches Laufevent, bei dem sich Laufbegeisterte aus Bad Homburger Firmen und Einrichtungen nach der Arbeit zu einem gemeinsamen Wettkampf gegen die Uhr treffen. Das Event findet im Sommer statt und zieht zuletzt rund 2.800 Teilnehmer an. Es bietet eine sportliche Gelegenheit, vom Schreibtisch auf die Laufstrecke zu wechseln und gemeinsam aktiv zu sein. Alle Informationen zur;https://www.bad-homburg.de/de/erleben/ausgehen/veranstaltungen/after-work-run-bad-homburg;Laufrennen discovery, official organizer URL, source: https://laufrennen.de/rennseiten/after_work_run_bad_homburg/;https://www.bad-homburg.de/de/erleben/ausgehen/veranstaltungen/after-work-run-bad-homburg;registration_open;low;quarterly;02.06.2026;31.08.2026;Official organizer URL discovered from Laufrennen detail page. Coordinates corrected by country-bounded Geoapify geocoding (Bad Homburg v. d. Höhe, Hochtaunuskreis, Hesse, Germany). Live URL verification: official registration signal found and date/year signal found. Live URL verification: official registration signal and exact date signal found.;
Altra Sunset Wattenmeer;Ultramarathon;30.08.2026;Hamburg;Germany;St. Pauli Hafenstraße, Hamburg, Germany;53.5462223;9.967162;Ultramarathon;Die Altra Sunset Wattenmeer ist ein einzigartiges Team-Staffelrennen, das am 29. und 30. August 2026 stattfindet. Die Strecke führt über etwa 250 Kilometer durch die beeindruckende Natur entlang der Elbe und des UNESCO-Weltnaturerbes Nationalpark Wattenmeer. Start ist in Hamburg an der St. Pauli Hafenstraße, das Ziel befindet sich in St. Peter-Ording am Ortsteil Bad. Die Teams bestehen aus 5 oder 10 Läufer*innen, die;https://www.sunset-series.de/infos-wattenmeer/;Laufrennen discovery, official organizer URL, source: https://laufrennen.de/rennseiten/altra_sunset_wattenmeer/;https://www.sunset-series.de/infos-wattenmeer/;registration_open;medium;monthly;02.06.2026;02.07.2026;"Official organizer URL discovered from Laufrennen detail page. Live URL verification: official registration signal found and date/year signal found. Live URL verification: official registration signal and exact date signal found. Manual QA correction: event text names Hamburg/St. Pauli as start area; previous coordinates pointed far away from Hamburg.";
AOK Firmenlauf Balingen;Running;24.09.2026;Balingen;Germany;Marktplatz, Balingen, Baden-Württemberg, Germany;48.3313;8.886042;5 km;Der AOK Firmenlauf Balingen ist ein beliebtes Team-Event, das am 24. September 2026 auf dem Marktplatz in Balingen stattfindet. Die Strecke umfasst ca. 5,9 Kilometer, die in zwei Runden à etwa 2,9 km gelaufen werden. Der Lauf steht für Bewegung für alle und fördert Inklusion, sodass Menschen mit und ohne Behinderung gemeinsam teilnehmen können. Nach dem Lauf erwartet die Teilnehmer eine kostenfreie Zielverpflegung un;https://balingen.bw-running.de/home;Laufrennen discovery, official organizer URL, source: https://laufrennen.de/rennseiten/aok_firmenlauf_balingen/;https://balingen.bw-running.de/home;registration_open;low;quarterly;02.06.2026;31.08.2026;Official organizer URL discovered from Laufrennen detail page. Coordinates corrected by country-bounded Geoapify geocoding (Marktplatz, Balingen, Baden-Württemberg, Germany). Live URL verification: official registration signal found and date/year signal found. Precise address geocoded with Geoapify (Marktplatz, Balingen, Baden-Württemberg, Germany, Germany). Live URL verification: official registration signal and exact date signal found. Precise address geocoded with Geoapify (Marktplatz, Balingen, Baden-Württemberg, Germany, Germany).;
Allersberger Kirchweihlauf;Running;25.07.2026;Mittelfranken;Germany;Marktplatz Allersberg, Allersberg, Mittelfranken, Bavaria, Germany;49.2513012;11.2356812;10 km, 5 km;Der Allersberger Kirchweihlauf findet jährlich am letzten Juliwochenende in Allersberg statt und ist Teil des Raiffeisen Läufer-Cups im BLV-Kreis Mittelfranken-Süd. Die Veranstaltung bietet verschiedene Läufe, darunter einen Bambinilauf über 400 Meter sowie weitere Wettbewerbe für Schüler und Erwachsene. Die Strecke ist ein sehr ebener Rundkurs, der am Marktplatz Allersberg startet und endet. Für das leibliche Wohl i;https://www.tsv-allersberg.de/abteilungen/running/kirchweihlauf/;Laufrennen discovery, official organizer URL, source: https://laufrennen.de/rennseiten/allersberger_kirchweihlauf/;https://www.tsv-allersberg.de/abteilungen/running/kirchweihlauf/;registration_open;low;quarterly;02.06.2026;31.08.2026;Official organizer URL discovered from Laufrennen detail page. Live URL verification: official registration signal found and date/year signal found. Precise address geocoded with Geoapify (Marktplatz Allersberg, Allersberg, Mittelfranken, Bavaria, Germany, Germany). Live URL verification: official registration signal and exact date signal found. Precise address geocoded with Geoapify (Marktplatz Allersberg, Allersberg, Mittelfranken, Bavaria, Germany, Germany).;
Alb-Run Heroldstatt;Running;11.07.2026;Heroldstatt;Germany;Sportzentrum Heroldstatt, Bannholz 10, Heroldstatt, Baden-Württemberg, Germany;48.4524395;9.6788239;16 km, 10 km;Der Sparkassen Alb-Run in Heroldstatt ist ein Lauf-Event für Ausdauersportler, das am 11. Juli 2026 stattfindet. Die abwechslungsreiche Strecke führt durch das UNESCO-Biosphärengebiet Schwäbische Alb mit schönen Landschaften, kleinen Trails und einer angemessenen Portion Höhenmetern. Es stehen zwei reizvolle Distanzen zur Auswahl: 9 km und 16 km. Die Veranstaltung bietet professionelle Zeitmessung, Verpflegung auf de;https://alb-run.de/;Laufrennen discovery, official organizer URL, source: https://laufrennen.de/rennseiten/alb_run_heroldstatt/;https://alb-run.de/;registration_open;low;quarterly;02.06.2026;31.08.2026;Official organizer URL discovered from Laufrennen detail page. Live URL verification: official registration signal found and date/year signal found. Precise address geocoded with Geoapify (Sportzentrum Heroldstatt, Bannholz 10, Heroldstatt, Baden-Württemberg, Germany, Germany). Live URL verification: official registration signal and exact date signal found. Precise address geocoded with Geoapify (Sportzentrum Heroldstatt, Bannholz 10, Heroldstatt, Baden-Württemberg, Germany, Germany).;
AOK Firmenlauf Feuerbach;Running;17.09.2026;Stuttgart;Germany;Sportpark Feuerbach, Stuttgart, Baden-Württemberg, Germany;48.7784485;9.1800132;5 km;Der AOK Firmenlauf Feuerbach ist ein beliebtes Team-Event, das am 17. September 2026 im Sportpark Feuerbach in Stuttgart stattfindet. Der Lauf fördert Bewegung, Teamgeist und gemeinsame Erlebnisse und ist Teil der BW-Running-Firmenlaufserie. Die Veranstaltung bietet neben dem Lauf ein abwechslungsreiches Rahmenprogramm mit Musik, Aufwärmübungen und einer kostenfreien Zielverpflegung. Die Teilnahme ist ab 16 Jahren mö;https://feuerbach.bw-running.de/home;Laufrennen discovery, official organizer URL, source: https://laufrennen.de/rennseiten/aok_firmenlauf_feuerbach/;https://feuerbach.bw-running.de/home;registration_open;low;quarterly;02.06.2026;31.08.2026;Official organizer URL discovered from Laufrennen detail page. Coordinates corrected by country-bounded Geoapify geocoding (Sportpark Feuerbach, Stuttgart, Baden-Württemberg, Germany). Live URL verification: official registration signal found and date/year signal found. Precise address geocoded with Geoapify (Sportpark Feuerbach, Stuttgart, Baden-Württemberg, Germany, Germany). Live URL verification: official registration signal and exact date signal found. Precise address geocoded with Geoapify (Sportpark Feuerbach, Stuttgart, Baden-Württemberg, Germany, Germany).;
Alpener Stadtlauf;Running;03.06.2026;Alpen;Germany;Sportzentrum Alpen, Alpen, North Rhine-Westphalia, Germany;51.5767474;6.5128805;10 km, 5 km;Der Alpener Stadtlauf findet am Mittwoch vor Fronleichnam, dem 3. Juni 2026, statt und ist ein traditionsreiches Laufevent in der Gemeinde Alpen. Die Strecke führt auf einer rund 2,5 Kilometer langen Runde durch das Herz von Alpen mit Start und Ziel am Sportzentrum Alpen. Das Programm richtet sich an alle Alters- und Leistungsklassen mit Läufen von den Bambini bis zum 10-Kilometer-Lauf. Die Veranstaltung lebt von der;https://lg-alpen.net/;Laufrennen discovery, official organizer URL, source: https://laufrennen.de/rennseiten/alpener_stadtlauf/;https://lg-alpen.net/;registration_open;low;quarterly;02.06.2026;31.08.2026;Official organizer URL discovered from Laufrennen detail page. Live URL verification: official registration signal found and date/year signal found. Precise address geocoded with Geoapify (Sportzentrum Alpen, Alpen, North Rhine-Westphalia, Germany, Germany). Live URL verification: official registration signal and exact date signal found. Precise address geocoded with Geoapify (Sportzentrum Alpen, Alpen, North Rhine-Westphalia, Germany, Germany).;
4. Rammelsberger Steigerlauf;Running;22.08.2026;Goslar;Germany;Rammelsberg, Goslar, Lower Saxony, Germany;51.9059936;10.4266284;Marathon, Halbmarathon, 14 km, 10 km, 6.5 km;Der Rammelsberger Steigerlauf ist ein anspruchsvoller Berglauf im Nordharz, der am Weltkulturerbe Rammelsberg in Goslar stattfindet. Die Veranstaltung bietet verschiedene Strecken mit Steigungen bis zu 30 %, die durch historische Bergbaukulissen und abwechslungsreiche Wald- und Bergpassagen führen. Teilnehmer können sich auf eine professionelle Zeitnahme und ein einzigartiges Lauferlebnis mit alpinem Charakter freuen;https://rammelsberger-steigerlauf.de/;Laufrennen discovery, official organizer URL, source: https://laufrennen.de/rennseiten/4_rammelsberger_steigerlauf/;https://rammelsberger-steigerlauf.de/;registration_open;medium;monthly;02.06.2026;02.07.2026;Official organizer URL discovered from Laufrennen detail page. Live URL verification: official registration signal found and date/year signal found. Live URL verification: official registration signal and exact date signal found.;
AOK Firmenlauf Göppingen;Running;08.07.2026;Göppingen;Germany;Dr. Heinrich-Zeller-Stadion, Göppingen, Baden-Württemberg, Germany;48.7031377;9.6541116;5 km;Der AOK Firmenlauf Göppingen ist ein beliebtes Team-Event, das am 8. Juli 2026 im Dr.-Heinrich-Zeller-Stadion stattfindet. Die ca. 5 km lange Strecke bietet eine tolle Gelegenheit, gemeinsam mit Kolleginnen und Kollegen sportlich aktiv zu sein und den Teamgeist zu stärken. Neben dem Lauf erwartet die Teilnehmer ein abwechslungsreiches Rahmenprogramm mit Musik, Aufwärmprogramm und einer kostenfreien Zielverpflegung. D;https://goeppingen.bw-running.de/home;Laufrennen discovery, official organizer URL, source: https://laufrennen.de/rennseiten/aok_firmenlauf_goppingen/;https://goeppingen.bw-running.de/home;registration_open;low;quarterly;02.06.2026;31.08.2026;Official organizer URL discovered from Laufrennen detail page. Live URL verification: official registration signal found and date/year signal found. Precise address geocoded with Geoapify (Dr. Heinrich-Zeller-Stadion, Göppingen, Baden-Württemberg, Germany, Germany). Live URL verification: official registration signal and exact date signal found. Precise address geocoded with Geoapify (Dr. Heinrich-Zeller-Stadion, Göppingen, Baden-Württemberg, Germany, Germany).;
AOK Firmenlauf Sulz am Neckar;Running;29.07.2026;Sulz am Neckar;Germany;Albeck-Stadion, Sulz am Neckar, Baden-Württemberg, Germany;48.3617509;8.6314329;5 km;Der AOK Firmenlauf Sulz am Neckar ist ein Team-Event, das am 29. Juli 2026 im Albeck-Stadion stattfindet. Die 5 km lange Strecke bietet Firmen und Teams die Möglichkeit, gemeinsam sportlich aktiv zu sein und den Teamgeist zu stärken. Neben dem Lauf erwartet die Teilnehmer ein abwechslungsreiches Rahmenprogramm mit DJ-Musik, Aufwärmprogramm und einer kostenfreien Zielverpflegung. Die Veranstaltung ist Teil der BW-Runn;https://sulz-am-neckar.bw-running.de/home;Laufrennen discovery, official organizer URL, source: https://laufrennen.de/rennseiten/aok_firmenlauf_sulz_am_neckar/;https://sulz-am-neckar.bw-running.de/home;registration_open;low;quarterly;02.06.2026;31.08.2026;Official organizer URL discovered from Laufrennen detail page. Live URL verification: official registration signal found and date/year signal found. Precise address geocoded with Geoapify (Albeck-Stadion, Sulz am Neckar, Baden-Württemberg, Germany, Germany). Live URL verification: official registration signal and exact date signal found. Precise address geocoded with Geoapify (Albeck-Stadion, Sulz am Neckar, Baden-Württemberg, Germany, Germany).;
AOK Firmenlauf Ludwigsburg;Running;30.09.2026;Ludwigsburg;Germany;Residenzschloss Ludwigsburg, Ludwigsburg, Baden-Württemberg, Germany;48.8953937;9.1895147;5 km;Der AOK Firmenlauf Ludwigsburg ist ein beliebtes Team-Event, das am 30. September 2026 vor dem Residenzschloss Ludwigsburg stattfindet. Die ca. 5,7 km lange Strecke bietet eine tolle Gelegenheit, gemeinsam mit Kolleginnen und Kollegen sportlich aktiv zu sein und den Arbeitsalltag mit Bewegung und Teamgeist zu bereichern. Neben dem Lauf erwartet die Teilnehmer ein abwechslungsreiches Rahmenprogramm mit DJ, gemeinsamer;https://ludwigsburg.bw-running.de/home;Laufrennen discovery, official organizer URL, source: https://laufrennen.de/rennseiten/aok_firmenlauf_ludwigsburg/;https://ludwigsburg.bw-running.de/home;registration_open;low;quarterly;02.06.2026;31.08.2026;Official organizer URL discovered from Laufrennen detail page. Live URL verification: official registration signal found and date/year signal found. Precise address geocoded with Geoapify (Residenzschloss Ludwigsburg, Ludwigsburg, Baden-Württemberg, Germany, Germany). Live URL verification: official registration signal and exact date signal found. Precise address geocoded with Geoapify (Residenzschloss Ludwigsburg, Ludwigsburg, Baden-Württemberg, Germany, Germany).;
Ansmann Cup 2026;Running;27.06.2026;Assamstadt;Germany;Waldstadion Assamstadt, Assamstadt, Baden-Württemberg, Germany;49.4271724;9.6872392;10 km, 5 km;Der Ansmann Cup 2026 ist ein traditionsreicher Volkslauf, der vom TSV Assamstadt im Waldstadion Assamstadt ausgerichtet wird. Die Veranstaltung bietet Läufen für verschiedene Alters- und Leistungsgruppen, von Bambinis bis zum Hauptlauf über 10 km. Die Strecke wurde 2025 neu gestaltet und zeichnet sich durch ein geringeres Höhenprofil aus, was den Lauf besonders attraktiv macht. Neben dem sportlichen Wettkampf steht d;https://www.tsv-assamstadt.de/?page_id=11595;Laufrennen discovery, official organizer URL, source: https://laufrennen.de/rennseiten/ansmann_cup_2026/;https://www.tsv-assamstadt.de/?page_id=11595;registration_open;low;quarterly;02.06.2026;31.08.2026;Official organizer URL discovered from Laufrennen detail page. Live URL verification: official registration signal found and date/year signal found. Precise address geocoded with Geoapify (Waldstadion Assamstadt, Assamstadt, Baden-Württemberg, Germany, Germany). Live URL verification: official registration signal and exact date signal found. Precise address geocoded with Geoapify (Waldstadion Assamstadt, Assamstadt, Baden-Württemberg, Germany, Germany).;
AOK Firmenlauf Mosbach;Running;15.09.2026;Mosbach;Germany;Messplatz Mosbach-Neckarelz, Mosbach, Baden-Württemberg, Germany;49.3442705;9.1045539;5 km;"Der 5. AOK Firmenlauf Mosbach findet am 15. September 2026 am Messplatz Mosbach-Neckarelz statt. Die Veranstaltung ist Teil der BW-Running-Firmenlaufserie und bietet Teams aus Unternehmen die Möglichkeit, gemeinsam sportlich aktiv zu sein und Teamgeist zu erleben. Die Strecke des Hauptlaufs beträgt ca. 5 km, zusätzlich gibt es einen kürzeren ""Lauf für Alle"" über ca. 2 km. Nach dem Lauf erwartet die Teilnehmer eine ko";https://mosbach.bw-running.de/home;Laufrennen discovery, official organizer URL, source: https://laufrennen.de/rennseiten/aok_firmenlauf_mosbach/;https://mosbach.bw-running.de/home;registration_open;low;quarterly;02.06.2026;31.08.2026;Official organizer URL discovered from Laufrennen detail page. Coordinates corrected by country-bounded Geoapify geocoding (Messplatz Mosbach-Neckarelz, Mosbach, Baden-Württemberg, Germany). Live URL verification: official registration signal found and date/year signal found. Precise address geocoded with Geoapify (Messplatz Mosbach-Neckarelz, Mosbach, Baden-Württemberg, Germany, Germany). Live URL verification: official registration signal and exact date signal found. Precise address geocoded with Geoapify (Messplatz Mosbach-Neckarelz, Mosbach, Baden-Württemberg, Germany, Germany). Location QA: coordinates repaired using address geocoding (Messplatz Mosbach-Neckarelz, Mosbach, Baden-Württemberg, Germany, Mosbach, Germany).;
Alzauenlauf TSV Trostberg;Running;14.11.2026;Trostberg;Germany;Trostberg, Bavaria, Germany;48.0277272;12.5530162;10 km;Der Alzauenlauf in Trostberg ist ein traditionsreicher Lauf, der am 14. November 2026 stattfindet. Die Hauptstrecke über 10 km führt durch die malerischen Trostberger Alzauen, ein idyllisches Waldgebiet entlang der Alz, dem Abfluss des Chiemsees. Die Strecke kombiniert angenehme natürliche Waldwege mit einer Runde im Stadion und bietet so ein abwechslungsreiches Lauferlebnis. Neben dem Hauptlauf gibt es auch kürzere;https://www.alzauenlauf.de/;Laufrennen discovery, official organizer URL, source: https://laufrennen.de/rennseiten/alzauenlauf_tsv_trostberg/;https://www.alzauenlauf.de/;registration_open;low;quarterly;02.06.2026;31.08.2026;Official organizer URL discovered from Laufrennen detail page. Live URL verification: official registration signal found and date/year signal found. Live URL verification: official registration signal and exact date signal found.;
AOK Firmenlauf Schwäbisch Hall;Running;22.07.2026;Schwäbisch Hall;Germany;Optima Sportpark, Schwäbisch Hall, Baden-Württemberg, Germany;49.1124305;9.7371246;5 km;Der AOK Firmenlauf Schwäbisch Hall ist ein beliebtes Team-Event, das am 22. Juli 2026 im Optima Sportpark stattfindet. Die Strecke umfasst ca. 5 Kilometer, die zweimal gelaufen werden, und bietet eine tolle Gelegenheit, gemeinsam mit Kolleginnen und Kollegen sportlich aktiv zu sein. Neben dem Lauf erwartet die Teilnehmer ein abwechslungsreiches Rahmenprogramm mit DJ, gemeinsamer Erwärmung, Siegerehrungen und kostenfr;https://schwaebisch-hall.bw-running.de/home;Laufrennen discovery, official organizer URL, source: https://laufrennen.de/rennseiten/aok_firmenlauf_schwabisch_hall/;https://schwaebisch-hall.bw-running.de/home;registration_open;low;quarterly;02.06.2026;31.08.2026;Official organizer URL discovered from Laufrennen detail page. Live URL verification: official registration signal found and date/year signal found. Precise address geocoded with Geoapify (Optima Sportpark, Schwäbisch Hall, Baden-Württemberg, Germany, Germany). Live URL verification: official registration signal and exact date signal found. Precise address geocoded with Geoapify (Optima Sportpark, Schwäbisch Hall, Baden-Württemberg, Germany, Germany).;
AOK Firmenlauf Stuttgart;Running;01.07.2026;Stuttgart;Germany;GAZI-Stadion, Stuttgart-Degerloch, Stuttgart, Baden-Württemberg, Germany;48.7784485;9.1800132;5 km;Der 19. AOK Firmenlauf Stuttgart findet am 1. Juli 2026 um 18:30 Uhr im GAZI-Stadion in Stuttgart-Degerloch statt. Der Lauf ist ein beliebtes Firmenevent, das Teamgeist und Bewegung verbindet und mitten durch die Stadt führt. Die Veranstaltung bietet neben dem Lauf ein abwechslungsreiches Rahmenprogramm mit DJ, Aufwärmprogramm und Siegerehrungen. Für das leibliche Wohl sorgt die Firma Rauschenberger mit Catering, und;https://stuttgart.bw-running.de/home;Laufrennen discovery, official organizer URL, source: https://laufrennen.de/rennseiten/aok_firmenlauf_stuttgart/;https://stuttgart.bw-running.de/home;registration_open;low;quarterly;02.06.2026;31.08.2026;Official organizer URL discovered from Laufrennen detail page. Live URL verification: official registration signal found and date/year signal found. Precise address geocoded with Geoapify (GAZI-Stadion, Stuttgart-Degerloch, Stuttgart, Baden-Württemberg, Germany, Germany). Live URL verification: official registration signal and exact date signal found. Precise address geocoded with Geoapify (GAZI-Stadion, Stuttgart-Degerloch, Stuttgart, Baden-Württemberg, Germany, Germany).;
AOK Firmenlauf Waiblingen;Running;16.09.2026;Waiblingen;Germany;Waiblingen, Baden-Württemberg, Germany;48.848514;9.3226283;5 km;Der AOK Firmenlauf Waiblingen ist ein beliebtes Team-Event, das am 16. September 2026 in Waiblingen stattfindet. Die ca. 5,5 km lange Strecke führt rund um die Rundsporthalle und bietet eine tolle Gelegenheit, gemeinsam mit Kolleginnen und Kollegen sportlich aktiv zu sein und den Teamgeist zu stärken. Die Veranstaltung beginnt um 18:00 Uhr mit einem DJ-Programm und einem gemeinsamen Aufwärmprogramm, gefolgt vom Lauf;https://waiblingen.bw-running.de/home;Laufrennen discovery, official organizer URL, source: https://laufrennen.de/rennseiten/aok_firmenlauf_waiblingen/;https://waiblingen.bw-running.de/home;registration_open;low;quarterly;02.06.2026;31.08.2026;Official organizer URL discovered from Laufrennen detail page. Live URL verification: official registration signal found and date/year signal found. Live URL verification: official registration signal and exact date signal found.;
Aschauer Vorsilvesterlauf;Running;28.12.2026;Aschau im Chiemgau;Germany;Aschau im Chiemgau, Bavaria, Germany;47.7764994;12.3234179;5 km;Der Aschauer Vorsilvesterlauf ist eine beliebte Laufveranstaltung in Aschau im Chiemgau, die seit 2009 vom Verein Lauffeuer Chiemgau e.V. und dem Gewerbeverein Aschau e.V. organisiert wird. Mit einer flachen und schnellen 5-km-Strecke durch den Ortskern sowie einem Kinderlauf über 1,7 km bietet der Lauf sowohl Hobby- als auch Leistungsläufern ein attraktives Rennen. Die Veranstaltung ist bekannt als Südbayerns größte;https://www.vorsilvesterlauf.de/;Laufrennen discovery, official organizer URL, source: https://laufrennen.de/rennseiten/aschauer_vorsilvesterlauf/;https://www.vorsilvesterlauf.de/;registration_open;low;quarterly;02.06.2026;31.08.2026;Official organizer URL discovered from Laufrennen detail page. Live URL verification: official registration signal found and date/year signal found. Live URL verification: official registration signal and exact date signal found.;
B2Run Hamburg;Running;25.08.2026;Volksparkstadion;Germany;Volksparkstadion, Hamburg, Hamburg, Germany;54.093919;9.664623;5 km;Der B2Run Hamburg am 25. August 2026 ist ein Firmenlauf über rund 5,6 km, der mit einem spektakulären Zieleinlauf im Volksparkstadion endet. Die Strecke ist abwechslungsreich und weitgehend flach, ideal für Einsteiger, Walker und erfahrene Läufer. Das Event fördert Teamgeist, Motivation und Gemeinschaftsgefühl und ist perfekt für Unternehmen und Einzelstarter aus Hamburg und Umgebung. Neben dem sportlichen Erlebnis b;https://www.b2run.de/run/de/de/hamburg/index.html;Laufrennen discovery, official organizer URL, source: https://laufrennen.de/rennseiten/b2run_hamburg/;https://www.b2run.de/run/de/de/hamburg/index.html;registration_open;low;quarterly;02.06.2026;31.08.2026;Official organizer URL discovered from Laufrennen detail page. Live URL verification: official registration signal found and date/year signal found. Precise address geocoded with Geoapify (Volksparkstadion, Hamburg, Hamburg, Germany, Germany). Live URL verification: official registration signal and exact date signal found. Precise address geocoded with Geoapify (Volksparkstadion, Hamburg, Hamburg, Germany, Germany). Location QA: coordinates repaired using address geocoding (Volksparkstadion, Hamburg, Hamburg, Germany, Volksparkstadion, Germany).;
Auenwaldlauf;Running;04.07.2026;Auenwald;Germany;Auenwald-Hohnweiler, Auenwald, Baden-Württemberg, Germany;48.940383;9.5115851;30 km, 10 km, 5 km;Der Auenwaldlauf ist eine traditionsreiche Laufveranstaltung in Auenwald-Hohnweiler, die am 4. Juli 2026 stattfindet. Die Veranstaltung bietet verschiedene Laufstrecken für Kinder, Jugendliche und Erwachsene mit einer freundlichen und familiären Atmosphäre. Start und Ziel befinden sich an der Mehrzweckhalle Hohnweiler, und alle Finisher erhalten eine Medaille. Die Läufe sind altersgerecht eingeteilt und werden mit Po;https://www.lauftreff-auenwald.de/?Auenwaldlauf;Laufrennen discovery, official organizer URL, source: https://laufrennen.de/rennseiten/auenwaldlauf/;https://www.lauftreff-auenwald.de/?Auenwaldlauf;registration_open;low;quarterly;02.06.2026;31.08.2026;Official organizer URL discovered from Laufrennen detail page. Live URL verification: official registration signal found and date/year signal found. Precise address geocoded with Geoapify (Auenwald-Hohnweiler, Auenwald, Baden-Württemberg, Germany, Germany). Live URL verification: official registration signal and exact date signal found. Precise address geocoded with Geoapify (Auenwald-Hohnweiler, Auenwald, Baden-Württemberg, Germany, Germany).;
Aspacher Volkslauf;Running;19.09.2026;Großaspach;Germany;Mühlfeldhalle, Großaspach, Baden-Württemberg, Germany;48.9653254;9.3997185;10 km, 5 km;Der Aspacher Volkslauf ist eine traditionsreiche Laufveranstaltung, die von den Murrtal Runners Aspach organisiert wird. Start und Ziel befinden sich an der Mühlfeldhalle in Großaspach. Die Strecken führen durch den Fautenhau und zurück, mit kleineren Anpassungen zur Vereinfachung der Streckenführung. Die Veranstaltung bietet Läufe für verschiedene Altersklassen, darunter Bambiniläufe, Jugendläufe und einen Hauptlauf;https://murrtal-runners.de/volkslauf/;Laufrennen discovery, official organizer URL, source: https://laufrennen.de/rennseiten/aspacher_volkslauf/;https://murrtal-runners.de/volkslauf/;registration_open;low;quarterly;02.06.2026;31.08.2026;Official organizer URL discovered from Laufrennen detail page. Live URL verification: official registration signal found and date/year signal found. Precise address geocoded with Geoapify (Mühlfeldhalle, Großaspach, Baden-Württemberg, Germany, Germany). Live URL verification: official registration signal and exact date signal found. Precise address geocoded with Geoapify (Mühlfeldhalle, Großaspach, Baden-Württemberg, Germany, Germany).;
AOK Firmenlauf in Haslach im Kinzigtal;Running;22.09.2026;Ortenaukreis;Germany;Haslach im Kinzigtal, Ortenaukreis, Baden-Württemberg, Germany;48.2769011;8.0871643;5 km;"Der AOK Firmenlauf Haslach im Kinzigtal ist ein Team-Event, das am 22. September 2026 stattfindet und Teil der BW-Running-Serie ist. Die Veranstaltung fördert Bewegung, Teamgeist und gemeinsame Erlebnisse im Arbeitsalltag. Die Strecke des Hauptlaufs beträgt ca. 5 km, zusätzlich gibt es einen 2 km langen ""Lauf für Alle"". Nach dem Lauf erwartet die Teilnehmer eine kostenfreie Zielverpflegung, und es gibt spezielle Meet";https://haslach.bw-running.de/home;Laufrennen discovery, official organizer URL, source: https://laufrennen.de/rennseiten/aok_firmenlauf_in_haslach_im_kinzigtal/;https://haslach.bw-running.de/home;registration_open;low;quarterly;02.06.2026;31.08.2026;Official organizer URL discovered from Laufrennen detail page. Live URL verification: official registration signal found and date/year signal found. Live URL verification: official registration signal and exact date signal found.;
Bad Buchauer Stadtlauf mit Federseehalbmarathon;Running;11.07.2026;Biberach;Germany;Bad Buchau, Biberach, Baden-Württemberg, Germany;48.3388818;8.0281354;Halbmarathon, 10 km, 5 km;Der 25. Bad Buchauer Stadtlauf mit Federseehalbmarathon findet am 11. Juli 2026 statt und bietet Läufern ein abwechslungsreiches Erlebnis. Die Halbmarathonstrecke führt durch die historische Innenstadt von Bad Buchau, den Kurpark und das größte Naturschutzgebiet Südwestdeutschlands rund um den Federsee. Die Strecke ist weitestgehend eben mit einer Höhendifferenz von ca. 35 Metern und verläuft teils auf Asphalt, teils;https://www.svbadbuchau.de/stadtlauf/stadtlauf-2026/;Laufrennen discovery, official organizer URL, source: https://laufrennen.de/rennseiten/bad_buchauer_stadtlauf_mit_federseehalbmarathon/;https://www.svbadbuchau.de/stadtlauf/stadtlauf-2026/;registration_open;medium;monthly;02.06.2026;02.07.2026;Official organizer URL discovered from Laufrennen detail page. Live URL verification: official registration signal found and date/year signal found. Live URL verification: official registration signal and exact date signal found. Location QA: coordinates repaired using city geocoding (Biberach, Germany).;
Bad Essener Abendlauf;Running;03.07.2026;Bad Essen;Germany;Kirchplatz, Bad Essen, Lower Saxony, Germany;52.3204491;8.3388811;10 km;Der 29. Internationale Bad Essener Abendlauf findet am 3. Juli 2026 auf dem Kirchplatz in Bad Essen statt. Die Veranstaltung bietet eine familiäre Atmosphäre mit Läufen für alle Altersgruppen und Leistungsniveaus, darunter Bambinilauf, Schülerlauf, Staffellauf, Jedermannlauf und ein 10-km-Hauptlauf. Besonders attraktiv ist der neue Staffellauf mit einer verkürzten Strecke von 6 x 400 m, der mehr Kindern, Jugendlichen;https://www.laufen-os.de/wettkaempfe/29-int-bad-essener-abendlauf-2026;Laufrennen discovery, official organizer URL, source: https://laufrennen.de/rennseiten/bad_essener_abendlauf/;https://www.laufen-os.de/wettkaempfe/29-int-bad-essener-abendlauf-2026;registration_open;low;quarterly;02.06.2026;31.08.2026;Official organizer URL discovered from Laufrennen detail page. Live URL verification: official registration signal found and date/year signal found. Precise address geocoded with Geoapify (Kirchplatz, Bad Essen, Lower Saxony, Germany, Germany). Live URL verification: official registration signal and exact date signal found. Precise address geocoded with Geoapify (Kirchplatz, Bad Essen, Lower Saxony, Germany, Germany). Location QA: coordinates repaired using address geocoding (Kirchplatz, Bad Essen, Lower Saxony, Germany, Bad Essen, Germany).;
B2Run Berlin;Running;16.09.2026;Olympiastadion Berlin;Germany;Olympiastadion Berlin, Berlin, Germany;52.5173885;13.3951309;5 km;Der B2Run Berlin am 16. September 2026 ist ein Firmenlauf mit einer rund 5,7 km langen Strecke rund um das Berliner Olympiastadion. Der Lauf endet mit einem emotionalen Zieleinlauf im historischen Olympiastadion und bietet ein einzigartiges Teamevent für Unternehmen und Einzelstarter aus Berlin und Umgebung. Der Fokus liegt auf Teamgeist, Motivation und Spaß, nicht auf Bestzeiten, und ist ideal für Einsteiger, Walker;https://www.b2run.de/run/de/de/index.html;Laufrennen discovery, official organizer URL, source: https://laufrennen.de/rennseiten/b2run_berlin/;https://www.b2run.de/run/de/de/index.html;registration_open;low;quarterly;02.06.2026;31.08.2026;Official organizer URL discovered from Laufrennen detail page. Live URL verification: official registration signal found and date/year signal found. Precise address geocoded with Geoapify (Olympiastadion Berlin, Berlin, Germany, Germany). Live URL verification: official registration signal and exact date signal found. Precise address geocoded with Geoapify (Olympiastadion Berlin, Berlin, Germany, Germany).;
Babenberger Volkslauf;Running;20.06.2026;Bamberg;Germany;Kirchweihsamstag, St. Urban, Bamberg, Bavaria, Germany;49.8916044;10.8868478;11.1 km;Der Babenberger Volkslauf ist ein familienfreundlicher Panoramalauf, der seit 1999 am Kirchweihsamstag von St. Urban in Bamberg stattfindet. Die Laufveranstaltung bietet eine schöne Gelegenheit für Laufbegeisterte, sich in einer freundlichen Atmosphäre zu treffen und gemeinsam für einen guten Zweck zu laufen. Start und Ziel befinden sich an der Kirche St. Urban, und die Veranstaltung unterstützt jährlich soziale Proj;https://babenberger-volkslauf.de/;Laufrennen discovery, official organizer URL, source: https://laufrennen.de/rennseiten/babenberger_volkslauf/;https://babenberger-volkslauf.de/;registration_open;low;quarterly;02.06.2026;31.08.2026;Official organizer URL discovered from Laufrennen detail page. Live URL verification: official registration signal found and date/year signal found. Live URL verification: official registration signal and exact date signal found. Location QA: coordinates repaired using city geocoding (Bamberg, Germany).;
Bahnstadtlauf 2026;Running;11.07.2026;Heidelberg;Germany;Bahnstadt, Heidelberg, Baden-Württemberg, Germany;49.40278;8.6661594;10 km, 5 km;Der Bahnstadtlauf in Heidelberg ist ein familienfreundlicher Lauf mit verschiedenen Distanzen für Kinder, Jugendliche und Erwachsene. Die Veranstaltung findet im Rahmen des Bahnstadtfestes statt und bietet neben spannenden Läufen auch Live-Musik und Verpflegung. Die Strecken führen durch die Bahnstadt, wobei kurzfristige Änderungen aufgrund von Bauarbeiten möglich sind. Die Läufe umfassen Kinderläufe, Schülerläufe so;https://heidelberger-tv.de/bahnstadtlauf/;Laufrennen discovery, official organizer URL, source: https://laufrennen.de/rennseiten/bahnstadtlauf_2026/;https://heidelberger-tv.de/bahnstadtlauf/;registration_open;low;quarterly;02.06.2026;31.08.2026;Official organizer URL discovered from Laufrennen detail page. Live URL verification: official registration signal found and date/year signal found. Live URL verification: official registration signal and exact date signal found.;
Bausch+Ströbel Stadtlauf Ilshofen;Running;26.09.2026;Ilshofen;Germany;Roland-Wurmthaler-Halle, Ilshofen, Baden-Württemberg, Germany;49.170072;9.9186069;10 km;Der Bausch+Ströbel Stadtlauf Ilshofen ist ein traditionsreicher Laufwettbewerb, der jährlich in Ilshofen stattfindet. Die Veranstaltung bietet Läufern verschiedener Alters- und Leistungsklassen die Möglichkeit, auf einer abwechslungsreichen Strecke durch die Stadt anzutreten. Die Laufstrecke ist gut markiert und führt durch attraktive Abschnitte der Stadt, was den Lauf sowohl für Teilnehmer als auch Zuschauer interes;http://stadtlauf-ilshofen.de/ausschreibung.html;Laufrennen discovery, official organizer URL, source: https://laufrennen.de/rennseiten/bausch_strobel_stadtlauf_ilshofen/;http://stadtlauf-ilshofen.de/ausschreibung.html;registration_open;low;quarterly;02.06.2026;31.08.2026;Official organizer URL discovered from Laufrennen detail page. Live URL verification: official registration signal found and date/year signal found. Precise address geocoded with Geoapify (Roland-Wurmthaler-Halle, Ilshofen, Baden-Württemberg, Germany, Germany). Live URL verification: official registration signal and exact date signal found. Precise address geocoded with Geoapify (Roland-Wurmthaler-Halle, Ilshofen, Baden-Württemberg, Germany, Germany).;
BarockLauf Ludwigsburg;Running;10.07.2026;Ludwigsburg;Germany;Ludwigsburg, Baden-Württemberg, Germany;48.8953937;9.1895147;10 km, 5 km;Der BarockLauf Ludwigsburg ist ein genussvoller Lauf durch das Blühende Barock mit Start auf dem barocken Marktplatz im Herzen von Ludwigsburg. Die Veranstaltung bietet verschiedene Distanzen für Läufer aller Altersgruppen, darunter 10 km, 5 km, 1,5 km Handicap- und Kinderläufe sowie einen Kinderlauf über 500 m. Die Anmeldung erfolgt ausschließlich online, und der Lauf ist bekannt für seine freundliche Atmosphäre und;https://www.barocklauf.de/;Laufrennen discovery, official organizer URL, source: https://laufrennen.de/rennseiten/barocklauf_ludwigsburg/;https://www.barocklauf.de/;registration_open;low;quarterly;02.06.2026;31.08.2026;Official organizer URL discovered from Laufrennen detail page. Live URL verification: official registration signal found and date/year signal found. Live URL verification: official registration signal and exact date signal found.;
BÄRENFELS SOMMERTRAIL 63-KM mit MARATHON, HALBMARATHON und 11-KM;Ultramarathon;12.07.2026;Neubrücke;Germany;Neubrücke, Saarland, Germany;49.6059296;7.1715988;Ultramarathon, Marathon, Halbmarathon, 10 km;Der BÄRENFELS SOMMER-TRAIL am 12. Juli 2026 bietet ein unvergessliches Trail-Erlebnis in der urwüchsigen Natur des Nationalparks Saarland-Hunsrück-Hochwald. Die Veranstaltung umfasst vier Distanzen von 11 km bis 63 km mit anspruchsvollen Höhenmetern und führt auf einem wildromantischen Trail-Rundkurs rund um den Bärenfels. Läufer und Walker können die abwechslungsreiche Landschaft des Nahesteigs genießen und sich auf;https://baerenfelsteam.de/;Laufrennen discovery, official organizer URL, source: https://laufrennen.de/rennseiten/barenfels_sommertrail_63_km_mit_marathon_halbmarathon_und_11_km/;https://baerenfelsteam.de/;registration_open;medium;monthly;02.06.2026;02.07.2026;Official organizer URL discovered from Laufrennen detail page. Live URL verification: official registration signal found and date/year signal found. Precise address geocoded with Geoapify (Neubrücke, Saarland, Germany, Germany). Live URL verification: official registration signal and exact date signal found. Precise address geocoded with Geoapify (Neubrücke, Saarland, Germany, Germany).;
Bahndammlauf;Running;06.09.2026;53567 Buchholz;Germany;Buchholz, 53567 Buchholz, Germany;50.67175626570943;7.422621352579696;Halbmarathon, 10 km, 5 km;Der Buchholzer Bahndammlauf ist eine abwechslungsreiche Laufveranstaltung, die Natur und Genuss verbindet. Die Strecke führt vom Stadion über den Bahndamm durch die Ortsteile Wahl und Wallau bis zum Franziskuskreuz, mit einem anspruchsvollen Steigungsstück zum Mückensee, dem höchsten Punkt der Strecke. Danach geht es überwiegend bergab oder eben weiter nach Asbach-Walgenbach mit mehreren Getränkestationen. Die Verans;https://bahndammlauf.de/;Laufrennen discovery, official organizer URL, source: https://laufrennen.de/rennseiten/bahndammlauf/;https://bahndammlauf.de/;registration_open;medium;monthly;02.06.2026;02.07.2026;Official organizer URL discovered from Laufrennen detail page. Live URL verification: official registration signal found and date/year signal found. Precise address geocoded with Geoapify (Buchholz, 53567 Buchholz, Germany, Germany). Live URL verification: official registration signal and exact date signal found. Precise address geocoded with Geoapify (Buchholz, 53567 Buchholz, Germany, Germany).;
Benin Benefiz-Lauf;Running;26.09.2026;Hirzweiler;Germany;Hirzweiler, Saarland, Germany;49.4026691;7.0809661;10 km;Der Benin Benefiz-Lauf ist eine landschaftlich abwechslungsreiche Laufveranstaltung in Hirzweiler, die am 26. September 2026 zum 19. Mal stattfindet. Die Strecke bietet einen Panoramablick über das Illtal und verläuft überwiegend auf asphaltierten Feldwegen. Die Veranstaltung unterstützt Hilfsprojekte in Benin, wobei der Erlös und die Startgebühren der AG Benin zugutekommen. Neben dem Lauf erwartet die Teilnehmer in;https://www.llgwustweiler.de/veranstaltungen/benin-lauf/;Laufrennen discovery, official organizer URL, source: https://laufrennen.de/rennseiten/benin_benefiz_lauf/;https://www.llgwustweiler.de/veranstaltungen/benin-lauf/;registration_open;low;quarterly;02.06.2026;31.08.2026;Official organizer URL discovered from Laufrennen detail page. Live URL verification: official registration signal found and date/year signal found. Live URL verification: official registration signal and exact date signal found.;
Benefizlauf - Laufend Gutes tun;Running;19.06.2026;Wangen im Allgäu;Germany;Niederwangen, Wangen im Allgäu, Baden-Württemberg, Germany;47.6721727;9.7991925;Marathon, Halbmarathon, 10 km;Der Benefizlauf Niederwangen ist eine inklusive Laufveranstaltung, die zugunsten der Lebenshilfe organisiert wird. Die Veranstaltung verbindet sportlichen Einsatz mit sozialem Engagement und richtet sich an Läufer aller Altersgruppen. Die Strecke führt durch die schöne Umgebung von Niederwangen und bietet eine tolle Gelegenheit, Gutes zu tun und gemeinsam aktiv zu sein. Unterstützt wird der Lauf von verschiedenen lok;https://www.sg-niederwangen.de/events/standard-titel/benefizlauf/;Laufrennen discovery, official organizer URL, source: https://laufrennen.de/rennseiten/benefizlauf_laufend_gutes_tun/;https://www.sg-niederwangen.de/events/standard-titel/benefizlauf/;registration_open;medium;monthly;02.06.2026;02.07.2026;Official organizer URL discovered from Laufrennen detail page. Live URL verification: official registration signal found and date/year signal found. Live URL verification: official registration signal and exact date signal found.;
Besenbinder Lauf - Rund um Hainrode;Running;27.06.2026;Saxony-Anhalt;Germany;Hainrode, Südharz, Saxony-Anhalt, Germany;51.501995;11.167476;15.5 km, 5 km;Der 1. Besenbinder Lauf - Rund um Hainrode ist eine Laufveranstaltung im Südharz, ausgerichtet vom ASV 1902 Sangerhausen. Die Veranstaltung findet am 27. Juni 2026 in Hainrode statt und bietet Läufern verschiedener Altersklassen und Leistungsniveaus die Möglichkeit, an einem sportlichen Wettkampf teilzunehmen. Die Strecke führt rund um Hainrode und verspricht eine abwechslungsreiche Laufumgebung in der Natur. Die Ver;https://ladv.de/ausschreibung/detail/45186/1.-Besenbinder-Lauf--Rund-um-Hainrode-S%C3%BCdharz.htm;Laufrennen discovery, official organizer URL, source: https://laufrennen.de/rennseiten/besenbinder_lauf_rund_um_hainrode/;https://ladv.de/ausschreibung/detail/45186/1.-Besenbinder-Lauf--Rund-um-Hainrode-S%C3%BCdharz.htm;registration_open;low;quarterly;02.06.2026;31.08.2026;Official organizer URL discovered from Laufrennen detail page. Live URL verification: official registration signal found and date/year signal found. Live URL verification: official registration signal and exact date signal found.;
Bergisch Gladbacher Stadtlauf;Running;11.09.2026;Bergisch Gladbach;Germany;Bergisch Gladbach, North Rhine-Westphalia, Germany;50.9587243;7.1876601;10 km;Der Bergisch Gladbacher Stadtlauf ist eine traditionsreiche Laufveranstaltung, die seit 1996 jährlich stattfindet. Am 11. September 2026 starten rund 1.000 Laufbegeisterte ab 18:30 Uhr auf dem Konrad-Adenauer-Platz in der autofreien Innenstadt. Die Veranstaltung umfasst einen Erlebnislauf ohne Zeitnahme und einen Hauptlauf mit Wertung in verschiedenen Altersklassen. Begleitet wird das Event von einem bunten Rahmenpro;https://www.bergischgladbach.de/stadtlauf.aspx;Laufrennen discovery, official organizer URL, source: https://laufrennen.de/rennseiten/bergisch_gladbacher_stadtlauf/;https://www.bergischgladbach.de/stadtlauf.aspx;registration_open;low;quarterly;02.06.2026;31.08.2026;Official organizer URL discovered from Laufrennen detail page. Live URL verification: official registration signal found and date/year signal found. Live URL verification: official registration signal and exact date signal found.;
Augsburger AOK Winterlaufserie Weihnachtslauf;Running;20.12.2026;Augsburg;Germany;Augsburg, Bavaria, Germany;48.3690341;10.8979522;10 km;Die Augsburger AOK Winterlaufserie der TG Viktoria Augsburg besteht aus vier Läufen, die durch den wunderschönen Naturpark Westliche Wälder führen. Die Strecken verlaufen durch hügeliges Gelände in den westlichen Wäldern Augsburgs und erfordern gute Kondition. Die Serie bietet Wertungen für verschiedene Altersklassen und eine Gesamtwertung mit attraktiven Preisen. Die Läufe finden im November und Dezember statt, der;https://tgva.de/augsburger-winterlaufserie/;Laufrennen discovery, official organizer URL, source: https://laufrennen.de/rennseiten/augsburger_aok_winterlaufserie_weihnachtslauf/;https://tgva.de/augsburger-winterlaufserie/;registration_open;low;quarterly;02.06.2026;31.08.2026;Official organizer URL discovered from Laufrennen detail page. Live URL verification: official registration signal found and date/year signal found. Live URL verification: official registration signal and exact date signal found.;
Bergdorfmeile;Running;26.06.2026;Karlsruhe;Germany;Hohenwettersbach, Karlsruhe, Baden-Württemberg, Germany;48.966316;8.4807718;8.9 km;Die Bergdorfmeile ist ein traditionsreicher Lauf über eine historische Strecke von 8,88889 km in Karlsruhe-Hohenwettersbach, der am Freitag, den 26. Juni 2026 stattfindet. Die Strecke ist mit etwa 140 Höhenmetern anspruchsvoller als eine flache Stadtstrecke, aber so gestaltet, dass auch Freizeitläufer gut mitkommen. Der Lauf startet um 19:00 Uhr in der Lindenstraße und endet am Sportplatz des SV Hohenwettersbach. Neb;https://bergdorfmeile.de/bergdorfmeile/;Laufrennen discovery, official organizer URL, source: https://laufrennen.de/rennseiten/bergdorfmeile/;https://bergdorfmeile.de/bergdorfmeile/;registration_open;low;quarterly;02.06.2026;31.08.2026;Official organizer URL discovered from Laufrennen detail page. Live URL verification: official registration signal found and date/year signal found. Live URL verification: official registration signal and exact date signal found.;
Augsburger AOK-Winterlaufserie Südring;Running;07.11.2026;Augsburg;Germany;Augsburg, Bavaria, Germany;48.3690341;10.8979522;10 km;Die Augsburger AOK Winterlaufserie der TG Viktoria Augsburg besteht aus vier Läufen, die durch den wunderschönen Naturpark Westliche Wälder führen. Die Strecken verlaufen in hügeligem Gelände und erfordern gute Kondition und Gesundheit. Die Veranstaltung bietet Wertungen für verschiedene Altersklassen und eine Gesamtwertung mit attraktiven Preisen und Pokalen. Die Läufe finden an Samstagen und einem Sonntag im Novemb;https://tgva.de/augsburger-winterlaufserie/;Laufrennen discovery, official organizer URL, source: https://laufrennen.de/rennseiten/augsburger_aok_winterlaufserie_sudring/;https://tgva.de/augsburger-winterlaufserie/;registration_open;low;quarterly;02.06.2026;31.08.2026;Official organizer URL discovered from Laufrennen detail page. Live URL verification: official registration signal found and date/year signal found. Live URL verification: official registration signal and exact date signal found.;
Bessunger Merck-Lauf;Running;19.09.2026;Darmstadt;Germany;Bessunger, Darmstadt, Hessen, Germany;49.847729;8.648787;10 km;Der Bessunger Merck-Lauf ist ein traditionsreicher Stadtteillauf in Darmstadt, der Läuferinnen und Läufer aller Altersklassen willkommen heißt. Die Veranstaltung bietet verschiedene Streckenlängen und zeichnet sich durch eine abwechslungsreiche Strecke durch den Bessunger Stadtteil aus. Die Voranmeldung ist ab sofort möglich, wobei die Voranmeldefrist aus organisatorischen Gründen bereits am 13. September endet. Der;https://www.stadtteillauf.de/;Laufrennen discovery, official organizer URL, source: https://laufrennen.de/rennseiten/bessunger_merck_lauf/;https://www.stadtteillauf.de/;registration_open;low;quarterly;02.06.2026;31.08.2026;Official organizer URL discovered from Laufrennen detail page. Live URL verification: official registration signal found and date/year signal found. Live URL verification: official registration signal and exact date signal found.;
Berliner Wasserbetriebe 5x5 km TEAM-Staffel;Running;04.06.2026;Tiergarten;Germany;Tiergarten, Berlin, Germany;52.5097776;13.3572597;5 km;Die Berliner Wasserbetriebe 5 x 5 km TEAM-Staffel ist ein einzigartiger Staffellauf im Berliner Tiergarten, der Teamgeist und gemeinsames Erleben in den Mittelpunkt stellt. Fünf Teammitglieder laufen jeweils 5 km auf einer landschaftlich reizvollen Strecke zwischen Siegessäule und Bundeskanzleramt. Die Veranstaltung ist ideal für alle, die gemeinsam sportliche Herausforderungen meistern und dabei Spaß haben wollen, u;https://www.berliner-teamstaffel.de/;Laufrennen discovery, official organizer URL, source: https://laufrennen.de/rennseiten/berliner_wasserbetriebe_5x5_km_team_staffel/;https://www.berliner-teamstaffel.de/;registration_open;low;quarterly;02.06.2026;31.08.2026;Official organizer URL discovered from Laufrennen detail page. Live URL verification: official registration signal found and date/year signal found. Live URL verification: official registration signal and exact date signal found.;
Bergkloster-Lauf;Running;27.09.2026;Hochsauerlandkreis;Germany;Bestwig, Hochsauerlandkreis, North Rhine-Westphalia, Germany;51.3609508;8.4005554;Halbmarathon, 10 km, 5 km;Der Bergklosterlauf, ausgerichtet vom TuS Velmede-Bestwig in Kooperation mit dem Bergkloster Bestwig, findet am 27. September 2026 im Sauerland statt. Die Läufe über 6, 10 und 21 Kilometer führen durch idyllische Bachläufe, über Höhenzüge mit großartigen Aussichtspunkten und durch kleinere Siedlungen, bevor sie am Bergkloster Bestwig enden. Neben den Läufen gibt es Kinder- und Jugendläufe sowie ein Rahmenprogramm mit;https://www.tus-velmede-bestwig.de/bergklosterlauf;Laufrennen discovery, official organizer URL, source: https://laufrennen.de/rennseiten/bergkloster_lauf/;https://www.tus-velmede-bestwig.de/bergklosterlauf;registration_open;medium;monthly;02.06.2026;02.07.2026;Official organizer URL discovered from Laufrennen detail page. Live URL verification: official registration signal found and date/year signal found. Precise address geocoded with Geoapify (Bestwig, Hochsauerlandkreis, North Rhine-Westphalia, Germany, Germany). Live URL verification: official registration signal and exact date signal found. Precise address geocoded with Geoapify (Bestwig, Hochsauerlandkreis, North Rhine-Westphalia, Germany, Germany).;
Bedburger Citylauf 2026;Running;13.09.2026;Bedburg;Germany;Marktplatz, Bedburg, North Rhine-Westphalia, Germany;50.9972161;6.5767648;10 km, 5 km;Der GVG Citylauf Bedburg findet am 13. September 2026 in der Innenstadt von Bedburg statt. Die Läufe führen durch die verkehrsfreie Innenstadt mit Start und Ziel auf dem Marktplatz vor dem Rathaus. Angeboten werden verschiedene Distanzen von 300 Meter Bambinilauf bis zum 10 km Hauptlauf sowie Staffelwettbewerbe. Der Lauf ist für alle Altersgruppen geeignet und bietet eine tolle Gelegenheit, Bedburg in Bewegung zu erl;https://bedburger-citylauf.de/;Laufrennen discovery, official organizer URL, source: https://laufrennen.de/rennseiten/bedburger_citylauf_2026/;https://bedburger-citylauf.de/;registration_open;low;quarterly;02.06.2026;31.08.2026;Official organizer URL discovered from Laufrennen detail page. Live URL verification: official registration signal found and date/year signal found. Precise address geocoded with Geoapify (Marktplatz, Bedburg, North Rhine-Westphalia, Germany, Germany). Live URL verification: official registration signal and exact date signal found. Precise address geocoded with Geoapify (Marktplatz, Bedburg, North Rhine-Westphalia, Germany, Germany).;
Black Forest ULTRA Trail Run;Ultramarathon;19.09.2026;Kirchzarten;Germany;Kirchzarten, Baden-Württemberg, Germany;47.9651461;7.9573306;100 km, 19 km;Der Black Forest ULTRA Trail Run bietet fünf herausfordernde Strecken im Herzen des Schwarzwaldes, die Läuferinnen und Läufer auf schmalen Trails, steilen Anstiegen und technisch anspruchsvollen Passagen durch eine beeindruckende Landschaft führen. Die Strecken sind geprägt von wechselnden Abschnitten mit traumhaften Aussichten, anspruchsvollen Höhenmetern und einem unverkennbaren Schwarzwald-Charakter. Ob der 76 km;https://www.ultra-trailrun.de/;Laufrennen discovery, official organizer URL, source: https://laufrennen.de/rennseiten/black_forest_ultra_trail_run/;https://www.ultra-trailrun.de/;registration_open;medium;monthly;02.06.2026;02.07.2026;Official organizer URL discovered from Laufrennen detail page. Live URL verification: official registration signal found and date/year signal found. Live URL verification: official registration signal and exact date signal found.;
Bielebohlauf;Running;23.08.2026;Oppach;Germany;Oppach, Saxony, Germany;51.0584736;14.5049458;Halbmarathon, 12 km, 5 km;Der Bielebohlauf Oppach ist eine Laufveranstaltung im Lausitzer Bergland, die verschiedene Streckenlängen von 400 m bis 20 km anbietet. Die Läufe führen über Wald-, Wiesen- und Feldwege sowie kleine Straßen rund um den Bieleboh. Die längeren Strecken sind anspruchsvoll und beinhalten starke Steigungen. Für Kinder gibt es spezielle Bambini- und Kinderläufe. Im Stadion Oppach wird für Verpflegung und Unterhaltung gesor;https://oberlausitzer-laeufercup.de/bielebohlauf-oppach/;Laufrennen discovery, official organizer URL, source: https://laufrennen.de/rennseiten/bielebohlauf/;https://oberlausitzer-laeufercup.de/bielebohlauf-oppach/;registration_open;medium;monthly;02.06.2026;02.07.2026;Official organizer URL discovered from Laufrennen detail page. Live URL verification: official registration signal found and date/year signal found. Live URL verification: official registration signal and exact date signal found.;
Birkhahnlauf;Running;25.10.2026;Neustadt am Rübenberge;Germany;Schneeren, Neustadt am Rübenberge, Lower Saxony, Germany;52.5334673;9.3319121;10 km;Der Birkhahnlauf in Schneeren ist ein traditionsreicher Lauf, der seit über 50 Jahren jährlich am letzten Sonntag im Oktober stattfindet. Die Veranstaltung bietet Strecken für alle Altersklassen, von kurzen Kinderläufen ab 500 Metern bis hin zu anspruchsvollen 5 km und 10 km Läufen für Erwachsene. Die Laufstrecken führen durch den Kiefernwald auf befestigten Waldwegen mit leicht sandigem Untergrund und ohne nennenswe;https://tsv-schneeren.de/birkhahnlauf/;Laufrennen discovery, official organizer URL, source: https://laufrennen.de/rennseiten/birkhahnlauf/;https://tsv-schneeren.de/birkhahnlauf/;registration_open;low;quarterly;02.06.2026;31.08.2026;Official organizer URL discovered from Laufrennen detail page. Live URL verification: official registration signal found and date/year signal found. Live URL verification: official registration signal and exact date signal found.;
Böckstiegellauf;Running;26.09.2026;Bielefeld;Germany;Wanderparkplatz Peter auf'm Berge, Bergstraße, 33619 Bielefeld, Germany;52.0209957;8.4659634;18 km, 10 km;Landschaftslauf vom Start Peter auf'm Berge durch den Teutoburger Wald bis zum C.-F.-Venghauss-Platz in Werther. Angeboten werden Läufe über 18 km und 10 km.;https://boeckstiegellauf.de/;Official organizer website;https://boeckstiegellauf.de/;registration_open;low;quarterly;08.06.2026;08.09.2026;Official organizer website confirms the 26 September 2026 event. Official registration portal is available. Precise address geocoded with Geoapify (Wanderparkplatz Peter auf'm Berge, Bergstraße, 33619 Bielefeld, Germany, Germany).;
Birklauf;Running;29.08.2026;Gelting;Germany;Birkhalle Gelting, Gelting, Schleswig-Holstein, Germany;54.7468969;9.8969663;Marathon, Halbmarathon, 10 km;Der Birklauf des MTV Gelting 08 ist ein traditionsreicher Laufwettbewerb, der am 29. August 2026 ab 15:45 Uhr in der Birkhalle Gelting stattfindet. Die Veranstaltung steht für Sport, Spaß und Natur pur und bietet Läufern verschiedener Altersklassen die Möglichkeit, sich zu messen. Die Zeitnahme erfolgt auf allen Strecken außer dem Sprottenlauf über 750 Meter, und alle Finisher erhalten eine Medaille. Die Auswertung e;"https://www.mtv-gelting-08.de/?view=article&amp;id=169&amp;catid=50";Laufrennen discovery, official organizer URL, source: https://laufrennen.de/rennseiten/birklauf/;"https://www.mtv-gelting-08.de/?view=article&amp;id=169&amp;catid=50";registration_open;medium;monthly;02.06.2026;02.07.2026;Official organizer URL discovered from Laufrennen detail page. Live URL verification: official registration signal found and date/year signal found. Precise address geocoded with Geoapify (Birkhalle Gelting, Gelting, Schleswig-Holstein, Germany, Germany). Live URL verification: official registration signal and exact date signal found. Precise address geocoded with Geoapify (Birkhalle Gelting, Gelting, Schleswig-Holstein, Germany, Germany).;
Blankeneser Heldenlauf;Running;30.08.2026;Blankeneser Treppenviertel;Germany;Blankeneser Treppenviertel, Hamburg, Germany;53.5573224;9.8080187;Halbmarathon, 10 km, 6.8 km, 6.5 km;Der Blankeneser Heldenlauf am 30. August 2026 bietet fünf abwechslungsreiche Strecken mit unterschiedlichen Distanzen und Profilen, die sowohl Einsteiger als auch erfahrene Läufer ansprechen. Die Läufe führen durch das malerische Blankeneser Treppenviertel, entlang der Elbe und durch abwechslungsreiche Parks und Wohngebiete. Die Veranstaltung ist bekannt für ihre familiäre Atmosphäre und die einzigartige Kombination;https://www.heldenlauf.de/;Laufrennen discovery, official organizer URL, source: https://laufrennen.de/rennseiten/blankeneser_heldenlauf/;https://www.heldenlauf.de/;registration_open;medium;monthly;02.06.2026;02.07.2026;Official organizer URL discovered from Laufrennen detail page. Live URL verification: official registration signal found and date/year signal found. Live URL verification: official registration signal and exact date signal found.;
Bredstedt-Cross;Running;31.10.2026;Bredstedt;Germany;Sportpark Bredstedt, Bredstedt, Schleswig-Holstein, Germany;54.6236326;8.9640834;7.2 km;Der 39. Bredstedt-Cross findet am 31. Oktober 2026 im Sportpark Bredstedt statt und wird vom Bredstedter TSV ausgerichtet. Die Veranstaltung bietet Crossläufe für eine breite Altersspanne, von Kindern und Jugendlichen bis zu Aktiven und zahlreichen Mastersklassen. Es gibt kurze und lange Crossläufe für Männer und Frauen sowie separate Altersklassen von M6/W6 bis M75/W75, inklusive Jugend und U18/U20. Die Veranstaltun;https://gotrail.run/de/termine/bredstedt-cross;Laufrennen discovery, official organizer URL, source: https://laufrennen.de/rennseiten/bredstedt_cross/;https://gotrail.run/de/termine/bredstedt-cross;registration_open;low;quarterly;02.06.2026;31.08.2026;Official organizer URL discovered from Laufrennen detail page. Live URL verification: official registration signal found and date/year signal found. Precise address geocoded with Geoapify (Sportpark Bredstedt, Bredstedt, Schleswig-Holstein, Germany, Germany). Live URL verification: official registration signal and exact date signal found. Precise address geocoded with Geoapify (Sportpark Bredstedt, Bredstedt, Schleswig-Holstein, Germany, Germany).;
Buchholzer Stadtlauf;Running;21.06.2026;Buchholz in der Nordheide;Germany;Buchholz in der Nordheide, Lower Saxony, Germany;53.3187601;9.8770469;Halbmarathon, 10 km;Der Buchholzer Stadtlauf ist ein traditionsreicher Lauf mit Kultcharakter in der Nordheide, der am 21. Juni 2026 stattfindet. Die Strecke führt mitten durch die Innenstadt von Buchholz und wird von zahlreichen Zuschauern begleitet, was für eine besondere Atmosphäre und Motivation sorgt. Verschiedene Distanzen bieten für alle Alters- und Leistungsgruppen passende Herausforderungen, vom Kinderlauf bis zum beliebten Sta;https://buchholzerstadtlauf.de/;Laufrennen discovery, official organizer URL, source: https://laufrennen.de/rennseiten/buchholzer_stadtlauf/;https://buchholzerstadtlauf.de/;registration_open;medium;monthly;02.06.2026;02.07.2026;Official organizer URL discovered from Laufrennen detail page. Live URL verification: official registration signal found and date/year signal found. Live URL verification: official registration signal and exact date signal found.;
Brauerschwender Basaltlauf;Running;27.06.2026;Hesse;Germany;Brauerschwend, Schwalmtal, Hesse, Germany;50.6953705;9.3235406;12 km, 6.6 km;Der Brauerschwender Basaltlauf findet am 27. Juni 2026 in Brauerschwend statt und bietet Läufern aller Altersklassen eine sportliche Herausforderung in einer schönen Umgebung. Die Strecken sind leicht profiliert, gut markiert und mit Kilometerangaben versehen. Auf der Strecke werden Getränke angeboten, und am Ziel sorgt der Veranstalter für das leibliche Wohl. Der Lauf richtet sich sowohl an Wettkampfläufer als auch;https://tv-brauerschwend.de/brauerschwender-basaltlauf/;Laufrennen discovery, official organizer URL, source: https://laufrennen.de/rennseiten/brauerschwender_basaltlauf/;https://tv-brauerschwend.de/brauerschwender-basaltlauf/;registration_open;low;quarterly;02.06.2026;31.08.2026;Official organizer URL discovered from Laufrennen detail page. Live URL verification: official registration signal found and date/year signal found. Precise address geocoded with Geoapify (Brauerschwend, Schwalmtal, Hesse, Germany, Germany). Live URL verification: official registration signal and exact date signal found. Precise address geocoded with Geoapify (Brauerschwend, Schwalmtal, Hesse, Germany, Germany).;
Braunschweiger Speed5;Running;08.11.2026;Braunschweig;Germany;Braunschweig, Lower Saxony, Germany;52.2156124;10.5227434;5 km;Der Braunschweiger Speed5 ist der schnellste Volkslauf der Stadt Braunschweig, veranstaltet vom Polizeisportverein Braunschweig und dem Braunschweiger Laufclub. Das Laufevent am 8. November 2026 bietet mit einem 800 m Kinderlauf, einem 1 Meile Schülerlauf und einem vermessenen 5 km Lauf für Freizeit- und ambitionierte Läufer aller Altersklassen spannende Wettkämpfe. Die Veranstaltung zeichnet sich durch professionell;https://www.braunschweiger-laufclub.com/speed5;Laufrennen discovery, official organizer URL, source: https://laufrennen.de/rennseiten/braunschweiger_speed5/;https://www.braunschweiger-laufclub.com/speed5;registration_open;low;quarterly;02.06.2026;31.08.2026;Official organizer URL discovered from Laufrennen detail page. Live URL verification: official registration signal found and date/year signal found. Live URL verification: official registration signal and exact date signal found.;
Blutenburglauf;Running;26.07.2026;München;Germany;München-Untermenzing, München, Bayern, Germany;48.17767;11.47279;10 km, 5 km;Der Blutenburglauf findet am 26. Juli 2026 in München-Untermenzing statt und bietet attraktive Laufstrecken entlang der Würm und rund um die historische Blutenburg. Die Veranstaltung umfasst Distanzen von 5 km und 10 km, die reizvoll durch die Natur führen. Die Zeitnahme erfolgt elektronisch mit Transpondern in den Startnummern, und für das leibliche Wohl ist mit Getränken an der Strecke und im Ziel gesorgt. Die Vera;https://blutenburglauf.de/;Laufrennen discovery, official organizer URL, source: https://laufrennen.de/rennseiten/blutenburglauf/;https://blutenburglauf.de/;registration_open;low;quarterly;02.06.2026;31.08.2026;Official organizer URL discovered from Laufrennen detail page. Live URL verification: official registration signal found and date/year signal found. Live URL verification: official registration signal and exact date signal found.;
BWM Sommerlochlauf;Running;04.08.2026;Steinheim an der Murr;Germany;Steinheim an der Murr, Baden-Württemberg, Germany;48.9802924;9.2890186;10 km;Der BWM Sommerlochlauf findet am 4. August 2026 in Steinheim an der Murr statt und ist ein 10 km Lauf, der besonders für alle Tempoliebhaber geeignet ist. Die flache und schnelle Strecke durch Steinheim bietet ideale Bedingungen, um persönliche Bestzeiten zu erzielen. Die familiäre Organisation und die lebendige Atmosphäre machen den Lauf zu einem beliebten Event unter der Woche, bei dem Sportbegeisterte gemeinsam ih;https://www.laufpix.de/termine/2026/bwm-sommerlochlauf;Laufrennen discovery, official organizer URL, source: https://laufrennen.de/rennseiten/bwm_sommerlochlauf/;https://www.laufpix.de/termine/2026/bwm-sommerlochlauf;registration_open;low;quarterly;02.06.2026;31.08.2026;Official organizer URL discovered from Laufrennen detail page. Live URL verification: official registration signal found and date/year signal found. Live URL verification: official registration signal and exact date signal found.;
Canyon Run Mühlheim;Running;06.09.2026;Hesse;Germany;Mühlheim am Main, Hesse, Germany;50.1080582;8.8467138;Halbmarathon, 10 km, 5 km;Der Canyon Run in Mühlheim am Main ist Hessens schönster Waldlauf durch die Mühlheimer Steinbrüche und findet am 6. September 2026 statt. Die Veranstaltung bietet flache, offiziell vermessene Strecken mit attraktiven Preisgeldern und Sachpreisen sowie eine einzigartige Stimmung mit Live-Musik im Zielbereich. Für Läufer aller Altersklassen gibt es verschiedene Distanzen, von 400m Mini-Lauf bis zum Halbmarathon, beglei;https://canyon-run.de/;Laufrennen discovery, official organizer URL, source: https://laufrennen.de/rennseiten/canyon_run_muhlheim/;https://canyon-run.de/;registration_open;medium;monthly;02.06.2026;02.07.2026;Official organizer URL discovered from Laufrennen detail page. Live URL verification: official registration signal found and date/year signal found. Live URL verification: official registration signal and exact date signal found.;
Burg-Lauf Eppstein;Ultramarathon;26.06.2026;Hesse;Germany;Eppstein, Hochtaunuskreis, Hesse, Germany;50.155;8.3803;7.78 km;Der Eppsteiner Burg-Lauf ist ein traditionsreicher Laufklassiker im Taunus, der seit 1986 jährlich stattfindet und bis zu 500 Läuferinnen und Läufer sowie zahlreiche Zuschauer anzieht. Die abwechslungsreiche Strecke von 7,777 km führt durch Wald, die historische Altstadt und zweimal um die mittelalterliche Burg, bevor es den Schmerzberg hinauf zum Ziel am Sportplatz der TSG Eppstein geht. Die Veranstaltung bietet neb;https://eppsteiner-burglauf.de/;Laufrennen discovery, official organizer URL, source: https://laufrennen.de/rennseiten/burg_lauf_eppstein/;https://eppsteiner-burglauf.de/;registration_open;medium;monthly;02.06.2026;02.07.2026;Official organizer URL discovered from Laufrennen detail page. Live URL verification: official registration signal found and date/year signal found. Live URL verification: official registration signal and exact date signal found.;
Charity Mega Run;Ultramarathon;15.08.2026;Bingen am Rhein;Germany;Bingen am Rhein, Rheinland-Pfalz, Germany;49.9675456;7.8944;50 km, 26 km, 10 km, 5 km;Der Charity Mega Run in Bingen am Rhein ist ein einzigartiges Laufevent mit einer Mission: Menschen in Bewegung zu bringen - für sich selbst, für andere und für den guten Zweck. Die Veranstaltung bietet vier Streckenlängen von 5 km bis 52 km entlang der schönsten Laufstrecke Deutschlands mit herrlichem Rheinpanorama und Weinbergen. Neben dem Lauf gibt es eine Pasta Party am Vorabend und ein vielfältiges Rahmenprogram;https://cmrbingen.de/;Laufrennen discovery, official organizer URL, source: https://laufrennen.de/rennseiten/charity_mega_run/;https://cmrbingen.de/;registration_open;medium;monthly;02.06.2026;02.07.2026;Official organizer URL discovered from Laufrennen detail page. Live URL verification: official registration signal found and date/year signal found. Live URL verification: official registration signal and exact date signal found.;
Burscheider Stadtlauf;Running;11.10.2026;Rheinisch-Bergischer Kreis;Germany;Burscheid, Rheinisch-Bergischer Kreis, North Rhine-Westphalia, Germany;51.0824722;7.1212314;10 km;Der Burscheider Stadtlauf findet am 11. Oktober 2026 in der Stadtmitte von Burscheid statt und bietet Läuferinnen und Läufern aller Leistungsniveaus ein optimales Umfeld. Es gibt verschiedene Distanzen: den 10-Kilometer-Hauptlauf, einen 3-Kilometer-Lauf sowie einen 800-Meter-Lauf, der als Qualifikation für das Sportabzeichen dient. Die Veranstaltung ist geprägt von einer familiären Atmosphäre und richtet sich sowohl;https://www.stadtsportverband-burscheid.de/index.php/61-stadtlauf;Laufrennen discovery, official organizer URL, source: https://laufrennen.de/rennseiten/burscheider_stadtlauf/;https://www.stadtsportverband-burscheid.de/index.php/61-stadtlauf;registration_open;low;quarterly;02.06.2026;31.08.2026;Official organizer URL discovered from Laufrennen detail page. Live URL verification: official registration signal found and date/year signal found. Live URL verification: official registration signal and exact date signal found.;
Darmstädter Stadtlauf;Running;24.06.2026;Darmstadt;Germany;Darmstadt, Hessen, Germany;49.8735755;8.672461;Halbmarathon, 10 km, 5 km;Der Darmstädter Merck Stadtlauf ist ein traditionsreicher Stadtlauf, der 2026 seine 47. Auflage feiert. Die Strecke führt durch die Innenstadt von Darmstadt und wurde aufgrund von Baumaßnahmen angepasst, um historische Plätze wie den Marktplatz und die Kirchstraße einzubeziehen. Der Lauf zieht jährlich zahlreiche Teilnehmer an und bietet eine lebendige Atmosphäre mit Live-Musik und einem engagierten Moderatorenteam.;https://darmstadt-laeuft.de/darmstadter-stadtlauf/;Laufrennen discovery, official organizer URL, source: https://laufrennen.de/rennseiten/darmstadter_stadtlauf/;https://darmstadt-laeuft.de/darmstadter-stadtlauf/;registration_open;medium;monthly;02.06.2026;02.07.2026;Official organizer URL discovered from Laufrennen detail page. Live URL verification: official registration signal found and date/year signal found. Live URL verification: official registration signal and exact date signal found.;
Citylauf Grevenbroich;Running;12.06.2026;Grevenbroich;Germany;Grevenbroich, North Rhine-Westphalia, Germany;51.0905783;6.5835365;10 km, 5 km;Der Citylauf Grevenbroich ist ein familienfreundliches Laufevent mit neun verschiedenen Läufen, das Sportbegeisterte jeden Alters anspricht. Die Veranstaltung bietet ideale Strecken, beste Unterhaltung und eine top Organisation, die von der ganzen Stadt unterstützt wird. Neben dem sportlichen Wettbewerb gibt es ein attraktives Rahmenprogramm und begehrte Preise für die besten Teilnehmer. Die Läufe reichen von kurzen;https://citylauf-grevenbroich.de/;Laufrennen discovery, official organizer URL, source: https://laufrennen.de/rennseiten/citylauf_grevenbroich/;https://citylauf-grevenbroich.de/;registration_open;low;quarterly;02.06.2026;31.08.2026;Official organizer URL discovered from Laufrennen detail page. Live URL verification: official registration signal found and date/year signal found. Live URL verification: official registration signal and exact date signal found.;
Crosslauf Fichtenau;Running;11.07.2026;Fichtenau;Germany;Storchenweiher, 74579 Lautenbach, Fichtenau, Germany;49.07153;10.232296;10 km, 5.2 km;Crosslauf beim Fest am See mit einem 10-km-Crosslauf und einem 5,2-km-Jedermannslauf. Start und Ziel liegen am Festzelt beim Storchenweiher.;https://www.fichtenau.de/freizeit-erlebnis/fichtenauer-momente/crosslauf;Official municipality website;https://www.fichtenau.de/freizeit-erlebnis/fichtenauer-momente/crosslauf;registration_open;low;quarterly;08.06.2026;08.09.2026;Official municipality website confirms date, distances, venue and open registration for 2026. Precise address geocoded with Geoapify (Storchenweiher, 74579 Lautenbach, Fichtenau, Germany, Germany).;
Bremer Firmenlauf zur Spätschicht;Running;25.06.2026;Weserwehr;Germany;Weserwehr, Bremen, Germany;53.058394;8.863995;5 km;Der Bremer Firmenlauf zur Spätschicht ist ein gemeinschaftliches Laufevent über circa 5 km rund ums Weserwehr in Bremen, das den Teamgeist und das Miteinander in den Vordergrund stellt. Die Veranstaltung richtet sich an Unternehmen, Freundeskreise und Laufgemeinschaften, die gemeinsam ohne Leistungsdruck laufen oder walken möchten. Neu 2026 gibt es erstmals eine offizielle Zeitmessung für alle, die ihren sportlichen;https://bremer-firmenlauf.com/;Laufrennen discovery, official organizer URL, source: https://laufrennen.de/rennseiten/bremer_firmenlauf_zur_spatschicht/;https://bremer-firmenlauf.com/;registration_open;low;quarterly;02.06.2026;31.08.2026;Official organizer URL discovered from Laufrennen detail page. Live URL verification: official registration signal found and date/year signal found. Live URL verification: official registration signal and exact date signal found.;
Die 10 Kilometer von Dürwiß;Running;01.08.2026;Eschweiler;Germany;Eschweiler, North Rhine-Westphalia, Germany;50.8175029;6.2630894;10 km;Die 10 km von Dürwiß ist ein traditionsreicher Straßenlauf, der jährlich am ersten Samstag im August vom SV Germania Dürwiß e.V. veranstaltet wird. Über 500 Läuferinnen und Läufer aus dem In- und Ausland nehmen teil, wobei die Siegerzeiten meist bei etwa 30 Minuten liegen. Die flache, amtlich vermessene 2 km Asphalt-Rundstrecke führt durch den Ortskern von Dürwiß und ist am Lauftag komplett für den Verkehr gesperrt.;https://www.sv-germania-duerwiss.de/;Laufrennen discovery, official organizer URL, source: https://laufrennen.de/rennseiten/die_10_kilometer_von_durwiss/;https://www.sv-germania-duerwiss.de/;registration_open;low;quarterly;02.06.2026;31.08.2026;Official organizer URL discovered from Laufrennen detail page. Live URL verification: official registration signal found and date/year signal found. Live URL verification: official registration signal and exact date signal found. Location QA: coordinates repaired using city geocoding (Eschweiler, Germany).;
Burgentrail Unterfränkische Traillaufmeisterschaften;Ultramarathon;03.10.2026;Lower Franconia;Germany;Ostheim, Lower Franconia, Bavaria, Germany;48.75;12.83333;Halbmarathon, 5 km;Der Burgentrail in Ostheim ist eine anspruchsvolle Traillaufveranstaltung, die am 3. Oktober 2026 die Unterfränkischen Traillaufmeisterschaften austrägt. Die Strecke führt durch abwechslungsreiche Wald- und Wiesenwege, vorbei an historischen Burgruinen wie der Lichtenburg und der Königsburg, und bietet dabei technisch anspruchsvolle Trails mit Wurzeln und steilen Abstiegen. Die landschaftliche Kulisse mit Ausblicken;https://sc-ostheim.de/burgentrail/;Laufrennen discovery, official organizer URL, source: https://laufrennen.de/rennseiten/burgentrail_unterfrankische_traillaufmeisterschaften/;https://sc-ostheim.de/burgentrail/;registration_open;medium;monthly;02.06.2026;02.07.2026;Official organizer URL discovered from Laufrennen detail page. Live URL verification: official registration signal found and date/year signal found. Live URL verification: official registration signal and exact date signal found. Location QA: coordinates repaired using city geocoding (Lower Franconia, Germany).;
Christmas Run To Tree;Running;29.11.2026;Forst Klövensteen;Germany;Forst Klövensteen, Hamburg, Germany;49.152862;8.583195;12 km, 5 km;Der Christmas Run To Tree ist ein stimmungsvoller Waldlauf im Forst Klövensteen bei Hamburg, der am 29. November 2026 stattfindet. Die Teilnehmer können zwischen zwei Streckenlängen wählen: 6 km oder 12 km. Der Lauf verbindet sportliche Aktivität mit dem besonderen Erlebnis, einen Weihnachtsbaum zu kaufen. Die Veranstaltung bietet eine familiäre Atmosphäre und ist ideal für Läufer aller Altersgruppen.;https://christmasrun.de/;Laufrennen discovery, official organizer URL, source: https://laufrennen.de/rennseiten/christmas_run_to_tree/;https://christmasrun.de/;registration_open;low;quarterly;02.06.2026;31.08.2026;Official organizer URL discovered from Laufrennen detail page. Live URL verification: official registration signal found and date/year signal found. Live URL verification: official registration signal and exact date signal found. Location QA: coordinates repaired using city geocoding (Forst Klövensteen, Germany).;
Der Alstertallauf;Running;23.08.2026;Alsterwanderweg;Germany;Alsterwanderweg, Hamburg, Germany;53.549738;9.986459;Halbmarathon, 10 km, 5 km;Der Alstertallauf ist ein familiärer Lauf auf dem oberen Alsterwanderweg, der als die schönste Laufstrecke Hamburgs gilt. Er richtet sich an große und kleine Laufbegeisterte sowie Freizeitsportler und bietet verschiedene Distanzen an. Die Veranstaltung findet in der Nähe des Albert-Schweitzer-Gymnasiums in Hamburg statt und ist bekannt für ihre freundliche Atmosphäre. Im Jahr 2022 nahmen über 200 Läuferinnen und Läuf;https://htb62.de/alstertallauf;Laufrennen discovery, official organizer URL, source: https://laufrennen.de/rennseiten/der_alstertallauf/;https://htb62.de/alstertallauf;registration_open;medium;monthly;02.06.2026;02.07.2026;Official organizer URL discovered from Laufrennen detail page. Live URL verification: official registration signal found and date/year signal found. Precise address geocoded with Geoapify (Alsterwanderweg, Hamburg, Germany, Germany). Live URL verification: official registration signal and exact date signal found. Precise address geocoded with Geoapify (Alsterwanderweg, Hamburg, Germany, Germany).;
Ditzinger Keltenlauf;Running;18.10.2026;Ditzingen;Germany;Hirschlanden, Ditzingen, Baden-Württemberg, Germany;48.823918;9.07533;12 km, 5 km;Der Keltenlauf in Ditzingen-Hirschlanden ist ein vielseitiger Lauf für Jung und Alt mit Distanzen von 12 km, 6 km, 1,5 km und 800 m. Die Strecke führt durch die landschaftlich reizvolle Region Strohgäu und passiert bedeutende archäologische Denkmäler wie den Keltenkrieger und das keltische Frauengrab. Die Läufe finden am Sport- und Freizeitzentrum Seehansen statt und bieten sowohl für Erwachsene als auch für Schüler;https://keltenlauf.de/;Laufrennen discovery, official organizer URL, source: https://laufrennen.de/rennseiten/ditzinger_keltenlauf/;https://keltenlauf.de/;registration_open;low;quarterly;02.06.2026;31.08.2026;Official organizer URL discovered from Laufrennen detail page. Live URL verification: official registration signal found and date/year signal found. Live URL verification: official registration signal and exact date signal found.;
Die 49. Nacht von Borgholzhausen;Running;20.06.2026;Borgholzhausen;Germany;Borgholzhausen, North Rhine-Westphalia, Germany;52.1007247;8.3023897;10 km, 5 km;Die Nacht von Borgholzhausen ist ein besonderes Laufevent, das am 20. Juni 2026 in der Innenstadt von Borgholzhausen stattfindet. Von Bambinilauf über Schoolrunning bis hin zum stimmungsvollen 10 km-Nachtlauf ist für alle Altersgruppen und Leistungsniveaus etwas dabei. Die Veranstaltung zeichnet sich durch eine einzigartige Atmosphäre aus, die von Live-Musik, Cheerleadern, DJs und Fackeln entlang der Strecke geprägt;https://rsv-borgholzhausen.de/nacht;Laufrennen discovery, official organizer URL, source: https://laufrennen.de/rennseiten/die_49_nacht_von_borgholzhausen/;https://rsv-borgholzhausen.de/nacht;registration_open;low;quarterly;02.06.2026;31.08.2026;Official organizer URL discovered from Laufrennen detail page. Live URL verification: official registration signal found and date/year signal found. Live URL verification: official registration signal and exact date signal found.;
dm Firmenlauf Saarbrücken;Running;02.06.2026;Saarbrücken;Germany;Saarbrücken, Saarland, Germany;49.234362;6.996379;5 km;Der dm Firmenlauf Saarbrücken ist ein sportliches Event für Teams und Firmen, das am 2. Juni 2026 in der Saarbrücker Innenstadt stattfindet. Die 5 km lange, flache und asphaltierte Strecke führt vom Staatstheater entlang der Saar und durch die Innenstadt, begleitet von einer großartigen Stimmung und Zuschauerjubel. Nach dem Lauf erwartet die Teilnehmer eine After-Run-Party mit Live-Musik, Siegerehrung und Verpflegung;https://firmenlauf-sb.de/;Laufrennen discovery, official organizer URL, source: https://laufrennen.de/rennseiten/dm_firmenlauf_saarbrucken/;https://firmenlauf-sb.de/;registration_open;low;quarterly;02.06.2026;31.08.2026;Official organizer URL discovered from Laufrennen detail page. Live URL verification: official registration signal found and date/year signal found. Precise address geocoded with Geoapify (Saarbrücken, Saarland, Germany, Germany). Live URL verification: official registration signal and exact date signal found. Precise address geocoded with Geoapify (Saarbrücken, Saarland, Germany, Germany).;
DeisterCrossing Springe;Running;13.09.2026;Hesse;Germany;Hilders, Fulda, Hesse, Germany;50.5554204;9.9754786;Marathon, Halbmarathon, 8 km;Das DeisterCrossing ist ein naturnahes Ausdauer-Event, das Laufen und Marschieren in der herausragenden Natur des waldigen Deistergebirgszugs verbindet. Die Veranstaltung bietet Strecken über 10 km, 21,1 km und 42,2 km für Läufer und Marschierer. Die anspruchsvollen Strecken führen unter anderem durch die Deisterhölle mit 200 Höhenmetern am Stück und bieten ein einzigartiges Natur- und Bergerlebnis nahe Hannover. Die;https://deistercrossing.de/ausschreibung;Laufrennen discovery, official organizer URL, source: https://laufrennen.de/rennseiten/deistercrossing_springe/;https://deistercrossing.de/ausschreibung;registration_open;medium;monthly;02.06.2026;02.07.2026;Official organizer URL discovered from Laufrennen detail page. Live URL verification: official registration signal found and date/year signal found. Live URL verification: official registration signal and exact date signal found.;
DresdenHALF;Running;06.09.2026;Dresden;Germany;Dresden city center, Dresden, Saxony, Germany;51.048184;13.742725;Halbmarathon;Der DresdenHALF ist ein mitreißender Halbmarathon, der am 6. September 2026 zum ersten Mal durch das Herz von Dresden führt. Die 21,1 Kilometer lange Strecke verläuft entlang der Elbe und vorbei an den schönsten Sehenswürdigkeiten der Stadt, wobei jede Meile symbolisch einer der Partnerstädte Dresdens gewidmet ist. Das Event bietet Läufern ein einzigartiges Lauferlebnis mit historischer Kulisse und internationalem Fl;https://dresden-half.com/;Laufrennen discovery, official organizer URL, source: https://laufrennen.de/rennseiten/dresdenhalf/;https://dresden-half.com/;registration_open;medium;monthly;02.06.2026;02.07.2026;Official organizer URL discovered from Laufrennen detail page. Live URL verification: official registration signal found and date/year signal found. Precise address geocoded with Geoapify (Dresden city center, Dresden, Saxony, Germany, Germany). Live URL verification: official registration signal and exact date signal found. Precise address geocoded with Geoapify (Dresden city center, Dresden, Saxony, Germany, Germany).;
Dieburger Stadtlauf;Running;20.06.2026;Hesse;Germany;Dieburg, Darmstadt-Dieburg, Hesse, Germany;49.8981797;8.8396216;10 km;Der Dieburger Stadtlauf findet jährlich in der Dieburger Innenstadt statt und bietet Läufe für verschiedene Altersklassen von Bambinis bis zum Hauptlauf über 10 km. Die Strecke führt vom Marktplatz durch die Altstadt und ist für alle Teilnehmer gut zugänglich. Neben dem sportlichen Wettkampf steht auch der Team- und Schulwettbewerb im Fokus, was den Lauf zu einem beliebten Event für die ganze Familie und lokale Gemei;https://dieburger-stadtlauf.de/;Laufrennen discovery, official organizer URL, source: https://laufrennen.de/rennseiten/dieburger_stadtlauf/;https://dieburger-stadtlauf.de/;registration_open;low;quarterly;02.06.2026;31.08.2026;Official organizer URL discovered from Laufrennen detail page. Live URL verification: official registration signal found and date/year signal found. Live URL verification: official registration signal and exact date signal found.;
Ehriker Stadtmauerlauf mit 2. Ehriker Burg Ramstein Lauf;Running;30.08.2026;Rhineland-Palatinate;Germany;Ehrang, Trier, Rhineland-Palatinate, Germany;49.8185111;6.6848689;10 km;Der 6. Ehriker Stadtmauerlauf findet am 30. August 2026 in Ehrang statt und bietet Läufern ein abwechslungsreiches Programm mit verschiedenen Distanzen. Neu im Programm ist der 10km-Burg-Ramstein-Lauf, ein schattiger Landschaftslauf, der Teil des 4REGIO-CUP ist. Die 5km-Strecke führt durch das alte Dorf mit einer stimmungsvollen Stadtlaufatmosphäre auf vier Runden. Für Kinder gibt es spannende Jugendläufe und Bambini;https://citysport-trier.de/event/5-ehriker-stadtmauerlauf/;Laufrennen discovery, official organizer URL, source: https://laufrennen.de/rennseiten/ehriker_stadtmauerlauf_mit_2_ehriker_burg_ramstein_lauf/;https://citysport-trier.de/event/5-ehriker-stadtmauerlauf/;registration_open;low;quarterly;02.06.2026;31.08.2026;Official organizer URL discovered from Laufrennen detail page. Live URL verification: official registration signal found and date/year signal found. Live URL verification: official registration signal and exact date signal found.;
edge beyond x Duracher Lauf;Running;21.06.2026;Oberallgäu;Germany;Durach, Oberallgäu, Bavaria, Germany;47.6969085;10.3441368;10 km, 5 km;Der Duracher Lauf am 21. Juni 2026 bietet Läuferinnen und Läufern aller Altersklassen und Leistungsniveaus passende Strecken mit 5,5 km, 10 km, Kids Run und Schülerlauf. Die Veranstaltung legt Wert auf eine professionelle Organisation, Sicherheit und eine unvergessliche Atmosphäre. Neben dem sportlichen Wettkampf gibt es eine große gemeinsame Siegerehrung, Preisgelder für neue Streckenrekorde und eine Verlosung. Team;https://www.edge-beyond.de/duracher-lauf;Laufrennen discovery, official organizer URL, source: https://laufrennen.de/rennseiten/edge_beyond_x_duracher_lauf/;https://www.edge-beyond.de/duracher-lauf;registration_open;low;quarterly;02.06.2026;31.08.2026;Official organizer URL discovered from Laufrennen detail page. Live URL verification: official registration signal found and date/year signal found. Live URL verification: official registration signal and exact date signal found.;
Durlacher Turmberglauf;Running;26.09.2026;Karlsruhe;Germany;Karlsruhe, Baden-Württemberg, Germany;49.025927;8.3496984;10 km;Der Durlacher Turmberglauf ist ein flacher und schneller 10-Kilometer-Lauf durch die historische Durlacher Altstadt, entlang der Pfinz bis kurz vor Grötzingen und zurück. Der Lauf hat sich als fester Termin für Laufsportbegeisterte aus der Region etabliert und bietet eine attraktive Strecke für ambitionierte Läufer. Zusätzlich findet ein Kinderlauf im Durlacher Schlossgarten statt. Die Veranstaltung verbindet sportli;https://www.tsdurlach.de/sportangebot/leichtathletik/turmberglauf.html;Laufrennen discovery, official organizer URL, source: https://laufrennen.de/rennseiten/durlacher_turmberglauf/;https://www.tsdurlach.de/sportangebot/leichtathletik/turmberglauf.html;registration_open;low;quarterly;02.06.2026;31.08.2026;Official organizer URL discovered from Laufrennen detail page. Live URL verification: official registration signal found and date/year signal found. Live URL verification: official registration signal and exact date signal found.;
Dünenlauf;Running;13.06.2026;Sandhausen;Germany;Walter-Reinhard-Stadion, Sandhausen, Baden-Württemberg, Germany;49.3424055;8.6595053;10 km, 5 km;Der Dünenlauf Sandhausen findet am 13. Juni 2026 im Walter-Reinhard-Stadion statt und bietet flache, abwechslungsreiche Strecken durch Wald und über eine Sanddüne. Es gibt Läufe für Bambini, 5 km und 10 km mit Zeitmessung. Die Veranstaltung ist ein DLV genehmigter Volkslauf und findet bei jeder Witterung statt. Für Verpflegung ist gesorgt, und die Strecke ist für den Straßenverkehr abgesperrt.;https://www.duenenlauf-sandhausen.de/startseite.html;Laufrennen discovery, official organizer URL, source: https://laufrennen.de/rennseiten/dunenlauf/;https://www.duenenlauf-sandhausen.de/startseite.html;registration_open;low;quarterly;02.06.2026;31.08.2026;Official organizer URL discovered from Laufrennen detail page. Coordinates corrected by country-bounded Geoapify geocoding (Walter-Reinhard-Stadion, Sandhausen, Baden-Württemberg, Germany). Live URL verification: official registration signal found and date/year signal found. Precise address geocoded with Geoapify (Walter-Reinhard-Stadion, Sandhausen, Baden-Württemberg, Germany, Germany). Live URL verification: official registration signal and exact date signal found. Precise address geocoded with Geoapify (Walter-Reinhard-Stadion, Sandhausen, Baden-Württemberg, Germany, Germany).;
Bönnigheimer Stromberglauf;Running;21.11.2026;Bönnigheim;Germany;Bönnigheim, Baden-Württemberg, Germany;49.0417185;9.0933985;10 km, 5 km;Der Bönnigheimer Stromberglauf ist ein traditionsreicher Herbstlauf am Fuße des Strombergs, der sowohl Top-Läufer als auch Hobbyläufer begeistert. Die Veranstaltung bietet attraktive Strecken durch Weinberge, Felder und Wiesen mit abwechslungsreichen Höhenmetern und herrlichen Panoramablicken. Die 5-Kilometer-Runde ist schnell und flach, während die 10-Kilometer-Distanz mit anspruchsvollen Anstiegen und motivierender;https://lgne-running.de/55/stromberglauf/start;Laufrennen discovery, official organizer URL, source: https://laufrennen.de/rennseiten/bonnigheimer_stromberglauf/;https://lgne-running.de/55/stromberglauf/start;registration_open;low;quarterly;02.06.2026;31.08.2026;Official organizer URL discovered from Laufrennen detail page. Live URL verification: official registration signal found and date/year signal found. Live URL verification: official registration signal and exact date signal found.;
EDITH LÜCKE-Frauenlauf TRIER;Running;20.09.2026;Rhineland-Palatinate;Germany;Trier, Rhineland-Palatinate, Germany;49.7596208;6.6441878;5 km;Der EDITH LÜCKE-Frauenlauf in Trier ist ein besonderer Lauf, der am 20. September 2026 seine sechste Auflage erlebt. Die 5 Kilometer lange Strecke führt als Sightseeing-Tour durch die römische Geschichte Triers mit Start vor den Kaiserthermen und einem krönenden Zieleinlauf im Amphitheater. Der Lauf richtet sich an Frauen und Mädchen ab zwölf Jahren und legt den Fokus auf die Freude an der Bewegung in Gemeinschaft, u;https://silvesterlauf.de/event/frauenlauf/;Laufrennen discovery, official organizer URL, source: https://laufrennen.de/rennseiten/edith_lucke_frauenlauf_trier/;https://silvesterlauf.de/event/frauenlauf/;registration_open;low;quarterly;02.06.2026;31.08.2026;Official organizer URL discovered from Laufrennen detail page. Live URL verification: official registration signal found and date/year signal found. Live URL verification: official registration signal and exact date signal found.;
Edersee-Lauf;Running;29.08.2026;Hesse;Germany;Vöhl-Herzhausen, Waldeck-Frankenberg, Hesse, Germany;50.6080651;9.0284647;Halbmarathon, 10 km, 5 km;Der Edersee-Lauf ist Teil des Waldeck-Frankenberger Laufcups und findet am 29. August 2026 in Vöhl-Herzhausen am Edersee statt. Der Lauf wird vom SV 1921 Herzhausen organisiert, einem Verein, der Sport und Gemeinschaft für alle Altersgruppen fördert. Die Veranstaltung erfreut sich großer Beliebtheit und bietet Läufern eine attraktive Gelegenheit, sich sportlich zu betätigen und die schöne Umgebung des Edersees zu gen;https://svherzhausen.de/laufcup/;Laufrennen discovery, official organizer URL, source: https://laufrennen.de/rennseiten/edersee_lauf/;https://svherzhausen.de/laufcup/;registration_open;medium;monthly;02.06.2026;02.07.2026;Official organizer URL discovered from Laufrennen detail page. Live URL verification: official registration signal found and date/year signal found. Live URL verification: official registration signal and exact date signal found. Location QA: coordinates repaired using city geocoding (Hesse, Germany).;
Drachenlauf;Running;25.10.2026;Königswinter;Germany;Siebengebirge, Königswinter, North Rhine-Westphalia, Germany;50.6739719;7.1930989;Marathon, Halbmarathon;Der Drachenlauf ist ein anspruchsvoller Traillauf im Siebengebirge bei Königswinter, der am 25. Oktober 2026 stattfindet. Die Strecke führt durch einen der ältesten Naturparks Deutschlands und bietet technisch herausfordernde Trails mit über tausend Höhenmetern, steilen Anstiegen und langen Bergabpassagen. Der Lauf richtet sich an erfahrene Läufer, die die Natur und ihre Grenzen erleben möchten. Die Veranstaltung ist;https://drachenlauf.net/;Laufrennen discovery, official organizer URL, source: https://laufrennen.de/rennseiten/drachenlauf/;https://drachenlauf.net/;registration_open;medium;monthly;02.06.2026;02.07.2026;Official organizer URL discovered from Laufrennen detail page. Live URL verification: official registration signal found and date/year signal found. Live URL verification: official registration signal and exact date signal found.;
ENSINGER Laufcup;Running;17.10.2026;Vaihingen an der Enz;Germany;Vaihingen an der Enz, Baden-Württemberg, Germany;48.9321398;8.9568316;10 km, 5 km;Der Ensinger Laufcup am 17. Oktober 2026 bietet Läuferinnen und Läufern aller Altersklassen und Leistungsniveaus passende Distanzen in der schönen Region Vaihingen an der Enz. Die Veranstaltung umfasst verschiedene Läufe von Bambini bis hin zu anspruchsvollen Trailstrecken mit bis zu 24 Kilometern und bis zu 700 Höhenmetern. Die Läuferinnen und Läufer können die abwechslungsreiche Landschaft mit Asphalt, Schotterwege;https://ensinger-laufcup.de/;Laufrennen discovery, official organizer URL, source: https://laufrennen.de/rennseiten/ensinger_laufcup/;https://ensinger-laufcup.de/;registration_open;low;quarterly;02.06.2026;31.08.2026;Official organizer URL discovered from Laufrennen detail page. Live URL verification: official registration signal found and date/year signal found. Live URL verification: official registration signal and exact date signal found.;
Eschweiler Citylauf 2026;Running;23.08.2026;Eschweiler;Germany;Eschweiler, North Rhine-Westphalia, Germany;50.8175029;6.2630894;10 km, 5 km;Der Eschweiler Citylauf findet am 23. August 2026 zum dritten Mal statt und wird vom Marathon-Club Eschweiler organisiert, der bereits zum 40. Mal einen Volkslauf in Eschweiler ausrichtet. Start und Ziel befinden sich in der Eschweiler Innenstadt auf der Marienstraße und Grabenstraße. Angeboten werden Schülerläufe sowie zwei Distanzen für Erwachsene: 5 Kilometer und 10 Kilometer, wobei die 10 Kilometer auch als LVN-N;https://mc-eschweiler.de/veranstaltungen/killewittchenlauf/;Laufrennen discovery, official organizer URL, source: https://laufrennen.de/rennseiten/eschweiler_citylauf_2026/;https://mc-eschweiler.de/veranstaltungen/killewittchenlauf/;registration_open;low;quarterly;02.06.2026;31.08.2026;Official organizer URL discovered from Laufrennen detail page. Live URL verification: official registration signal found and date/year signal found. Live URL verification: official registration signal and exact date signal found. Location QA: coordinates repaired using city geocoding (Eschweiler, Germany).;
Eltviller Familienlauf 2026;Running;20.09.2026;Hesse;Germany;Eltville, Rheingau-Taunus-Kreis, Hesse, Germany;50.0274688;8.1189627;10 km;Der Eltviller Familienlauf am 20. September 2026 bietet verschiedene Laufstrecken für alle Altersgruppen, von Bambini bis zum 10-km-Lauf. Die Strecke führt überwiegend über gepflasterte Straßen mit flachem Kopfsteinpflaster und einem kurzen, leicht ansteigenden Abschnitt. Die Veranstaltung ist familienfreundlich und ermöglicht sowohl Einzel- als auch Team-Anmeldungen. Die Startunterlagen können am Vortag oder am Wett;https://www.eltville.de/freizeit-tourismus/kultur-veranstaltungen/feste-events/eltvillerfamilienlauf/;Laufrennen discovery, official organizer URL, source: https://laufrennen.de/rennseiten/eltviller_familienlauf_2026/;https://www.eltville.de/freizeit-tourismus/kultur-veranstaltungen/feste-events/eltvillerfamilienlauf/;registration_open;low;quarterly;02.06.2026;31.08.2026;Official organizer URL discovered from Laufrennen detail page. Live URL verification: official registration signal found and date/year signal found. Live URL verification: official registration signal and exact date signal found.;
EWE-Nordseelauf 2026 - Juist (4. Etappe);Running;24.06.2026;Nordsee;Germany;Kurplatz, Juist, Nordsee, Lower Saxony, Germany;54.4041939;9.0949191;10 km;Der EWE Nordseelauf ist ein traditionsreicher Etappenlauf über sieben verschiedene Ostfriesische Inseln an der niedersächsischen Nordseeküste. Die 4. Etappe findet am 24. Juni 2026 auf der Insel Juist statt, die mit 17 Kilometern die längste der Inseln ist und mit ihren Dünen und dem Juister Wasserturm beeindruckt. Start und Ziel befinden sich auf dem Kurplatz, und die Veranstaltung bietet Läufern und Walkern ein ein;https://nordseelauf.com/;Laufrennen discovery, official organizer URL, source: https://laufrennen.de/rennseiten/ewe_nordseelauf_2026_juist_4_etappe/;https://nordseelauf.com/;registration_open;low;quarterly;02.06.2026;31.08.2026;Official organizer URL discovered from Laufrennen detail page. Live URL verification: official registration signal found and date/year signal found. Precise address geocoded with Geoapify (Kurplatz, Juist, Nordsee, Lower Saxony, Germany, Germany). Live URL verification: official registration signal and exact date signal found. Precise address geocoded with Geoapify (Kurplatz, Juist, Nordsee, Lower Saxony, Germany, Germany). Location QA: coordinates repaired using city geocoding (Nordsee, Germany).;
EWE-Nordseelauf 2026 - Spiekeroog (7. Etappe);Running;27.06.2026;Wittmund;Germany;Spiekeroog, Wittmund, Lower Saxony, Germany;53.7710589;7.6946627;10 km;Der EWE Nordseelauf ist ein traditionsreicher Etappenlauf über sieben verschiedene Ostfriesische Nordseeinseln, der seit über zwei Jahrzehnten Laufbegeisterte aus Deutschland und anderen Ländern anzieht. Die 7. Etappe findet am 27. Juni 2026 auf der autofreien Insel Spiekeroog statt, die mit unberührter Natur, endlosen Stränden und entspanntem Flair begeistert. Start und Ziel der Etappe befinden sich im Gartenweg in;https://nordseelauf.com/;Laufrennen discovery, official organizer URL, source: https://laufrennen.de/rennseiten/ewe_nordseelauf_2026_spiekeroog_7_etappe/;https://nordseelauf.com/;registration_open;low;quarterly;02.06.2026;31.08.2026;Official organizer URL discovered from Laufrennen detail page. Live URL verification: official registration signal found and date/year signal found. Live URL verification: official registration signal and exact date signal found.;
EWE Nordseelauf - Etappe 1;Running;20.06.2026;Borkum;Germany;Borkum, Niedersachsen, Germany;53.5902946;6.6682175;10 km;Der EWE Nordseelauf ist ein traditionsreicher Etappenlauf über sieben verschiedene ostfriesische Nordseeinseln, der seit über zwei Jahrzehnten Laufbegeisterte aus Deutschland und anderen Ländern anzieht. Die erste Etappe findet auf Borkum statt, der größten Insel, die mit ihrer einzigartigen Natur, maritimem Flair und gesundem Hochseeklima begeistert. Die Strecke führt entlang der Promenade mit Start und Ziel am glei;https://nordseelauf.com/;Laufrennen discovery, official organizer URL, source: https://laufrennen.de/rennseiten/ewe_nordseelauf_etappe_1/;https://nordseelauf.com/;registration_open;low;quarterly;02.06.2026;31.08.2026;Official organizer URL discovered from Laufrennen detail page. Live URL verification: official registration signal found and date/year signal found. Live URL verification: official registration signal and exact date signal found.;
Esenser Volksbanklauf - 31. Stadtlauf;Running;31.07.2026;Friesland;Germany;Esens, Friesland, Lower Saxony, Germany;53.6468107;7.6118499;10 km, 5 km;Der 31. Esenser Stadtlauf, ausgetragen als 6. Esenser Volksbanklauf, findet am Freitag, den 31. Juli 2026, in Esens statt. Der traditionsreiche Lauf Rund um St. Magnus bietet Läufern aller Altersklassen spannende Wettkämpfe in der Innenstadt. Die Veranstaltung beginnt mit dem Bambini-Lauf über 670 Meter, gefolgt von Schülerläufen über 1340 Meter. Für Erwachsene gibt es Wettbewerbe über fünf und zehn Kilometer, die;https://aeu-esens.de/veranstaltungen/2-volksbanklauf-27-esenser-stadtlauf/;Laufrennen discovery, official organizer URL, source: https://laufrennen.de/rennseiten/esenser_volksbanklauf_31_stadtlauf/;https://aeu-esens.de/veranstaltungen/2-volksbanklauf-27-esenser-stadtlauf/;registration_open;low;quarterly;02.06.2026;31.08.2026;Official organizer URL discovered from Laufrennen detail page. Live URL verification: official registration signal found and date/year signal found. Live URL verification: official registration signal and exact date signal found.;
EWE Nordseelauf - Etappe 5;Running;25.06.2026;Friesland;Germany;Wangerooge, Friesland, Lower Saxony, Germany;53.7891528;7.9016018;10 km;Der EWE Nordseelauf ist ein traditionsreicher Etappenlauf über sieben verschiedene Ostfriesische Inseln an der niedersächsischen Nordseeküste. Über acht Tage hinweg laufen, walken oder Nordic-walken die Teilnehmenden jeweils ca. 10 km pro Etappe auf den Inseln Borkum, Juist, Norderney, Baltrum, Langeoog, Spiekeroog und Wangerooge. Die Veranstaltung zieht Laufbegeisterte aus ganz Deutschland und dem Ausland an und bie;https://nordseelauf.com/;Laufrennen discovery, official organizer URL, source: https://laufrennen.de/rennseiten/ewe_nordseelauf_etappe_5/;https://nordseelauf.com/;registration_open;low;quarterly;02.06.2026;31.08.2026;Official organizer URL discovered from Laufrennen detail page. Live URL verification: official registration signal found and date/year signal found. Live URL verification: official registration signal and exact date signal found.;
Flörsheimer Lebenslauf;Running;29.08.2026;Hochtaunuskreis;Germany;Flörsheim am Main, Hochtaunuskreis, Hessen, Germany;50.0296;8.4265;10 km;"Der 15. Flörsheimer Lebenslauf am 29. August 2026 ist ein traditionsreicher Lauf, der an die Rettung von der Pest im Jahr 1666 erinnert. Die ca. 10 km lange Strecke führt in zwei Runden vom Mainufer über Eddersheim, den Stadtgarten und die Altstadt bis zum historischen Gallusplatz, dem Ziel. Das Motto ""Erinnern - Laufen - Danken"" spiegelt den religiösen und gemeinschaftlichen Charakter der Veranstaltung wider. Der Er";https://www.djk-floersheim.de/abteilungen/leichtathletik/lebenslauf-2026/;Laufrennen discovery, official organizer URL, source: https://laufrennen.de/rennseiten/florsheimer_lebenslauf/;https://www.djk-floersheim.de/abteilungen/leichtathletik/lebenslauf-2026/;registration_open;low;quarterly;02.06.2026;31.08.2026;Official organizer URL discovered from Laufrennen detail page. Live URL verification: official registration signal found and date/year signal found. Live URL verification: official registration signal and exact date signal found.;
Firmenlauf Renningen;Running;24.06.2026;Renningen;Germany;Renningen, Baden-Württemberg, Germany;48.7648163;8.9347008;5 km;Der 1. AOK Firmenlauf Renningen findet am 24. Juni 2026 in Renningen statt und bietet ein großartiges Team-Event für Kolleg:innen. Die Strecke umfasst ca. 4,6 km, die aus zwei Runden von jeweils 2,3 km bestehen. Der Lauf ist Teil der BW-Running-Firmenlaufserie und legt Wert auf Inklusion sowie gemeinsames Erleben und Feiern. Nach dem Lauf gibt es eine kostenfreie Zielverpflegung und eine Siegerehrung mit musikalische;https://renningen.bw-running.de/home;Laufrennen discovery, official organizer URL, source: https://laufrennen.de/rennseiten/firmenlauf_renningen/;https://renningen.bw-running.de/home;registration_open;low;quarterly;02.06.2026;31.08.2026;Official organizer URL discovered from Laufrennen detail page. Live URL verification: official registration signal found and date/year signal found. Live URL verification: official registration signal and exact date signal found.;
BraunenBerg-Lauf;Running;19.09.2026;Ostalbkreis;Germany;Aalen, Ostalbkreis, Baden-Württemberg, Germany;48.8375607;10.0929593;30 km, 8.2 km;Der BraunenBerg-Lauf am 19. September 2026 bietet abwechslungsreiche Berglaufstrecken auf der Ostalb, die sowohl Einsteigerinnen als auch erfahrene Läuferinnen ansprechen. Die Veranstaltung umfasst verschiedene Distanzen, darunter den technisch einfachen VR Bank-BraunenBerg-Lauf über 14,6 km mit 446 Höhenmetern sowie den anspruchsvollen Rolladen Kaiser-BraunenBerg-Trail mit 32 km und 1100 Höhenmetern, der unter Tage;https://www.braunenberg-lauf.de/;Laufrennen discovery, official organizer URL, source: https://laufrennen.de/rennseiten/braunenberg_lauf/;https://www.braunenberg-lauf.de/;registration_open;low;quarterly;02.06.2026;31.08.2026;Official organizer URL discovered from Laufrennen detail page. Live URL verification: official registration signal found and date/year signal found. Live URL verification: official registration signal and exact date signal found.;
Freisinger Sparkassenlauf;Running;08.07.2026;Freising;Germany;Freising, Bavaria, Germany;48.4008273;11.7439565;10 km, 5 km;Der Freisinger Sparkassen-Lauf ist ein beliebter Sommerlauf in den Isarauen rund um das Stadion des SC Freising. Er bietet Strecken für Kinder, Jugendliche sowie Hauptläufe über 5,5 km und 10 km, die überwiegend auf Schotter- und Waldwegen entlang der Isar verlaufen. Die Veranstaltung richtet sich an alle Sporttypen und zeichnet sich durch eine familiäre Atmosphäre mit Einzel- und Mannschaftswertungen aus. Für das le;https://freising.run/sparkassen-lauf/;Laufrennen discovery, official organizer URL, source: https://laufrennen.de/rennseiten/freisinger_sparkassenlauf/;https://freising.run/sparkassen-lauf/;registration_open;low;quarterly;02.06.2026;31.08.2026;Official organizer URL discovered from Laufrennen detail page. Live URL verification: official registration signal found and date/year signal found. Live URL verification: official registration signal and exact date signal found.;
Friedrichshaller Runde;Running;26.09.2026;Bad Friedrichshall;Germany;Bad Friedrichshall, Baden-Württemberg, Germany;49.2280136;9.2101479;10 km;Die Friedrichshaller Runde ist eine traditionsreiche Laufveranstaltung in Bad Friedrichshall, die am 26. September 2026 stattfindet. Sie ist Teil des 3-Flüsse-Cups und bietet Läufern eine attraktive Strecke durch die reizvolle Landschaft der Region. Die Veranstaltung richtet sich an Laufbegeisterte aller Leistungsstufen und verbindet sportliche Herausforderung mit landschaftlichen Highlights. Die Organisation erfolgt;https://www.friedrichshall-tourismus.de/fuehrungen-veranstaltungen/veranstaltungen/friedrichshaller-runde.html;Laufrennen discovery, official organizer URL, source: https://laufrennen.de/rennseiten/friedrichshaller_runde/;https://www.friedrichshall-tourismus.de/fuehrungen-veranstaltungen/veranstaltungen/friedrichshaller-runde.html;registration_open;low;quarterly;02.06.2026;31.08.2026;Official organizer URL discovered from Laufrennen detail page. Live URL verification: official registration signal found and date/year signal found. Live URL verification: official registration signal and exact date signal found.;
Freiberger Bürgerfestlauf;Running;17.07.2026;Freiberg;Germany;Freiberg, Saxony, Germany;50.9236767;13.3670114;10 km;Der Freiberger Bürgerfestlauf ist eines der größten Bürgerfestlauf-Events Deutschlands und findet am 17. Juli 2026 in Freiberg statt. Über 1.600 Läuferinnen und Läufer nehmen an vier verschiedenen Strecken von 600 Metern bis 10 Kilometern teil. Das Event zeichnet sich durch eine hohe Finisherquote von über 95 % aus und wird von einem anschließenden Bürgerfest mit Live-Musik auf dem Marktplatz begleitet. Der Start und;https://www.buergerfestlauf-freiberg.de/;Laufrennen discovery, official organizer URL, source: https://laufrennen.de/rennseiten/freiberger_burgerfestlauf/;https://www.buergerfestlauf-freiberg.de/;registration_open;low;quarterly;02.06.2026;31.08.2026;Official organizer URL discovered from Laufrennen detail page. Live URL verification: official registration signal found and date/year signal found. Live URL verification: official registration signal and exact date signal found.;
Friedrichstaler Waldlauf;Running;25.10.2026;Stutensee;Germany;Friedrichstal, Stutensee, Baden-Württemberg, Germany;49.1051892;8.477052;10 km;Der Friedrichstaler Waldlauf ist Teil des Stutensee-Cups und findet 2026 zum 11. Mal statt. Die Veranstaltung umfasst vier Wertungsläufe über 10 km, bei denen Läufer:innen automatisch in die Wertung kommen, wenn sie an mindestens drei Läufen teilnehmen. Die Strecke bietet eine attraktive Laufmöglichkeit im herbstlichen Friedrichstal und richtet sich an Läufer:innen aller Leistungsstufen. Im Anschluss an den letzten L;https://www.tv-friedrichstal.com/index.php?option=com_content&view=article&id=699&Itemid=357;Laufrennen discovery, official organizer URL, source: https://laufrennen.de/rennseiten/friedrichstaler_waldlauf/;https://www.tv-friedrichstal.com/index.php?option=com_content&view=article&id=699&Itemid=357;registration_open;low;quarterly;02.06.2026;31.08.2026;Official organizer URL discovered from Laufrennen detail page. Live URL verification: official registration signal found and date/year signal found. Precise address geocoded with Geoapify (Friedrichstal, Stutensee, Baden-Württemberg, Germany, Germany). Live URL verification: official registration signal and exact date signal found. Precise address geocoded with Geoapify (Friedrichstal, Stutensee, Baden-Württemberg, Germany, Germany).;
FriesenCross;Running;25.07.2026;Friesland;Germany;Schillig, Friesland, Lower Saxony, Germany;53.7033668;8.0235529;10 km;Der Friesencross in Schillig ist eines der außergewöhnlichsten Crosslauf-Events Deutschlands und findet am 25. Juli 2026 statt. Die Strecke führt direkt am Strand entlang und bietet ein einzigartiges Naturerlebnis entlang des UNESCO-Weltnaturerbes Wattenmeer. Die Läufer:innen durchqueren weichen Sandstrand, grüne Wiesen und sogar den schlickigen Meeresboden, was sportliche Herausforderung und Nordseefeeling perfekt v;https://radio-nordseewelle.de/events/21-friesencross;Laufrennen discovery, official organizer URL, source: https://laufrennen.de/rennseiten/friesencross/;https://radio-nordseewelle.de/events/21-friesencross;registration_open;low;quarterly;02.06.2026;31.08.2026;Official organizer URL discovered from Laufrennen detail page. Live URL verification: official registration signal found and date/year signal found. Live URL verification: official registration signal and exact date signal found.;
FSV-Lauf;Running;25.10.2026;Erlangen;Germany;Brucker Lache, Erlangen, Bavaria, Germany;49.5977469;11.0037372;10 km, 5 km;Der FSV-Lauf findet am 25. Oktober 2026 in der Brucker Lache in Erlangen statt und bietet Läufen für alle Altersgruppen von Bambinis bis zu Erwachsenen. Die Strecke ist ein relativ flacher Rundkurs von 5 km, der für den 10 km Lauf zweimal durchlaufen wird. Neben dem sportlichen Erlebnis steht auch das soziale Engagement im Vordergrund, da pro Teilnehmer 2 Euro an den Förderverein Erlanger Tafel gespendet werden. Für;https://fsvlauf.de/;Laufrennen discovery, official organizer URL, source: https://laufrennen.de/rennseiten/fsv_lauf/;https://fsvlauf.de/;registration_open;low;quarterly;02.06.2026;31.08.2026;Official organizer URL discovered from Laufrennen detail page. Live URL verification: official registration signal found and date/year signal found. Live URL verification: official registration signal and exact date signal found.;
Gänseliesellauf;Running;12.06.2026;Monheim am Rhein;Germany;Krischerstraße, Monheim am Rhein, North Rhine-Westphalia, Germany;51.0909476;6.8812387;10 km, 5 km;Der 40. Gänseliesellauf findet am 12. Juni 2026 in Monheim am Rhein statt und eröffnet traditionell das Stadtfest. Es werden fünf verschiedene Läufe für unterschiedliche Altersgruppen angeboten, von einem 900-Meter-Lauf für Kindergartenkinder bis hin zu 10 Kilometer für Erwachsene. Die Veranstaltung wird von der Stadt Monheim am Rhein gemeinsam mit der Sportgemeinschaft Monheim 1894/1968 e. V. organisiert und bietet;https://www.monheimmitte.de/veranstaltungen/gaenseliesellauf-2026;Laufrennen discovery, official organizer URL, source: https://laufrennen.de/rennseiten/ganseliesellauf/;https://www.monheimmitte.de/veranstaltungen/gaenseliesellauf-2026;registration_open;low;quarterly;02.06.2026;31.08.2026;Official organizer URL discovered from Laufrennen detail page. Live URL verification: official registration signal found and date/year signal found. Precise address geocoded with Geoapify (Krischerstraße, Monheim am Rhein, North Rhine-Westphalia, Germany, Germany). Live URL verification: official registration signal and exact date signal found. Precise address geocoded with Geoapify (Krischerstraße, Monheim am Rhein, North Rhine-Westphalia, Germany, Germany).;
Future Run - Ausbildung in Bewegung;Running;18.09.2026;Buxtehude-Hedendorf;Germany;VSV Sportanlage, Feldstraße 50, 21614 Buxtehude, Germany;53.4718374;9.6154238;7 km, 5 km;Laufevent der IHK Elbe-Weser mit Strecken über 5 km und 7 km. Der Start findet auf der Sportanlage der VSV Hedendorf-Neukloster statt.;https://www.ihk.de/elbeweser/aus-und-weiterbildung/future-run;Official organizer website;https://www.ihk.de/elbeweser/aus-und-weiterbildung/future-run;registration_open;low;quarterly;08.06.2026;08.09.2026;Official organizer website confirms date, distances, venue and registration deadline for 2026. Precise address geocoded with Geoapify (VSV Sportanlage, Feldstraße 50, 21614 Buxtehude, Germany, Germany).;
Fuchsburg Lauf;Running;27.06.2026;Landkreis Pfaffenhofen an der Ilm;Germany;Vohburg, Landkreis Pfaffenhofen an der Ilm, Bavaria, Germany;48.7706825;11.6167823;5 km;Der Fuchsburg Lauf wird vom TV Vohburg ausgerichtet und findet im Rahmen des Vohburger Fuchsburgfestes am 27. Juni 2026 statt. Die Veranstaltung bietet Läuferinnen und Läufern verschiedener Altersklassen und Leistungsniveaus die Möglichkeit, auf attraktiven Strecken durch die Region zu laufen. Die Läufe umfassen eine 10-km-Hauptstrecke, einen 2,3-km-Schülerlauf sowie einen 600-m-Bambini-Lauf. Die Veranstaltung ist ge;https://tv-vohburg.de/abteilungen/leichtathletik/fuchsburg-lauf/;Laufrennen discovery, official organizer URL, source: https://laufrennen.de/rennseiten/fuchsburg_lauf/;https://tv-vohburg.de/abteilungen/leichtathletik/fuchsburg-lauf/;registration_open;low;quarterly;02.06.2026;31.08.2026;Official organizer URL discovered from Laufrennen detail page. Live URL verification: official registration signal found and date/year signal found. Live URL verification: official registration signal and exact date signal found.;
Gäulauf;Running;03.06.2026;Rhineland-Palatinate;Germany;Gommersheim, Südliche Weinstraße, Rhineland-Palatinate, Germany;49.9531599;7.310646;Halbmarathon, 10 km;Der Gäulauf in der Verbandsgemeinde Edenkoben ist ein traditionsreicher Volkslauf, der seit über zwei Jahrzehnten Läuferinnen und Läufer in Gommersheim zusammenbringt. Die Veranstaltung am 3. Juni 2026 bietet verschiedene Laufdistanzen für Kinder, Jugendliche und Erwachsene auf einer flachen Strecke durch mehrere Gemeinden. Die Anmeldung ist online bis zum Veranstaltungstag möglich, Nachmeldungen sind vor Ort mit ein;https://www.vg-edenkoben.de/leben-und-arbeiten/gaeulauf/;Laufrennen discovery, official organizer URL, source: https://laufrennen.de/rennseiten/gaulauf/;https://www.vg-edenkoben.de/leben-und-arbeiten/gaeulauf/;registration_open;medium;monthly;02.06.2026;02.07.2026;Official organizer URL discovered from Laufrennen detail page. Live URL verification: official registration signal found and date/year signal found. Precise address geocoded with Geoapify (Gommersheim, Südliche Weinstraße, Rhineland-Palatinate, Germany, Germany). Live URL verification: official registration signal and exact date signal found. Precise address geocoded with Geoapify (Gommersheim, Südliche Weinstraße, Rhineland-Palatinate, Germany, Germany). Location QA: coordinates repaired using city geocoding (Rhineland-Palatinate, Germany).;
Gosheimer Lemberglauf;Running;18.10.2026;Gosheim;Germany;Gosheim, Baden-Württemberg, Germany;48.1363107;8.7527322;10 km, 6.7 km;Der Gosheimer Lemberglauf ist ein traditionsreicher Lauf in Gosheim, Baden-Württemberg, der Teil des Silberdistel-Albcups ist. Die Strecke startet an der Kreissparkasse im Ortszentrum und führt zum Ziel auf dem Lemberg, mit einem Kleidertransport möglich. Der Lauf bietet verschiedene Distanzen, darunter Schüler- und Bambiniläufe sowie weitere Wettbewerbe, die zur Gesamt- und Vereinswertung des Cups zählen. Für alle T;http://www.silberdistel-albcup.de/html/body_gosheim.html;Laufrennen discovery, official organizer URL, source: https://laufrennen.de/rennseiten/gosheimer_lemberglauf/;http://www.silberdistel-albcup.de/html/body_gosheim.html;registration_open;low;quarterly;02.06.2026;31.08.2026;Official organizer URL discovered from Laufrennen detail page. Live URL verification: official registration signal found and date/year signal found. Live URL verification: official registration signal and exact date signal found.;
Fürstenwaldlauf;Running;19.06.2026;Ochsenhausen;Germany;Ochsenhausen, Baden-Württemberg, Germany;48.0711222;9.9512104;10 km;Der Fürstenwaldlauf ist ein traditionsreicher Landschaftslauf in Oberschwaben, der 2026 bereits zum 45. Mal stattfindet. Er wird im Rahmen des Öchslefestes der Stadt Ochsenhausen am 19. Juni veranstaltet und zeichnet sich durch eine familiäre Atmosphäre aus. Der Hauptlauf ist ein Viertelmarathon, der überwiegend auf Waldwegen mit teils anspruchsvollen Abschnitten verläuft und mit einer Stadionrunde im Sportgelände Ho;https://www.svochsenhausen.de/leichtathletik/fuerstenwaldlauf/;Laufrennen discovery, official organizer URL, source: https://laufrennen.de/rennseiten/furstenwaldlauf/;https://www.svochsenhausen.de/leichtathletik/fuerstenwaldlauf/;registration_open;low;quarterly;02.06.2026;31.08.2026;Official organizer URL discovered from Laufrennen detail page. Live URL verification: official registration signal found and date/year signal found. Live URL verification: official registration signal and exact date signal found.;
Freystädter Volksfestlauf;Running;07.06.2026;Freystadt;Germany;Freystadt, Bavaria, Germany;49.2014246;11.3505527;10 km;Der Freystädter Volksfestlauf ist eine traditionelle Laufveranstaltung in Freystadt, Bayern, die jährlich im Rahmen des Freystädter Volksfestes stattfindet. Die Läufe starten und enden am Rathaus am Marktplatz und bieten verschiedene Distanzen für Erwachsene, Schüler und Bambini. Die Veranstaltung zeichnet sich durch eine familiäre Atmosphäre aus, mit Ehrungen für die besten Läufer und Mannschaften sowie Sonderwertun;https://leichtathletik-freystadt.de/2026/03/20/volksfestlauf/;Laufrennen discovery, official organizer URL, source: https://laufrennen.de/rennseiten/freystadter_volksfestlauf/;https://leichtathletik-freystadt.de/2026/03/20/volksfestlauf/;registration_open;low;quarterly;02.06.2026;31.08.2026;Official organizer URL discovered from Laufrennen detail page. Live URL verification: official registration signal found and date/year signal found. Live URL verification: official registration signal and exact date signal found.;
Gettorfer Staffelmarathon;Running;23.08.2026;Gettorf;Germany;Sportpark Gettorf, Gettorf, Schleswig-Holstein, Germany;54.4052957;9.9785888;Marathon;Der Gettorfer Staffelmarathon ist ein Team-Marathon, der am 23. August 2026 im Sportpark Gettorf stattfindet. Die Strecke besteht aus einem ca. 4,2 km langen Rundkurs, der zehnmal gelaufen wird. Teams bestehen aus 5 bis 10 Personen, die den gechipten Staffelstab in der Wechselzone weitergeben. Alternativ kann der Duo-Marathon von zwei Personen bestritten werden, die sich die zehn Runden frei aufteilen. Die Zeitmessun;https://gettorfer-tv.de/;Laufrennen discovery, official organizer URL, source: https://laufrennen.de/rennseiten/gettorfer_staffelmarathon/;https://gettorfer-tv.de/;registration_open;medium;monthly;02.06.2026;02.07.2026;Official organizer URL discovered from Laufrennen detail page. Live URL verification: official registration signal found and date/year signal found. Precise address geocoded with Geoapify (Sportpark Gettorf, Gettorf, Schleswig-Holstein, Germany, Germany). Live URL verification: official registration signal and exact date signal found. Precise address geocoded with Geoapify (Sportpark Gettorf, Gettorf, Schleswig-Holstein, Germany, Germany).;
Gerolsteiner Stadtlauf;Running;20.06.2026;Rhineland-Palatinate;Germany;Gerolstein-Roth, Gerolstein, Rhineland-Palatinate, Germany;50.22594;6.676755;10 km;Der 39. Gerolsteiner Stadtlauf findet am 20. Juni 2026 an einem neuen Veranstaltungsort in Gerolstein-Roth statt. Aufgrund von Baumaßnahmen kann der Lauf nicht in Gerolstein selbst durchgeführt werden. Start und Ziel sind am Sportplatz mit Verpflegung, Umkleiden und Duschen. Der Lauf ist Teil des 4-RegioCups, einer Serie von 12 Läufen in den Regionen Eifel, Mosel, Hochwald und Saar. Es werden verschiedene Distanzen f;https://www.sv-gerolstein.de/veranstaltungen/gerolsteiner-stadtlauf/;Laufrennen discovery, official organizer URL, source: https://laufrennen.de/rennseiten/gerolsteiner_stadtlauf/;https://www.sv-gerolstein.de/veranstaltungen/gerolsteiner-stadtlauf/;registration_open;low;quarterly;02.06.2026;31.08.2026;Official organizer URL discovered from Laufrennen detail page. Live URL verification: official registration signal found and date/year signal found. Live URL verification: official registration signal and exact date signal found.;
Gocher Steintorlauf;Running;04.07.2026;Kleve;Germany;Goch, Kleve, North Rhine-Westphalia, Germany;51.6755765;6.1593045;Marathon, Halbmarathon, 10 km, 5 km;Der 30. Gocher Steintorlauf findet am 4. Juli 2026 im Rahmen des Gocher Fußball Sommers statt. Veranstaltet vom SV Viktoria Goch, Abteilung Leichtathletik/Lauftreff, werden über 800 Läuferinnen und Läufer verschiedener Altersgruppen im Stadtzentrum von Goch erwartet. Das Angebot reicht vom Bambini-Lauf über den 2.000m Hobbygruppen- und Firmenlauf bis hin zu Jedermann-Strecken rund um das Steintor. Die Veranstaltung b;https://www.goch.de/kultur-tourismus/veranstaltungen/veranstaltungskalender/30-gocher-steintorlauf;Laufrennen discovery, official organizer URL, source: https://laufrennen.de/rennseiten/gocher_steintorlauf/;https://www.goch.de/kultur-tourismus/veranstaltungen/veranstaltungskalender/30-gocher-steintorlauf;registration_open;medium;monthly;02.06.2026;02.07.2026;Official organizer URL discovered from Laufrennen detail page. Live URL verification: official registration signal found and date/year signal found. Live URL verification: official registration signal and exact date signal found.;
Fischerhuder Sommerlauf;Running;27.06.2026;Osterholz-Scharmbeck;Germany;Fischerhude, Osterholz-Scharmbeck, Lower Saxony, Germany;53.2281763;8.7948239;10 km, 5 km;Der Fischerhuder Sommerlauf, organisiert von den Sportfreunden Fischerhude e.V., findet am 27. Juni 2026 ab 18:00 Uhr statt. Angeboten werden Strecken über 1 km für Kinder sowie 5 km und 10 km für Jugendliche und Erwachsene, die auf einem offiziell vermessenen 5 km-Rundkurs gelaufen werden. Zusätzlich gibt es eine Staffel über 2x5 km für Freunde, Familien und Kollegen. Die Veranstaltung bietet eine familiäre Atmosphä;http://www.sportfreunde-fischerhude.de/;Laufrennen discovery, official organizer URL, source: https://laufrennen.de/rennseiten/fischerhuder_sommerlauf/;http://www.sportfreunde-fischerhude.de/;registration_open;low;quarterly;02.06.2026;31.08.2026;Official organizer URL discovered from Laufrennen detail page. Live URL verification: official registration signal found and date/year signal found. Live URL verification: official registration signal and exact date signal found.;
Grafschaftslauf;Running;30.08.2026;Rietberg;Germany;Gut Rietberg, Rietberg, North Rhine-Westphalia, Germany;51.8074106;8.4286614;28 km, 10 km;Der Grafschaftslauf verbindet die historischen Städte Rietberg, Verl und Schloß Holte-Stukenbrock und bietet Läufern eine abwechslungsreiche Strecke mit viel Geschichte und Atmosphäre. Gestartet wird am Gut Rietberg, vorbei an historischen Gebäuden und durch die Innenstadt, weiter entlang der Ems bis zum Gartenschaugelände. Die Strecke führt durch stimmungsvolle Orte mit mehreren Wechselpunkten für Staffelläufer und;https://www.grafschaftslauf.de/web/;Laufrennen discovery, official organizer URL, source: https://laufrennen.de/rennseiten/grafschaftslauf/;https://www.grafschaftslauf.de/web/;registration_open;low;quarterly;02.06.2026;31.08.2026;Official organizer URL discovered from Laufrennen detail page. Live URL verification: official registration signal found and date/year signal found. Live URL verification: official registration signal and exact date signal found. Location QA: coordinates repaired using city geocoding (Rietberg, Germany).;
Erftflitzer Lauf;Running;19.06.2026;Neuss;Germany;Neuss-Holzheim, Neuss, North Rhine-Westphalia, Germany;51.1981778;6.6916476;5 km;Der Erftflitzerlauf in Neuss-Holzheim ist eine familienfreundliche Laufveranstaltung mit einer langen Tradition seit 1993. Die Veranstaltung bietet verschiedene Wettbewerbe für Kinder, Jugendliche und Erwachsene, von kurzen Bambini-Läufen bis zu 5,5 km für Erwachsene und Jugendliche. Der Lauf zeichnet sich durch seinen Spaßcharakter aus, bei dem der Gemeinschaftsgedanke und die Freude am Laufen im Vordergrund stehen.;https://www.sg-holzheim.de/leichtathletik/erftflitzerlauf/;Laufrennen discovery, official organizer URL, source: https://laufrennen.de/rennseiten/erftflitzer_lauf/;https://www.sg-holzheim.de/leichtathletik/erftflitzerlauf/;registration_open;low;quarterly;02.06.2026;31.08.2026;Official organizer URL discovered from Laufrennen detail page. Live URL verification: official registration signal found and date/year signal found. Live URL verification: official registration signal and exact date signal found.;
Gölitztallauf;Running;06.09.2026;Landkreis Zwickau;Germany;Marktgölitz, Landkreis Zwickau, Saxony, Germany;50.5559611;11.3363424;17.1 km;Der Gölitztallauf ist ein jährlich stattfindender Lauf in Marktgölitz, der am 6. September 2026 seine 44. Auflage feiert. Der Lauf ist in vier verschiedene Strecken unterteilt, darunter eine Kinderstrecke über 1 km. Die Veranstaltung zeichnet sich durch eine familiäre Atmosphäre aus und bietet Ehrungen in verschiedenen Altersklassen. Die Siegerehrungen finden zeitnah nach den Läufen statt, um die Wartezeit für die Te;https://sg.marktgoelitz.de/goelitztallauf/;Laufrennen discovery, official organizer URL, source: https://laufrennen.de/rennseiten/golitztallauf/;https://sg.marktgoelitz.de/goelitztallauf/;registration_open;low;quarterly;02.06.2026;31.08.2026;Official organizer URL discovered from Laufrennen detail page. Live URL verification: official registration signal found and date/year signal found. Live URL verification: official registration signal and exact date signal found.;
Hahnenkammlauf;Running;06.06.2026;Edelsfeld;Germany;Hahnenkamm, Edelsfeld, Bayern, Germany;49.5778828;11.6941734;8.5 km;Der Hahnenkammlauf in Edelsfeld ist ein idyllischer Waldlauf, der 2026 bereits in der 23. Auflage stattfindet. Die Veranstaltung richtet sich an Läufer aller Altersklassen, von Kindern bis zu erfahrenen Athleten, und bietet abwechslungsreiche Strecken rund um das Sportgelände am Hahnenkamm. Aufgrund der Sanierung des Sportplatzes wurde die Streckenführung angepasst. Der Lauf ist Teil des Landkreiscups Amberg-Sulzbach;https://www.fc-edelsfeld.de/hahnenkammlauf;Laufrennen discovery, official organizer URL, source: https://laufrennen.de/rennseiten/hahnenkammlauf/;https://www.fc-edelsfeld.de/hahnenkammlauf;registration_open;low;quarterly;02.06.2026;31.08.2026;Official organizer URL discovered from Laufrennen detail page. Live URL verification: official registration signal found and date/year signal found. Live URL verification: official registration signal and exact date signal found.;
Halderner Volkslauf;Running;28.06.2026;Rees;Germany;Rees-Haldern, Rees, North Rhine-Westphalia, Germany;51.7581242;6.3956605;Halbmarathon;Der Halderner Volkslauf ist ein traditionsreicher Lauf, der Jung und Alt zusammenbringt und das Gemeinschaftsgefühl von Freunden und Familien fördert. Am 28. Juni 2026 findet die Veranstaltung erneut statt, wobei der Halbmarathon aufgrund der positiven Resonanz dauerhaft im Programm bleibt. Die Veranstaltung bietet eine freundliche Atmosphäre für Läufer aller Leistungsstufen und lädt zur Teilnahme ein.;https://1516654394.jimdoweb.com/halderner-volkslauf;Laufrennen discovery, official organizer URL, source: https://laufrennen.de/rennseiten/halderner_volkslauf/;https://1516654394.jimdoweb.com/halderner-volkslauf;registration_open;medium;monthly;02.06.2026;02.07.2026;Official organizer URL discovered from Laufrennen detail page. Live URL verification: official registration signal found and date/year signal found. Live URL verification: official registration signal and exact date signal found.;
Gladbecker Sparkassenlauf;Running;23.08.2026;Gladbeck;Germany;Gladbeck, North Rhine-Westphalia, Germany;51.5718661;6.9987803;Halbmarathon, 10 km, 5 km;Der Gladbecker Sparkassenlauf ist ein traditionsreiches Laufevent, das Läuferinnen und Läufer aller Altersklassen willkommen heißt. Die Veranstaltung bietet verschiedene Distanzen von Bambinimarathon bis Halbmarathon sowie eine Teamstaffel. Alle Strecken sind DLV-zertifiziert und bestenlistenfähig. Teilnehmer erhalten Finisher-Medaillen und personalisierte Startnummern mit ihrem Namen, was das Lauferlebnis besonders;https://www.sparkassenlauf.com/;Laufrennen discovery, official organizer URL, source: https://laufrennen.de/rennseiten/gladbecker_sparkassenlauf/;https://www.sparkassenlauf.com/;registration_open;medium;monthly;02.06.2026;02.07.2026;Official organizer URL discovered from Laufrennen detail page. Live URL verification: official registration signal found and date/year signal found. Live URL verification: official registration signal and exact date signal found.;
H/21 Halbmarathon;Running;11.10.2026;Hannover;Germany;Hannover, Lower Saxony, Germany;52.3744779;9.7385532;Halbmarathon;Der H/21 Halbmarathon Hannover ist ein neues Laufevent im nationalen Veranstaltungskalender, das urbanes Flair, moderne Beats und grüne Streckenabschnitte verbindet. Start und Ziel liegen in der City von Hannover, und die Route führt entlang markanter Hotspots durch die Landeshauptstadt. Das Event findet im Herbst statt und bietet ein besonderes Lauferlebnis in einer lebendigen Stadtumgebung. Sei beim Prolog dabei, w;https://www.halbmarathon-hannover.de/;Laufrennen discovery, official organizer URL, source: https://laufrennen.de/rennseiten/h_21_halbmarathon/;https://www.halbmarathon-hannover.de/;registration_open;medium;monthly;02.06.2026;02.07.2026;Official organizer URL discovered from Laufrennen detail page. Live URL verification: official registration signal found and date/year signal found. Live URL verification: official registration signal and exact date signal found.;
Hardtwaldlauf 2026;Running;28.06.2026;Karlsruhe;Germany;Hardtwaldlauf, Karlsruhe, Baden-Württemberg, Germany;48.302571;9.234713;10 km, 5 km;Der Hardtwaldlauf in Karlsruhe ist ein traditionsreicher Laufwettbewerb, der am 28. Juni 2026 zum 40. Mal stattfindet. Angeboten werden Läufe über 5 km und 10 km, die durch den Hardtwald führen und sowohl für Freizeitläufer als auch für ambitionierte Sportler geeignet sind. Die Veranstaltung bietet eine professionelle Zeitnahme mit Einweg-Transpondern und eine freundliche Atmosphäre mit Urkunden und Preisen für versc;https://www.lsg-ka.de/ausschreibung.html;Laufrennen discovery, official organizer URL, source: https://laufrennen.de/rennseiten/hardtwaldlauf_2026/;https://www.lsg-ka.de/ausschreibung.html;registration_open;low;quarterly;02.06.2026;31.08.2026;Official organizer URL discovered from Laufrennen detail page. Live URL verification: official registration signal found and date/year signal found. Live URL verification: official registration signal and exact date signal found.;
Harzgeröder Klippenlauf;Running;07.06.2026;Saxony-Anhalt;Germany;Harzgerode, Harz, Saxony-Anhalt, Germany;51.6381169;11.1465703;Halbmarathon, 15 km, 5 km;Der Harzgeröder Klippenlauf am 7. Juni 2026 ist ein vielseitiger Volks- und Crosslauf im Unterharz, der für Läufer aller Leistungsstufen geeignet ist. Angeboten werden Strecken von 1 km für Kinder bis hin zum anspruchsvollen Halbmarathon mit 21,1 km und 450 Höhenmetern. Die Läufe führen durch das Selketal entlang des Selketalstiegs, vorbei an den Ortsteilen Mägdesprung und Alexisbad, mit felsigen Abschnitten, schmale;https://www.klippenlauf.de/;Laufrennen discovery, official organizer URL, source: https://laufrennen.de/rennseiten/harzgeroder_klippenlauf/;https://www.klippenlauf.de/;registration_open;medium;monthly;02.06.2026;02.07.2026;Official organizer URL discovered from Laufrennen detail page. Live URL verification: official registration signal found and date/year signal found. Live URL verification: official registration signal and exact date signal found.;
Harsefelder Lauf- und Musikfestival;Running;13.06.2026;Stade;Germany;Harsefeld, Stade, Lower Saxony, Germany;53.453232;9.502652;5 km;Das 20. Lauf- und Musikfestival in Harsefeld findet am 13. Juni 2026 statt und verbindet sportliche Herausforderungen mit musikalischer Unterhaltung. Läufer:innen aller Altersgruppen können an verschiedenen Distanzen teilnehmen, von Kinder- und Bambiniläufen bis hin zu Kurz-, Langstrecken und Staffelwettbewerben. Am Abend verwandelt sich die Marktstraße in eine lebendige Partymeile mit Open-Air-Disco und Live-Musik.;https://www.lauf-musik-festival.de/;Laufrennen discovery, official organizer URL, source: https://laufrennen.de/rennseiten/harsefelder_lauf_und_musikfestival/;https://www.lauf-musik-festival.de/;registration_open;low;quarterly;02.06.2026;31.08.2026;Official organizer URL discovered from Laufrennen detail page. Live URL verification: official registration signal found and date/year signal found. Live URL verification: official registration signal and exact date signal found.;
Heideköniginnenpokal;Running;22.08.2026;Amelinghausen;Germany;Amelinghausen, Lower Saxony, Germany;53.1276759;10.2160653;10 km;Der Heideköniginnenpokal (HeiPo) in Amelinghausen ist ein traditionsreicher Volkslauf, der 2026 zum 31. Mal im Rahmen der Heideblütenfestwoche stattfindet. Die anspruchsvollen Strecken führen durch landschaftlich reizvolle Passagen, unter anderem entlang des Lopausees. Der Lauf zieht viele Teilnehmerinnen und Teilnehmer an und ist ein fester Bestandteil der regionalen Laufveranstaltungen.;https://www.mtv-lauftreff.de/;Laufrennen discovery, official organizer URL, source: https://laufrennen.de/rennseiten/heidekoniginnenpokal/;https://www.mtv-lauftreff.de/;registration_open;low;quarterly;02.06.2026;31.08.2026;Official organizer URL discovered from Laufrennen detail page. Live URL verification: official registration signal found and date/year signal found. Live URL verification: official registration signal and exact date signal found.;
Hahner Kitzenhauslauf;Running;14.06.2026;Aachen;Germany;Hahn, Aachen, North Rhine-Westphalia, Germany;50.7107143;6.1978317;Halbmarathon;Der Hahner Kitzenhauslauf ist eine beliebte Laufveranstaltung im Dreiländereck Deutschland, Belgium und Niederlande. Die naturnahen, hügeligen und abwechslungsreichen Strecken im Aachener Süden bieten Läufern ein anspruchsvolles und landschaftlich reizvolles Erlebnis. Die Veranstaltung hat eine lange Tradition und zieht Läufer aus der Region und darüber hinaus an. Sie ist bekannt für ihre familiäre Atmosphäre und die;https://indehahn.de/;Laufrennen discovery, official organizer URL, source: https://laufrennen.de/rennseiten/hahner_kitzenhauslauf/;https://indehahn.de/;registration_open;medium;monthly;02.06.2026;02.07.2026;Official organizer URL discovered from Laufrennen detail page. Live URL verification: official registration signal found and date/year signal found. Live URL verification: official registration signal and exact date signal found.;
Heider Abend-Stadtlauf;Running;05.06.2026;Dithmarschen;Germany;Heide, Dithmarschen, Schleswig-Holstein, Germany;54.1948848;9.0928251;10 km, 5 km;Der Heider Abend-Stadtlauf ist ein traditionsreicher Lauf in Heide, der von MTV von 1860 e.V. Heide veranstaltet wird. Die Veranstaltung bietet Läufern verschiedener Leistungsstufen die Möglichkeit, auf einer attraktiven Strecke durch die Stadt anzutreten. Der Lauf zeichnet sich durch eine familiäre Atmosphäre und die Unterstützung durch den lokalen Sportverein aus. Die Strecke ist gut markiert und bietet ein abwechs;https://www.mtv-heide.de/heider-abendstadtlauf/;Laufrennen discovery, official organizer URL, source: https://laufrennen.de/rennseiten/heider_abend_stadtlauf/;https://www.mtv-heide.de/heider-abendstadtlauf/;registration_open;low;quarterly;02.06.2026;31.08.2026;Official organizer URL discovered from Laufrennen detail page. Live URL verification: official registration signal found and date/year signal found. Live URL verification: official registration signal and exact date signal found.;
Herner St. Martini City-Lauf;Running;27.09.2026;Herne;Germany;Herne, North Rhine-Westphalia, Germany;51.5380394;7.219985;Marathon, Halbmarathon, 5 km;Der Herner St. Martini City-Lauf findet am 27. September 2026 auf dem Boulevard Bahnhofstraße in Herne statt. Die Veranstaltung bietet verschiedene Läufe für alle Altersklassen, von Bambini bis zu Erwachsenen, mit Streckenlängen von ca. 400 m bis 5 km. Die Laufstrecken sind amtlich vermessen und werden unter offizieller Aufsicht durchgeführt. Die Zeitnahme erfolgt elektronisch per easychip, und alle Teilnehmer erhalt;https://www.martinilauf-herne.de/;Laufrennen discovery, official organizer URL, source: https://laufrennen.de/rennseiten/herner_st_martini_city_lauf/;https://www.martinilauf-herne.de/;registration_open;medium;monthly;02.06.2026;02.07.2026;Official organizer URL discovered from Laufrennen detail page. Live URL verification: official registration signal found and date/year signal found. Live URL verification: official registration signal and exact date signal found.;
Herbstlauf Ready4Run Niederwangen;Running;04.10.2026;Wangen im Allgäu;Germany;Wangen im Allgäu, Baden-Württemberg, Germany;47.6856552;9.8342247;10 km, 5 km;Der Herbstlauf Niederwangen findet jährlich am 4. Oktober 2026 statt und ist Teil des Voralpen VBAO Cups. Der Lauf bietet eine Viertelmarathon-Distanz und ist bekannt für seine attraktive Cupwertung, bei der die Gesamtsiegerehrung beim Herbstlauf erfolgt. Die Veranstaltung richtet sich an Läufer aller Leistungsstufen und ist ein fester Bestandteil der regionalen Laufveranstaltungen.;https://www.sg-niederwangen.de/events/standard-titel/herbstlauf/;Laufrennen discovery, official organizer URL, source: https://laufrennen.de/rennseiten/herbstlauf_ready4run_niederwangen/;https://www.sg-niederwangen.de/events/standard-titel/herbstlauf/;registration_open;low;quarterly;02.06.2026;31.08.2026;Official organizer URL discovered from Laufrennen detail page. Live URL verification: official registration signal found and date/year signal found. Live URL verification: official registration signal and exact date signal found.;
Heumadener Volkslauf 2026;Running;19.07.2026;Stuttgart-Heumaden;Germany;Sportgelände Untere Hasenwedel, Stuttgart-Heumaden, Baden-Württemberg, Germany;48.302571;9.234713;Halbmarathon, 10 km, 5 km;Der Heumadener Volkslauf findet seit 2009 jährlich in Stuttgart-Heumaden statt und bietet Läufern drei Streckenlängen: 5,5 km, 10,3 km und seit 2018 auch einen Halbmarathon über 21 km. Die Strecke ist ein langer, eher flacher Rundkurs mit wenigen Steigungen, der durch die Stadtteile Heumaden, Riedenberg und Kemnat führt. Start und Ziel befinden sich auf dem Sportgelände Untere Hasenwedel. Die Veranstaltung ist Teil d;https://www.tsv-heumaden.de/veranstaltungen/heumadener-volkslauf;Laufrennen discovery, official organizer URL, source: https://laufrennen.de/rennseiten/heumadener_volkslauf_2026/;https://www.tsv-heumaden.de/veranstaltungen/heumadener-volkslauf;registration_open;medium;monthly;02.06.2026;02.07.2026;Official organizer URL discovered from Laufrennen detail page. Live URL verification: official registration signal found and date/year signal found. Live URL verification: official registration signal and exact date signal found.;
Hausener Volks-Waldlauf (TGS-Hausen);Running;26.07.2026;Hesse;Germany;Sportplatz TGS Hausen, Obertshausen, Hesse, Germany;50.0731304;8.8732839;Halbmarathon, 10 km, 5 km;Der Hausener Volks-Waldlauf der TGS Hausen findet am 26. Juli 2026 statt und bietet Läufen auf verschiedenen Distanzen, darunter Halbmarathon, 10 km, 5 km sowie kürzere Schüler- und Bambini-Läufe. Start und Ziel sind jeweils am Sportplatz der TGS Hausen in Obertshausen. Die Strecken verlaufen überwiegend auf gut gekennzeichneten, ebenen Waldwegen, wobei der Halbmarathon als zweimalige 10-km-Runde gelaufen wird. Die Z;https://www.tgs-hausen.de/volkslauf;Laufrennen discovery, official organizer URL, source: https://laufrennen.de/rennseiten/hausener_volks_waldlauf_tgs_hausen/;https://www.tgs-hausen.de/volkslauf;registration_open;medium;monthly;02.06.2026;02.07.2026;Official organizer URL discovered from Laufrennen detail page. Live URL verification: official registration signal found and date/year signal found. Precise address geocoded with Geoapify (Sportplatz TGS Hausen, Obertshausen, Hesse, Germany, Germany). Live URL verification: official registration signal and exact date signal found. Precise address geocoded with Geoapify (Sportplatz TGS Hausen, Obertshausen, Hesse, Germany, Germany).;
Hockenheimringlauf;Running;01.11.2026;Hockenheim;Germany;Hockenheimring, Hockenheim, Baden-Württemberg, Germany;49.3297989;8.5763;10 km, 5 km;Der Hockenheimringlauf 2026 bietet Läufern aller Leistungsstufen ein einzigartiges Erlebnis auf einer der legendärsten Rennstrecken der Welt. Die flache Asphaltstrecke mit weiten Kurven und der Atmosphäre der Formel 1 macht den Lauf zu einem besonderen Event für Profi- und Hobbyläufer. Neben spannenden Wettkämpfen für Kinder und Erwachsene erwartet die Teilnehmer eine freundliche und motivierende Atmosphäre mit Verpf;https://www.asgtria-hockenheim.de/Hockenheimringlauf/;Laufrennen discovery, official organizer URL, source: https://laufrennen.de/rennseiten/hockenheimringlauf/;https://www.asgtria-hockenheim.de/Hockenheimringlauf/;registration_open;low;quarterly;02.06.2026;31.08.2026;Official organizer URL discovered from Laufrennen detail page. Live URL verification: official registration signal found and date/year signal found. Live URL verification: official registration signal and exact date signal found.;
Globus-Theißen-Lauf;Running;21.06.2026;Theißen;Germany;Theißen, Sachsen-Anhalt, Germany;51.088296;12.104777;14 km;Der Globus-Theißen-Lauf ist ein gemeinschaftliches Laufereignis in Theißen, Sachsen-Anhalt, das am 21. Juni 2026 zum sechsten Mal stattfindet. Der Lauf bietet Strecken für alle Altersgruppen, von Bambini über 1,5 km, 3 km, 7 km bis hin zu 14 km. Die Veranstaltung findet im Stadion der Bergarbeiter statt und ist Teil der Rangliste-Burgenland für Erwachsene sowie des Wiesen-Grundcups für Kinder und Jugendliche. Für das;https://www.la-club-theissen.de/globus-theissen-lauf/;Laufrennen discovery, official organizer URL, source: https://laufrennen.de/rennseiten/globus_theissen_lauf/;https://www.la-club-theissen.de/globus-theissen-lauf/;registration_open;low;quarterly;02.06.2026;31.08.2026;Official organizer URL discovered from Laufrennen detail page. Live URL verification: official registration signal found and date/year signal found. Live URL verification: official registration signal and exact date signal found.;
Herbstlauf der DJK Feudenheim;Running;17.10.2026;Mannheim;Germany;Mannheim-Feudenheim, Mannheim, Baden-Württemberg, Germany;49.4892913;8.4673098;Halbmarathon, 10 km, 5 km;Der Herbstlauf der DJK Feudenheim ist eine traditionsreiche Laufveranstaltung in Mannheim-Feudenheim, die am 17. Oktober 2026 zum 35. Mal stattfindet. Der Hauptlauf umfasst eine 10-km-Strecke, die in drei Runden zu absolvieren ist, mit einer Zeitbegrenzung von 90 Minuten. Neben dem Hauptlauf gibt es auch einen Jedermannlauf sowie weitere Läufe für Schüler, Bambini und Inklusion. Die Veranstaltung bietet eine familiär;https://djk-feudenheim.de/Herbstlauf/;Laufrennen discovery, official organizer URL, source: https://laufrennen.de/rennseiten/herbstlauf_der_djk_feudenheim/;https://djk-feudenheim.de/Herbstlauf/;registration_open;medium;monthly;02.06.2026;02.07.2026;Official organizer URL discovered from Laufrennen detail page. Live URL verification: official registration signal found and date/year signal found. Live URL verification: official registration signal and exact date signal found.;
Heuchelheimer Mitternachtslauf;Running;20.06.2026;Hesse;Germany;Heuchelheim, Wetteraukreis, Hesse, Germany;50.5825469;8.6286262;10 km;Der Heuchelheimer Mitternachtslauf ist ein traditionsreicher Lauf in Heuchelheim, der am 20. Juni 2026 stattfindet. Die Veranstaltung bietet verschiedene Distanzen für Bambini, Schüler, Jedermann, Staffeln und den Hauptlauf über 10 Kilometer. Die Strecke führt durch die Straßen Heuchelheims mit einigen Steigungen, insbesondere am Mühlberg. Für alle Teilnehmer gibt es Medaillen und Urkunden, und die Anmeldung erfolgt;https://www.tsf-heuchelheim.de/mitternachtslauf;Laufrennen discovery, official organizer URL, source: https://laufrennen.de/rennseiten/heuchelheimer_mitternachtslauf/;https://www.tsf-heuchelheim.de/mitternachtslauf;registration_open;low;quarterly;02.06.2026;31.08.2026;Official organizer URL discovered from Laufrennen detail page. Live URL verification: official registration signal found and date/year signal found. Live URL verification: official registration signal and exact date signal found.;
Herbstlauf;Running;26.09.2026;Ötigheim;Germany;Ötigheim, Baden-Württemberg, Germany;48.8874936;8.2405486;10 km, 5 km;Der 49. Ötigheimer Herbstlauf am 26. September 2026 lädt Laufbegeisterte aller Leistungsstufen herzlich ein. Ob Anfänger oder ambitionierter Läufer, der Spaß an der Bewegung steht im Vordergrund. Angeboten werden Kinder- und Schülerläufe sowie Hauptläufe über 5 km und 10 km, die amtlich vermessen sind. Die 10 km Strecke führt über zwei Runden durch den Ötigheimer Wald und verspricht eine schöne herbstliche Laufatmosp;https://www.tgoetigheim.de/veranstaltungen/herbstlauf/;Laufrennen discovery, official organizer URL, source: https://laufrennen.de/rennseiten/herbstlauf/;https://www.tgoetigheim.de/veranstaltungen/herbstlauf/;registration_open;low;quarterly;02.06.2026;31.08.2026;Official organizer URL discovered from Laufrennen detail page. Live URL verification: official registration signal found and date/year signal found. Live URL verification: official registration signal and exact date signal found.;
Hofheimer Volkslauf;Running;26.09.2026;Hesse;Germany;Sportpark Hofheim, Lampertheim-Hofheim, Hesse, Germany;50.6080651;9.0284647;10 km, 5 km;Der Hofheimer Volkslauf ist eine traditionsreiche Laufveranstaltung, die am 26. September 2026 im Sportpark Hofheim in Lampertheim-Hofheim stattfindet. Der Lauf wird vom Turnverein 1896 Hofheim im Ried e.V. organisiert und bietet Läufern aller Altersklassen eine freundliche und familiäre Atmosphäre. Die Veranstaltung ist bekannt für ihre gute Organisation und die Möglichkeit, sich sportlich zu betätigen und Gemeinsch;https://tv1896hofheim.de/hofheimer-volkslauf/;Laufrennen discovery, official organizer URL, source: https://laufrennen.de/rennseiten/hofheimer_volkslauf/;https://tv1896hofheim.de/hofheimer-volkslauf/;registration_open;low;quarterly;02.06.2026;31.08.2026;Official organizer URL discovered from Laufrennen detail page. Live URL verification: official registration signal found and date/year signal found. Precise address geocoded with Geoapify (Sportpark Hofheim, Lampertheim-Hofheim, Hesse, Germany, Germany). Live URL verification: official registration signal and exact date signal found. Precise address geocoded with Geoapify (Sportpark Hofheim, Lampertheim-Hofheim, Hesse, Germany, Germany). Location QA: coordinates repaired using city geocoding (Hesse, Germany).;
Hohenlockstedter Pellkartoffellauf;Running;26.09.2026;Hohenlockstedt;Germany;Pohl-Boskamp Gelände, Hohenlockstedt, Schleswig-Holstein, Germany;53.9667;9.61667;10 km, 5 km;Der Hohenlockstedter Pellkartoffellauf ist ein traditionsreiches Laufevent, das seit 2002 jährlich auf dem Pohl-Boskamp Gelände stattfindet. Mit Streckenlängen von 2,8 km, 5 km und 10 km bietet der Lauf sowohl Anfängern als auch erfahrenen Läufern eine passende Herausforderung. Besonders familienfreundlich gestaltet sich das Event durch spezielle Bambini-Läufe für Kinder und ein abwechslungsreiches Rahmenprogramm mit;https://www.pellkartoffellauf.de/;Laufrennen discovery, official organizer URL, source: https://laufrennen.de/rennseiten/hohenlockstedter_pellkartoffellauf/;https://www.pellkartoffellauf.de/;registration_open;low;quarterly;02.06.2026;31.08.2026;Official organizer URL discovered from Laufrennen detail page. Live URL verification: official registration signal found and date/year signal found. Live URL verification: official registration signal and exact date signal found.;
Hohenneuffen-Berglauf mit BW Trail;Ultramarathon;14.06.2026;Beuren;Germany;Linsenhofen, Beuren, Baden-Württemberg, Germany;50.095602;7.0799438;10 km;Der 37. Hohenneuffen-Berglauf findet am 14. Juni 2026 in Linsenhofen mit Ziel auf der Burg Hohenneuffen statt. Die Hauptstrecke umfasst 9,3 km mit etwa 535 Höhenmetern im Aufstieg und 180 Höhenmetern im Abstieg. Zusätzlich gibt es den 24. Schüler-Berglauf mit verschiedenen Distanzen und Höhenmetern, der ab der 1. Klasse offen ist. Der Start erfolgt in Balzholz am Rathaus, das Ziel liegt am Kindergarten Jahnstraße. Wi;http://www.tsv-beuren.de/HOHENNEUFFEN-BERGLAUF/;Laufrennen discovery, official organizer URL, source: https://laufrennen.de/rennseiten/hohenneuffen_berglauf_mit_bw_trail/;http://www.tsv-beuren.de/HOHENNEUFFEN-BERGLAUF/;registration_open;medium;monthly;02.06.2026;02.07.2026;Official organizer URL discovered from Laufrennen detail page. Coordinates corrected by country-bounded Geoapify geocoding (Linsenhofen, Beuren, Baden-Württemberg, Germany). Live URL verification: official registration signal found and date/year signal found. Live URL verification: official registration signal and exact date signal found. Location QA: coordinates repaired using city geocoding (Beuren, Germany).;
Valencia Marathon Trinidad Alfonso Zurich;Running;06.12.2026;Valencia;Spain;Ciutat de les Arts i les Ciències, Valencia;39.4561;-0.3546;Marathon / 42.195 km;Official Valencia marathon. Official regulations confirm the 46th edition on Sunday 6 December 2026.;https://www.valenciaciudaddelrunning.com/en/marathon/;Official website recovery review;https://www.valenciaciudaddelrunning.com/en/marathon/info-registration-2026/;sold_out;high;weekly;03.06.2026;10.06.2026;Added from Europe major marathons recovery review. Official registration page shows SOLD OUT / ballot process for the 2026 marathon.;
TCS Amsterdam Marathon;Running;18.10.2026;Amsterdam;Netherlands;Olympic Stadium, Amsterdam;52.3433;4.8542;Marathon / 42.195 km;Platinum Label Amsterdam marathon with start and finish at the Olympic Stadium.;https://www.tcsamsterdammarathon.eu/;Official website recovery review;https://www.tcsamsterdammarathon.eu/frequently-asked-questions;registration_open;high;weekly;03.06.2026;10.06.2026;Added from Europe major marathons recovery review. Official FAQ says 2026 registration opens on 20 December 2025 and closes 5 October 2026 unless sold out.;
DNB Oslo Marathon;Running;12.09.2026;Oslo;Norway;City Hall Square Oslo, 0160 Oslo;59.9111;10.7333;10 km / Half Marathon / Marathon / Oslo Triple;Oslo city marathon with start and finish at Rådhusplassen.;https://oslomaraton.no/en/;Official website recovery review;https://oslomaraton.no/en/distanser/;sold_out;medium;monthly;03.06.2026;03.07.2026;Added from Europe major marathons recovery review. Official distances page says DNB Oslo Marathon is on 12 September 2026 and the marathon distance is sold out.;
Estra Firenze Marathon;Running;29.11.2026;Florence;Italy;Piazza del Duomo, Florence;43.7731;11.2559;Marathon / 42.195 km;Official Florence marathon over 42.195 km.;https://www.firenzemarathon.it/en/marathon/;Official organizer website;https://www.firenzemarathon.it/en/marathon-regulation/;registration_open;high;weekly;05.06.2026;12.06.2026;Official regulation confirms 29 November 2026 and registration open until 20 November 2026 unless closed early.;
Wizz Air Milano Marathon;Running;04.04.2027;Milan;Italy;Piazza del Duomo, Milan;45.4642;9.19;Marathon / 42.195 km;Official Milan marathon through the city centre.;https://www.milanomarathon.it/en/;Official organizer website;https://www.milanomarathon.it/en/;registration_open;high;weekly;05.06.2026;12.06.2026;Official website confirms 4 April 2027. Official rules state registration closes on 31 March 2027.;
adidas Stockholm Marathon;Running;29.05.2027;Stockholm;Sweden;Stockholms Stadion, Lidingovagen, Stockholm;59.3452112;18.078824;Marathon / 42.195 km;Official Stockholm marathon with start and finish around Stockholm Stadium.;https://www.stockholmmarathon.se/;Official organizer website;https://www.stockholmmarathon.se/start/lopare/;registration_open;high;weekly;05.06.2026;12.06.2026;Official website confirms 29 May 2027 and says registration for 2027 is open. Precise address geocoded with Geoapify (Stockholms Stadion, Lidingovagen, Stockholm, Sweden).;
EDP Porto Marathon;Running;08.11.2026;Porto;Portugal;Queimodromo, Parque da Cidade do Porto;41.1687;-8.6892;Marathon / 42.195 km / 10 km / 6 km;Official Porto marathon with marathon, 10 km and 6 km events.;https://www.porto-marathon.com/en/marathon.html;Official organizer website;https://www.porto-marathon.com/en/registrations.html;registration_open;high;weekly;05.06.2026;12.06.2026;Official registration page confirms 8 November 2026 and registration fees through 30 October 2026.;
EDP Lisbon Marathon;Running;10.10.2026;Lisbon;Portugal;Cascais start area to Lisbon finish area;38.7008746;-9.417913;Marathon / Half Marathon / 8 km;Official Lisbon Marathon race weekend with the EDP Lisbon Marathon on 10 October 2026 and Half Marathon plus 8K on 11 October 2026.;https://maratonalisboa.com/;Official Lisbon Marathon website;https://www.running-portugal.com/lisbon/marathon/en/home.html;registration_open;high;weekly;05.06.2026;12.06.2026;"Official rules PDF confirms 10 October 2026 and official FAQ states registration is open on the official site. Precise address geocoded with Geoapify (Cascais start area to Lisbon finish area, Portugal). Duplicate Lissabon Marathon row removed; official marathon weekend data merged from maratonalisboa.com and Running Portugal official detail page.";
Valencia Half Marathon Trinidad Alfonso Zurich;Running;25.10.2026;Valencia;Spain;Ciutat de les Arts i les Ciències, Valencia;39.4561;-0.3546;Half Marathon / 21.0975 km;Official Valencia half marathon.;https://www.valenciaciudaddelrunning.com/en/half/;Official organizer website;https://www.valenciaciudaddelrunning.com/en/half/info-registration-2026/;sold_out;high;weekly;05.06.2026;12.06.2026;Official registration information shows a ballot process for the 2026 edition and bib allocation via ballot. Treat as sold out unless organizer reopens entries.;
Generali Berlin Half Marathon;Running;04.04.2027;Berlin;Germany;Brandenburg Gate, Berlin;52.5163;13.3777;Half Marathon / 21.0975 km;Germany's largest half marathon and part of the SuperHalfs series.;https://www.generali-berliner-halbmarathon.de/en/;Official organizer website;https://www.generali-berliner-halbmarathon.de/en/;registration_open;high;weekly;05.06.2026;12.06.2026;Official website confirms 4 April 2027 and links to 2027 registration/lottery account flow.;
HOKA UTMB Mont-Blanc;Ultramarathon;24.08.2026;Chamonix-Mont-Blanc;France;Chamonix-Mont-Blanc town centre;45.9237;6.8694;OCC / CCC / TDS / UTMB / multi-distance trail;Flagship UTMB trail running week around Mont Blanc.;https://montblanc.utmb.world/;Official UTMB website;https://montblanc.utmb.world/en/races-runners/registrationconditions;sold_out;high;weekly;05.06.2026;12.06.2026;Official UTMB pages confirm the 24-30 August 2026 event week and registration conditions. Major races are treated as allocated/sold out after lottery process.;
IRONMAN Copenhagen;Triathlon;16.08.2026;Copenhagen;Denmark;Amager Strandpark, Copenhagen;55.6565747;12.6452567;Full / 3.8 km swim / 180 km bike / 42.2 km run;Official full-distance IRONMAN in Copenhagen.;https://www.ironman.com/races/im-copenhagen;Official IRONMAN website;https://www.ironman.com/races/im-copenhagen;sold_out;high;weekly;05.06.2026;12.06.2026;Official IRONMAN page confirms 16 August 2026 and Registration Sold Out. Precise address geocoded with Geoapify (Amager Strandpark, Copenhagen, Denmark).;
Challenge Almere-Amsterdam;Triathlon;12.09.2026;Almere;Netherlands;Esplanade, Almere;52.3714;5.2221;Full / Long Distance Triathlon;Historic long-distance Challenge Family triathlon in Almere.;https://challenge-almere.com/challenge-almere-amsterdam/;Official organizer website;https://challenge-almere.com/challenge-almere-amsterdam/;registration_open;high;weekly;05.06.2026;12.06.2026;Official event page confirms 12 September 2026. Official schedule/registration information is active for the 2026 event.;
Challenge Peguera Mallorca;Triathlon;17.10.2026;Peguera;Spain;Peguera, Calvià, Mallorca;42.1602241;1.7719518;Middle Distance / 1.9 km swim / 90 km bike / 21.1 km run;Official middle-distance Challenge Family triathlon in Mallorca.;https://challenge-mallorca.com/;Official organizer website;https://challenge-mallorca.com/challenge-middle-distance/;registration_open;high;weekly;05.06.2026;12.06.2026;Official website shows Registration 2026 and official local event information confirms race weekend around 17 October 2026. Location QA: coordinates repaired using city geocoding (Peguera, Spain).;
Challenge Kaiserwinkl-Walchsee;Triathlon;28.06.2026;Walchsee;Austria;Dorfplatz, 6344 Walchsee;47.6516623;12.3182248;Middle Distance / Aquabike / Swim and Run;Official Challenge Family middle-distance triathlon in Tyrol.;https://challenge-walchsee.com/;Official organizer website;https://challenge-walchsee.com/renninformationen/registration/?lang=de;registration_open;high;weekly;05.06.2026;12.06.2026;Official registration page says Anmeldung Challenge Kaiserwinkl-Walchsee 2026. Official Challenge Family page confirms 28 June 2026. Precise address geocoded with Geoapify (Dorfplatz, 6344 Walchsee, Austria).;
10. SaarschleifenLand-Lauf;Running;06.09.2026;Merzig;Germany;Merzig, Germany;49.4427023;6.6374902;5 km, 10 km, Half Marathon;Official endurance event in Merzig. Imported from verified staging batch.;https://www.merziger-sport-freizeitverein.de/;Official organizer website;https://www.merziger-sport-freizeitverein.de/;unclear;medium;monthly;2026-06-17;;Promoted from clean staging batch germany-road-running-batch-01.;
10 Teiche Marathon;Running;12.09.2026;Hahnenklee;Germany;Hahnenklee, Germany;51.8602508;10.3384485;5 km, 10 km, Half Marathon, Marathon;Official endurance event in Hahnenklee. Imported from verified staging batch.;https://www.harzer-wanderwochen.de/10-teiche-marathon;Official organizer website;https://www.harzer-wanderwochen.de/10-teiche-marathon;unclear;medium;monthly;2026-06-17;;Promoted from clean staging batch germany-road-running-batch-01.;
12. Cross against Cancer;Running;13.09.2026;Homburg;Germany;Homburg, Germany;49.32146;7.3409031;5 km, 10 km, Half Marathon;Official endurance event in Homburg. Imported from verified staging batch.;https://www.miteinander-gegen-krebs.de/cross-against-cancer;Official organizer website;https://www.miteinander-gegen-krebs.de/cross-against-cancer;unclear;medium;monthly;2026-06-17;;Promoted from clean staging batch germany-road-running-batch-01.;
21. Wutzseelauf;Running;11.10.2026;Lindow;Germany;Lindow, Germany;52.012058;12.9222766;10 km, Half Marathon;Official endurance event in Lindow. Imported from verified staging batch.;https://www.esab-ausbildung.de/startseite/wutzseelauf-lindow/;Official organizer website;https://www.esab-ausbildung.de/startseite/wutzseelauf-lindow/;unclear;medium;monthly;2026-06-17;;Promoted from clean staging batch germany-road-running-batch-01.;
25. Marner Kohltagelauf;Running;27.09.2026;Marne;Germany;Marne, Germany;53.9521162;9.0107437;5 km, 10 km;Official endurance event in Marne. Imported from verified staging batch.;https://marner-kohltagelauf.com/;Official organizer website;https://marner-kohltagelauf.com/;unclear;medium;monthly;2026-06-17;;Promoted from clean staging batch germany-road-running-batch-01.;
28. Mühlhäuser Altstadtlauf;Running;29.08.2026;Mühlhausen;Germany;Mühlhausen, Germany;49.2481325;8.7270936;5 km, 10 km;Official endurance event in Mühlhausen. Imported from verified staging batch.;https://www.muehlhausen.de/altstadtlauf/;Official organizer website;https://www.muehlhausen.de/altstadtlauf/;unclear;medium;monthly;2026-06-17;;Promoted from clean staging batch germany-road-running-batch-01.;
31. Geiseltalseelauf;Running;03.10.2026;Braunsbedra;Germany;Braunsbedra, Germany;51.2840933;11.8855493;10 km, Half Marathon;Official endurance event in Braunsbedra. Imported from verified staging batch.;https://www.geiseltalseelauf.de/;Official organizer website;https://www.geiseltalseelauf.de/;unclear;medium;monthly;2026-06-17;;Promoted from clean staging batch germany-road-running-batch-01.;
32. Advent-Lauf Saarbrücken;Running;29.11.2026;Saarbrücken;Germany;Saarbrücken, Germany;49.234362;6.996379;5 km, 10 km;Official endurance event in Saarbrücken. Imported from verified staging batch.;https://saar05-leichtathletik.de/;Official organizer website;https://saar05-leichtathletik.de/;unclear;medium;monthly;2026-06-17;;Promoted from clean staging batch germany-road-running-batch-01.;
32. Bismarckturmlauf;Running;03.10.2026;Neustadt an der Orla;Germany;Neustadt an der Orla, Germany;50.7093161;11.7747773;5 km, 10 km, Half Marathon;Official endurance event in Neustadt an der Orla. Imported from verified staging batch.;https://www.bismarckturmlauf-neustadt.de/;Official organizer website;https://www.bismarckturmlauf-neustadt.de/;unclear;medium;monthly;2026-06-17;;Promoted from clean staging batch germany-road-running-batch-01.;
33. Dabendorfer Herbstlauf;Running;12.09.2026;Dabendorf;Germany;Dabendorf, Germany;52.2396196;13.4326804;5 km, 10 km;Official endurance event in Dabendorf. Imported from verified staging batch.;https://www.msvzossen.de/;Official organizer website;https://www.msvzossen.de/;unclear;medium;monthly;2026-06-17;;Promoted from clean staging batch germany-road-running-batch-01.;
34. Büsumer Volkslauf;Running;03.07.2026;Büsum;Germany;Büsum, Germany;54.1298489;8.8586989;10 km;Official endurance event in Büsum. Imported from verified staging batch.;https://www.tsv-buesum.de/;Official organizer website;https://www.tsv-buesum.de/;unclear;medium;monthly;2026-06-17;;Promoted from clean staging batch germany-road-running-batch-01.;
36. Ratzeburger Adventslauf;Running;29.11.2026;Ratzeburg;Germany;Ratzeburg, Germany;53.7011061;10.774288;10 km, Half Marathon;Official endurance event in Ratzeburg. Imported from verified staging batch.;https://www.adventslauf.de/;Official organizer website;https://www.adventslauf.de/;unclear;medium;monthly;2026-06-17;;Promoted from clean staging batch germany-road-running-batch-01.;
41. levoBank Stadtlauf Lebach;Running;26.06.2026;Lebach;Germany;Lebach, Germany;49.4132377;6.9091348;5 km, 10 km;Official endurance event in Lebach. Imported from verified staging batch.;https://www.tv-lebach.de/laufen/levobank-stadtlauf.html;Official organizer website;https://www.tv-lebach.de/laufen/levobank-stadtlauf.html;unclear;medium;monthly;2026-06-17;;Promoted from clean staging batch germany-road-running-batch-01.;
41. Pönitzer Volkslauf;Running;12.07.2026;Pönitz;Germany;Pönitz, Germany;50.8568858;12.4229372;5 km, 10 km, Half Marathon;Official endurance event in Pönitz. Imported from verified staging batch.;http://svg-poenitz.de/;Official organizer website;http://svg-poenitz.de/;unclear;medium;monthly;2026-06-17;;Promoted from clean staging batch germany-road-running-batch-01.;
42. Schwarzatallauf;Running;27.06.2026;Bad Blankenburg;Germany;Bad Blankenburg, Germany;50.6829946;11.2726327;19 km;Official endurance event in Bad Blankenburg. Imported from verified staging batch.;https://www.tsv-bad-blankenburg.de/;Official organizer website;https://www.tsv-bad-blankenburg.de/;unclear;medium;monthly;2026-06-17;;Promoted from clean staging batch germany-road-running-batch-01.;
48. Wernigeröder Silvesterlauf;Running;31.12.2026;Wernigerode;Germany;Wernigerode, Germany;51.8344172;10.7862526;10 km;Official endurance event in Wernigerode. Imported from verified staging batch.;http://www.hgl-la.de/;Official organizer website;http://www.hgl-la.de/;unclear;medium;monthly;2026-06-17;;Promoted from clean staging batch germany-road-running-batch-01.;
51. Hubertuslauf;Running;18.10.2026;Neuruppin;Germany;Neuruppin, Germany;52.9243859;12.8092919;5 km, 10 km;Official endurance event in Neuruppin. Imported from verified staging batch.;https://www.kreissportbund-opr.de/;Official organizer website;https://www.kreissportbund-opr.de/;unclear;medium;monthly;2026-06-17;;Promoted from clean staging batch germany-road-running-batch-01.;
52. Internationaler Silvesterlauf Saarbrücken;Running;27.12.2026;Saarbrücken;Germany;Saarbrücken, Germany;49.234362;6.996379;5 km, 10 km;Official endurance event in Saarbrücken. Imported from verified staging batch.;https://www.silvesterlauf-sb.de/;Official organizer website;https://www.silvesterlauf-sb.de/;unclear;medium;monthly;2026-06-17;;Promoted from clean staging batch germany-road-running-batch-01.;
7-Gebirgsmarathon;Running;13.12.2026;Bad Honnef;Germany;Bad Honnef, Germany;50.6448582;7.2272534;Half Marathon, Marathon;Official endurance event in Bad Honnef. Imported from verified staging batch.;http://www.siebengebirgsmarathon.de;Official organizer website;http://www.siebengebirgsmarathon.de;unclear;medium;monthly;2026-06-17;;Promoted from clean staging batch germany-road-running-batch-01.;
9. Bernburger Halbmarathon;Running;19.09.2026;Bernburg;Germany;Bernburg, Germany;51.7939656;11.7373854;5 km, 10 km, Half Marathon;Official endurance event in Bernburg. Imported from verified staging batch.;https://lauf.psv-bernburg.de/hm/;Official organizer website;https://lauf.psv-bernburg.de/hm/;unclear;medium;monthly;2026-06-17;;Promoted from clean staging batch germany-road-running-batch-01.;
Adventslauf Lage;Running;06.12.2026;Lage;Germany;Lage, Germany;51.9914084;8.7919583;5 km, 10 km;Official endurance event in Lage. Imported from verified staging batch.;https://www.lg-lippe.de;Official organizer website;https://www.lg-lippe.de;unclear;medium;monthly;2026-06-17;;Promoted from clean staging batch germany-road-running-batch-01.;
BARMER CURREX Alsterlauf Hamburg;Running;06.09.2026;Hamburg;Germany;Hamburg, Germany;53.5501721;10.0013165;5 km, 10 km;Official endurance event in Hamburg. Imported from verified staging batch.;https://www.alsterlauf-hamburg.de/;Official organizer website;https://www.alsterlauf-hamburg.de/;unclear;medium;monthly;2026-06-17;;Promoted from clean staging batch germany-road-running-batch-01.;
Alstertallauf Hamburg;Running;25.10.2026;Hamburg;Germany;Hamburg, Germany;53.5501721;10.0013165;5 km, 10 km, Half Marathon;Official endurance event in Hamburg. Imported from verified staging batch.;https://alstertallauf.de/;Official organizer website;https://alstertallauf.de/;unclear;medium;monthly;2026-06-17;;Promoted from clean staging batch germany-road-running-batch-01.;
AOK-Firmenlauf Witten;Running;02.07.2026;Witten;Germany;Witten, Germany;51.4370171;7.335124;5 km;Official endurance event in Witten. Imported from verified staging batch.;https://www.aok-firmenlauf.de/;Official organizer website;https://www.aok-firmenlauf.de/;unclear;medium;monthly;2026-06-17;;Promoted from clean staging batch germany-road-running-batch-01.;
Barther Flughafenlauf;Running;19.07.2026;Barth;Germany;Barth, Germany;54.3690547;12.7258585;5 km, 10 km, Half Marathon;Official endurance event in Barth. Imported from verified staging batch.;https://www.flughafenlauf.com/;Official organizer website;https://www.flughafenlauf.com/;unclear;medium;monthly;2026-06-17;;Promoted from clean staging batch germany-road-running-batch-01.;
Beetzseelauf;Running;03.10.2026;Brandenburg an der Havel;Germany;Brandenburg an der Havel, Germany;52.4108261;12.5497933;5 km, 10 km, Half Marathon;Official endurance event in Brandenburg an der Havel. Imported from verified staging batch.;https://vfl-brandenburg.de/;Official organizer website;https://vfl-brandenburg.de/;unclear;medium;monthly;2026-06-17;;Promoted from clean staging batch germany-road-running-batch-01.;
Bertlicher Strassenläufe;Running;27.09.2026;Herten;Germany;Herten, Germany;51.5942009;7.1368071;5 km, 10 km;Official endurance event in Herten. Imported from verified staging batch.;http://www.sus-bertlich.de/la;Official organizer website;http://www.sus-bertlich.de/la;unclear;medium;monthly;2026-06-17;;Promoted from clean staging batch germany-road-running-batch-01.;
Bienwald Marathon;Running;14.03.2027;Kandel;Germany;Kandel, Germany;49.0809754;8.1970699;Half Marathon, Marathon;Official endurance event in Kandel. Imported from verified staging batch.;https://bienwald-marathon.de;Official organizer website;https://bienwald-marathon.de;unclear;medium;monthly;2026-06-17;;Promoted from clean staging batch germany-road-running-batch-01.;
Bottwartal Marathon;Running;18.10.2026;Steinheim;Germany;Steinheim, Germany;51.8660478;9.0942767;10 km, Half Marathon, Marathon;Official endurance event in Steinheim. Imported from verified staging batch.;https://www.bottwartal-marathon.de;Official organizer website;https://www.bottwartal-marathon.de;unclear;medium;monthly;2026-06-17;;Promoted from clean staging batch germany-road-running-batch-01.;
Bremer Brückenlauf;Running;04.07.2026;Bremen;Germany;Bremen, Germany;53.0758196;8.8071646;5 km, 10 km, Half Marathon;Official endurance event in Bremen. Imported from verified staging batch.;https://bremer-brueckenlauf.de;Official organizer website;https://bremer-brueckenlauf.de;unclear;medium;monthly;2026-06-17;;Promoted from clean staging batch germany-road-running-batch-01.;
Bremer Kuhcross QX;Running;15.11.2026;Bremen;Germany;Bremen, Germany;53.0758196;8.8071646;5 km;Official endurance event in Bremen. Imported from verified staging batch.;https://kuhcross.de/;Official organizer website;https://kuhcross.de/;unclear;medium;monthly;2026-06-17;;Promoted from clean staging batch germany-road-running-batch-01.;
Brocken Marathon;Running;10.10.2026;Wernigerode;Germany;Wernigerode, Germany;51.8344172;10.7862526;10 km, Marathon;Official endurance event in Wernigerode. Imported from verified staging batch.;http://www.harz-gebirgslauf.de;Official organizer website;http://www.harz-gebirgslauf.de;unclear;medium;monthly;2026-06-17;;Promoted from clean staging batch germany-road-running-batch-01.;
Bützower Citylauf;Running;30.08.2026;Bützow;Germany;Bützow, Germany;53.8500047;11.9832952;10 km;Official endurance event in Bützow. Imported from verified staging batch.;https://www.buetzow.de/;Official organizer website;https://www.buetzow.de/;unclear;medium;monthly;2026-06-17;;Promoted from clean staging batch germany-road-running-batch-01.;
24-Stunden-Burginsellauf Delmenhorst;Running;27.06.2026;Delmenhorst;Germany;Delmenhorst, Germany;53.048095;8.6286066;24h Ultramarathon;Official endurance event in Delmenhorst. Imported from verified staging batch.;https://www.24-lauf.de/;Official organizer website;https://www.24-lauf.de/;unclear;medium;monthly;2026-06-17;;Promoted from clean staging batch germany-road-running-batch-01.;
Caputher Seelauf;Running;10.01.2027;Caputh;Germany;Caputh, Germany;52.3464533;12.9890287;5 km, 10 km;Official endurance event in Caputh. Imported from verified staging batch.;https://www.caputher-sv.de/;Official organizer website;https://www.caputher-sv.de/;unclear;medium;monthly;2026-06-17;;Promoted from clean staging batch germany-road-running-batch-01.;
City Marathon Wiesbaden;Running;20.06.2026;Wiesbaden;Germany;Wiesbaden, Germany;50.0820384;8.2416556;5 km, 10 km, Half Marathon, Marathon;Official endurance event in Wiesbaden. Imported from verified staging batch.;https://sporthilfe-wiesbaden.de;Official organizer website;https://sporthilfe-wiesbaden.de;unclear;medium;monthly;2026-06-17;;Promoted from clean staging batch germany-road-running-batch-01.;
Crailsheimer Halbmarathon;Running;27.06.2026;Crailsheim;Germany;Crailsheim, Germany;49.1365626;10.0720195;Half Marathon;Official endurance event in Crailsheim. Imported from verified staging batch.;https://syntegon-burgberglauf.de;Official organizer website;https://syntegon-burgberglauf.de;unclear;medium;monthly;2026-06-17;;Promoted from clean staging batch germany-road-running-batch-01.;
DAK Firmenlauf Cottbus;Running;10.09.2026;Cottbus;Germany;Cottbus, Germany;51.7567447;14.3357307;5 km;Official endurance event in Cottbus. Imported from verified staging batch.;https://www.firmenlauf-cottbus.de/;Official organizer website;https://www.firmenlauf-cottbus.de/;unclear;medium;monthly;2026-06-17;;Promoted from clean staging batch germany-road-running-batch-01.;
Dessauer Rathaus-Center City RUN;Running;13.09.2026;Dessau;Germany;Dessau, Germany;51.8309956;12.2430723;5 km, 10 km;Official endurance event in Dessau. Imported from verified staging batch.;https://anhalt-sport.de/;Official organizer website;https://anhalt-sport.de/;unclear;medium;monthly;2026-06-17;;Promoted from clean staging batch germany-road-running-batch-01.;
Dorstener 24-Stunden-Lauf;Ultramarathon;10.07.2026;Dorsten;Germany;Dorsten, Germany;51.6604071;6.9647431;24h Ultramarathon;Official endurance event in Dorsten. Imported from verified staging batch.;https://24stundenlaufdorsten.de/;Official organizer website;https://24stundenlaufdorsten.de/;unclear;medium;monthly;2026-06-17;;Promoted from clean staging batch germany-road-running-batch-01.;
Düsseldorfer Silvesterlauf;Running;31.12.2026;Düsseldorf;Germany;Düsseldorf, Germany;51.2254018;6.7763137;5 km, 10 km;Official endurance event in Düsseldorf. Imported from verified staging batch.;https://www.duesseldorf.de/sportamt/laufen-in-duesseldorf;Official organizer website;https://www.duesseldorf.de/sportamt/laufen-in-duesseldorf;unclear;medium;monthly;2026-06-17;;Promoted from clean staging batch germany-road-running-batch-02.;
Einstein-Marathon Ulm;Running;22.09.2026;Ulm;Germany;Ulm, Germany;48.3984968;9.9912458;10 km, Half Marathon, Marathon;Official endurance event in Ulm. Imported from verified staging batch.;http://www.einstein-marathon.de;Official organizer website;http://www.einstein-marathon.de;unclear;medium;monthly;2026-06-17;;Promoted from clean staging batch germany-road-running-batch-02.;
Erfurter Nachtlauf;Running;29.08.2026;Erfurt;Germany;Erfurt, Germany;50.9777974;11.0287364;5 km, 10 km, Half Marathon;Official endurance event in Erfurt. Imported from verified staging batch.;https://erfurter-laufnacht.de/;Official organizer website;https://erfurter-laufnacht.de/;unclear;medium;monthly;2026-06-17;;Promoted from clean staging batch germany-road-running-batch-02.;
fem.RUN Hannover;Running;25.09.2026;Hannover;Germany;Hannover, Germany;52.3744779;9.7385532;5 km, 10 km;Official endurance event in Hannover. Imported from verified staging batch.;https://www.femrun.de;Official organizer website;https://www.femrun.de;unclear;medium;monthly;2026-06-17;;Promoted from clean staging batch germany-road-running-batch-02.;
Firmenlauf Chemnitz;Running;02.09.2026;Chemnitz;Germany;Chemnitz, Germany;50.8323531;12.918914;5 km;Official endurance event in Chemnitz. Imported from verified staging batch.;https://www.firmenlauf-chemnitz.de/;Official organizer website;https://www.firmenlauf-chemnitz.de/;unclear;medium;monthly;2026-06-17;;Promoted from clean staging batch germany-road-running-batch-02.;
Fleesenseelauf;Running;26.09.2026;Göhren-Lebbin;Germany;Göhren-Lebbin, Germany;53.4781976;12.510908;5 km, 10 km, Half Marathon;Official endurance event in Göhren-Lebbin. Imported from verified staging batch.;https://fleesensee-lauf.de/;Official organizer website;https://fleesensee-lauf.de/;unclear;medium;monthly;2026-06-17;;Promoted from clean staging batch germany-road-running-batch-02.;
Frauenlauf Köln;Running;13.09.2026;Köln;Germany;Köln, Germany;50.938361;6.959974;5 km, 10 km;Official endurance event in Köln. Imported from verified staging batch.;https://www.koeln.de;Official organizer website;https://www.koeln.de;unclear;medium;monthly;2026-06-17;;Promoted from clean staging batch germany-road-running-batch-02.;
Halloween-Run Bremen;Running;31.10.2026;Bremen;Germany;Bremen, Germany;53.0758196;8.8071646;10 km, Marathon;Official endurance event in Bremen. Imported from verified staging batch.;https://halloween-run-bremen.de/;Official organizer website;https://halloween-run-bremen.de/;unclear;medium;monthly;2026-06-17;;Promoted from clean staging batch germany-road-running-batch-02.;
hella hamburg halbmarathon;Running;28.06.2026;Hamburg;Germany;Hamburg, Germany;53.5501721;10.0013165;Half Marathon;Official endurance event in Hamburg. Imported from verified staging batch.;https://www.hamburg-halbmarathon.de/;Official organizer website;https://www.hamburg-halbmarathon.de/;unclear;medium;monthly;2026-06-17;;Promoted from clean staging batch germany-road-running-batch-02.;
hella Marathon Rostock;Running;01.08.2026;Rostock;Germany;Rostock, Germany;54.0886707;12.1400211;10 km, Half Marathon, Marathon;Official endurance event in Rostock. Imported from verified staging batch.;https://www.rostocker-marathon-nacht.com;Official organizer website;https://www.rostocker-marathon-nacht.com;unclear;medium;monthly;2026-06-17;;Promoted from clean staging batch germany-road-running-batch-02.;
Hiltruper Halbmarathon;Running;23.08.2026;Münster;Germany;Münster, Germany;51.9625101;7.6251879;Half Marathon;Official endurance event in Münster. Imported from verified staging batch.;https://www.tus-hiltrup.de;Official organizer website;https://www.tus-hiltrup.de;unclear;medium;monthly;2026-06-17;;Promoted from clean staging batch germany-road-running-batch-02.;
Hörnlelauf Konstanz;Running;11.10.2026;Konstanz;Germany;Konstanz, Germany;47.659216;9.1750718;5 km, 10 km;Official endurance event in Konstanz. Imported from verified staging batch.;https://konstanzer-laeufe.de/hoernlelauf/;Official organizer website;https://konstanzer-laeufe.de/hoernlelauf/;unclear;medium;monthly;2026-06-17;;Promoted from clean staging batch germany-road-running-batch-02.;
Hofmühl-Volksfest Halbmarathon;Running;30.08.2026;Eichstätt;Germany;Eichstätt, Germany;48.8863328;11.1989396;Half Marathon;Official endurance event in Eichstätt. Imported from verified staging batch.;https://www.sv-marienstein.de;Official organizer website;https://www.sv-marienstein.de;unclear;medium;monthly;2026-06-17;;Promoted from clean staging batch germany-road-running-batch-02.;
Holzlandlauf;Running;12.09.2026;Hermsdorf;Germany;Hermsdorf, Germany;50.8984548;11.8550627;5 km, 10 km, Half Marathon;Official endurance event in Hermsdorf. Imported from verified staging batch.;https://holzlandlauf.info/;Official organizer website;https://holzlandlauf.info/;unclear;medium;monthly;2026-06-17;;Promoted from clean staging batch germany-road-running-batch-02.;
Insellauf der AOK;Running;21.06.2026;Insel Poel;Germany;Insel Poel, Germany;54.0081319;11.4433345;10 km;Official endurance event in Insel Poel. Imported from verified staging batch.;https://poelersv.de/;Official organizer website;https://poelersv.de/;unclear;medium;monthly;2026-06-17;;Promoted from clean staging batch germany-road-running-batch-02.;
Internationaler Schwarzwald-Marathon;Running;11.10.2026;Bräunlingen;Germany;Bräunlingen, Germany;47.9300645;8.448329;Half Marathon, Marathon;Official endurance event in Bräunlingen. Imported from verified staging batch.;http://www.schwarzwald-marathon.de;Official organizer website;http://www.schwarzwald-marathon.de;unclear;medium;monthly;2026-06-17;;Promoted from clean staging batch germany-road-running-batch-02.;
Internationaler Trierer Stadtlauf;Running;28.06.2026;Trier;Germany;Trier, Germany;49.7596208;6.6441878;10 km, Half Marathon;Official endurance event in Trier. Imported from verified staging batch.;https://spoferan.com/en/events/40-int-trierer-stadtlauf-2026/;Official organizer website;https://spoferan.com/en/events/40-int-trierer-stadtlauf-2026/;unclear;medium;monthly;2026-06-17;;Promoted from clean staging batch germany-road-running-batch-02.;
Kiel Lauf;Running;13.09.2026;Kiel;Germany;Kiel, Germany;54.3227085;10.135555;5 km, 10 km, Half Marathon;Official endurance event in Kiel. Imported from verified staging batch.;https://www.kiellauf.de;Official organizer website;https://www.kiellauf.de;unclear;medium;monthly;2026-06-17;;Promoted from clean staging batch germany-road-running-batch-02.;
Kieler Förde Marathon;Running;20.09.2026;Kiel;Germany;Kiel, Germany;54.3227085;10.135555;Marathon;Official endurance event in Kiel. Imported from verified staging batch.;https://www.ltvkiel-ost.de/kieler-förde-marathon;Official organizer website;https://www.ltvkiel-ost.de/kieler-förde-marathon;unclear;medium;monthly;2026-06-17;;Promoted from clean staging batch germany-road-running-batch-03.;
Kieler Förde Marathon;Running;19.09.2027;Kiel;Germany;Kiel, Germany;54.3227085;10.135555;10 km, Half Marathon, Marathon;Official endurance event in Kiel. Imported from verified staging batch.;https://www.kieler-foerde-marathon.de;Official organizer website;https://www.kieler-foerde-marathon.de;unclear;medium;monthly;2026-06-17;;Promoted from clean staging batch germany-road-running-batch-03.;
Königsschlösser Marathon;Running;25.07.2026;Füssen;Germany;Füssen, Germany;47.5675998;10.6993217;10 km, Half Marathon, Marathon;Official endurance event in Füssen. Imported from verified staging batch.;https://www.laufwochenende-fuessen.de;Official organizer website;https://www.laufwochenende-fuessen.de;unclear;medium;monthly;2026-06-17;;Promoted from clean staging batch germany-road-running-batch-03.;
Kühlungsborner CrossLauf;Running;19.09.2026;Kühlungsborn;Germany;Kühlungsborn, Germany;54.1483764;11.7441876;5 km, 10 km, Half Marathon;Official endurance event in Kühlungsborn. Imported from verified staging batch.;https://www.kuehlungsborn.de/laufveranstaltungen/;Official organizer website;https://www.kuehlungsborn.de/laufveranstaltungen/;unclear;medium;monthly;2026-06-17;;Promoted from clean staging batch germany-road-running-batch-03.;
(L)auf zur Venus;Running;13.09.2026;Bremen;Germany;Bremen, Germany;53.0758196;8.8071646;5 km;Official endurance event in Bremen. Imported from verified staging batch.;https://www.krebsgesellschaft-hb.de/;Official organizer website;https://www.krebsgesellschaft-hb.de/;unclear;medium;monthly;2026-06-17;;Promoted from clean staging batch germany-road-running-batch-03.;
Lahnparklauf;Running;30.08.2026;Wetzlar;Germany;Wetzlar, Germany;50.570561;8.531245;5 km, 10 km, Half Marathon;Official endurance event in Wetzlar. Imported from verified staging batch.;https://team-naunheim.com/lahnparklauf;Official organizer website;https://team-naunheim.com/lahnparklauf;unclear;medium;monthly;2026-06-17;;Promoted from clean staging batch germany-road-running-batch-03.;
Lipperland Marathon;Running;21.11.2026;Dörentrup;Germany;Dörentrup, Germany;52.0408142;9.0033681;10 km, Half Marathon, Marathon;Official endurance event in Dörentrup. Imported from verified staging batch.;https://www.lipperland-marathon.de;Official organizer website;https://www.lipperland-marathon.de;unclear;medium;monthly;2026-06-17;;Promoted from clean staging batch germany-road-running-batch-03.;
Ludwigshafener Stadtlauf;Running;27.06.2026;Ludwigshafen am Rhein;Germany;Ludwigshafen am Rhein, Germany;49.4704113;8.4381568;5 km, 10 km;Official endurance event in Ludwigshafen am Rhein. Imported from verified staging batch.;https://www.ludwigshafener-stadtlauf.de/;Official organizer website;https://www.ludwigshafener-stadtlauf.de/;unclear;medium;monthly;2026-06-17;;Promoted from clean staging batch germany-road-running-batch-03.;
Stadtwerke Lübeck Marathon;Running;17.10.2027;Lübeck;Germany;Lübeck, Germany;53.866444;10.684738;5 km, 10 km, Half Marathon, Marathon;Official endurance event in Lübeck. Imported from verified staging batch.;https://swhl-marathon.de;Official organizer website;https://swhl-marathon.de;unclear;medium;monthly;2026-06-17;;Promoted from clean staging batch germany-road-running-batch-03.;
Marburger Nacht-Marathon;Running;03.07.2026;Marburg;Germany;Marburg, Germany;50.8090106;8.7704695;10 km, Half Marathon, Marathon;Official endurance event in Marburg. Imported from verified staging batch.;https://www.nachtmarathon.org;Official organizer website;https://www.nachtmarathon.org;unclear;medium;monthly;2026-06-17;;Promoted from clean staging batch germany-road-running-batch-03.;
100 Meilen Berlin — Mauerweglauf;Ultramarathon;15.08.2026;Berlin;Germany;Berlin, Germany;52.5173885;13.3951309;100 Miles / 161 km;Official endurance event in Berlin. Imported from verified staging batch.;https://www.100meilen.de;Official organizer website;https://www.100meilen.de;unclear;medium;monthly;2026-06-17;;Promoted from clean staging batch germany-road-running-batch-03.;
Miltenberger Landkreis-Lauftag;Running;13.09.2026;Elsenfeld;Germany;Elsenfeld, Germany;49.8473123;9.1618537;5 km, 10 km, Half Marathon;Official endurance event in Elsenfeld. Imported from verified staging batch.;https://lauftag.landkreis-miltenberg.de;Official organizer website;https://lauftag.landkreis-miltenberg.de;unclear;medium;monthly;2026-06-17;;Promoted from clean staging batch germany-road-running-batch-03.;
Mitteldeutscher Marathon;Running;04.10.2026;Halle;Germany;Halle, Germany;51.9913559;9.5634922;10 km, Half Marathon, Marathon;Official endurance event in Halle. Imported from verified staging batch.;https://www.mitteldeutscher-marathon.de;Official organizer website;https://www.mitteldeutscher-marathon.de;unclear;medium;monthly;2026-06-17;;Promoted from clean staging batch germany-road-running-batch-03. Location QA: coordinates repaired using city geocoding (Halle, Germany).;
Mittsommernachtslauf Hannover;Running;26.06.2026;Hannover;Germany;Hannover, Germany;52.3744779;9.7385532;10 km, Half Marathon;Official endurance event in Hannover. Imported from verified staging batch.;https://www.mittsommernachtslauf-hannover.de;Official organizer website;https://www.mittsommernachtslauf-hannover.de;unclear;medium;monthly;2026-06-17;;Promoted from clean staging batch germany-road-running-batch-03.;
Müritz-Lauf;Ultramarathon;27.06.2026;Waren (Müritz);Germany;Waren (Müritz), Germany;53.5156249;12.6850606;75 km;Official endurance event in Waren (Müritz). Imported from verified staging batch.;https://mueritz-lauf.de;Official organizer website;https://mueritz-lauf.de;unclear;medium;monthly;2026-06-17;;Promoted from clean staging batch germany-road-running-batch-03.;
Nordholzer Windmühlenlauf;Running;20.06.2026;Wurster Nordseeküste;Germany;Wurster Nordseeküste, Germany;53.7044885;8.568845;5 km, 10 km, Half Marathon;Official endurance event in Wurster Nordseeküste. Imported from verified staging batch.;https://windmuehlenlauf.jimdofree.com;Official organizer website;https://windmuehlenlauf.jimdofree.com;unclear;medium;monthly;2026-06-17;;Promoted from clean staging batch germany-road-running-batch-03.;
Offenbacher Mainuferlauf;Running;11.10.2026;Offenbach am Main;Germany;Offenbach am Main, Germany;50.1055002;8.7610698;5 km, 10 km, Half Marathon;Official endurance event in Offenbach am Main. Imported from verified staging batch.;https://www.offenbacher-lc.de/;Official organizer website;https://www.offenbacher-lc.de/;unclear;medium;monthly;2026-06-17;;Promoted from clean staging batch germany-road-running-batch-03.;
OSC Vorsilvesterlauf;Running;27.12.2026;Bremerhaven;Germany;Bremerhaven, Germany;53.5505392;8.5851945;5 km;Official endurance event in Bremerhaven. Imported from verified staging batch.;https://osc-bremerhaven.de/;Official organizer website;https://osc-bremerhaven.de/;unclear;medium;monthly;2026-06-17;;Promoted from clean staging batch germany-road-running-batch-03.;
OT Bremen Run;Running;13.09.2026;Bremen;Germany;Bremen, Germany;53.0758196;8.8071646;5 km, 10 km;Official endurance event in Bremen. Imported from verified staging batch.;https://ot-bremen-run.bremenracing.online/;Official organizer website;https://ot-bremen-run.bremenracing.online/;unclear;medium;monthly;2026-06-17;;Promoted from clean staging batch germany-road-running-batch-03.;
PSD Bank Halbmarathon Hamburg;Running;20.09.2026;Hamburg;Germany;Hamburg, Germany;53.5501721;10.0013165;Half Marathon;Official endurance event in Hamburg. Imported from verified staging batch.;https://www.halb-marathon.hamburg;Official organizer website;https://www.halb-marathon.hamburg;unclear;medium;monthly;2026-06-17;;Promoted from clean staging batch germany-road-running-batch-03.;
Reichenau Halbmarathon;Running;20.09.2026;Reichenau;Germany;Reichenau, Germany;47.6966514;9.0616115;10 km, Half Marathon;Official endurance event in Reichenau. Imported from verified staging batch.;https://www.sv-reichenau-leichtathletik.de;Official organizer website;https://www.sv-reichenau-leichtathletik.de;unclear;medium;monthly;2026-06-17;;Promoted from clean staging batch germany-road-running-batch-03.;
Rostock 10;Running;03.10.2026;Rostock;Germany;Rostock, Germany;54.0886707;12.1400211;10 km;Official endurance event in Rostock. Imported from verified staging batch.;https://rostock10.de/;Official organizer website;https://rostock10.de/;unclear;medium;monthly;2026-06-17;;Promoted from clean staging batch germany-road-running-batch-03.;
Sachsenlauf-Coswig;Running;21.06.2026;Coswig;Germany;Coswig, Germany;51.1267305;13.5783983;5 km, 10 km, Half Marathon;Official endurance event in Coswig. Imported from verified staging batch.;https://www.sachsenlauf.de;Official organizer website;https://www.sachsenlauf.de;unclear;medium;monthly;2026-06-17;;Promoted from clean staging batch germany-road-running-batch-03.;
Schlossinsellauf Lübben;Running;21.06.2026;Lübben;Germany;Lübben, Germany;51.9418987;13.8963805;5 km, 10 km, Half Marathon;Official endurance event in Lübben. Imported from verified staging batch.;https://schlossinsellauf.de;Official organizer website;https://schlossinsellauf.de;unclear;medium;monthly;2026-06-17;;Promoted from clean staging batch germany-road-running-batch-03.;
Sparkassen Silvesterlauf Werl-Soest;Running;31.12.2026;Werl;Germany;Werl, Germany;51.5533457;7.9155558;15 km;Official endurance event in Werl. Imported from verified staging batch.;https://www.silvesterlauf.com;Official organizer website;https://www.silvesterlauf.com;unclear;medium;monthly;2026-06-17;;Promoted from clean staging batch germany-road-running-batch-04.;
Sparkassen Phoenix-Halbmarathon Dortmund;Running;03.10.2026;Dortmund;Germany;Dortmund, Germany;51.5142273;7.4652789;Half Marathon;Official endurance event in Dortmund. Imported from verified staging batch.;https://sparkassen-phoenix-halbmarathon.de;Official organizer website;https://sparkassen-phoenix-halbmarathon.de;unclear;medium;monthly;2026-06-17;;Promoted from clean staging batch germany-road-running-batch-04.;
Sparkassen Rügenbrücken-Marathon;Running;10.10.2026;Stralsund;Germany;Stralsund, Germany;54.3096314;13.0820846;10 km, Half Marathon, Marathon;Official endurance event in Stralsund. Imported from verified staging batch.;http://www.ruegenmarathon.de;Official organizer website;http://www.ruegenmarathon.de;unclear;medium;monthly;2026-06-17;;Promoted from clean staging batch germany-road-running-batch-04.;
Sparkassen-SAARathon;Running;11.10.2026;Saarbrücken;Germany;Saarbrücken, Germany;49.234362;6.996379;5 km, 10 km, Half Marathon, Marathon;Official endurance event in Saarbrücken. Imported from verified staging batch.;https://www.westspangenlauf.de;Official organizer website;https://www.westspangenlauf.de;unclear;medium;monthly;2026-06-17;;Promoted from clean staging batch germany-road-running-batch-04.;
Stadtwerke-Europalauf;Running;09.08.2026;Neustadt in Holstein;Germany;Neustadt in Holstein, Germany;54.1029898;10.8186738;5 km, 10 km, Half Marathon;Official endurance event in Neustadt in Holstein. Imported from verified staging batch.;https://www.tsv-neustadt-europalauf.de;Official organizer website;https://www.tsv-neustadt-europalauf.de;unclear;medium;monthly;2026-06-17;;Promoted from clean staging batch germany-road-running-batch-04.;
Stolberger Schloss-Lauf;Running;29.08.2026;Stolberg;Germany;Stolberg, Germany;50.7702908;6.2295504;5 km, 10 km, Half Marathon;Official endurance event in Stolberg. Imported from verified staging batch.;https://www.stolberger-schloss-lauf.de/;Official organizer website;https://www.stolberger-schloss-lauf.de/;unclear;medium;monthly;2026-06-17;;Promoted from clean staging batch germany-road-running-batch-04.;
Stuttgart-Lauf;Running;21.06.2026;Stuttgart;Germany;Stuttgart, Germany;48.7784485;9.1800132;5 km, 10 km, Half Marathon;Official endurance event in Stuttgart. Imported from verified staging batch.;https://www.stuttgart-lauf.de;Official organizer website;https://www.stuttgart-lauf.de;unclear;medium;monthly;2026-06-17;;Promoted from clean staging batch germany-road-running-batch-04.;
SWP CityLauf Pforzheim;Running;26.06.2026;Pforzheim;Germany;Pforzheim, Germany;48.890934;8.7025509;5 km, 10 km;Official endurance event in Pforzheim. Imported from verified staging batch.;https://www.citylauf-pforzheim.de/;Official organizer website;https://www.citylauf-pforzheim.de/;unclear;medium;monthly;2026-06-17;;Promoted from clean staging batch germany-road-running-batch-04.;
Teltowkanalhalbmarathon;Running;06.12.2026;Teltow;Germany;Teltow, Germany;52.3805562;13.2685278;10 km, Half Marathon;Official endurance event in Teltow. Imported from verified staging batch.;https://www.sc-potsdam.de/leichtathletik/;Official organizer website;https://www.sc-potsdam.de/leichtathletik/;unclear;medium;monthly;2026-06-17;;Promoted from clean staging batch germany-road-running-batch-04.;
Temnitzer Heide-Lauf;Running;05.09.2026;Temnitzquell;Germany;Temnitzquell, Germany;53.0078136;12.6089047;Half Marathon, Marathon;Official endurance event in Temnitzquell. Imported from verified staging batch.;https://www.temnitzer-heide-lauf.de/;Official organizer website;https://www.temnitzer-heide-lauf.de/;unclear;medium;monthly;2026-06-17;;Promoted from clean staging batch germany-road-running-batch-04.;
Tharandter-Wald-Lauf;Running;30.08.2026;Hartha;Germany;Hartha, Germany;51.0984539;12.9715576;5 km, 10 km, Half Marathon;Official endurance event in Hartha. Imported from verified staging batch.;https://tharandterwaldlauf.wordpress.com;Official organizer website;https://tharandterwaldlauf.wordpress.com;unclear;medium;monthly;2026-06-17;;Promoted from clean staging batch germany-road-running-batch-04.;
Tiergartenlauf Velen;Running;20.06.2026;Velen;Germany;Velen, Germany;51.8957136;6.9839073;5 km, 10 km, Half Marathon;Official endurance event in Velen. Imported from verified staging batch.;https://www.sf-nordvelen.de/tgl;Official organizer website;https://www.sf-nordvelen.de/tgl;unclear;medium;monthly;2026-06-17;;Promoted from clean staging batch germany-road-running-batch-04.;
LA-Hamburg TogetHHer Silvesterlauf;Running;31.12.2026;Hamburg;Germany;Hamburg, Germany;53.5501721;10.0013165;7.4 km;Official endurance event in Hamburg. Imported from verified staging batch.;https://www.bsv-hamburg.de;Official organizer website;https://www.bsv-hamburg.de;unclear;medium;monthly;2026-06-17;;Promoted from clean staging batch germany-road-running-batch-04.;
Tübinger Erbe-Lauf;Running;20.09.2026;Tübingen;Germany;Tübingen, Germany;48.5203263;9.053596;5 km, 10 km;Official endurance event in Tübingen. Imported from verified staging batch.;https://www.tuebinger-erbe-lauf.de/;Official organizer website;https://www.tuebinger-erbe-lauf.de/;unclear;medium;monthly;2026-06-17;;Promoted from clean staging batch germany-road-running-batch-04.;
UNO Urban Cross Lauf;Running;04.10.2026;Saarbrücken;Germany;Saarbrücken, Germany;49.234362;6.996379;5 km, 10 km;Official endurance event in Saarbrücken. Imported from verified staging batch.;https://www.uno-urban-cross.de/;Official organizer website;https://www.uno-urban-cross.de/;unclear;medium;monthly;2026-06-17;;Promoted from clean staging batch germany-road-running-batch-04.;
SV-1860-Minden Volkslauf;Running;29.08.2026;Minden;Germany;Minden, Germany;52.2881045;8.9168852;5 km, 10 km;Official endurance event in Minden. Imported from verified staging batch.;https://sv1860minden.de/sportarten/leichtathletik/volkslauf-minden;Official organizer website;https://sv1860minden.de/sportarten/leichtathletik/volkslauf-minden;unclear;medium;monthly;2026-06-17;;Promoted from clean staging batch germany-road-running-batch-04.;
Wallenstein Halbmarathon;Running;26.07.2026;Altdorf;Germany;Altdorf, Germany;49.2863021;8.2164153;Half Marathon;Official endurance event in Altdorf. Imported from verified staging batch.;https://tv1881altdorf.de;Official organizer website;https://tv1881altdorf.de;unclear;medium;monthly;2026-06-17;;Promoted from clean staging batch germany-road-running-batch-04.;
Wardenburger Sommerlauf;Running;06.09.2026;Wardenburg;Germany;Wardenburg, Germany;53.0645396;8.1925341;5 km, 10 km;Official endurance event in Wardenburg. Imported from verified staging batch.;http://www.wardenburger-sommerlauf.de;Official organizer website;http://www.wardenburger-sommerlauf.de;unclear;medium;monthly;2026-06-17;;Promoted from clean staging batch germany-road-running-batch-04.;
Warener Sommerlauf;Running;20.06.2026;Waren (Müritz);Germany;Waren (Müritz), Germany;53.5156249;12.6850606;5 km, 10 km;Official endurance event in Waren (Müritz). Imported from verified staging batch.;https://sv-waren-09.de/;Official organizer website;https://sv-waren-09.de/;unclear;medium;monthly;2026-06-17;;Promoted from clean staging batch germany-road-running-batch-04.;
Weimarer Stadtlauf;Running;10.10.2026;Weimar;Germany;Weimar, Germany;50.9793301;11.3297921;11 km;Official endurance event in Weimar. Imported from verified staging batch.;https://www.weimarer-stadtlauf.de/;Official organizer website;https://www.weimarer-stadtlauf.de/;unclear;medium;monthly;2026-06-17;;Promoted from clean staging batch germany-road-running-batch-04.;
Wintermarathon Leipzig;Running;16.01.2027;Leipzig;Germany;Leipzig, Germany;51.3406321;12.3747329;Half Marathon, Marathon;Official endurance event in Leipzig. Imported from verified staging batch.;https://wintermarathon.de;Official organizer website;https://wintermarathon.de;unclear;medium;monthly;2026-06-17;;Promoted from clean staging batch germany-road-running-batch-04.;
Volksbank Stadtlauf Selm 2026;Running;18.06.2026;Selm;Germany;Selm, Germany;51.7005549;7.468614;10 km, 5 km;Official endurance event in Selm. Imported from verified staging batch.;https://www.selm.de/service-aktuelles/aktuelle-meldungen/anmeldungen-fuer-4-volksbank-stadtlauf-moeglich.html;Official organizer website;https://www.selm.de/service-aktuelles/aktuelle-meldungen/anmeldungen-fuer-4-volksbank-stadtlauf-moeglich.html;unclear;medium;monthly;2026-06-17;;Promoted from clean staging batch laufrennen-germany-batch-01.;
LKZ Firmenlauf;Running;17.06.2026;Ludwigsburg;Germany;Ludwigsburg, Germany;48.8953937;9.1895147;5 km;Official endurance event in Ludwigsburg. Imported from verified staging batch.;https://mtv-ludwigsburg.de/project/lkz-firmenlauf/;Official organizer website;https://mtv-ludwigsburg.de/project/lkz-firmenlauf/;unclear;medium;monthly;2026-06-17;;Promoted from clean staging batch laufrennen-germany-batch-01.;
Sommernachtslauf am Hufeisen;Running;17.06.2026;Hesse;Germany;Hesse, Germany;50.1694463;9.1971928;5 km;Official endurance event in Hesse. Imported from verified staging batch.;https://www.laufteam-gelnhausen.de/veranstaltungen/sommernachtslauf/;Official organizer website;https://www.laufteam-gelnhausen.de/veranstaltungen/sommernachtslauf/;unclear;medium;monthly;2026-06-17;;Promoted from clean staging batch laufrennen-germany-batch-01.;
Brunsbüttler Citylauf;Running;19.06.2026;Brunsbüttel;Germany;Brunsbüttel, Germany;53.901544;9.12846;10 km, 5 km;Official endurance event in Brunsbüttel. Imported from verified staging batch.;https://trainerday.com/ja/events/de/24-brunsbuttler-citylauf-2026;Official organizer website;https://trainerday.com/ja/events/de/24-brunsbuttler-citylauf-2026;unclear;medium;monthly;2026-06-17;;Promoted from clean staging batch laufrennen-germany-batch-01.;
Jemgumer Dörploop;Running;19.06.2026;Jemgum;Germany;Jemgum, Germany;53.2631054;7.3689976;Halbmarathon, 10 km, 5 km;Official endurance event in Jemgum. Imported from verified staging batch.;https://lauftreff-sv-ems-jemgum.de/jemgumer-doerploop/;Official organizer website;https://lauftreff-sv-ems-jemgum.de/jemgumer-doerploop/;unclear;medium;monthly;2026-06-17;;Promoted from clean staging batch laufrennen-germany-batch-01.;
27. Midsummer-Triathlon;Triathlon;18.06.2026;Großensee;Germany;Großensee, Germany;53.615;10.349;Triathlon;Official endurance event in Großensee. Imported from verified staging batch.;http://www.midsummer-triathlon.de;Official organizer website;http://www.midsummer-triathlon.de;unclear;medium;monthly;2026-06-17;;Promoted from clean staging batch dtu-calendar-refresh.;
4. Grünheider Schultriathlon;Triathlon;19.06.2026;Grünheide (Mark);Germany;Grünheide (Mark), Germany;52.422;13.751;Triathlon;Official endurance event in Grünheide (Mark). Imported from verified staging batch.;http://www.multisport-los.de;Official organizer website;http://www.multisport-los.de;unclear;medium;monthly;2026-06-17;;Promoted from clean staging batch dtu-calendar-refresh.;
Memmert Rothsee Triathlon;Triathlon;20.06.2026;Hilpoltstein;Germany;Hilpoltstein, Germany;49.209;11.187;Triathlon;Official endurance event in Hilpoltstein. Imported from verified staging batch.;http://www.rothsee-triathlon.de;Official organizer website;http://www.rothsee-triathlon.de;unclear;medium;monthly;2026-06-17;;Promoted from clean staging batch dtu-calendar-refresh.;
29. Arendsee Triathlon;Triathlon;20.06.2026;Arendsee (Altmark);Germany;Arendsee (Altmark), Germany;52.881;11.486;Triathlon;Official endurance event in Arendsee (Altmark). Imported from verified staging batch.;http://arendsee-triathlon.de/;Official organizer website;http://arendsee-triathlon.de/;unclear;medium;monthly;2026-06-17;;Promoted from clean staging batch dtu-calendar-refresh.;
35. Unterallgäuer Triathlon;Triathlon;27.06.2026;Ottobeuren;Germany;Ottobeuren, Germany;47.948;10.295;Triathlon;Official endurance event in Ottobeuren. Imported from verified staging batch.;http://www.triathlon-ottobeuren.de;Official organizer website;http://www.triathlon-ottobeuren.de;unclear;medium;monthly;2026-06-17;;Promoted from clean staging batch dtu-calendar-refresh.;
18. Mitteldeutscher Firmenteam Triathlon;Triathlon;27.06.2026;Roßbach;Germany;Roßbach, Germany;50.6031662;7.680464;Triathlon;Official endurance event in Roßbach. Imported from verified staging batch.;http://www.tc-merseburg.de;Official organizer website;http://www.tc-merseburg.de;unclear;medium;monthly;2026-06-17;;Promoted from clean staging batch dtu-calendar-refresh. Location QA: coordinates repaired using city geocoding (Roßbach, Germany).;
Swim + Run Vol. 13 / Triathlon Waldfeucht;Triathlon;27.06.2026;Heinsberg - Kirchhoven;Germany;Heinsberg - Kirchhoven, Germany;51.04;6.06;Triathlon;Official endurance event in Heinsberg - Kirchhoven. Imported from verified staging batch.;https://dtu.it4sport.de/ta_startpass.html;Official organizer website;https://dtu.it4sport.de/ta_startpass.html;unclear;medium;monthly;2026-06-17;;Promoted from clean staging batch dtu-calendar-refresh.;
Triathlon Dierhagen;Triathlon;27.06.2026;Dierhagen;Germany;Dierhagen, Germany;54.291;12.359;Triathlon;Official endurance event in Dierhagen. Imported from verified staging batch.;http://www.polizeisportverein-rdg.de;Official organizer website;http://www.polizeisportverein-rdg.de;unclear;medium;monthly;2026-06-17;;Promoted from clean staging batch dtu-calendar-refresh.;
28. EWR-Triathlon Lampertheim;Triathlon;28.06.2026;Lampertheim;Germany;Lampertheim, Germany;49.592;8.433;Triathlon;Official endurance event in Lampertheim. Imported from verified staging batch.;http://www.triathlon-lampertheim.de;Official organizer website;http://www.triathlon-lampertheim.de;unclear;medium;monthly;2026-06-17;;Promoted from clean staging batch dtu-calendar-refresh.;
Herbrand Niederrhein Triathlon N3T;Triathlon;28.06.2026;Kalkar;Germany;Kalkar, Germany;51.758;6.292;Triathlon;Official endurance event in Kalkar. Imported from verified staging batch.;http://www.niederrhein-triathlon.de/;Official organizer website;http://www.niederrhein-triathlon.de/;unclear;medium;monthly;2026-06-17;;Promoted from clean staging batch dtu-calendar-refresh.;
Erbacher Triathlon;Triathlon;28.06.2026;Erbach;Germany;Erbach, Germany;49.6376;9.013;Triathlon;Official endurance event in Erbach. Imported from verified staging batch.;http://www.erbacher-triathlon.de;Official organizer website;http://www.erbacher-triathlon.de;unclear;medium;monthly;2026-06-17;;Promoted from clean staging batch dtu-calendar-refresh. Location QA: coordinates repaired using city geocoding (Erbach, Germany).;
9. Drachentriathlon;Triathlon;28.06.2026;Furth im Wald;Germany;Furth im Wald, Germany;49.316;12.867;Triathlon;Official endurance event in Furth im Wald. Imported from verified staging batch.;http://www.drachentriathlon.de;Official organizer website;http://www.drachentriathlon.de;unclear;medium;monthly;2026-06-17;;Promoted from clean staging batch dtu-calendar-refresh.;
3. triathlon.de CUP Landshut;Triathlon;28.06.2026;Landshut;Germany;Landshut, Germany;48.574;12.227;Triathlon;Official endurance event in Landshut. Imported from verified staging batch.;http://www.triathlon-landshut.de;Official organizer website;http://www.triathlon-landshut.de;unclear;medium;monthly;2026-06-17;;Promoted from clean staging batch dtu-calendar-refresh.;
Wemdinger Waldsee Triathlon;Triathlon;28.06.2026;Wemding;Germany;Wemding, Germany;48.878;10.731;Triathlon;Official endurance event in Wemding. Imported from verified staging batch.;http://www.lg-maerchenwald.de/triathlon;Official organizer website;http://www.lg-maerchenwald.de/triathlon;unclear;medium;monthly;2026-06-17;;Promoted from clean staging batch dtu-calendar-refresh.;
20. ENTEGA Heinerman Triathlon;Triathlon;28.06.2026;Darmstadt;Germany;Darmstadt, Germany;49.871;8.673;Triathlon;Official endurance event in Darmstadt. Imported from verified staging batch.;http://www.heinerman.de;Official organizer website;http://www.heinerman.de;unclear;medium;monthly;2026-06-17;;Promoted from clean staging batch dtu-calendar-refresh.;
31. Fümmelsee-Triathlon;Triathlon;28.06.2026;Wolfenbüttel;Germany;Wolfenbüttel, Germany;52.168;10.504;Triathlon;Official endurance event in Wolfenbüttel. Imported from verified staging batch.;http://www.fuemmelsee-triathlon.de;Official organizer website;http://www.fuemmelsee-triathlon.de;unclear;medium;monthly;2026-06-17;;Promoted from clean staging batch dtu-calendar-refresh.;
8. Nordhorner Triathlon;Triathlon;28.06.2026;Nordhorn;Germany;Nordhorn, Germany;52.431;7.089;Triathlon;Official endurance event in Nordhorn. Imported from verified staging batch.;http://www.nordhorner-triathlon.de;Official organizer website;http://www.nordhorner-triathlon.de;unclear;medium;monthly;2026-06-17;;Promoted from clean staging batch dtu-calendar-refresh.;
Kulturstadttriathlon Weimar 2026;Triathlon;28.06.2026;Weimar;Germany;Weimar, Germany;50.981;11.328;Triathlon;Official endurance event in Weimar. Imported from verified staging batch.;http://www.kulturstadttriathlon.de;Official organizer website;http://www.kulturstadttriathlon.de;unclear;medium;monthly;2026-06-17;;Promoted from clean staging batch dtu-calendar-refresh.;
2. Zarrentin Triathlon;Triathlon;28.06.2026;Zarrentin;Germany;Zarrentin, Germany;54.0835568;12.8782071;Triathlon;Official endurance event in Zarrentin. Imported from verified staging batch.;http://www.tollense-timing.de;Official organizer website;http://www.tollense-timing.de;unclear;medium;monthly;2026-06-17;;Promoted from clean staging batch dtu-calendar-refresh. Location QA: coordinates repaired using city geocoding (Zarrentin, Germany).;
Hersbrucker Volkstriathlon 2026;Triathlon;28.06.2026;Hersbruck;Germany;Hersbruck, Germany;49.508;11.432;Triathlon;Official endurance event in Hersbruck. Imported from verified staging batch.;http://www.volkstriathlon-hersbruck.de;Official organizer website;http://www.volkstriathlon-hersbruck.de;unclear;medium;monthly;2026-06-17;;Promoted from clean staging batch dtu-calendar-refresh.;
28. Dreikirchener systemceram Triathlon;Triathlon;28.06.2026;Dreikirchen;Germany;Dreikirchen, Germany;50.451;7.965;Triathlon;Official endurance event in Dreikirchen. Imported from verified staging batch.;http://www.SC-Dreikirchen.de;Official organizer website;http://www.SC-Dreikirchen.de;unclear;medium;monthly;2026-06-17;;Promoted from clean staging batch dtu-calendar-refresh.;
Wedemark-Spass-Triathlon;Triathlon;28.06.2026;Wedemark;Germany;Wedemark, Germany;52.57;9.604;Triathlon;Official endurance event in Wedemark. Imported from verified staging batch.;http://www.wedemark-spass-triathlon.de;Official organizer website;http://www.wedemark-spass-triathlon.de;unclear;medium;monthly;2026-06-17;;Promoted from clean staging batch dtu-calendar-refresh.;
21. Sparkassen Triathlon Braunschweig;Triathlon;28.06.2026;Braunschweig;Germany;Braunschweig, Germany;52.259;10.479;Triathlon;Official endurance event in Braunschweig. Imported from verified staging batch.;http://triathlon-team-bs.de/;Official organizer website;http://triathlon-team-bs.de/;unclear;medium;monthly;2026-06-17;;Promoted from clean staging batch dtu-calendar-refresh.;
19. DTU Triathlon Schultour 2026;Triathlon;01.07.2026;Neubrandenburg;Germany;Neubrandenburg, Germany;53.557;13.247;Triathlon;Official endurance event in Neubrandenburg. Imported from verified staging batch.;http://www.sc-neubrandenburg.de;Official organizer website;http://www.sc-neubrandenburg.de;unclear;medium;monthly;2026-06-17;;Promoted from clean staging batch dtu-calendar-refresh.;
WerbellinseeTriathlon;Triathlon;04.07.2026;Joachimsthal;Germany;Joachimsthal, Germany;52.918;13.725;Triathlon;Official endurance event in Joachimsthal. Imported from verified staging batch.;http://www.werbellinseetriathlon.de;Official organizer website;http://www.werbellinseetriathlon.de;unclear;medium;monthly;2026-06-17;;Promoted from clean staging batch dtu-calendar-refresh.;
Sparkassen Triathlon Tag Schopfheim;Triathlon;04.07.2026;Schopfheim;Germany;Schopfheim, Germany;47.654;7.834;Triathlon;Official endurance event in Schopfheim. Imported from verified staging batch.;http://www.tsch-langenau.de;Official organizer website;http://www.tsch-langenau.de;unclear;medium;monthly;2026-06-17;;Promoted from clean staging batch dtu-calendar-refresh.;
35. Altmühltriathlon Leutershausen;Triathlon;04.07.2026;Leutershausen;Germany;Leutershausen, Germany;49.301;10.403;Olympic Triathlon;Official endurance event in Leutershausen. Imported from verified staging batch.;http://www.tv-leutershausen.de;Official organizer website;http://www.tv-leutershausen.de;unclear;medium;monthly;2026-06-17;;"Promoted from clean staging batch dtu-calendar-refresh. Duplicate Altm?hltriathlon row removed; Olympic distance detail merged.";
Berliner Volkstriathlon;Triathlon;05.07.2026;Berlin;Germany;Berlin, Germany;52.442;13.242;Triathlon;Official endurance event in Berlin. Imported from verified staging batch.;http://www.wj-tools.de;Official organizer website;http://www.wj-tools.de;unclear;medium;monthly;2026-06-17;;Promoted from clean staging batch dtu-calendar-refresh.;
13. Wanzleber Sparkassen Triathlon;Triathlon;05.07.2026;Wanzleben-Börde;Germany;Wanzleben-Börde, Germany;52.058;11.444;Triathlon;Official endurance event in Wanzleben-Börde. Imported from verified staging batch.;http://www.triathlon-wanzleben.de;Official organizer website;http://www.triathlon-wanzleben.de;unclear;medium;monthly;2026-06-17;;Promoted from clean staging batch dtu-calendar-refresh.;
LEXWARE Freiburg-Triathlon 2026;Triathlon;05.07.2026;Freiburg im Breisgau;Germany;Freiburg im Breisgau, Germany;48.011;7.814;Triathlon;Official endurance event in Freiburg im Breisgau. Imported from verified staging batch.;http://www.triteamfreiburg.de;Official organizer website;http://www.triteamfreiburg.de;unclear;medium;monthly;2026-06-17;;Promoted from clean staging batch dtu-calendar-refresh.;
32.Poggensee Triathlon;Triathlon;05.07.2026;Bad Oldesloe;Germany;Bad Oldesloe, Germany;53.827;10.378;Triathlon;Official endurance event in Bad Oldesloe. Imported from verified staging batch.;http://Spiridon-oldesloe.de;Official organizer website;http://Spiridon-oldesloe.de;unclear;medium;monthly;2026-06-17;;Promoted from clean staging batch dtu-calendar-refresh.;
Saerbecker Triathlon;Triathlon;05.07.2026;Saerbeck;Germany;Saerbeck, Germany;52.17;7.631;Triathlon;Official endurance event in Saerbeck. Imported from verified staging batch.;http://www.wasser-freizeit.de/veranstaltungen/saerbecker-triathlon/ausschreibung;Official organizer website;http://www.wasser-freizeit.de/veranstaltungen/saerbecker-triathlon/ausschreibung;unclear;medium;monthly;2026-06-17;;Promoted from clean staging batch dtu-calendar-refresh.;
SCOTT Tegernsee Triathlon 2026;Triathlon;05.07.2026;Gmund a. Tegernsee;Germany;Gmund a. Tegernsee, Germany;47.742;11.737;Triathlon;Official endurance event in Gmund a. Tegernsee. Imported from verified staging batch.;http://www.tegernsee-triathlon.de;Official organizer website;http://www.tegernsee-triathlon.de;unclear;medium;monthly;2026-06-17;;Promoted from clean staging batch dtu-calendar-refresh.;
Volksbank Schultriathlon Ahlen 2026;Triathlon;09.07.2026;Ahlen;Germany;Ahlen, Germany;51.764;7.869;Triathlon;Official endurance event in Ahlen. Imported from verified staging batch.;http://www.asc-ahlen.de;Official organizer website;http://www.asc-ahlen.de;unclear;medium;monthly;2026-06-17;;Promoted from clean staging batch dtu-calendar-refresh.;
10. Schulmeisterschaft im Triathlon;Triathlon;10.07.2026;Deggendorf;Germany;Deggendorf, Germany;48.82;12.911;Triathlon;Official endurance event in Deggendorf. Imported from verified staging batch.;http://www.lv-deggendorf.de;Official organizer website;http://www.lv-deggendorf.de;unclear;medium;monthly;2026-06-17;;Promoted from clean staging batch dtu-calendar-refresh.;
SUZUKI World Triathlon Hamburg 2026;Triathlon;11.07.2026;Hamburg;Germany;Hamburg, Germany;53.551;9.994;Triathlon;Official endurance event in Hamburg. Imported from verified staging batch.;http://hamburg.triathlon.org/;Official organizer website;http://hamburg.triathlon.org/;unclear;medium;monthly;2026-06-17;;Promoted from clean staging batch dtu-calendar-refresh.;
11. Wuggi-Triathlon;Triathlon;11.07.2026;Prackenbach;Germany;Prackenbach, Germany;49.13;12.848;Triathlon;Official endurance event in Prackenbach. Imported from verified staging batch.;http://www.bayronman.com;Official organizer website;http://www.bayronman.com;unclear;medium;monthly;2026-06-17;;Promoted from clean staging batch dtu-calendar-refresh.;
Schluchsee Triathlon;Triathlon;11.07.2026;Schluchsee;Germany;Schluchsee, Germany;47.837;8.126;Triathlon;Official endurance event in Schluchsee. Imported from verified staging batch.;http://www.triathlon-schluchsee.de;Official organizer website;http://www.triathlon-schluchsee.de;unclear;medium;monthly;2026-06-17;;Promoted from clean staging batch dtu-calendar-refresh.;
43. GEALAN Triathlon der IfL Hof;Triathlon;11.07.2026;Hof;Germany;Hof, Germany;50.283;11.894;Triathlon;Official endurance event in Hof. Imported from verified staging batch.;http://www.ifl-hof.de/sportarten/gealan-triathlon.html;Official organizer website;http://www.ifl-hof.de/sportarten/gealan-triathlon.html;unclear;medium;monthly;2026-06-17;;Promoted from clean staging batch dtu-calendar-refresh.;
26.Ammerseetriathlon;Triathlon;11.07.2026;Dießen am Ammersee;Germany;Dießen am Ammersee, Germany;47.979;11.098;Triathlon;Official endurance event in Dießen am Ammersee. Imported from verified staging batch.;http://www.triathlon-riederau.de;Official organizer website;http://www.triathlon-riederau.de;unclear;medium;monthly;2026-06-17;;Promoted from clean staging batch dtu-calendar-refresh.;
14. Stadtwerke Düsseldorf Familientriathlon;Triathlon;11.07.2026;Düsseldorf;Germany;Düsseldorf, Germany;51.25;6.732;Triathlon;Official endurance event in Düsseldorf. Imported from verified staging batch.;http://www.swd-familientriathlon.de;Official organizer website;http://www.swd-familientriathlon.de;unclear;medium;monthly;2026-06-17;;Promoted from clean staging batch dtu-calendar-refresh.;
Piratentriathlon Amberg;Triathlon;11.07.2026;Amberg;Germany;Amberg, Germany;48.0611033;10.6810316;Triathlon;Official endurance event in Amberg. Imported from verified staging batch.;http://www.cis-amberg.de;Official organizer website;http://www.cis-amberg.de;unclear;medium;monthly;2026-06-17;;Promoted from clean staging batch dtu-calendar-refresh. Location QA: coordinates repaired using city geocoding (Amberg, Germany).;
Raiffeisentriathlon;Triathlon;12.07.2026;Hamm (Sieg);Germany;Hamm (Sieg), Germany;50.766;7.674;Triathlon;Official endurance event in Hamm (Sieg). Imported from verified staging batch.;http://www.raiffeisentriathlon.de/hamm;Official organizer website;http://www.raiffeisentriathlon.de/hamm;unclear;medium;monthly;2026-06-17;;Promoted from clean staging batch dtu-calendar-refresh.;
5. Stadtwerke-Bochum-Triathlon;Triathlon;12.07.2026;Bochum;Germany;Bochum, Germany;51.46;7.21;Triathlon;Official endurance event in Bochum. Imported from verified staging batch.;http://www.bwbochum.de;Official organizer website;http://www.bwbochum.de;unclear;medium;monthly;2026-06-17;;Promoted from clean staging batch dtu-calendar-refresh.;
41. Neue Rostocker WG Triathlon;Triathlon;12.07.2026;Rostock;Germany;Rostock, Germany;54.138;12.086;Triathlon;Official endurance event in Rostock. Imported from verified staging batch.;http://www.tc-fiko.de/events/rostocker-triathlon/;Official organizer website;http://www.tc-fiko.de/events/rostocker-triathlon/;unclear;medium;monthly;2026-06-17;;Promoted from clean staging batch dtu-calendar-refresh.;
Hager Papprint Biosphärentriathlon;Triathlon;12.07.2026;Gersheim;Germany;Gersheim, Germany;49.154;7.235;Triathlon;Official endurance event in Gersheim. Imported from verified staging batch.;http://www.biosphaeren-triathlon.de/;Official organizer website;http://www.biosphaeren-triathlon.de/;unclear;medium;monthly;2026-06-17;;Promoted from clean staging batch dtu-calendar-refresh.;
Schlaubetal- Triathlon;Triathlon;12.07.2026;Müllrose;Germany;Müllrose, Germany;52.23;14.429;Triathlon;Official endurance event in Müllrose. Imported from verified staging batch.;http://www.tripoint-ffo.de;Official organizer website;http://www.tripoint-ffo.de;unclear;medium;monthly;2026-06-17;;Promoted from clean staging batch dtu-calendar-refresh.;
16. Hensel Recycling Churfranken Triathlon;Triathlon;12.07.2026;Niedernberg;Germany;Niedernberg, Germany;49.906;9.135;Triathlon;Official endurance event in Niedernberg. Imported from verified staging batch.;http://www.tripaul.de;Official organizer website;http://www.tripaul.de;unclear;medium;monthly;2026-06-17;;Promoted from clean staging batch dtu-calendar-refresh.;
IOK-Triathlon Verl;Triathlon;12.07.2026;Verl;Germany;Verl, Germany;51.89;8.483;Triathlon;Official endurance event in Verl. Imported from verified staging batch.;http://www.triathlon-verl.de;Official organizer website;http://www.triathlon-verl.de;unclear;medium;monthly;2026-06-17;;Promoted from clean staging batch dtu-calendar-refresh.;
38. Altmark-Triathlon;Triathlon;12.07.2026;Hassel OT Wischer;Germany;Hassel OT Wischer, Germany;52.74;12.027;Triathlon;Official endurance event in Hassel OT Wischer. Imported from verified staging batch.;http://altmark-triathlon.com;Official organizer website;http://altmark-triathlon.com;unclear;medium;monthly;2026-06-17;;Promoted from clean staging batch dtu-calendar-refresh.;
Offendorf-Triathlon;Triathlon;12.07.2026;Ratekau;Germany;Ratekau, Germany;53.947;10.772;Triathlon;Official endurance event in Ratekau. Imported from verified staging batch.;http://offendorf-triathlon.de/;Official organizer website;http://offendorf-triathlon.de/;unclear;medium;monthly;2026-06-17;;Promoted from clean staging batch dtu-calendar-refresh.;
Holzland Triathlon Haßmersheim;Triathlon;12.07.2026;Haßmersheim;Germany;Haßmersheim, Germany;49.302;9.144;Triathlon;Official endurance event in Haßmersheim. Imported from verified staging batch.;http://www.holzland-triathlon-hassmersheim.de;Official organizer website;http://www.holzland-triathlon-hassmersheim.de;unclear;medium;monthly;2026-06-17;;Promoted from clean staging batch dtu-calendar-refresh.;
Cross Triathlon TSV Karlstadt;Triathlon;12.07.2026;Karlstadt;Germany;Karlstadt, Germany;49.956;9.764;Triathlon;Official endurance event in Karlstadt. Imported from verified staging batch.;http://www.triathlon-karlstadt.de;Official organizer website;http://www.triathlon-karlstadt.de;unclear;medium;monthly;2026-06-17;;Promoted from clean staging batch dtu-calendar-refresh.;
Apian-Schultriathlon;Triathlon;14.07.2026;85051 Ingolstadt;Germany;85051 Ingolstadt, Germany;48.716;11.374;Triathlon;Official endurance event in 85051 Ingolstadt. Imported from verified staging batch.;http://www.apian.de;Official organizer website;http://www.apian.de;unclear;medium;monthly;2026-06-17;;Promoted from clean staging batch dtu-calendar-refresh.;
Höglwörther-See-Triathlon;Triathlon;18.07.2026;Anger;Germany;Anger, Germany;47.804;12.857;Triathlon;Official endurance event in Anger. Imported from verified staging batch.;http://www.sc-anger.de;Official organizer website;http://www.sc-anger.de;unclear;medium;monthly;2026-06-17;;Promoted from clean staging batch dtu-calendar-refresh.;
Möhnesee Triathlon 2026;Triathlon;18.07.2026;Möhnesee;Germany;Möhnesee, Germany;51.494;8.126;Triathlon;Official endurance event in Möhnesee. Imported from verified staging batch.;http://www.moehnesee-triathlon.de;Official organizer website;http://www.moehnesee-triathlon.de;unclear;medium;monthly;2026-06-17;;Promoted from clean staging batch dtu-calendar-refresh.;
39. Velburger Kirchweihtriathlon;Triathlon;18.07.2026;Velburg;Germany;Velburg, Germany;49.228;11.671;Triathlon;Official endurance event in Velburg. Imported from verified staging batch.;http://tv-velburg.de;Official organizer website;http://tv-velburg.de;unclear;medium;monthly;2026-06-17;;Promoted from clean staging batch dtu-calendar-refresh.;
41. Welzheimer Triathlon;Triathlon;18.07.2026;Welzheim;Germany;Welzheim, Germany;48.875;9.636;Triathlon;Official endurance event in Welzheim. Imported from verified staging batch.;http://www.welzheimer-triathlon.de;Official organizer website;http://www.welzheimer-triathlon.de;unclear;medium;monthly;2026-06-17;;Promoted from clean staging batch dtu-calendar-refresh.;
Mey Generalbau Triathlon Tübingen;Triathlon;19.07.2026;Tübingen;Germany;Tübingen, Germany;48.517;9.058;Triathlon;Official endurance event in Tübingen. Imported from verified staging batch.;http://www.mey-generalbau-triathlon.com/;Official organizer website;http://www.mey-generalbau-triathlon.com/;unclear;medium;monthly;2026-06-17;;Promoted from clean staging batch dtu-calendar-refresh.;
35. Kratschmayer Triathlon;Triathlon;19.07.2026;Waldenburg;Germany;Waldenburg, Germany;50.8743975;12.6003812;Triathlon;Official endurance event in Waldenburg. Imported from verified staging batch.;http://www.tsg-waldenburg.de;Official organizer website;http://www.tsg-waldenburg.de;unclear;medium;monthly;2026-06-17;;Promoted from clean staging batch dtu-calendar-refresh. Location QA: coordinates repaired using city geocoding (Waldenburg, Germany).;
23. Sparkassen-Triathlon Dortmund 2026;Triathlon;19.07.2026;Dortmund;Germany;Dortmund, Germany;51.528;7.447;Triathlon;Official endurance event in Dortmund. Imported from verified staging batch.;http://www.sparkassen-triathlon-dortmund.de/;Official organizer website;http://www.sparkassen-triathlon-dortmund.de/;unclear;medium;monthly;2026-06-17;;Promoted from clean staging batch dtu-calendar-refresh.;
19. Rheinstetten Triathlon;Triathlon;19.07.2026;Rheinstetten;Germany;Rheinstetten, Germany;48.98;8.32;Triathlon;Official endurance event in Rheinstetten. Imported from verified staging batch.;http://sportfreunde-forchheim.de;Official organizer website;http://sportfreunde-forchheim.de;unclear;medium;monthly;2026-06-17;;Promoted from clean staging batch dtu-calendar-refresh.;
Landkreis-Schultriathlon Roth 2026;Triathlon;21.07.2026;Roth;Germany;Roth, Germany;49.247;11.095;Triathlon;Official endurance event in Roth. Imported from verified staging batch.;http://schulamt-rh-sc.de/landkreis-schultriathlon;Official organizer website;http://schulamt-rh-sc.de/landkreis-schultriathlon;unclear;medium;monthly;2026-06-17;;Promoted from clean staging batch dtu-calendar-refresh.;
Fürther Schultriathlon;Triathlon;22.07.2026;Fürth;Germany;Fürth, Germany;49.6599;8.7809;Triathlon;Official endurance event in Fürth. Imported from verified staging batch.;http://www.fuerth.de/schultriathlon;Official organizer website;http://www.fuerth.de/schultriathlon;unclear;medium;monthly;2026-06-17;;Promoted from clean staging batch dtu-calendar-refresh. Location QA: coordinates repaired using city geocoding (Fürth, Germany).;
25. Schultriathlon Sonnenlugerschule Mengen;Triathlon;22.07.2026;Mengen;Germany;Mengen, Germany;48.045;9.323;Triathlon;Official endurance event in Mengen. Imported from verified staging batch.;http://www.sonnenluger.sig.schule-bw.de;Official organizer website;http://www.sonnenluger.sig.schule-bw.de;unclear;medium;monthly;2026-06-17;;Promoted from clean staging batch dtu-calendar-refresh.;
Die Finals 2026 - Sprint Triathlon Steinhuder Meer;Triathlon;23.07.2026;Wunstorf;Germany;Wunstorf, Germany;52.455;9.352;Sprint;Official endurance event in Wunstorf. Imported from verified staging batch.;http://www.triathlond-events.de/de/triathlon-steinhuder-meer;Official organizer website;http://www.triathlond-events.de/de/triathlon-steinhuder-meer;unclear;medium;monthly;2026-06-17;;Promoted from clean staging batch dtu-calendar-refresh.;
33. Hofheimer Triathlon;Triathlon;25.07.2026;Hofheim i. UFr.;Germany;Hofheim i. UFr., Germany;50.16;10.53;Triathlon;Official endurance event in Hofheim i. UFr.. Imported from verified staging batch.;http://www.tria-hofheim.de;Official organizer website;http://www.tria-hofheim.de;unclear;medium;monthly;2026-06-17;;Promoted from clean staging batch dtu-calendar-refresh.;
40. Müritz-Triathlon;Triathlon;25.07.2026;Waren (Müritz);Germany;Waren (Müritz), Germany;53.523;12.689;Triathlon;Official endurance event in Waren (Müritz). Imported from verified staging batch.;http://www.mueritzsportclub.de;Official organizer website;http://www.mueritzsportclub.de;unclear;medium;monthly;2026-06-17;;Promoted from clean staging batch dtu-calendar-refresh.;
2. Malteser Triathlon;Triathlon;25.07.2026;Heitersheim;Germany;Heitersheim, Germany;47.871;7.669;Triathlon;Official endurance event in Heitersheim. Imported from verified staging batch.;http://www.maltesertriathlon.de;Official organizer website;http://www.maltesertriathlon.de;unclear;medium;monthly;2026-06-17;;Promoted from clean staging batch dtu-calendar-refresh.;
14. Schongau Triathlon;Triathlon;26.07.2026;Schongau;Germany;Schongau, Germany;47.802;10.901;Triathlon;Official endurance event in Schongau. Imported from verified staging batch.;http://www.schongau-triathlon.de;Official organizer website;http://www.schongau-triathlon.de;unclear;medium;monthly;2026-06-17;;Promoted from clean staging batch dtu-calendar-refresh.;
35. M-net Erlanger Triathlon;Triathlon;26.07.2026;Erlangen;Germany;Erlangen, Germany;49.602;10.981;Triathlon;Official endurance event in Erlangen. Imported from verified staging batch.;http://www.erlangertriathlon.de;Official organizer website;http://www.erlangertriathlon.de;unclear;medium;monthly;2026-06-17;;Promoted from clean staging batch dtu-calendar-refresh.;
Sparkasse Passau TRIATHLON NIEDERBAYERN 2026;Triathlon;26.07.2026;Pocking;Germany;Pocking, Germany;48.393;13.308;Triathlon;Official endurance event in Pocking. Imported from verified staging batch.;http://triathlon-niederbayern.de;Official organizer website;http://triathlon-niederbayern.de;unclear;medium;monthly;2026-06-17;;Promoted from clean staging batch dtu-calendar-refresh.;
40. Wörthsee-Triathlon;Triathlon;26.07.2026;Wörthsee;Germany;Wörthsee, Germany;48.069;11.201;Triathlon;Official endurance event in Wörthsee. Imported from verified staging batch.;http://www.woerthseetriathlon.de;Official organizer website;http://www.woerthseetriathlon.de;unclear;medium;monthly;2026-06-17;;Promoted from clean staging batch dtu-calendar-refresh.;
Kindelsberg Triathlon;Triathlon;26.07.2026;Hilchenbach;Germany;Hilchenbach, Germany;50.994;8.042;Triathlon;Official endurance event in Hilchenbach. Imported from verified staging batch.;http://www.kindelsberg-triathlon.de;Official organizer website;http://www.kindelsberg-triathlon.de;unclear;medium;monthly;2026-06-17;;Promoted from clean staging batch dtu-calendar-refresh.;
43. Leipziger Triathlon;Triathlon;26.07.2026;Leipzig;Germany;Leipzig, Germany;51.304;12.255;Triathlon;Official endurance event in Leipzig. Imported from verified staging batch.;http://www.leipziger-triathlon.de;Official organizer website;http://www.leipziger-triathlon.de;unclear;medium;monthly;2026-06-17;;Promoted from clean staging batch dtu-calendar-refresh.;
Heidelberg Triathlon;Triathlon;26.07.2026;Heidelberg;Germany;Heidelberg, Germany;49.413;8.685;Triathlon;Official endurance event in Heidelberg. Imported from verified staging batch.;http://www.heidelberg-triathlon.de/;Official organizer website;http://www.heidelberg-triathlon.de/;unclear;medium;monthly;2026-06-17;;Promoted from clean staging batch dtu-calendar-refresh.;
31. swb-Silbersee-Triathlon / Bremen-Stuhr;Triathlon;26.07.2026;Stuhr;Germany;Stuhr, Germany;53.009;8.743;Olympic Triathlon;Official endurance event in Stuhr. Imported from verified staging batch.;http://www.swb-silbersee-triathlon.de;Official organizer website;http://www.swb-silbersee-triathlon.de;unclear;medium;monthly;2026-06-17;;"Promoted from clean staging batch dtu-calendar-refresh. Duplicate run-timing Silbersee-Triathlon row removed; Olympic distance detail merged. Duplicate typo variant removed; Olympic distance detail retained.";
17. eology Mainfrankentriathlon;Triathlon;01.08.2026;Kitzingen;Germany;Kitzingen, Germany;49.741;10.163;Triathlon;Official endurance event in Kitzingen. Imported from verified staging batch.;http://www.mainfrankentriathlon.de;Official organizer website;http://www.mainfrankentriathlon.de;unclear;medium;monthly;2026-06-17;;Promoted from clean staging batch dtu-calendar-refresh.;
41. Ravensburger Triathlon;Triathlon;01.08.2026;Ravensburg;Germany;Ravensburg, Germany;47.787;9.602;Triathlon;Official endurance event in Ravensburg. Imported from verified staging batch.;http://www.ravensburger-triathlon.de;Official organizer website;http://www.ravensburger-triathlon.de;unclear;medium;monthly;2026-06-17;;Promoted from clean staging batch dtu-calendar-refresh.;
38. Sassenberger Triathlon 2026;Triathlon;02.08.2026;Sassenberg;Germany;Sassenberg, Germany;52.004;8.052;Triathlon;Official endurance event in Sassenberg. Imported from verified staging batch.;http://sassenbergertriathlon.de/de/home;Official organizer website;http://sassenbergertriathlon.de/de/home;unclear;medium;monthly;2026-06-17;;Promoted from clean staging batch dtu-calendar-refresh.;
7. Scharmützelsee-Triathlon;Triathlon;02.08.2026;Bad Saarow;Germany;Bad Saarow, Germany;52.292;14.056;Triathlon;Official endurance event in Bad Saarow. Imported from verified staging batch.;http://www.tv-fuerstenwalde.org;Official organizer website;http://www.tv-fuerstenwalde.org;unclear;medium;monthly;2026-06-17;;Promoted from clean staging batch dtu-calendar-refresh.;
Frankfurt City Triathlon;Triathlon;02.08.2026;Frankfurt am Main;Germany;Frankfurt am Main, Germany;50.113;8.679;Triathlon;Official endurance event in Frankfurt am Main. Imported from verified staging batch.;http://www.frankfurt-city-triathlon.de;Official organizer website;http://www.frankfurt-city-triathlon.de;unclear;medium;monthly;2026-06-17;;Promoted from clean staging batch dtu-calendar-refresh.;
2. Nagler See Jedermanntriathlon;Triathlon;02.08.2026;Nagel;Germany;Nagel, Germany;49.988;11.958;Triathlon;Official endurance event in Nagel. Imported from verified staging batch.;http://www.runningconcepts.de;Official organizer website;http://www.runningconcepts.de;unclear;medium;monthly;2026-06-17;;Promoted from clean staging batch dtu-calendar-refresh.;
38. Kamener Sparkassentriathlon;Triathlon;02.08.2026;Kamen;Germany;Kamen, Germany;51.575;7.618;Triathlon;Official endurance event in Kamen. Imported from verified staging batch.;http://kamen-triathlon.de/;Official organizer website;http://kamen-triathlon.de/;unclear;medium;monthly;2026-06-17;;Promoted from clean staging batch dtu-calendar-refresh.;
Oettinger Triathlon;Triathlon;02.08.2026;Oettingen i. Bayern;Germany;Oettingen i. Bayern, Germany;48.928;10.573;Triathlon;Official endurance event in Oettingen i. Bayern. Imported from verified staging batch.;http://Triathlon-Oettingen.de;Official organizer website;http://Triathlon-Oettingen.de;unclear;medium;monthly;2026-06-17;;Promoted from clean staging batch dtu-calendar-refresh.;
35. Regensburger Triathlon;Triathlon;02.08.2026;Regensburg;Germany;Regensburg, Germany;49.027;12.098;Triathlon;Official endurance event in Regensburg. Imported from verified staging batch.;http://www.tristar-regensburg.de;Official organizer website;http://www.tristar-regensburg.de;unclear;medium;monthly;2026-06-17;;Promoted from clean staging batch dtu-calendar-refresh.;
BraWo Triathlon Salgitter;Triathlon;02.08.2026;Salzgitter;Germany;Salzgitter, Germany;52.164;10.311;Triathlon;Official endurance event in Salzgitter. Imported from verified staging batch.;http://www.triathlon-salzgitter.de/;Official organizer website;http://www.triathlon-salzgitter.de/;unclear;medium;monthly;2026-06-17;;Promoted from clean staging batch dtu-calendar-refresh.;
Stadtwerke Borken Triathlon;Triathlon;08.08.2026;Borken;Germany;Borken, Germany;51.841;6.78;Triathlon;Official endurance event in Borken. Imported from verified staging batch.;http://www.stadtwerke-borken-triathlon.de;Official organizer website;http://www.stadtwerke-borken-triathlon.de;unclear;medium;monthly;2026-06-17;;Promoted from clean staging batch dtu-calendar-refresh.;
37. Bergsee Triathlon;Triathlon;08.08.2026;Schleusingen;Germany;Schleusingen, Germany;50.528;10.687;Triathlon;Official endurance event in Schleusingen. Imported from verified staging batch.;http://www.triathlonclub-suhl.de;Official organizer website;http://www.triathlonclub-suhl.de;unclear;medium;monthly;2026-06-17;;Promoted from clean staging batch dtu-calendar-refresh.;
19. Licher Triathlon;Triathlon;08.08.2026;Lich;Germany;Lich, Germany;50.529;8.816;Triathlon;Official endurance event in Lich. Imported from verified staging batch.;http://www.licher-triathlon.de;Official organizer website;http://www.licher-triathlon.de;unclear;medium;monthly;2026-06-17;;Promoted from clean staging batch dtu-calendar-refresh.;
DATAGROUP Triathlon Nürnberg;Triathlon;09.08.2026;Nürnberg;Germany;Nürnberg, Germany;49.451;11.105;Triathlon;Official endurance event in Nürnberg. Imported from verified staging batch.;http://www.nuernberg-triathlon.de;Official organizer website;http://www.nuernberg-triathlon.de;unclear;medium;monthly;2026-06-17;;Promoted from clean staging batch dtu-calendar-refresh.;
Kraichgau Energie Summertime Triathlon;Triathlon;09.08.2026;Karlsdorf-Neuthard;Germany;Karlsdorf-Neuthard, Germany;49.131;8.534;Triathlon;Official endurance event in Karlsdorf-Neuthard. Imported from verified staging batch.;http://www.summertime-triathlon.de/;Official organizer website;http://www.summertime-triathlon.de/;unclear;medium;monthly;2026-06-17;;Promoted from clean staging batch dtu-calendar-refresh.;
26. Pöhler-Triathlon;Triathlon;09.08.2026;Pöhl;Germany;Pöhl, Germany;50.559;12.181;Triathlon;Official endurance event in Pöhl. Imported from verified staging batch.;http://www.poehler-triathlon.de;Official organizer website;http://www.poehler-triathlon.de;unclear;medium;monthly;2026-06-17;;Promoted from clean staging batch dtu-calendar-refresh.;
14. GEWOBA City Triathlon Bremen;Triathlon;09.08.2026;Bremen;Germany;Bremen, Germany;53.095;8.773;Triathlon;Official endurance event in Bremen. Imported from verified staging batch.;http://www.gewoba-citytriathlon-bremen.de;Official organizer website;http://www.gewoba-citytriathlon-bremen.de;unclear;medium;monthly;2026-06-17;;Promoted from clean staging batch dtu-calendar-refresh.;
Rheiner Channel Triathlon;Triathlon;09.08.2026;Rheine;Germany;Rheine, Germany;52.302;7.483;Triathlon;Official endurance event in Rheine. Imported from verified staging batch.;http://www.sc-altenrheine.de/;Official organizer website;http://www.sc-altenrheine.de/;unclear;medium;monthly;2026-06-17;;Promoted from clean staging batch dtu-calendar-refresh.;
35. Maibacher Triathlon;Triathlon;09.08.2026;Butzbach;Germany;Butzbach, Germany;50.379;8.571;Triathlon;Official endurance event in Butzbach. Imported from verified staging batch.;http://www.maibacher-triathlon.de/;Official organizer website;http://www.maibacher-triathlon.de/;unclear;medium;monthly;2026-06-17;;Promoted from clean staging batch dtu-calendar-refresh.;
Nordschwarzwald Triathlon;Triathlon;15.08.2026;Nagold;Germany;Nagold, Germany;48.552;8.723;Triathlon;Official endurance event in Nagold. Imported from verified staging batch.;http://www.nordschwarzwald-triathlon.de;Official organizer website;http://www.nordschwarzwald-triathlon.de;unclear;medium;monthly;2026-06-17;;Promoted from clean staging batch dtu-calendar-refresh.;
O-SEE Challenge/DM Cross Triathlon/XTERRA;Triathlon;15.08.2026;Olbersdorf;Germany;Olbersdorf, Germany;50.894;14.773;Triathlon;Official endurance event in Olbersdorf. Imported from verified staging batch.;http://www.o-see-challenge.de;Official organizer website;http://www.o-see-challenge.de;unclear;medium;monthly;2026-06-17;;Promoted from clean staging batch dtu-calendar-refresh.;
12. Altwarmbüchener Triathlon am 15./16.8.2026;Triathlon;15.08.2026;Hannover;Germany;Hannover, Germany;52.416;9.806;Triathlon;Official endurance event in Hannover. Imported from verified staging batch.;http://www.sc-altwarmbuechen.de;Official organizer website;http://www.sc-altwarmbuechen.de;unclear;medium;monthly;2026-06-17;;Promoted from clean staging batch dtu-calendar-refresh.;
Bornsdorf-Triathlon 2026;Triathlon;15.08.2026;Heideblick-Bornsdorf;Germany;Heideblick-Bornsdorf, Germany;51.791;13.739;Triathlon;Official endurance event in Heideblick-Bornsdorf. Imported from verified staging batch.;http://www.bornsdorf-triathlon.de;Official organizer website;http://www.bornsdorf-triathlon.de;unclear;medium;monthly;2026-06-17;;Promoted from clean staging batch dtu-calendar-refresh.;
37. KN Förde Triathlon 2026;Triathlon;16.08.2026;Kiel;Germany;Kiel, Germany;54.332;10.151;Triathlon;Official endurance event in Kiel. Imported from verified staging batch.;http://www.kiel-triathlon.de;Official organizer website;http://www.kiel-triathlon.de;unclear;medium;monthly;2026-06-17;;Promoted from clean staging batch dtu-calendar-refresh.;
23. Rodgau Triathlon;Triathlon;16.08.2026;Rodgau;Germany;Rodgau, Germany;50.007;8.889;Triathlon;Official endurance event in Rodgau. Imported from verified staging batch.;http://tsv-dudenhofen.de/;Official organizer website;http://tsv-dudenhofen.de/;unclear;medium;monthly;2026-06-17;;Promoted from clean staging batch dtu-calendar-refresh.;
Triathlon Festival Rheinhessen;Triathlon;16.08.2026;Wörrstadt;Germany;Wörrstadt, Germany;49.832;8.106;Triathlon;Official endurance event in Wörrstadt. Imported from verified staging batch.;http://www.triathlon-festival-rheinhessen.com/;Official organizer website;http://www.triathlon-festival-rheinhessen.com/;unclear;medium;monthly;2026-06-17;;Promoted from clean staging batch dtu-calendar-refresh.;
3. Edermünder Triathlon;Triathlon;16.08.2026;Edermünde;Germany;Edermünde, Germany;51.216;9.414;Triathlon;Official endurance event in Edermünde. Imported from verified staging batch.;http://www.sc-edermuende.de;Official organizer website;http://www.sc-edermuende.de;unclear;medium;monthly;2026-06-17;;Promoted from clean staging batch dtu-calendar-refresh.;
31. Ilmenauer Teamtriathlon 2026;Triathlon;19.08.2026;Ilmenau;Germany;Ilmenau, Germany;50.741;10.944;Triathlon;Official endurance event in Ilmenau. Imported from verified staging batch.;http://www.teamtria.de;Official organizer website;http://www.teamtria.de;unclear;medium;monthly;2026-06-17;;Promoted from clean staging batch dtu-calendar-refresh.;
42. Viernheimer V-Card-Triathlon;Triathlon;22.08.2026;Viernheim;Germany;Viernheim, Germany;49.547;8.584;Triathlon;Official endurance event in Viernheim. Imported from verified staging batch.;http://www.viernheimer-triathlon.de/;Official organizer website;http://www.viernheimer-triathlon.de/;unclear;medium;monthly;2026-06-17;;Promoted from clean staging batch dtu-calendar-refresh.;
36. Elm-Lappwald Triathlon;Triathlon;22.08.2026;Helmstedt;Germany;Helmstedt, Germany;52.171;10.976;Triathlon;Official endurance event in Helmstedt. Imported from verified staging batch.;http://www.triathlon-helmstedt.de/;Official organizer website;http://www.triathlon-helmstedt.de/;unclear;medium;monthly;2026-06-17;;Promoted from clean staging batch dtu-calendar-refresh.;
Marathoncross um den Messerpokal;Ultramarathon;20.06.2026;Bad Liebenstein;Germany;Bad Liebenstein, Germany;50.8183801;10.3491578;10 km / 21 km / 42 km / 50 km;Official endurance event in Bad Liebenstein. Imported from verified staging batch.;http://www.pb-sb.de/P_Messerpokal.php;Official organizer website;http://www.pb-sb.de/P_Messerpokal.php;unclear;medium;monthly;2026-06-17;;Promoted from clean staging batch marathon-germany-expanded-refresh.;
Losheimer Trailfest;Ultramarathon;27.06.2026;Losheim am See;Germany;Losheim am See, Germany;49.5082531;6.7447054;12 km / 24 km / 47 km / 77 km;Official endurance event in Losheim am See. Imported from verified staging batch.;https://trailfest.de/;Official organizer website;https://trailfest.de/;unclear;medium;monthly;2026-06-17;;Promoted from clean staging batch marathon-germany-expanded-refresh.;
B. BRAUN Marathon;Running;28.06.2026;Tuttlingen;Germany;Tuttlingen, Germany;47.9844315;8.8186606;5 km / 10 km / 21 km / 42 km;Official endurance event in Tuttlingen. Imported from verified staging batch.;https://www.runundfun.de/wettbewerbe/aesculap-donautal-marathon/;Official organizer website;https://www.runundfun.de/wettbewerbe/aesculap-donautal-marathon/;unclear;medium;monthly;2026-06-17;;Promoted from clean staging batch marathon-germany-expanded-refresh.;
Maintal Ultratrail;Ultramarathon;18.07.2026;Veitshöchheim;Germany;Veitshöchheim, Germany;49.8324007;9.8723628;13 km / 30 km / 64 km;Official endurance event in Veitshöchheim. Imported from verified staging batch.;https://www.mtut.de/;Official organizer website;https://www.mtut.de/;unclear;medium;monthly;2026-06-17;;Promoted from clean staging batch marathon-germany-expanded-refresh.;
Sachsenwaldlauf;Running;06.09.2026;Schwarzenbek;Germany;Schwarzenbek, Germany;53.503122;10.4785643;3 km / 5 km / 10 km / 21 km;Official endurance event in Schwarzenbek. Imported from verified staging batch.;https://www.sachsenwaldlauf.de/;Official organizer website;https://www.sachsenwaldlauf.de/;unclear;medium;monthly;2026-06-17;;Promoted from clean staging batch marathon-germany-expanded-refresh.;
Südthüringentrail;Ultramarathon;12.09.2026;Suhl;Germany;Suhl, Germany;50.6086518;10.6926437;17 km / 48 km / 65 km;Official endurance event in Suhl. Imported from verified staging batch.;https://www.suedthueringen-trail.de/;Official organizer website;https://www.suedthueringen-trail.de/;unclear;medium;monthly;2026-06-17;;Promoted from clean staging batch marathon-germany-expanded-refresh.;
LIWA-LaufEvent;Running;18.04.2027;Lichtenwald-Hegenlohe;Germany;Lichtenwald-Hegenlohe, Germany;48.7338334;9.4766259;7 km / 10 km / 21 km / 42 km;Official endurance event in Lichtenwald-Hegenlohe. Imported from verified staging batch.;https://www.liwalauf.tsv-lichtenwald.de/;Official organizer website;https://www.liwalauf.tsv-lichtenwald.de/;unclear;medium;monthly;2026-06-17;;Promoted from clean staging batch marathon-germany-expanded-refresh.;
Meldorfer Brückenlauf;Running;01.05.2027;Meldorf;Germany;Meldorf, Germany;54.08988;9.070633;6 km / 9 km / 21 km;Official endurance event in Meldorf. Imported from verified staging batch.;https://www.meldorfer-brueckenlauf.de/;Official organizer website;https://www.meldorfer-brueckenlauf.de/;unclear;medium;monthly;2026-06-17;;Promoted from clean staging batch marathon-germany-expanded-refresh.;
Vatertagslauf in Rhaunen;Running;06.05.2027;Rhaunen;Germany;Rhaunen, Germany;49.8642489;7.3442701;2 km / 5 km / 10 km;Official endurance event in Rhaunen. Imported from verified staging batch.;http://www.vatertagslauf.de/;Official organizer website;http://www.vatertagslauf.de/;unclear;medium;monthly;2026-06-17;;Promoted from clean staging batch marathon-germany-expanded-refresh.;
Gutenberg Halbmarathon Mainz;Running;09.05.2027;Mainz;Germany;Mainz, Germany;49.9995205;8.2736253;10 km / 21 km;Official endurance event in Mainz. Imported from verified staging batch.;https://www.halbmarathon-mainz.de/;Official organizer website;https://www.halbmarathon-mainz.de/;unclear;medium;monthly;2026-06-17;;Promoted from clean staging batch marathon-germany-expanded-refresh.;
Gerolsteiner Helgoland Marathon;Running;22.05.2027;Helgoland;Germany;Helgoland, Germany;54.1820608;7.8876314;5 km / 42 km;Official endurance event in Helgoland. Imported from verified staging batch.;https://www.helgoland-marathon.com/;Official organizer website;https://www.helgoland-marathon.com/;unclear;medium;monthly;2026-06-17;;Promoted from clean staging batch marathon-germany-expanded-refresh.;
Sevilla Marathon;Running;21.02.2027;Sevilla;Spain;Sevilla, Spain;37.383606;-5.97997;42 km;Official endurance event in Sevilla. Imported from verified staging batch.;https://de.zurichmaratonsevilla.es/;Official organizer website;https://de.zurichmaratonsevilla.es/;unclear;medium;monthly;2026-06-17;;Promoted from clean staging batch marathon-europe-refresh.;
Malta Marathon;Running;28.02.2027;Mdina;Malta;Mdina, Malta;35.8858923;14.4025288;21 km / 42 km;Official endurance event in Mdina. Imported from verified staging batch.;https://www.maltamarathon.com/;Official organizer website;https://www.maltamarathon.com/;unclear;medium;monthly;2026-06-17;;Promoted from clean staging batch marathon-europe-refresh.;
Barcelona Marathon;Running;14.03.2027;Barcelona;Spain;Barcelona, Spain;41.403614;2.153082;42 km;Official endurance event in Barcelona. Imported from verified staging batch.;https://www.zurichmaratobarcelona.es/;Official organizer website;https://www.zurichmaratobarcelona.es/;unclear;medium;monthly;2026-06-17;;Promoted from clean staging batch marathon-europe-refresh.;
Rome Marathon;Running;14.03.2027;Rom;Italy;Rom, Italy;41.8933203;12.4829321;42 km;Official endurance event in Rom. Imported from verified staging batch.;https://www.runromethemarathon.com/;Official organizer website;https://www.runromethemarathon.com/;unclear;medium;monthly;2026-06-17;;Promoted from clean staging batch marathon-europe-refresh.;
Linz Donau Marathon;Running;11.04.2027;Linz;Austria;Linz, Austria;48.251885;14.3820384;5 km / 10 km / 21 km / 42 km;Official endurance event in Linz. Imported from verified staging batch.;https://www.linzmarathon.at/;Official organizer website;https://www.linzmarathon.at/;unclear;medium;monthly;2026-06-17;;Promoted from clean staging batch marathon-europe-refresh.;
Madrid Marathon;Running;25.04.2027;Madrid;Spain;Madrid, Spain;40.4174111;-3.7227046;10 km / 21 km / 42 km;Official endurance event in Madrid. Imported from verified staging batch.;https://rocknrollmadridrun.com/;Official organizer website;https://rocknrollmadridrun.com/;unclear;medium;monthly;2026-06-17;;Promoted from clean staging batch marathon-europe-refresh.;
London Marathon;Running;25.04.2027;London;UK;London, UK;51.5074456;-0.1277653;42 km;Official endurance event in London. Imported from verified staging batch.;https://www.tcslondonmarathon.com/;Official organizer website;https://www.tcslondonmarathon.com/;unclear;medium;monthly;2026-06-17;;Promoted from clean staging batch marathon-europe-refresh.;
Innsbruck Alpine Trailrun;Running;05.05.2027;Innsbruck;Austria;Innsbruck, Austria;47.2695153;11.3971372;13 km / 25 km / 32 km / 42 km;Official endurance event in Innsbruck. Imported from verified staging batch.;https://innsbruckalpine.at/;Official organizer website;https://innsbruckalpine.at/;unclear;medium;monthly;2026-06-17;;Promoted from clean staging batch marathon-europe-refresh.;
Generali Genf Marathon;Running;08.05.2027;Genf;Switzerland;Genf, Switzerland;46.2017559;6.1466014;5 km / 10 km / 21 km / 42 km;Official endurance event in Genf. Imported from verified staging batch.;https://generaligenevemarathon.com/;Official organizer website;https://generaligenevemarathon.com/;unclear;medium;monthly;2026-06-17;;Promoted from clean staging batch marathon-europe-refresh.;
Kopenhagen Marathon;Running;09.05.2027;Kopenhagen;Denmark;Kopenhagen, Denmark;55.6867243;12.5700724;42 km;Official endurance event in Kopenhagen. Imported from verified staging batch.;https://copenhagenmarathon.dk/;Official organizer website;https://copenhagenmarathon.dk/;unclear;medium;monthly;2026-06-17;;Promoted from clean staging batch marathon-europe-refresh.;
Swiss Irontrail;Ultramarathon;27.06.2026;Savognin;Switzerland;Savognin, Switzerland;46.5969026;9.5980124;20 km / 22 km / 55 km / 78 km;Official endurance event in Savognin. Imported from verified staging batch.;https://www.irontrail.ch/;Official organizer website;https://www.irontrail.ch/;unclear;medium;monthly;2026-06-17;;Promoted from clean staging batch marathon-de-all-refresh.;
Bernina Gletschermarathon;Running;03.07.2026;Pontresina;Switzerland;Pontresina, Switzerland;46.489993;9.9042965;42 km;Official endurance event in Pontresina. Imported from verified staging batch.;https://bernina.ultraks.com/;Official organizer website;https://bernina.ultraks.com/;unclear;medium;monthly;2026-06-17;;Promoted from clean staging batch marathon-de-all-refresh.;
Silvrettatrailrun 3000;Running;10.07.2026;Ischgl;Austria;Ischgl, Austria;47.0120228;10.2913166;11 km / 19 km / 30 km / 40 km;Official endurance event in Ischgl. Imported from verified staging batch.;https://www.paznaun-ischgl.com/de/Live-Info-Events/Top-Events/Silvrettarun-3000;Official organizer website;https://www.paznaun-ischgl.com/de/Live-Info-Events/Top-Events/Silvrettarun-3000;unclear;medium;monthly;2026-06-17;;Promoted from clean staging batch marathon-de-all-refresh.;
Gletscher Trailrun;Ultramarathon;16.07.2026;Obergurgl;Austria;Obergurgl, Austria;46.8711626;11.0282497;14 km / 26 km / 42 km / 62 km;Official endurance event in Obergurgl. Imported from verified staging batch.;https://www.oetztal-trailrunning.at/;Official organizer website;https://www.oetztal-trailrunning.at/;unclear;medium;monthly;2026-06-17;;Promoted from clean staging batch marathon-de-all-refresh.;
Grossglockner ULTRA-TRAIL;Ultramarathon;23.07.2026;Kaprun;Austria;Kaprun, Austria;47.2713898;12.7573679;14 km / 37 km / 57 km / 84 km;Official endurance event in Kaprun. Imported from verified staging batch.;https://www.ultratrail.at/;Official organizer website;https://www.ultratrail.at/;unclear;medium;monthly;2026-06-17;;Promoted from clean staging batch marathon-de-all-refresh.;
Davos X-Trails;Ultramarathon;24.07.2026;Davos;Switzerland;Davos, Switzerland;46.796198;9.8236892;10 km / 23 km / 43 km / 68 km;Official endurance event in Davos. Imported from verified staging batch.;https://www.davos-xtrails.ch/;Official organizer website;https://www.davos-xtrails.ch/;unclear;medium;monthly;2026-06-17;;Promoted from clean staging batch marathon-de-all-refresh.;
Gondo Marathon;Ultramarathon;08.08.2026;Gondo;Switzerland;Gondo, Switzerland;46.1958512;8.1399499;28 km / 42 km / 84 km;Official endurance event in Gondo. Imported from verified staging batch.;https://www.gondo-marathon.ch/de/;Official organizer website;https://www.gondo-marathon.ch/de/;unclear;medium;monthly;2026-06-17;;Promoted from clean staging batch marathon-de-all-refresh.;
Helsinki Marathon;Running;22.08.2026;Helsinki;Finland;Helsinki, Finland;60.1666204;24.9435408;10 km / 21 km / 42 km;Official endurance event in Helsinki. Imported from verified staging batch.;https://www.helsinkimarathon.fi/;Official organizer website;https://www.helsinkimarathon.fi/;unclear;medium;monthly;2026-06-17;;Promoted from clean staging batch marathon-de-all-refresh.;
Reykjavik Marathon;Running;22.08.2026;Reykjavik;Iceland;Reykjavik, Iceland;64.145981;-21.9422367;10 km / 21 km / 42 km;Official endurance event in Reykjavik. Imported from verified staging batch.;https://www.rmi.is/;Official organizer website;https://www.rmi.is/;unclear;medium;monthly;2026-06-17;;Promoted from clean staging batch marathon-de-all-refresh.;
Kleine Zeitung Wörthersee Halbmarathon;Running;30.08.2026;Klagenfurt;Austria;Klagenfurt, Austria;46.623943;14.3075976;10 km / 21 km;Official endurance event in Klagenfurt. Imported from verified staging batch.;https://www.kaerntenlaeuft.at/;Official organizer website;https://www.kaerntenlaeuft.at/;unclear;medium;monthly;2026-06-17;;Promoted from clean staging batch marathon-de-all-refresh.;
Torlauf Dachstein;Running;05.09.2026;Ramsau am Dachstein;Austria;Ramsau am Dachstein, Austria;47.4217532;13.6531171;10 km / 21 km / 42 km;Official endurance event in Ramsau am Dachstein. Imported from verified staging batch.;https://www.torlauf-dachstein.info/;Official organizer website;https://www.torlauf-dachstein.info/;unclear;medium;monthly;2026-06-17;;Promoted from clean staging batch marathon-de-all-refresh.;
Bukarest Marathon;Running;11.10.2026;Bukarest;Romania;Bukarest, Romania;44.4361414;26.102684;10 km / 21 km / 42 km;Official endurance event in Bukarest. Imported from verified staging batch.;https://bucharest-marathon.com/;Official organizer website;https://bucharest-marathon.com/;unclear;medium;monthly;2026-06-17;;Promoted from clean staging batch marathon-de-all-refresh.;
Ascona-Locarno Run;Running;11.10.2026;Ascona;Switzerland;Ascona, Switzerland;46.1554222;8.7707865;5 km / 10 km / 21 km;Official endurance event in Ascona. Imported from verified staging batch.;https://www.ascona-locarno-run.ch/;Official organizer website;https://www.ascona-locarno-run.ch/;unclear;medium;monthly;2026-06-17;;Promoted from clean staging batch marathon-de-all-refresh.;
Budapest Marathon;Running;11.10.2026;Budapest;Hungary;Budapest, Hungary;47.4978789;19.0402383;14 km / 30 km / 42 km;Official endurance event in Budapest. Imported from verified staging batch.;https://marathon.runinbudapest.com/;Official organizer website;https://marathon.runinbudapest.com/;unclear;medium;monthly;2026-06-17;;Promoted from clean staging batch marathon-de-all-refresh.;
Salzkammergut Marathon;Running;17.10.2026;St. Wolfgang;Austria;St. Wolfgang, Austria;47.7378747;13.448274;5 km / 10 km / 27 km / 42 km;Official endurance event in St. Wolfgang. Imported from verified staging batch.;http://www.wolfgangseelauf.at/;Official organizer website;http://www.wolfgangseelauf.at/;unclear;medium;monthly;2026-06-17;;Promoted from clean staging batch marathon-de-all-refresh.;
Palma Marathon;Running;18.10.2026;Palma de Mallorca;Spain;Palma de Mallorca, Spain;39.5695818;2.6500745;9 km / 21 km / 42 km;Official endurance event in Palma de Mallorca. Imported from verified staging batch.;https://www.palmademallorcamarathon.com/;Official organizer website;https://www.palmademallorcamarathon.com/;unclear;medium;monthly;2026-06-17;;Promoted from clean staging batch marathon-de-all-refresh.;
Antwerpen Marathon;Running;18.10.2026;Antwerpen;Belgium;Antwerpen, Belgium;51.2211097;4.3997081;8 km / 21 km / 42 km;Official endurance event in Antwerpen. Imported from verified staging batch.;https://antwerpmarathon.com/;Official organizer website;https://antwerpmarathon.com/;unclear;medium;monthly;2026-06-17;;Promoted from clean staging batch marathon-de-all-refresh.;
Dublin Marathon;Running;25.10.2026;Dublin;Ireland;Dublin, Ireland;53.3493795;-6.2605593;42 km;Official endurance event in Dublin. Imported from verified staging batch.;https://irishlifedublinmarathon.ie/;Official organizer website;https://irishlifedublinmarathon.ie/;unclear;medium;monthly;2026-06-17;;Promoted from clean staging batch marathon-de-all-refresh.;
Athen Marathon;Running;08.11.2026;Athen;Greece;Athen, Greece;37.9755648;23.7348324;5 km / 10 km / 42 km;Official endurance event in Athen. Imported from verified staging batch.;https://www.athensauthenticmarathon.gr/;Official organizer website;https://www.athensauthenticmarathon.gr/;unclear;medium;monthly;2026-06-17;;Promoted from clean staging batch marathon-de-all-refresh.;
Verona Run Marathon;Running;15.11.2026;Verona;Italy;Verona, Italy;45.4384958;10.9924122;10 km / 21 km / 42 km;Official endurance event in Verona. Imported from verified staging batch.;https://www.veronarunmarathon.it/;Official organizer website;https://www.veronarunmarathon.it/;unclear;medium;monthly;2026-06-17;;Promoted from clean staging batch marathon-de-all-refresh.;
Welschlauf Südsteiermark;Running;01.05.2027;Ehrenhausen-Wies;Austria;Ehrenhausen-Wies, Austria;46.722456;15.58452;12 km / 21 km / 42 km;Official endurance event in Ehrenhausen-Wies. Imported from verified staging batch.;https://www.welschlauf.com/;Official organizer website;https://www.welschlauf.com/;unclear;medium;monthly;2026-06-17;;Promoted from clean staging batch marathon-de-all-refresh.;
Zugspitz Ultratrail Garmisch-Partenkirchen;Ultramarathon;18.06.2026;Garmisch-Partenkirchen;Germany;Garmisch-Partenkirchen, Germany;47.482204;11.116756;161 km;Official endurance event in Garmisch-Partenkirchen. Imported from verified staging batch.;https://www.zugspitz-ultratrail.com/;Official organizer website;https://www.runnersworld.de/laufkalender/zugspitz-ultratrail-garmisch-partenkirchen/;unclear;medium;monthly;2026-06-17;;Promoted from clean staging batch runnersworld-germany-batch-01.;
Vienna Summer Night Race;Running;18.06.2026;Wien;Austria;Wien, Austria;48.216704;16.393019;5 km, 10 km;Official endurance event in Wien. Imported from verified staging batch.;https://www.lcc-wien.at/;Official organizer website;https://www.runnersworld.de/laufkalender/vienna-summer-night-race/;unclear;medium;monthly;2026-06-17;;Promoted from clean staging batch runnersworld-germany-batch-01.;
CampUS Run Stuttgart;Running;18.06.2026;Stuttgart;Germany;Stuttgart, Germany;48.7413921;9.0951792;12 km, 6 km;Official endurance event in Stuttgart. Imported from verified staging batch.;https://www.hochschulsport.uni-stuttgart.de/event/tk-campus-cup/;Official organizer website;https://www.runnersworld.de/laufkalender/campus-run-stuttgart/;unclear;medium;monthly;2026-06-17;;Promoted from clean staging batch runnersworld-germany-batch-01.;
Legdener Mittsommernachtslauf;Running;19.06.2026;Legden;Germany;Legden, Germany;52.037936;7.1037835;5 km, 10 km;Official endurance event in Legden. Imported from verified staging batch.;https://susvolkslauf.chayns.site/;Official organizer website;https://www.runnersworld.de/laufkalender/legdener-mittsommernachtslauf/;unclear;medium;monthly;2026-06-17;;Promoted from clean staging batch runnersworld-germany-batch-01.;
MidSummerRun Hamburg;Running;19.06.2026;Hamburg;Germany;Hamburg, Germany;53.643053;10.073764;5 km, 10 km;Official endurance event in Hamburg. Imported from verified staging batch.;https://www.lauftreff-alstertal.de/midsummerrun;Official organizer website;https://www.lauftreff-alstertal.de/midsummerrun;registration_open;medium;monthly;2026-06-17;;Promoted from clean staging batch runnersworld-germany-batch-01. Official organizer page confirms 19.06.2026, 5 km and 10 km. Unconfirmed Mittsommerlauf Hamburg 2026 row removed.;
Sonnenwendlauf Markkleeberg Winter-Edition;Running;19.06.2026;Markkleeberg;Germany;Markkleeberg, Germany;51.2785751;12.3718819;10 km;Official endurance event in Markkleeberg. Imported from verified staging batch.;https://www.sparkassen-sonnenwendlauf.de/;Official organizer website;https://www.runnersworld.de/laufkalender/sonnenwendlauf-markkleeberg-winter-edition/;unclear;medium;monthly;2026-06-17;;Promoted from clean staging batch runnersworld-germany-batch-01.;
Altstadtlauf Heppenheim;Running;19.06.2026;Heppenheim;Germany;Heppenheim, Germany;49.6423321;8.642148;5 km, 10 km;Official endurance event in Heppenheim. Imported from verified staging batch.;https://www.altstadtlauf-heppenheim.com/;Official organizer website;https://www.runnersworld.de/laufkalender/altstadtlaufheppenheim/;unclear;medium;monthly;2026-06-17;;Promoted from clean staging batch runnersworld-germany-batch-01.;
Wallauer Mittsommerlauf;Running;19.06.2026;Hofheim-Wallau;Germany;Hofheim-Wallau, Germany;50.0640791;8.3648901;10 km;Official endurance event in Hofheim-Wallau. Imported from verified staging batch.;https://www.mittsommerlauf.de/;Official organizer website;https://www.runnersworld.de/laufkalender/wallauer-mittsommerlauf/;unclear;medium;monthly;2026-06-17;;Promoted from clean staging batch runnersworld-germany-batch-01.;
Seelbach-Schwarzwald-Sonnwendlauf;Running;19.06.2026;Seelbach;Germany;Seelbach, Germany;48.31018;7.938145;5 km, 10 km;Official endurance event in Seelbach. Imported from verified staging batch.;https://www.sonnwendlauf-seelbach.de/;Official organizer website;https://www.runnersworld.de/laufkalender/sonnwendlaufseelbach/;unclear;medium;monthly;2026-06-17;;Promoted from clean staging batch runnersworld-germany-batch-01.;
Burgberglauf Gehrden;Running;20.06.2026;Gehrden;Germany;Gehrden, Germany;52.313508;9.6008438;10 km;Official endurance event in Gehrden. Imported from verified staging batch.;https://www.burgberglauf.de/;Official organizer website;https://www.runnersworld.de/laufkalender/burgberglauf-gehrden/;unclear;medium;monthly;2026-06-17;;Promoted from clean staging batch runnersworld-germany-batch-01.;
Horremer Abendlauf Kerpen;Running;20.06.2026;Kerpen;Germany;Kerpen, Germany;50.911261;6.7107268;5 km, 10 km;Official endurance event in Kerpen. Imported from verified staging batch.;https://www.horremer-abendlauf.de/;Official organizer website;https://www.runnersworld.de/laufkalender/horremerabendlauf/;unclear;medium;monthly;2026-06-17;;Promoted from clean staging batch runnersworld-germany-batch-01.;
Traunsee-Halbmarathon Ebensee - Gmunden;Running;20.06.2026;Ebensee;Germany;Ebensee, Germany;49.4678319;11.138458;Half Marathon, Marathon;Official endurance event in Ebensee. Imported from verified staging batch.;https://www.traunsee-halbmarathon.at/;Official organizer website;https://www.runnersworld.de/laufkalender/traunsee-halbmarathon-ebensee-gmunden/;unclear;medium;monthly;2026-06-17;;Promoted from clean staging batch runnersworld-germany-batch-02. Location QA: coordinates repaired using city geocoding (Ebensee, Germany).;
Muddy Angel Run Dresden;Running;20.06.2026;Dresden;Germany;Dresden, Germany;51.022816;13.79697;5 km;Official endurance event in Dresden. Imported from verified staging batch.;https://de.muddyangelrun.com/;Official organizer website;https://www.runnersworld.de/laufkalender/muddy-angel-run-dresden/;unclear;medium;monthly;2026-06-17;;Promoted from clean staging batch runnersworld-germany-batch-02.;
Nordseelauf;Running;20.06.2026;Greetsiel;Germany;Greetsiel, Germany;53.4999753;7.0906967;10 km;Official endurance event in Greetsiel. Imported from verified staging batch.;https://www.nordseelauf.de/;Official organizer website;https://www.runnersworld.de/laufkalender/nordseelauf/;unclear;medium;monthly;2026-06-17;;Promoted from clean staging batch runnersworld-germany-batch-02.;
Rats-Run Sulzbach-Rosenberg;Running;21.06.2026;Sulzbach-Rosenberg;Germany;Sulzbach-Rosenberg, Germany;49.4988014;11.7290848;10 km;Official endurance event in Sulzbach-Rosenberg. Imported from verified staging batch.;https://www.rats-runners.de/;Official organizer website;https://www.runnersworld.de/laufkalender/rats-run-sulzbach-rosenberg/;unclear;medium;monthly;2026-06-17;;Promoted from clean staging batch runnersworld-germany-batch-02.;
Mittsommerlauf Düsseldorf;Running;21.06.2026;Düsseldorf;Germany;Düsseldorf, Germany;51.1939081;6.8848126;6 km, 12 km;Official endurance event in Düsseldorf. Imported from verified staging batch.;https://mittsommerlauf-duesseldorf.de/;Official organizer website;https://www.runnersworld.de/laufkalender/mittsommerlauf-duesseldorf/;unclear;medium;monthly;2026-06-17;;Promoted from clean staging batch runnersworld-germany-batch-02.;
Vechtdal Trail Ommen;Ultramarathon;20.06.2026;Ommen;Germany;Ommen, Germany;53.675278;7.811668;50 km;Official endurance event in Ommen. Imported from verified staging batch.;https://vechtdaltrail.nl/;Official organizer website;https://www.runnersworld.de/laufkalender/vechtdal-trail/;unclear;medium;monthly;2026-06-17;;Promoted from clean staging batch runnersworld-germany-batch-02. Location QA: coordinates repaired using city geocoding (Ommen, Germany).;
Allgäu Mittsommer Marsch Sonthofen;Ultramarathon;21.06.2026;Sonthofen;Germany;Sonthofen, Germany;47.5106828;10.2749642;64 km;Official endurance event in Sonthofen. Imported from verified staging batch.;https://www.allgaeu-mittsommer-marsch.de/;Official organizer website;https://www.runnersworld.de/laufkalender/allgaeu-mittsommer-marsch-sonthofen/;unclear;medium;monthly;2026-06-17;;Promoted from clean staging batch runnersworld-germany-batch-02.;
Indeland-Triathlon Eschweiler;Running;21.06.2026;Eschweiler;Germany;Eschweiler, Germany;50.8521731;6.2642036;5 km, 10 km, Half Marathon;Official endurance event in Eschweiler. Imported from verified staging batch.;https://www.indeland-triathlon.de/;Official organizer website;https://www.runnersworld.de/laufkalender/indeland-triathlon-eschweiler/;unclear;medium;monthly;2026-06-17;;Promoted from clean staging batch runnersworld-germany-batch-02.;
Überlingen Run;Running;21.06.2026;Überlingen;Germany;Überlingen, Germany;47.7689472;9.1450754;10 km, Half Marathon;Official endurance event in Überlingen. Imported from verified staging batch.;https://www.mcd-sportmarketing.de/volksbank-%C3%BCberlingen-run-2026-1/;Official organizer website;https://www.runnersworld.de/laufkalender/ueberlingen-run/;unclear;medium;monthly;2026-06-17;;Promoted from clean staging batch runnersworld-germany-batch-02.;
Ratschings Mountain Trails;Running;21.06.2026;Ratschings;Germany;Ratschings, Germany;51.267923;6.532901;17.7 km, 27 km;Official endurance event in Ratschings. Imported from verified staging batch.;https://www.ratschings-mountaintrail.it/;Official organizer website;https://www.runnersworld.de/laufkalender/ratschings-mountain-trails/;unclear;medium;monthly;2026-06-17;;Promoted from clean staging batch runnersworld-germany-batch-02.;
Campus Run Berlin;Running;25.06.2026;Berlin;Germany;Berlin, Germany;52.453169;13.291379;5 km, 10 km;Official endurance event in Berlin. Imported from verified staging batch.;https://www.campusrun-berlin.de/;Official organizer website;https://www.runnersworld.de/laufkalender/campus-run-berlin/;unclear;medium;monthly;2026-06-17;;Promoted from clean staging batch runnersworld-germany-batch-03.;
Kaiserkrone Trail Scheffau;Running;26.06.2026;Scheffau am Wilden Kaiser;Germany;Scheffau am Wilden Kaiser, Germany;50.121784;8.680719;Half Marathon, 56.1 km;Official endurance event in Scheffau am Wilden Kaiser. Imported from verified staging batch.;https://www.kaiserkrone.run/;Official organizer website;https://www.runnersworld.de/laufkalender/kaiserkrone-trail-scheffau/;unclear;medium;monthly;2026-06-17;;Promoted from clean staging batch runnersworld-germany-batch-03.;
Midnight Run Reykjavík 104 Reykjavík 21,1 km, 10 km, 5 km;Running;25.06.2026;IS 104 Reykjavík;Germany;IS 104 Reykjavík, Germany;51.1937835;6.4334846;5 km, 10 km, Half Marathon;Official endurance event in IS 104 Reykjavík. Imported from verified staging batch.;https://www.marathon.is/;Official organizer website;https://www.runnersworld.de/laufkalender/midnight-run-reykjavik/;unclear;medium;monthly;2026-06-17;;Promoted from clean staging batch runnersworld-germany-batch-03.;
Altstadtfestlauf Lauf an der Pegnitz;Running;26.06.2026;Lauf an der Pegnitz;Germany;Lauf an der Pegnitz, Germany;49.5114086;11.2789722;5 km, 10 km;Official endurance event in Lauf an der Pegnitz. Imported from verified staging batch.;https://www.skiclub-lauf.de/;Official organizer website;https://www.runnersworld.de/laufkalender/altstadtfestlauf-lauf-an-der-pegnitz/;unclear;medium;monthly;2026-06-17;;Promoted from clean staging batch runnersworld-germany-batch-03.;
Steinhuder Meer-Triathlon;Running;25.06.2026;Steinhude;Germany;Steinhude, Germany;52.45276;9.3497397;5 km, Half Marathon;Official endurance event in Steinhude. Imported from verified staging batch.;https://www.steinhudermeer-triathlon.de/;Official organizer website;https://www.runnersworld.de/laufkalender/steinhuder-meer-triathlon/;unclear;medium;monthly;2026-06-17;;Promoted from clean staging batch runnersworld-germany-batch-03.;
Xletix Challenge Tirol;Running;27.06.2026;Kühtai;Germany;Kühtai, Germany;53.2497728;10.4197721;18 km, 6 km, 12 km;Official endurance event in Kühtai. Imported from verified staging batch.;https://de.xletix.com/;Official organizer website;https://www.runnersworld.de/laufkalender/xletix-challenge-tirol/;unclear;medium;monthly;2026-06-17;;Promoted from clean staging batch runnersworld-germany-batch-03.;
Sauwald Trail Schardenberg;Running;27.06.2026;Schardenberg;Germany;Schardenberg, Germany;51.4539468;6.4648177;46 km;Official endurance event in Schardenberg. Imported from verified staging batch.;https://www.sauwaldtrail.at/;Official organizer website;https://www.runnersworld.de/laufkalender/sauwald-trail-schardenberg/;unclear;medium;monthly;2026-06-17;;Promoted from clean staging batch runnersworld-germany-batch-03. Location QA: coordinates repaired using city geocoding (Schardenberg, Germany).;
X-Trail-Breitnau;Running;27.06.2026;Breitnau;Germany;Breitnau, Germany;47.9392607;8.0789154;10 km;Official endurance event in Breitnau. Imported from verified staging batch.;https://xtrail-breitnau.de/;Official organizer website;https://www.runnersworld.de/laufkalender/x-trail-breitnau/;unclear;medium;monthly;2026-06-17;;Promoted from clean staging batch runnersworld-germany-batch-04.;
SachsenTrail Breitenbrunn;Ultramarathon;27.06.2026;Breitenbrunn;Germany;Breitenbrunn, Germany;48.1359081;10.4020197;75 km;Official endurance event in Breitenbrunn. Imported from verified staging batch.;https://www.sachsentrail.de/;Official organizer website;https://www.runnersworld.de/laufkalender/sachsen-trail-breitenbrunn/;unclear;medium;monthly;2026-06-17;;Promoted from clean staging batch runnersworld-germany-batch-04. Location QA: coordinates repaired using city geocoding (Breitenbrunn, Germany).;
Lungauer Tauern Krone Challenge Tamsweg;Running;27.06.2026;Tamsweg;Germany;Tamsweg, Germany;49.554866;9.494958;10 km, Marathon;Official endurance event in Tamsweg. Imported from verified staging batch.;https://www.tauernkrone-challenge.at/lungauertauernkrone;Official organizer website;https://www.runnersworld.de/laufkalender/lungauer-tauern-krone-challenge-tamsweg/;unclear;medium;monthly;2026-06-17;;Promoted from clean staging batch runnersworld-germany-batch-04.;
Montafon-Arlberg-Marathon;Running;27.06.2026;St. Anton;Germany;St. Anton, Germany;51.2341228;6.2472597;Marathon;Official endurance event in St. Anton. Imported from verified staging batch.;https://www.montafon-arlberg-marathon.com/;Official organizer website;https://www.runnersworld.de/laufkalender/montafonarlbergmarathon/;unclear;medium;monthly;2026-06-17;;Promoted from clean staging batch runnersworld-germany-batch-04.;
Bever-Lauf Ostbevern;Running;27.06.2026;Ostbevern;Germany;Ostbevern, Germany;52.0320649;7.8439684;5 km, 10 km, Half Marathon;Official endurance event in Ostbevern. Imported from verified staging batch.;https://beverlauf.bsv-ostbevern.de/;Official organizer website;https://www.runnersworld.de/laufkalender/bever-lauf-ostbevern/;unclear;medium;monthly;2026-06-17;;Promoted from clean staging batch runnersworld-germany-batch-04.;
Gettingtough Oberhof;Running;27.06.2026;Oberhof;Germany;Oberhof, Germany;50.7073269;10.7244444;5 km, 10 km;Official endurance event in Oberhof. Imported from verified staging batch.;https://www.gettingtough-race.de/oberhof;Official organizer website;https://www.runnersworld.de/laufkalender/gettingtough-oberhof/;unclear;medium;monthly;2026-06-17;;Promoted from clean staging batch runnersworld-germany-batch-04.;
Aletsch Halbmarathon Bettmeralp;Running;28.06.2026;Bettmeralp;Germany;Bettmeralp, Germany;48.751635;9.145575;Half Marathon;Official endurance event in Bettmeralp. Imported from verified staging batch.;https://www.aletsch-halbmarathon.ch/;Official organizer website;https://www.runnersworld.de/laufkalender/aletschhalbmarathonbettmeralp/;unclear;medium;monthly;2026-06-17;;Promoted from clean staging batch runnersworld-germany-batch-04.;
Sunrise Run Düsseldorf;Running;28.06.2026;Düsseldorf;Germany;Düsseldorf, Germany;51.1825569;6.9111903;5 km, 10 km;Official endurance event in Düsseldorf. Imported from verified staging batch.;https://www.vabali.de/duesseldorf/sunriserun/;Official organizer website;https://www.runnersworld.de/laufkalender/sunrise-run-duesseldorf/;unclear;medium;monthly;2026-06-17;;Promoted from clean staging batch runnersworld-germany-batch-04.;
Schwalbacher Volkslauf Lauf gegen Armut;Running;28.06.2026;Schwalbach;Germany;Schwalbach, Germany;49.3027081;6.8220722;10 km;Official endurance event in Schwalbach. Imported from verified staging batch.;https://www.tgschwalbach.de/de/volkslauf;Official organizer website;https://www.runnersworld.de/laufkalender/schwalbacher-volkslauf-lauf-gegen-armut/;unclear;medium;monthly;2026-06-17;;Promoted from clean staging batch runnersworld-germany-batch-04. Location QA: coordinates repaired using city geocoding (Schwalbach, Germany).;
Steinwiesenlauf Hamburg;Running;05.07.2026;Ellerbek;Germany;Ellerbek, Germany;53.647635;9.888435;10 km;Official endurance event in Ellerbek. Imported from verified staging batch.;https://lauftreff.sve-hamburg.de/6-steinwiesenlauf-ausschreibung/;Official organizer website;https://www.runnersworld.de/laufkalender/steinwiesenlauf-hamburg/;unclear;medium;monthly;2026-06-17;;Promoted from clean staging batch runnersworld-germany-batch-07.;
Eßlinger Zeitung-Lauf;Running;05.07.2026;Esslingen;Germany;Esslingen, Germany;49.9148248;6.5271659;10 km;Official endurance event in Esslingen. Imported from verified staging batch.;https://www.esslinger-zeitung.de/sport/ez-lauf;Official organizer website;https://www.runnersworld.de/laufkalender/esslingerzeitunglauf/;unclear;medium;monthly;2026-06-17;;Promoted from clean staging batch runnersworld-germany-batch-07. Location QA: coordinates repaired using city geocoding (Esslingen, Germany).;
Stadionlauf Köln;Running;05.07.2026;Köln;Germany;Köln, Germany;50.9335055;6.8751167;5 km, 10 km, Half Marathon;Official endurance event in Köln. Imported from verified staging batch.;https://www.stadionlauf-koeln.de/;Official organizer website;https://www.runnersworld.de/laufkalender/stadionlaufkoeln/;unclear;medium;monthly;2026-06-17;;Promoted from clean staging batch runnersworld-germany-batch-07.;
Kraftsolmser Dorflauf Waldsolms;Running;05.07.2026;Waldsolms;Germany;Waldsolms, Germany;50.4556612;8.4567897;5 km, 10 km;Official endurance event in Waldsolms. Imported from verified staging batch.;https://www.sfkraftsolms.de/;Official organizer website;https://www.runnersworld.de/laufkalender/kraftsolmser-dorflauf-waldsolms/;unclear;medium;monthly;2026-06-17;;Promoted from clean staging batch runnersworld-germany-batch-07.;
Seiser-Alm-Halbmarathon;Running;05.07.2026;Kastelruh;Germany;Kastelruh, Germany;48.4840274;11.7938661;Half Marathon;Official endurance event in Kastelruh. Imported from verified staging batch.;https://running.seiseralm.it/de/halbmarathon.html;Official organizer website;https://www.runnersworld.de/laufkalender/seiser-alm-halbmarathon/;unclear;medium;monthly;2026-06-17;;Promoted from clean staging batch runnersworld-germany-batch-07. Location QA: coordinates repaired using city geocoding (Kastelruh, Germany).;
City Run Münster;Running;05.07.2026;Münster;Germany;Münster, Germany;51.96133242426577;7.626396022676501;5 km, 10 km;Official endurance event in Münster. Imported from verified staging batch.;https://www.zfs-muenster-city-run.de/;Official organizer website;https://www.runnersworld.de/laufkalender/cityrunmuenster/;unclear;medium;monthly;2026-06-17;;Promoted from clean staging batch runnersworld-germany-batch-07.;
Ultra-Trail Val d'Aran Pyrenees;Ultramarathon;05.07.2026;Viehla e Mijaran;Germany;Viehla e Mijaran, Germany;53.3491002;9.7267152;110 km, 163 km, 55 km;Official endurance event in Viehla e Mijaran. Imported from verified staging batch.;https://valdaran.utmb.world/event/vda;Official organizer website;https://www.runnersworld.de/laufkalender/ultra-trail-val-d-aran-pyrenees/;unclear;medium;monthly;2026-06-17;;Promoted from clean staging batch runnersworld-germany-batch-07. Location QA: coordinates repaired using city geocoding (Viehla e Mijaran, Germany).;
Staffelsee-Panoramalauf Murnau;Running;05.07.2026;Murnau;Germany;Murnau, Germany;47.684213;11.185316;5 km, 10 km;Official endurance event in Murnau. Imported from verified staging batch.;https://www.lgstaffelseemurnau.run/7-staffelseelauf-2025/;Official organizer website;https://www.runnersworld.de/laufkalender/staffelsee-panoramalauf-murnau/;unclear;medium;monthly;2026-06-17;;Promoted from clean staging batch runnersworld-germany-batch-07.;
Kirchweihlauf Neuendettelsau;Running;05.07.2026;Neuendettelsau;Germany;Neuendettelsau, Germany;49.2865466;10.787586;10 km;Official endurance event in Neuendettelsau. Imported from verified staging batch.;https://leichtathletik.tsc-neuendettelsau.de/veranstaltungen/;Official organizer website;https://www.runnersworld.de/laufkalender/kirchweihlauf-neuendettelsau/;unclear;medium;monthly;2026-06-17;;Promoted from clean staging batch runnersworld-germany-batch-07.;
Sonthofer Citylauf;Running;10.07.2026;Sonthofen;Germany;Sonthofen, Germany;47.512886;10.2791548;5 km;Official endurance event in Sonthofen. Imported from verified staging batch.;https://www.tsv-sonthofen.de/seite/829330/citylauf.html;Official organizer website;https://www.runnersworld.de/laufkalender/sonthofercitylauf/;unclear;medium;monthly;2026-06-17;;Promoted from clean staging batch runnersworld-germany-batch-07.;
Gran Trail Courmayeur;Ultramarathon;10.07.2026;Courmayeur;Germany;Courmayeur, Germany;52.5190043;13.409291;101 km;Official endurance event in Courmayeur. Imported from verified staging batch.;https://www.gtcourmayeur.com/en/gran-trail-courmayeur/;Official organizer website;https://www.runnersworld.de/laufkalender/gran-trail-courmayeur/;unclear;medium;monthly;2026-06-17;;Promoted from clean staging batch runnersworld-germany-batch-07.;
Altstadtlauf Köln;Running;10.07.2026;Köln;Germany;Köln, Germany;50.9319828;6.9644356;5 km, 10 km;Official endurance event in Köln. Imported from verified staging batch.;https://www.altstadtlauf-koeln.de/;Official organizer website;https://www.runnersworld.de/laufkalender/altstadtlaufkoeln/;unclear;medium;monthly;2026-06-17;;Promoted from clean staging batch runnersworld-germany-batch-07.;
Burbacher Windecklauf;Running;10.07.2026;Marxzell-Burbach;Germany;Marxzell-Burbach, Germany;48.8758167;8.436951;5 km, 10 km;Official endurance event in Marxzell-Burbach. Imported from verified staging batch.;https://sv-burbach.de/;Official organizer website;https://www.runnersworld.de/laufkalender/burbacher-windecklauf/;unclear;medium;monthly;2026-06-17;;Promoted from clean staging batch runnersworld-germany-batch-07.;
Trail Verbier St-Bernard;Ultramarathon;10.07.2026;Verbier;Germany;Verbier, Germany;50.5995659;8.8793986;140 km;Official endurance event in Verbier. Imported from verified staging batch.;https://trailvsb.com/;Official organizer website;https://www.runnersworld.de/laufkalender/trail-verbier-st-bernard/;unclear;medium;monthly;2026-06-17;;Promoted from clean staging batch runnersworld-germany-batch-08.;
Rosengarten Schlern Skymarathon Tiers;Running;11.07.2026;Tiers;Germany;Tiers, Germany;49.044733;9.6472364;Marathon, 46 km;Official endurance event in Tiers. Imported from verified staging batch.;https://www.skymarathontiers.it/;Official organizer website;https://www.runnersworld.de/laufkalender/rosengarten-schlern-skymarathon-tiers/;unclear;medium;monthly;2026-06-17;;Promoted from clean staging batch runnersworld-germany-batch-08. Location QA: coordinates repaired using city geocoding (Tiers, Germany).;
Steinenberger Waldlauf;Running;12.07.2026;Steinenberg;Germany;Steinenberg, Germany;48.8597111;9.5499317;Half Marathon;Official endurance event in Steinenberg. Imported from verified staging batch.;https://www.sportfreunde-steinenberg.de/;Official organizer website;https://www.runnersworld.de/laufkalender/steinenbergerwaldlauf/;unclear;medium;monthly;2026-06-17;;Promoted from clean staging batch runnersworld-germany-batch-08.;
Stadtlauf Fürstenfeldbruck;Running;12.07.2026;Fürstenfeldbruck;Germany;Fürstenfeldbruck, Germany;48.1777704;11.2523221;5 km, 10 km, Half Marathon;Official endurance event in Fürstenfeldbruck. Imported from verified staging batch.;https://www.hardys-freizeit.de/hardys-stadtlauf-fuerstenfeldbruck-2026;Official organizer website;https://www.runnersworld.de/laufkalender/stadtlauf-fuerstenfeldbruck/;unclear;medium;monthly;2026-06-17;;Promoted from clean staging batch runnersworld-germany-batch-08.;
City Trail Essen;Running;12.07.2026;Essen;Germany;Essen, Germany;51.4570387;7.0092077;10 km;Official endurance event in Essen. Imported from verified staging batch.;https://www.essen-city-trail.de/;Official organizer website;https://www.runnersworld.de/laufkalender/city-trail-essen/;unclear;medium;monthly;2026-06-17;;Promoted from clean staging batch runnersworld-germany-batch-08.;
Stadtlauf Düren;Running;12.07.2026;Düren;Germany;Düren, Germany;50.801834;6.48195;5 km, 10 km;Official endurance event in Düren. Imported from verified staging batch.;https://stadtlauf-dueren.de/;Official organizer website;https://www.runnersworld.de/laufkalender/stadtlauf-dueren/;unclear;medium;monthly;2026-06-17;;Promoted from clean staging batch runnersworld-germany-batch-08.;
Eiger Ultra Trail Grindelwald;Ultramarathon;15.07.2026;Grindelwald;Germany;Grindelwald, Germany;52.564367;13.350772;250 km;Official endurance event in Grindelwald. Imported from verified staging batch.;https://www.eigerultratrail.ch/;Official organizer website;https://www.runnersworld.de/laufkalender/eiger-ultra-trail-grindelwald/;unclear;medium;monthly;2026-06-17;;Promoted from clean staging batch runnersworld-germany-batch-08. Location QA: coordinates repaired using city geocoding (Grindelwald, Germany).;
Altstadtlauf Reutlingen;Running;17.07.2026;Reutlingen;Germany;Reutlingen, Germany;48.4917556;9.2118276;5 km, 10 km;Official endurance event in Reutlingen. Imported from verified staging batch.;https://www.igl-reutlingen.de/;Official organizer website;https://www.runnersworld.de/laufkalender/altstadtlaufreutlingen/;unclear;medium;monthly;2026-06-17;;Promoted from clean staging batch runnersworld-germany-batch-08.;
Engadin Ultra Trail;Ultramarathon;17.07.2026;Samedan;Germany;Samedan, Germany;48.083493;9.865326;102 km;Official endurance event in Samedan. Imported from verified staging batch.;https://www.engadinultratrail.ch/;Official organizer website;https://www.runnersworld.de/laufkalender/engadin-ultra-trail/;unclear;medium;monthly;2026-06-17;;Promoted from clean staging batch runnersworld-germany-batch-08.;
Volkslauf Rund um Geislar;Running;17.07.2026;Bonn;Germany;Bonn, Germany;50.7565793;7.125186;5 km, 10 km;Official endurance event in Bonn. Imported from verified staging batch.;https://www.tv-geislar.de/;Official organizer website;https://www.runnersworld.de/laufkalender/volkslauf-rund-um-geislar/;unclear;medium;monthly;2026-06-17;;Promoted from clean staging batch runnersworld-germany-batch-08.;
Lousberglauf Aachen;Running;01.07.2026;Aachen;Germany;Aachen, Germany;50.788602;6.0697404;5.5 km;Official endurance event in Aachen. Imported from verified staging batch.;https://www.hochschulsport.rwth-aachen.de/;Official organizer website;https://www.runnersworld.de/laufkalender/lousberglauf-aachen/;unclear;medium;monthly;2026-06-17;;Promoted from clean staging batch runnersworld-germany-batch-05.;
Forster Rosen-Pokal-Lauf;Running;03.07.2026;Forst;Germany;Forst, Germany;49.1527177;8.5868965;5 km, 10 km;Official endurance event in Forst. Imported from verified staging batch.;https://ltsv.de/ausdauercup-spree-neisse/termine/;Official organizer website;https://www.runnersworld.de/laufkalender/forster-rosen-pokal-lauf/;unclear;medium;monthly;2026-06-17;;Promoted from clean staging batch runnersworld-germany-batch-05. Location QA: coordinates repaired using city geocoding (Forst, Germany).;
Brunnenfestlauf Reute;Running;03.07.2026;Bad Waldsee;Germany;Bad Waldsee, Germany;47.9209556;9.7542772;5 km, 10 km;Official endurance event in Bad Waldsee. Imported from verified staging batch.;https://www.tsv-reute.de/;Official organizer website;https://www.runnersworld.de/laufkalender/brunnenfestlauf-reute/;unclear;medium;monthly;2026-06-17;;Promoted from clean staging batch runnersworld-germany-batch-05.;
Stubai Ultratrail Neustift;Ultramarathon;03.07.2026;Neustift;Germany;Neustift, Germany;48.5791354;13.1948733;100 km;Official endurance event in Neustift. Imported from verified staging batch.;https://www.stubai.at/ultra-trail/;Official organizer website;https://www.runnersworld.de/laufkalender/stubai-ultratrail-neustift/;unclear;medium;monthly;2026-06-17;;Promoted from clean staging batch runnersworld-germany-batch-05.;
Wielemer Viertele Salem-Mittelstenweiler;Running;03.07.2026;Salem-Mittelstenweiler;Germany;Salem-Mittelstenweiler, Germany;53.657016;10.826488;5 km, 10 km;Official endurance event in Salem-Mittelstenweiler. Imported from verified staging batch.;https://wielemer-viertele.de/;Official organizer website;https://www.runnersworld.de/laufkalender/wielemer-viertele-salem-mittelstenweiler/;unclear;medium;monthly;2026-06-17;;Promoted from clean staging batch runnersworld-germany-batch-05. Location QA: coordinates repaired using city geocoding (Salem-Mittelstenweiler, Germany).;
Drevenacker Abendlauf;Running;03.07.2026;Hünxe-Drevenack;Germany;Hünxe-Drevenack, Germany;51.6654312;6.7443557;5 km, 10 km;Official endurance event in Hünxe-Drevenack. Imported from verified staging batch.;https://tusdrevenack.de/laufveranstaltung-abendlauf-drevenack-huenxe/;Official organizer website;https://www.runnersworld.de/laufkalender/drevenackerabendlauf/;unclear;medium;monthly;2026-06-17;;Promoted from clean staging batch runnersworld-germany-batch-05. Location QA: coordinates repaired using city geocoding (Hünxe-Drevenack, Germany).;
Mittsommerlauf Heitersheim;Running;04.07.2026;Heitersheim;Germany;Heitersheim, Germany;47.872152;7.6599129;5 km, 10 km;Official endurance event in Heitersheim. Imported from verified staging batch.;https://www.mittsommerlauf-heitersheim.de/;Official organizer website;https://www.runnersworld.de/laufkalender/mittsommerlauf-heitersheim/;unclear;medium;monthly;2026-06-17;;Promoted from clean staging batch runnersworld-germany-batch-06.;
BobbahnRun Winterberg;Running;04.07.2026;Winterberg;Germany;Winterberg, Germany;51.1820201;8.5090996;5 km;Official endurance event in Winterberg. Imported from verified staging batch.;https://www.veltins-eisarena.de/bobbahnrun/;Official organizer website;https://www.runnersworld.de/laufkalender/bobbahn-run-winterberg/;unclear;medium;monthly;2026-06-17;;Promoted from clean staging batch runnersworld-germany-batch-06.;
Terra Raetica Trails Tour Festival;Running;04.07.2026;Feichten;Germany;Feichten, Germany;48.1980034;12.0623993;18 km;Official endurance event in Feichten. Imported from verified staging batch.;https://www.terra-raetica-trails.com/;Official organizer website;https://www.runnersworld.de/laufkalender/terra-raetica-trails-tour-festival/;unclear;medium;monthly;2026-06-17;;Promoted from clean staging batch runnersworld-germany-batch-06. Location QA: coordinates repaired using city geocoding (Feichten, Germany).;
S´Kay Run Erlenbach;Running;04.07.2026;Erlenbach;Germany;Erlenbach, Germany;49.1714845;9.2598297;12 km, 7 km;Official endurance event in Erlenbach. Imported from verified staging batch.;https://www.skayrun.de/;Official organizer website;https://www.runnersworld.de/laufkalender/skay-run-erlenbach/;unclear;medium;monthly;2026-06-17;;Promoted from clean staging batch runnersworld-germany-batch-06.;
Montafon Totale Trail Silvretta;Running;04.07.2026;Schruns;Germany;Schruns, Germany;51.459378;7.0386;10 km, 47 km;Official endurance event in Schruns. Imported from verified staging batch.;https://www.silvretta-montafon.at/de/events-erlebnisse/alle-events;Official organizer website;https://www.runnersworld.de/laufkalender/montafon-totale-trail-silvretta/;unclear;medium;monthly;2026-06-17;;Promoted from clean staging batch runnersworld-germany-batch-06.;
Traunsee Bergmarathon Gmunden;Ultramarathon;04.07.2026;Gmunden;Germany;Gmunden, Germany;48.237136;9.934623;Marathon, 63 km;Official endurance event in Gmunden. Imported from verified staging batch.;https://traunsee-bergmarathon.com/;Official organizer website;https://www.runnersworld.de/laufkalender/traunsee-bergmarathon-gmunden/;unclear;medium;monthly;2026-06-17;;Promoted from clean staging batch runnersworld-germany-batch-06.;
Schneekopflauf Schmiedefeld;Running;04.07.2026;Schmiedefeld am Rennsteig;Germany;Schmiedefeld am Rennsteig, Germany;50.6024553;10.8167171;10 km, Half Marathon;Official endurance event in Schmiedefeld am Rennsteig. Imported from verified staging batch.;https://schneekopflauf.de/;Official organizer website;https://www.runnersworld.de/laufkalender/schneekopflauf-schmiedefeld/;unclear;medium;monthly;2026-06-17;;Promoted from clean staging batch runnersworld-germany-batch-06.;
Panoramalauf Rothenberg;Running;05.07.2026;Oberzent-Rothenberg;Germany;Oberzent-Rothenberg, Germany;51.090599;6.998461;5 km, 10 km, Half Marathon;Official endurance event in Oberzent-Rothenberg. Imported from verified staging batch.;https://www.panorama-lauf.de/;Official organizer website;https://www.runnersworld.de/laufkalender/panoramalauf-rothenberg/;unclear;medium;monthly;2026-06-17;;Promoted from clean staging batch runnersworld-germany-batch-06. Location QA: coordinates repaired using city geocoding (Oberzent-Rothenberg, Germany).;
Lauf Rund um die Veste Coburg;Running;05.07.2026;Coburg;Germany;Coburg, Germany;50.2582226;10.964561;10 km;Official endurance event in Coburg. Imported from verified staging batch.;https://www.veste-lauf.de/;Official organizer website;https://www.runnersworld.de/laufkalender/laufrundumdievestecoburg/;unclear;medium;monthly;2026-06-17;;Promoted from clean staging batch runnersworld-germany-batch-06.;
Stilfserjoch Stelvio Trail Run;Running;18.07.2026;Prad am Stilfserjoch;Germany;Prad am Stilfserjoch, Germany;47.6833531;11.7685827;Half Marathon;Official endurance event in Prad am Stilfserjoch. Imported from verified staging batch.;https://www.stelviomarathon.it/;Official organizer website;https://www.runnersworld.de/laufkalender/stilfserjoch-stelvio-trail-run/;unclear;medium;monthly;2026-06-17;;Promoted from clean staging batch runnersworld-germany-batch-09.;
Hanse-Citylauf Wesel;Running;18.07.2026;Wesel;Germany;Wesel, Germany;51.6573154;6.6118096;5 km, 10 km;Official endurance event in Wesel. Imported from verified staging batch.;https://www.hanse-citylauf.de/;Official organizer website;https://www.runnersworld.de/laufkalender/hanse-citylauf-wesel/;unclear;medium;monthly;2026-06-17;;Promoted from clean staging batch runnersworld-germany-batch-09.;
North Pole Marathon Spitzbergen - Spitzbergen 42,195 km;Ultramarathon;19.07.2026;NO - Spitzbergen;Germany;NO - Spitzbergen, Germany;48.98167;8.920955;Marathon;Official endurance event in NO - Spitzbergen. Imported from verified staging batch.;https://www.npmarathon.com/;Official organizer website;https://www.runnersworld.de/laufkalender/northpolemarathon/;unclear;medium;monthly;2026-06-17;;Promoted from clean staging batch runnersworld-germany-batch-09. Location QA: coordinates repaired using city geocoding (NO - Spitzbergen, Germany).;
Muppberg-Trailrun Neustadt;Running;19.07.2026;Neustadt;Germany;Neustadt, Germany;54.1029898;10.8186738;10 km;Official endurance event in Neustadt. Imported from verified staging batch.;https://www.alpenverein-neustadt.de/;Official organizer website;https://www.runnersworld.de/laufkalender/muppberg-trailrun-neustadt/;unclear;medium;monthly;2026-06-17;;Promoted from clean staging batch runnersworld-germany-batch-09. Location QA: coordinates repaired using city geocoding (Neustadt, Germany).;
Wild & Run Oberkollbach;Running;22.07.2026;Oberreichenbach;Germany;Oberreichenbach, Germany;48.7341559;8.6635903;7.5 km, 13 km;Official endurance event in Oberreichenbach. Imported from verified staging batch.;https://www.sportverein-oberkollbach.de/wildandrun/;Official organizer website;https://www.runnersworld.de/laufkalender/wild-and-run-oberkollbach/;unclear;medium;monthly;2026-06-17;;Promoted from clean staging batch runnersworld-germany-batch-09.;
Urban Trail Run München;Running;24.07.2026;München;Germany;München, Germany;48.173975;11.550024;5 km, 10 km;Official endurance event in München. Imported from verified staging batch.;https://www.intersport.de/d/content/events/urban-trail-run;Official organizer website;https://www.runnersworld.de/laufkalender/urban-trail-run-muenchen/;unclear;medium;monthly;2026-06-17;;Promoted from clean staging batch runnersworld-germany-batch-09.;
Rock the Race Cross-Hindernislauf Würzburg;Running;26.07.2026;Würzburg;Germany;Würzburg, Germany;49.795587;9.926229;15 km, 7 km;Official endurance event in Würzburg. Imported from verified staging batch.;https://www.rocktherace.de/;Official organizer website;https://www.runnersworld.de/laufkalender/rock-the-race-cross-hindernislauf-wuerzburg/;unclear;medium;monthly;2026-06-17;;Promoted from clean staging batch runnersworld-germany-batch-09.;
Pitz Alpine Glacier Trail;Ultramarathon;31.07.2026;Mandarfen;Austria;Mandarfen, Sankt Leonhard im Pitztal, Tirol, Austria;46.9686284;10.8709246;62 km, 105 km, 90 km;Official endurance event in Mandarfen. Imported from verified staging batch.;https://www.pitz-alpine.at/;Official organizer website;https://www.runnersworld.de/laufkalender/pitz-alpine-glacier-trail-mandarfen/;unclear;medium;monthly;2026-06-17;;"Promoted from clean staging batch runnersworld-germany-batch-10. Manual QA correction: official Pitz Alpine Glacier Trail location is Mandarfen, Pitztal, Austria; previous Germany/Essen geocode was wrong.";
SüdwestPark FunRun - Nürnberg;Running;18.06.2026;Nürnberg;Germany;Nürnberg, Germany;49.453872;11.077298;5 km, 10 km;Official endurance event in Nürnberg. Imported from verified staging batch.;https://www.funrunsuedwest.de/;Official organizer website;https://running.life/de/termine/sudwestpark-funrun;unclear;medium;monthly;2026-06-17;;Promoted from clean staging batch running-life-germany-batch-01.;
Högl-Berglauf - Ainring;Running;19.06.2026;Ainring;Germany;Ainring, Germany;47.8156196;12.9429053;10 km;Official endurance event in Ainring. Imported from verified staging batch.;https://sc-ainring.de/hoegl-lauf/;Official organizer website;https://running.life/de/termine/hogl-berglauf;unclear;medium;monthly;2026-06-17;;Promoted from clean staging batch running-life-germany-batch-01.;
Laatzen Leinelauf;Running;19.06.2026;Laatzen;Germany;Laatzen, Germany;52.3078258;9.8146181;10 km;Official endurance event in Laatzen. Imported from verified staging batch.;https://leinelauf.de/;Official organizer website;https://running.life/de/termine/laatzen-leinelauf;unclear;medium;monthly;2026-06-17;;Promoted from clean staging batch running-life-germany-batch-01.;
Brunsbütteler Citylauf;Running;19.06.2026;Brunsbüttel;Germany;Brunsbüttel, Germany;53.8972549;9.1395423;5 km, 10 km;Official endurance event in Brunsbüttel. Imported from verified staging batch.;https://www.stgk.de/Veranstaltung_Detail.asp?Code=40;Official organizer website;https://running.life/de/termine/brunsbutteler-citylauf;unclear;medium;monthly;2026-06-17;;Promoted from clean staging batch running-life-germany-batch-01.;
Bargstedter Mittsommernachtslauf;Running;19.06.2026;Bargstedt;Germany;Bargstedt, Germany;54.1622399;9.7695501;5 km, 10 km;Official endurance event in Bargstedt. Imported from verified staging batch.;https://tus-bargstedt.de/23-mittsommernachtslauf/;Official organizer website;https://running.life/de/termine/bargstedter-mittsommernachtslauf;unclear;medium;monthly;2026-06-17;;Promoted from clean staging batch running-life-germany-batch-01.;
Sielmanns Heidelauf - Dallgow-Döberitz;Ultramarathon;20.06.2026;Dallgow-Döberitz;Germany;Dallgow-Döberitz, Germany;52.5406496;13.0602956;5 km, 10 km, Half Marathon;Official endurance event in Dallgow-Döberitz. Imported from verified staging batch.;https://sportverein-dallgow.de/heidelauf/;Official organizer website;https://running.life/de/termine/sielmanns-heidelauf;unclear;medium;monthly;2026-06-17;;Promoted from clean staging batch running-life-germany-batch-01.;
BLN 10k - Berlin;Running;20.06.2026;Berlin;Germany;Berlin, Germany;52.5173885;13.3951309;10 km;Official endurance event in Berlin. Imported from verified staging batch.;https://berlin10k.com/;Official organizer website;https://running.life/de/termine/bln-10k;unclear;medium;monthly;2026-06-17;;Promoted from clean staging batch running-life-germany-batch-01.;
Wald- und Wiesenlauf Hassel;Running;20.06.2026;Hassel;Germany;Hassel, Germany;52.6391075;11.9272675;10 km;Official endurance event in Hassel. Imported from verified staging batch.;https://www.elbe-ohre-cup.de/veranstaltungen/21-wald-und-wiesenlauf-hassel/;Official organizer website;https://running.life/de/termine/wald-und-wiesenlauf-hassel;unclear;medium;monthly;2026-06-17;;Promoted from clean staging batch running-life-germany-batch-01.;
Empor Lauf - Dahme/Mark;Running;20.06.2026;Dahme/Mark;Germany;Dahme/Mark, Germany;51.8699392;13.4284903;5 km, 10 km;Official endurance event in Dahme/Mark. Imported from verified staging batch.;https://www.berlin-timing.de/Empor-Lauf;Official organizer website;https://running.life/de/termine/empor-lauf;unclear;medium;monthly;2026-06-17;;Promoted from clean staging batch running-life-germany-batch-01.;
Fiderepasslauf - Oberstdorf;Ultramarathon;20.06.2026;Oberstdorf;Germany;Oberstdorf, Germany;47.3708539;10.3119292;5 km;Official endurance event in Oberstdorf. Imported from verified staging batch.;https://alpenverein-oberstdorf.de/aktuelles/events;Official organizer website;https://running.life/de/termine/fiderepasslauf;unclear;medium;monthly;2026-06-17;;Promoted from clean staging batch running-life-germany-batch-01.;
Samstagslauf Großenmeer - Ovelgönne;Running;20.06.2026;Ovelgönne;Germany;Ovelgönne, Germany;53.3427799;8.4209977;5 km, 10 km;Official endurance event in Ovelgönne. Imported from verified staging batch.;https://www.gtv-grossenmeer.de/wordpress/;Official organizer website;https://running.life/de/termine/samstagslauf-grossenmeer;unclear;medium;monthly;2026-06-17;;Promoted from clean staging batch running-life-germany-batch-01.;
Podbielski Lauf - Karstädt;Running;20.06.2026;Karstädt;Germany;Karstädt, Germany;53.2883824;11.4893222;7 km, 13 km;Official endurance event in Karstädt. Imported from verified staging batch.;https://podbielskilauf.com/;Official organizer website;https://running.life/de/termine/podbielski-lauf;unclear;medium;monthly;2026-06-17;;Promoted from clean staging batch running-life-germany-batch-01.;
"Abendlauf ""Baunatal rennt"" KSV Baunatal";Running;20.06.2026;Baunatal;Germany;Baunatal, Germany;51.2550775;9.4119007;5 km, 10 km;Official endurance event in Baunatal. Imported from verified staging batch.;https://www.ksv-baunatal.de/Marathon/Veranstaltungen/Baunatal%20rennt%20am%2020.06.2026;Official organizer website;https://running.life/de/termine/abendlauf-baunatal-rennt-ksv-baunatal;unclear;medium;monthly;2026-06-17;;Promoted from clean staging batch running-life-germany-batch-01.;
"Trail ""Rund Um Die Sporkenburg"" - Neuhäusel";Ultramarathon;20.06.2026;Neuhäusel;Germany;Neuhäusel, Germany;50.3841642;7.7094272;10 km;Official endurance event in Neuhäusel. Imported from verified staging batch.;https://www.tveitelborn.de/veranstaltungen/traillauf/;Official organizer website;https://running.life/de/termine/trail-rund-um-die-sporkenburg;unclear;medium;monthly;2026-06-17;;Promoted from clean staging batch running-life-germany-batch-01.;
Zweigkanal-Brücken-Marathon - Wallenhorst;Running;20.06.2026;Wallenhorst;Germany;Wallenhorst, Germany;52.3494712;8.0162591;Marathon;Official endurance event in Wallenhorst. Imported from verified staging batch.;https://lg-lottehalen.jimdofree.com/zweigkanal-brücken-marathon-20-6/;Official organizer website;https://running.life/de/termine/zweigkanal-brucken-marathon;unclear;medium;monthly;2026-06-17;;Promoted from clean staging batch running-life-germany-batch-01.;
Altmühlfrankenlauf - Weißenburg in Bayern;Running;20.06.2026;Weißenburg in Bayern;Germany;Weißenburg in Bayern, Germany;49.0305748;10.9718974;Marathon;Official endurance event in Weißenburg in Bayern. Imported from verified staging batch.;https://www.altmuehlfranken.de/af-leben/kultur-und-freizeit/altmuehlfrankenlauf/;Official organizer website;https://running.life/de/termine/altmuhlfrankenlauf;unclear;medium;monthly;2026-06-17;;Promoted from clean staging batch running-life-germany-batch-01.;
Cross & Quer in Oberbrügge - Halver;Running;20.06.2026;Halver;Germany;Halver, Germany;51.1874423;7.4987312;10 km;Official endurance event in Halver. Imported from verified staging batch.;https://www.tus-oberbruegge.de/home/cross-quer/;Official organizer website;https://running.life/de/termine/cross-quer-in-oberbrugge;unclear;medium;monthly;2026-06-17;;Promoted from clean staging batch running-life-germany-batch-01.;
Marienloher Volkslauf - Paderborn;Running;20.06.2026;Paderborn;Germany;Paderborn, Germany;51.7177044;8.752653;5 km, 10 km, Half Marathon;Official endurance event in Paderborn. Imported from verified staging batch.;https://www.sv-marienloh.de/lauf-und-walkingtreff/;Official organizer website;https://running.life/de/termine/marienloher-volkslauf;unclear;medium;monthly;2026-06-17;;Promoted from clean staging batch running-life-germany-batch-01.;
Angermünder Wiesel Strandbadlauf am Wolletzsee;Running;20.06.2026;Angermünde;Germany;Angermünde, Germany;53.017276;13.9981503;5 km, 10 km;Official endurance event in Angermünde. Imported from verified staging batch.;https://xn--angermnder-wiesel-72b.de/Strandbadlauf-2026/;Official organizer website;https://running.life/de/termine/angermunder-wiesel-strandbadlauf-am-wolletzsee;unclear;medium;monthly;2026-06-17;;Promoted from clean staging batch running-life-germany-batch-01.;
Lauf in die Sonne - Leutenbach;Running;21.06.2026;Leutenbach;Germany;Leutenbach, Germany;49.7096512;11.1720678;10 km;Official endurance event in Leutenbach. Imported from verified staging batch.;https://www.lauf-in-die-sonne.de/index.php;Official organizer website;https://running.life/de/termine/lauf-in-die-sonne-leutenbach;unclear;medium;monthly;2026-06-17;;Promoted from clean staging batch running-life-germany-batch-01.;
Hunsrück-Trail - Mörschied;Ultramarathon;21.06.2026;Mörschied;Germany;Mörschied, Germany;49.7887533;7.3054504;25 km, 13 km;Official endurance event in Mörschied. Imported from verified staging batch.;https://www.xn--hunsrck-trail-0ob.de/;Official organizer website;https://running.life/de/termine/hunsruck-trail;unclear;medium;monthly;2026-06-17;;Promoted from clean staging batch running-life-germany-batch-01.;
Der Rigolator - Riegel am Kaiserstuhl;Triathlon;21.06.2026;Riegel am Kaiserstuhl;Germany;Riegel am Kaiserstuhl, Germany;48.1509439;7.7504953;Sprint Triathlon;Official endurance event in Riegel am Kaiserstuhl. Imported from verified staging batch.;https://www.rigolator.com/;Official organizer website;https://running.life/de/termine/der-rigolator;unclear;medium;monthly;2026-06-17;;Promoted from clean staging batch running-life-germany-batch-01.;
Eichberglauf Glottertal;Ultramarathon;21.06.2026;Glottertal;Germany;Glottertal, Germany;48.0485271;7.9544046;10 km;Official endurance event in Glottertal. Imported from verified staging batch.;https://eichberglauf.de/;Official organizer website;https://running.life/de/termine/eichberglauf-glottertal;unclear;medium;monthly;2026-06-17;;Promoted from clean staging batch running-life-germany-batch-01.;
Apfellauf der Kelterei-Heil - Weilmünster;Running;21.06.2026;Weilmünster;Germany;Weilmünster, Germany;50.4223522;8.3761422;5 km, 10 km;Official endurance event in Weilmünster. Imported from verified staging batch.;https://kelterei-heil.de/aktion/apfellauf;Official organizer website;https://running.life/de/termine/apfellauf-der-kelterei-heil;unclear;medium;monthly;2026-06-17;;Promoted from clean staging batch running-life-germany-batch-02.;
Töpfermarktlauf Bürgel;Running;21.06.2026;Bürgel;Germany;Bürgel, Germany;50.9424523;11.7574105;12 km, 6 km;Official endurance event in Bürgel. Imported from verified staging batch.;https://runtix.com/sts/10021/3139;Official organizer website;https://running.life/de/termine/topfermarktlauf-burgel;unclear;medium;monthly;2026-06-17;;Promoted from clean staging batch running-life-germany-batch-02.;
Wildes Wendland Trailrunning - Küsten;Ultramarathon;21.06.2026;Küsten;Germany;Küsten, Germany;52.9777966;11.063684;Marathon;Official endurance event in Küsten. Imported from verified staging batch.;https://www.igaswendland.de/docs/2026/ausschreibg/AusTrailWildesWendland2026.pdf;Official organizer website;https://running.life/de/termine/wildes-wendland-trailrunning;unclear;medium;monthly;2026-06-17;;Promoted from clean staging batch running-life-germany-batch-02.;
KSC-Schlossparklauf - Karlsruhe;Running;21.06.2026;Karlsruhe;Germany;Karlsruhe, Germany;49.0068705;8.4034195;10 km;Official endurance event in Karlsruhe. Imported from verified staging batch.;https://ev.ksc.de/abteilungen/leichtathletik-und-freizeitsport/schlossparklauf;Official organizer website;https://running.life/de/termine/ksc-schlossparklauf;unclear;medium;monthly;2026-06-17;;Promoted from clean staging batch running-life-germany-batch-02.;
pro kids Lauf - Emmerich am Rhein;Running;21.06.2026;Emmerich am Rhein;Germany;Emmerich am Rhein, Germany;51.8322137;6.2428283;5 km;Official endurance event in Emmerich am Rhein. Imported from verified staging batch.;https://tvelten.de/pro-kids-lauf/;Official organizer website;https://running.life/de/termine/pro-kids-lauf-emmerich-am-rhein;unclear;medium;monthly;2026-06-17;;Promoted from clean staging batch running-life-germany-batch-02.;
Meerathon - Meerane;Ultramarathon;21.06.2026;Meerane;Germany;Meerane, Germany;50.8427835;12.4581578;5 km;Official endurance event in Meerane. Imported from verified staging batch.;https://www.meerathon.com/;Official organizer website;https://running.life/de/termine/meerathon;unclear;medium;monthly;2026-06-17;;Promoted from clean staging batch running-life-germany-batch-02.;
Störmthaler Seelauf - Großpösna;Running;21.06.2026;Großpösna;Germany;Großpösna, Germany;51.2563243;12.4752187;5 km, 10 km;Official endurance event in Großpösna. Imported from verified staging batch.;https://lfv-oberholz.de/cms/ssl/;Official organizer website;https://running.life/de/termine/stormthaler-seelauf;unclear;medium;monthly;2026-06-17;;Promoted from clean staging batch running-life-germany-batch-02.;
Grevesmühlener Stadtlauf;Running;21.06.2026;Grevesmühlen;Germany;Grevesmühlen, Germany;53.8644705;11.1898839;10 km;Official endurance event in Grevesmühlen. Imported from verified staging batch.;https://www.stadtlauf-grevesmuehlen.de/ausschreibung.html;Official organizer website;https://running.life/de/termine/grevesmuhlener-stadtlauf;unclear;medium;monthly;2026-06-17;;Promoted from clean staging batch running-life-germany-batch-02.;
Erfurter Campuslauf;Running;24.06.2026;Erfurt;Germany;Erfurt, Germany;50.9777974;11.0287364;10 km;Official endurance event in Erfurt. Imported from verified staging batch.;https://www.uni-erfurt.de/universitaet/aktuelles/veranstaltungsreihen/campuslauf;Official organizer website;https://running.life/de/termine/erfurter-campuslauf;unclear;medium;monthly;2026-06-17;;Promoted from clean staging batch running-life-germany-batch-02.;
Kirschfestlauf - Naumburg (Saale);Running;24.06.2026;Naumburg (Saale);Germany;Naumburg (Saale), Germany;51.1525648;11.8099186;5 km;Official endurance event in Naumburg (Saale). Imported from verified staging batch.;https://zpn-timing.de/a/846;Official organizer website;https://running.life/de/termine/kirschfestlauf;unclear;medium;monthly;2026-06-17;;Promoted from clean staging batch running-life-germany-batch-02.;
Campus Run Berlin - Krumme Lanke;Running;25.06.2026;Krumme Lanke;Germany;Krumme Lanke, Germany;52.7648373;13.5686007;5 km, 10 km;Official endurance event in Krumme Lanke. Imported from verified staging batch.;https://blogs.fu-berlin.de/campusrun/;Official organizer website;https://running.life/de/termine/campus-run-berlin;unclear;medium;monthly;2026-06-17;;Promoted from clean staging batch running-life-germany-batch-02.;
Retzbachlauf Gaimersheim;Running;26.06.2026;Gaimersheim;Germany;Gaimersheim, Germany;48.813935;11.3642803;10 km;Official endurance event in Gaimersheim. Imported from verified staging batch.;https://www.radsport-gaimersheim.de/retzbachlauf;Official organizer website;https://running.life/de/termine/retzbachlauf-gaimersheim;unclear;medium;monthly;2026-06-17;;Promoted from clean staging batch running-life-germany-batch-02.;
Sonnwendlauf Oy-Mittelberg;Running;26.06.2026;Oy-Mittelberg;Germany;Oy-Mittelberg, Germany;47.6512775;10.4484188;10 km, Half Marathon, Marathon;Official endurance event in Oy-Mittelberg. Imported from verified staging batch.;https://www.tv-oy.de/https/-/www-sonnwendlauf-de/home-html/;Official organizer website;https://running.life/de/termine/sonnwendlauf-oy-mittelberg;unclear;medium;monthly;2026-06-17;;Promoted from clean staging batch running-life-germany-batch-02.;
Osterrönfelder Moorlauf;Running;26.06.2026;Osterrönfeld;Germany;Osterrönfeld, Germany;54.2882722;9.6942571;5 km, 10 km;Official endurance event in Osterrönfeld. Imported from verified staging batch.;http://www.moorlauf.wetzstopp.de/;Official organizer website;https://running.life/de/termine/osterronfelder-moorlauf;unclear;medium;monthly;2026-06-17;;Promoted from clean staging batch running-life-germany-batch-02.;
Geiersberglauf Waigolshausen;Running;26.06.2026;Waigolshausen;Germany;Waigolshausen, Germany;49.9534552;10.1392613;6 km, 12 km;Official endurance event in Waigolshausen. Imported from verified staging batch.;https://www.tsv-waigolshausen.de/seite/504344/laufsport--geiersberglauf.html;Official organizer website;https://running.life/de/termine/geiersberglauf-waigolshausen;unclear;medium;monthly;2026-06-17;;Promoted from clean staging batch running-life-germany-batch-02.;
Bietigheimer Fackellauf - Bietigheim-Bissingen;Running;26.06.2026;Bietigheim-Bissingen;Germany;Bietigheim-Bissingen, Germany;48.9493243;9.1364229;10 km;Official endurance event in Bietigheim-Bissingen. Imported from verified staging batch.;https://fackellauf.info;Official organizer website;https://running.life/de/termine/bietigheimer-fackellauf;unclear;medium;monthly;2026-06-17;;Promoted from clean staging batch running-life-germany-batch-02.;
Bergischer 6 Stunden Lauf - Remscheid;Running;27.06.2026;Remscheid;Germany;Remscheid, Germany;51.1798706;7.1943544;Marathon;Official endurance event in Remscheid. Imported from verified staging batch.;https://www.feinerlauf.de/bergischer-6-stunden-lauf/;Official organizer website;https://running.life/de/termine/bergischer-6-stunden-lauf;unclear;medium;monthly;2026-06-17;;Promoted from clean staging batch running-life-germany-batch-02.;
Deadly Dozen Wolfsburg;Running;27.06.2026;Wolfsburg;Germany;Wolfsburg, Germany;52.4205588;10.7861682;5 km;Official endurance event in Wolfsburg. Imported from verified staging batch.;https://www.deadlydozen.de/event/wolfsburg;Official organizer website;https://running.life/de/termine/deadly-dozen-wolfsburg;unclear;medium;monthly;2026-06-17;;Promoted from clean staging batch running-life-germany-batch-02.;
Oberlichtenauer Sommerlauf - Pulsnitz;Running;27.06.2026;Pulsnitz;Germany;Pulsnitz, Germany;51.1825771;14.0139733;5 km;Official endurance event in Pulsnitz. Imported from verified staging batch.;https://www.sg-oberlichtenau.de/Oberlichtenauer_Sommerlauf.html;Official organizer website;https://running.life/de/termine/oberlichtenauer-sommerlauf;unclear;medium;monthly;2026-06-17;;Promoted from clean staging batch running-life-germany-batch-02.;
CherryMan - Witzenhausen;Triathlon;27.06.2026;Witzenhausen;Germany;Witzenhausen, Germany;51.3331901;9.8434192;Triathlon;Official endurance event in Witzenhausen. Imported from verified staging batch.;https://www.cherry-man.de/;Official organizer website;https://running.life/de/termine/cherryman;unclear;medium;monthly;2026-06-17;;Promoted from clean staging batch running-life-germany-batch-02.;
Hohenschönhausener Gartenlauf - Berlin;Running;27.06.2026;Berlin;Germany;Berlin, Germany;52.5173885;13.3951309;10 km;Official endurance event in Berlin. Imported from verified staging batch.;https://www.hohenschoenhausener-gartenlauf.de/bludit/;Official organizer website;https://running.life/de/termine/hohenschonhausener-gartenlauf;unclear;medium;monthly;2026-06-17;;Promoted from clean staging batch running-life-germany-batch-02.;
Landkreislauf Schwandorf;Ultramarathon;27.06.2026;Schwandorf;Germany;Schwandorf, Germany;49.3152832;12.0866152;49.5 km, 50 km;Official endurance event in Schwandorf. Imported from verified staging batch.;https://www.partner-sad.de/2026/02/10/landkreislauf-2026-27-juni-2026/;Official organizer website;https://running.life/de/termine/landkreislauf-schmidgaden;unclear;medium;monthly;2026-06-17;;Promoted from clean staging batch running-life-germany-batch-02.;
Delligser Hilskammlauf - Delligsen;Running;27.06.2026;Delligsen;Germany;Delligsen, Germany;51.9429111;9.7985793;5 km, 10 km, Half Marathon;Official endurance event in Delligsen. Imported from verified staging batch.;https://delligser-sport-club.de/index.php?content=59;Official organizer website;https://running.life/de/termine/delligser-hilskammlauf;unclear;medium;monthly;2026-06-17;;Promoted from clean staging batch running-life-germany-batch-02.;
Internationaler Eggelauf - Marsberg;Running;27.06.2026;Marsberg;Germany;Marsberg, Germany;51.4602168;8.8552071;5 km, 10 km, Half Marathon;Official endurance event in Marsberg. Imported from verified staging batch.;https://www.bc23meerhof.de/leichtathletik/eggelauf/index.html;Official organizer website;https://running.life/de/termine/internationaler-eggelauf;unclear;medium;monthly;2026-06-17;;Promoted from clean staging batch running-life-germany-batch-03.;
Running Paule Marathon - Bad Münder am Deister;Running;27.06.2026;Bad Münder am Deister;Germany;Bad Münder am Deister, Germany;52.1952894;9.4633959;Half Marathon, Marathon;Official endurance event in Bad Münder am Deister. Imported from verified staging batch.;https://running-paule.de/rp-marathon/;Official organizer website;https://running.life/de/termine/running-paule-marathon;unclear;medium;monthly;2026-06-17;;Promoted from clean staging batch running-life-germany-batch-03.;
BikeNavy Run - Wurster Nordseeküste;Ultramarathon;28.06.2026;Wurster Nordseeküste;Germany;Wurster Nordseeküste, Germany;53.7044885;8.568845;5 km, 10 km;Official endurance event in Wurster Nordseeküste. Imported from verified staging batch.;https://bike-navy.de/bikenavy-run/;Official organizer website;https://running.life/de/termine/bikenavy-run;unclear;medium;monthly;2026-06-17;;Promoted from clean staging batch running-life-germany-batch-03.;
Eschelbronner Schreinerdorflauf;Running;28.06.2026;Eschelbronn;Germany;Eschelbronn, Germany;49.3216701;8.8628361;10 km;Official endurance event in Eschelbronn. Imported from verified staging batch.;https://www.turnverein-eschelbronn.de/schreinerdorflauf/;Official organizer website;https://running.life/de/termine/eschelbronner-schreinerdorflauf;unclear;medium;monthly;2026-06-17;;Promoted from clean staging batch running-life-germany-batch-03.;
Trailrun Stammbach;Ultramarathon;28.06.2026;Stammbach;Germany;Stammbach, Germany;50.1455698;11.6917018;10 km;Official endurance event in Stammbach. Imported from verified staging batch.;https://time2win.at/event/1038;Official organizer website;https://running.life/de/termine/trailrun-stammbach;unclear;medium;monthly;2026-06-17;;Promoted from clean staging batch running-life-germany-batch-03.;
Sonnwendlauf Großostheim;Running;28.06.2026;Großostheim;Germany;Großostheim, Germany;49.913254;9.0684725;10 km;Official endurance event in Großostheim. Imported from verified staging batch.;https://sonnwendlauf-grossostheim.de/;Official organizer website;https://running.life/de/termine/sonnwendlauf-grossostheim;unclear;medium;monthly;2026-06-17;;Promoted from clean staging batch running-life-germany-batch-03.;
Hohner See Lauf;Running;01.07.2026;Hohn;Germany;Hohn, Germany;54.298156;9.5063907;10 km;Official endurance event in Hohn. Imported from verified staging batch.;https://www.hohner-see-lauf.de/;Official organizer website;https://running.life/de/termine/hohner-see-lauf;unclear;medium;monthly;2026-06-17;;Promoted from clean staging batch running-life-germany-batch-03.;
Stadtlauf Saarburg;Running;03.07.2026;Saarburg;Germany;Saarburg, Germany;49.6082527;6.548746;5 km, 10 km;Official endurance event in Saarburg. Imported from verified staging batch.;https://stadtlauf-saarburg.de/;Official organizer website;https://running.life/de/termine/stadtlauf-saarburg;unclear;medium;monthly;2026-06-17;;Promoted from clean staging batch running-life-germany-batch-03.;
Heuchelberg Trail - Leingarten;Ultramarathon;04.07.2026;Leingarten;Germany;Leingarten, Germany;49.1434266;9.1240565;50 km;Official endurance event in Leingarten. Imported from verified staging batch.;http://www.heuchelbergtrail.de;Official organizer website;https://running.life/de/termine/heuchelberg-trail;unclear;medium;monthly;2026-06-17;;Promoted from clean staging batch running-life-germany-batch-03.;
Kit Meisterschaft - Karlsruhe;Running;04.07.2026;Karlsruhe;Germany;Karlsruhe, Germany;49.0068705;8.4034195;10 km;Official endurance event in Karlsruhe. Imported from verified staging batch.;https://www.kitsc.de/leichtathletik/kit-meisterschaft/;Official organizer website;https://running.life/de/termine/kit-meisterschaft;unclear;medium;monthly;2026-06-17;;Promoted from clean staging batch running-life-germany-batch-03.;
Attler Lauf Wasserburg - Wasserburg am Inn;Running;04.07.2026;Wasserburg am Inn;Germany;Wasserburg am Inn, Germany;48.0615171;12.220026;5 km, 10 km;Official endurance event in Wasserburg am Inn. Imported from verified staging batch.;https://www.stiftung.attl.de/attler-lauf/;Official organizer website;https://running.life/de/termine/attler-lauf-wasserburg;unclear;medium;monthly;2026-06-17;;Promoted from clean staging batch running-life-germany-batch-03.;
Happe Run 'n' Roll - Delbrück;Running;04.07.2026;Delbrück;Germany;Delbrück, Germany;51.7649178;8.5594953;10 km, Marathon;Official endurance event in Delbrück. Imported from verified staging batch.;https://www.delbrueck-sport.de/;Official organizer website;https://running.life/de/termine/happe-run-n-roll;unclear;medium;monthly;2026-06-17;;Promoted from clean staging batch running-life-germany-batch-03.;
KinzigCross - Gengenbach;Running;04.07.2026;Gengenbach;Germany;Gengenbach, Germany;48.4035425;8.0153059;5 km, 10 km;Official endurance event in Gengenbach. Imported from verified staging batch.;https://kinzigcross.de/ausschreibung;Official organizer website;https://running.life/de/termine/kinzigcross;unclear;medium;monthly;2026-06-17;;Promoted from clean staging batch running-life-germany-batch-03.;
Sportivo Orne Lauf - Titisee-Neustadt;Running;04.07.2026;Titisee-Neustadt;Germany;Titisee-Neustadt, Germany;47.9173421;8.1735161;10 km;Official endurance event in Titisee-Neustadt. Imported from verified staging batch.;https://sportivo-orne-lauf.de/;Official organizer website;https://running.life/de/termine/sportivo-orne-lauf;unclear;medium;monthly;2026-06-17;;Promoted from clean staging batch running-life-germany-batch-03.;
Heckenlauf Eicherscheid - Simmerath;Running;04.07.2026;Simmerath;Germany;Simmerath, Germany;50.6072499;6.3005267;5 km, 10 km, Half Marathon;Official endurance event in Simmerath. Imported from verified staging batch.;https://germania-eicherscheid.de/volkslauf/heckenlauf-2026/;Official organizer website;https://running.life/de/termine/heckenlauf-eicherscheid;unclear;medium;monthly;2026-06-17;;Promoted from clean staging batch running-life-germany-batch-03.;
Oberstdorfer Nebelhornberglauf;Running;05.07.2026;Oberstdorf;Germany;Oberstdorf, Germany;47.3708539;10.3119292;10 km;Official endurance event in Oberstdorf. Imported from verified staging batch.;https://nebelhornlauf.ar-events.run/;Official organizer website;https://running.life/de/termine/nebelhorn-berglauf;unclear;medium;monthly;2026-06-17;;Promoted from clean staging batch running-life-germany-batch-03.;
Petersberg Berg-Crosslauf - Marktbergel;Ultramarathon;05.07.2026;Marktbergel;Germany;Marktbergel, Germany;49.4412134;10.3646574;5 km, 10 km;Official endurance event in Marktbergel. Imported from verified staging batch.;https://petersberglauf.de/;Official organizer website;https://running.life/de/termine/petersberg-berg-crosslauf;unclear;medium;monthly;2026-06-17;;Promoted from clean staging batch running-life-germany-batch-03.;
InSchildesche Lauf - Bielefeld;Running;05.07.2026;Bielefeld;Germany;Bielefeld, Germany;52.0191005;8.531007;5 km, 10 km;Official endurance event in Bielefeld. Imported from verified staging batch.;https://inschildesche.de/inschildeschelauf/;Official organizer website;https://running.life/de/termine/inschildesche-lauf;unclear;medium;monthly;2026-06-17;;Promoted from clean staging batch running-life-germany-batch-04.;
Berlin Running Festival Half Marathon;Running;05.07.2026;Berlin;Germany;Berlin, Germany;52.5173885;13.3951309;5 km, 10 km, Half Marathon, Marathon;Official endurance event in Berlin. Imported from verified staging batch.;https://www.runthrough.co.uk/event/runthrough-europe-berlin-running-festival-july-2026;Official organizer website;https://running.life/de/termine/berlin-running-festival-half-marathon;unclear;medium;monthly;2026-06-17;;Promoted from clean staging batch running-life-germany-batch-04.;
Dorfener Stadtlauf;Running;05.07.2026;Dorfen;Germany;Dorfen, Germany;48.272779;12.1505507;5 km, 10 km, Half Marathon;Official endurance event in Dorfen. Imported from verified staging batch.;https://www.foerderkreis-dorfen.de/aktionen/stadtlauf-dorfen;Official organizer website;https://running.life/de/termine/dorfener-stadtlauf;unclear;medium;monthly;2026-06-17;;Promoted from clean staging batch running-life-germany-batch-04.;
Rats-Run - Möckmühl;Running;05.07.2026;Möckmühl;Germany;Möckmühl, Germany;49.3233013;9.3611411;10 km;Official endurance event in Möckmühl. Imported from verified staging batch.;https://v2.rats-runners.de/moeckmuehl-event/;Official organizer website;https://running.life/de/termine/rats-run-mockmuhl;unclear;medium;monthly;2026-06-17;;Promoted from clean staging batch running-life-germany-batch-04.;
Bieg bez Granic - Frankfurt (Oder);Running;08.07.2026;Frankfurt (Oder);Germany;Frankfurt (Oder), Germany;52.3412273;14.549452;5 km, 10 km;Official endurance event in Frankfurt (Oder). Imported from verified staging batch.;https://panel.maratonczykpomiarczasu.pl/bieg-bez-granic;Official organizer website;https://running.life/de/termine/bieg-bez-granic-frankfurt-oder;unclear;medium;monthly;2026-06-17;;Promoted from clean staging batch running-life-germany-batch-04.;
Lauf um den Wolfsberg - Ochsenburg;Running;09.07.2026;Ochsenburg;Germany;Ochsenburg, Germany;49.0749176;8.8946844;5 km, 10 km;Official endurance event in Ochsenburg. Imported from verified staging batch.;https://www.zeitgemaess.info/event.php?ACCESSCODE=202607092;Official organizer website;https://running.life/de/termine/lauf-um-den-wolfsberg;unclear;medium;monthly;2026-06-17;;Promoted from clean staging batch running-life-germany-batch-04.;
Taubertaltrail - Rothenburg ob der Tauber;Ultramarathon;11.07.2026;Rothenburg ob der Tauber;Germany;Rothenburg ob der Tauber, Germany;49.3658042;10.1629182;5 km, 60 km;Official endurance event in Rothenburg ob der Tauber. Imported from verified staging batch.;https://www.taubertal-trail.de/;Official organizer website;https://running.life/de/termine/taubertaltrail;unclear;medium;monthly;2026-06-17;;Promoted from clean staging batch running-life-germany-batch-04.;
WertachXrun - Schwabmünchen;Running;11.07.2026;Schwabmünchen;Germany;Schwabmünchen, Germany;48.1805562;10.7578121;10 km;Official endurance event in Schwabmünchen. Imported from verified staging batch.;https://www.time2run.org/events/7-time2run-wertachxrun-in-schwabmuenchen/;Official organizer website;https://running.life/de/termine/wertachxrun-in-schwabmunchen;unclear;medium;monthly;2026-06-17;;Promoted from clean staging batch running-life-germany-batch-04.;
Lauf10 - Wolnzach;Running;11.07.2026;Wolnzach;Germany;Wolnzach, Germany;48.603;11.6269977;10 km;Official endurance event in Wolnzach. Imported from verified staging batch.;https://www.wolnzach-blog.de/category/lauf10/;Official organizer website;https://running.life/de/termine/lauf10;unclear;medium;monthly;2026-06-17;;Promoted from clean staging batch running-life-germany-batch-04.;
Rhön-Grabfeld-Cup – Hausen - Fladungen;Running;11.07.2026;Fladungen;Germany;Fladungen, Germany;50.5210371;10.1458492;5 km, 10 km;Official endurance event in Fladungen. Imported from verified staging batch.;https://rhoengrabfeldcup.de/event/hausen/;Official organizer website;https://running.life/de/termine/rhon-grabfeld-cup-hausen;unclear;medium;monthly;2026-06-17;;Promoted from clean staging batch running-life-germany-batch-04.;
Tanzenhaider-Weiherlauf - Oberreichenbach;Running;11.07.2026;Oberreichenbach;Germany;Oberreichenbach, Germany;48.7341559;8.6635903;10 km;Official endurance event in Oberreichenbach. Imported from verified staging batch.;https://www.sc-oberreichenbach.de/weiherlauf/;Official organizer website;https://running.life/de/termine/tanzenhaider-weiherlauf;unclear;medium;monthly;2026-06-17;;Promoted from clean staging batch running-life-germany-batch-04.;
Teufelstisch-Trail - Hinterweidenthal;Ultramarathon;11.07.2026;Hinterweidenthal;Germany;Hinterweidenthal, Germany;49.1956519;7.754733;10 km;Official endurance event in Hinterweidenthal. Imported from verified staging batch.;https://www.teufelstischtrail.de/;Official organizer website;https://running.life/de/termine/teufelstisch-trail;unclear;medium;monthly;2026-06-17;;Promoted from clean staging batch running-life-germany-batch-04.;
Monzinger Wingertslauf - Monzingen;Running;12.07.2026;Monzingen;Germany;Monzingen, Germany;49.7999154;7.5916448;Marathon;Official endurance event in Monzingen. Imported from verified staging batch.;https://www.wingertslauf.de/;Official organizer website;https://running.life/de/termine/monzinger-wingertslauf;unclear;medium;monthly;2026-06-17;;Promoted from clean staging batch running-life-germany-batch-04.;
Plankenfelser Waldlauf;Ultramarathon;12.07.2026;Plankenfels;Germany;Plankenfels, Germany;49.8939869;11.3445052;10 km, Half Marathon;Official endurance event in Plankenfels. Imported from verified staging batch.;https://www.plankenfelser-waldlauf.de/;Official organizer website;https://running.life/de/termine/plankenfelser-waldlauf;unclear;medium;monthly;2026-06-17;;Promoted from clean staging batch running-life-germany-batch-04.;
Brezelfestlauf Speyer;Running;12.07.2026;Speyer;Germany;Speyer, Germany;49.3165553;8.433615;10 km;Official endurance event in Speyer. Imported from verified staging batch.;https://www.rsv-speyer.de/brezelfestlauf-2026/;Official organizer website;https://running.life/de/termine/brezelfestlauf-speyer;unclear;medium;monthly;2026-06-17;;Promoted from clean staging batch running-life-germany-batch-04.;
Gläserner Mönch Lauf - Langenstein;Ultramarathon;12.07.2026;Langenstein;Germany;Langenstein, Germany;50.8324488;8.9588248;6 km, 12 km, 18 km;Official endurance event in Langenstein. Imported from verified staging batch.;https://glaeserner-moench-lauf.de/;Official organizer website;https://running.life/de/termine/glaserner-monch-lauf;unclear;medium;monthly;2026-06-17;;Promoted from clean staging batch running-life-germany-batch-04.;
Havellauf Berlin;Running;12.07.2026;Berlin;Germany;Berlin, Germany;52.5173885;13.3951309;5 km;Official endurance event in Berlin. Imported from verified staging batch.;https://anmeldung.laufauswertung.com/Anmeldung/index.php?VID=0EA7841FDB;Official organizer website;https://running.life/de/termine/havellauf-berlin;unclear;medium;monthly;2026-06-17;;Promoted from clean staging batch running-life-germany-batch-04.;
Gibacht Berglauf Furth im Wald;Running;12.07.2026;Furth im Wald;Germany;Furth im Wald, Germany;49.3081639;12.8452826;10 km;Official endurance event in Furth im Wald. Imported from verified staging batch.;https://skiclub-furth.de/gibacht-berglauf-und-kinderlauf-am-12-juli/;Official organizer website;https://running.life/de/termine/gibacht-berglauf-furth-im-wald;unclear;medium;monthly;2026-06-17;;Promoted from clean staging batch running-life-germany-batch-04.;
SC Lüchow – Langstrecken auf der Bahn;Running;13.07.2026;Lüchow;Germany;Lüchow, Germany;53.6893717;10.5322354;5 km;Official endurance event in Lüchow. Imported from verified staging batch.;https://www.sc-luechow.de/de/sportangebot/sportangebote-und-abteilungen/leichtathletik/sportkalender/;Official organizer website;https://running.life/de/termine/sc-luchow-langstrecken-auf-der-bahn;unclear;medium;monthly;2026-06-17;;Promoted from clean staging batch running-life-germany-batch-04.;
Schwanberglauf Iphofen;Running;17.07.2026;Iphofen;Germany;Iphofen, Germany;49.6782889;10.33346;10 km;Official endurance event in Iphofen. Imported from verified staging batch.;https://www.sas-online.net/eventportal_bs/819/;Official organizer website;https://running.life/de/termine/schwanberglauf-iphofen;unclear;medium;monthly;2026-06-17;;Promoted from clean staging batch running-life-germany-batch-05.;
Kölner Zoolauf;Running;17.07.2026;Köln;Germany;Köln, Germany;50.938361;6.959974;5 km, 10 km;Official endurance event in Köln. Imported from verified staging batch.;https://koelner-zoolauf.de;Official organizer website;https://running.life/de/termine/kolner-zoolauf;unclear;medium;monthly;2026-06-17;;Promoted from clean staging batch running-life-germany-batch-05.;
Hembser Drei-Dörfer-Lauf - Brakel;Running;17.07.2026;Brakel;Germany;Brakel, Germany;51.7168889;9.1841762;5 km, 10 km;Official endurance event in Brakel. Imported from verified staging batch.;https://hembsen.de/veranstaltungen/20-hembser-3-doerfer-lauf/;Official organizer website;https://running.life/de/termine/hembser-drei-dorfer-lauf;unclear;medium;monthly;2026-06-17;;Promoted from clean staging batch running-life-germany-batch-05.;
Wiesenlauf - Klein Meckelsen;Running;18.07.2026;Klein Meckelsen;Germany;Klein Meckelsen, Germany;53.3040039;9.4514145;5 km, 10 km;Official endurance event in Klein Meckelsen. Imported from verified staging batch.;http://www.tus-klein-meckelsen.de/seite/505164/wiesenlauf.html;Official organizer website;https://running.life/de/termine/wiesenlauf;unclear;medium;monthly;2026-06-17;;Promoted from clean staging batch running-life-germany-batch-05.;
Hakro-Stadtlauf - Schrozberg;Running;18.07.2026;Schrozberg;Germany;Schrozberg, Germany;49.3457515;9.9815378;10 km;Official endurance event in Schrozberg. Imported from verified staging batch.;https://laufgemeinschaft-tauberfranken.de/21-hakro-stadtlauf/;Official organizer website;https://running.life/de/termine/hakro-stadtlauf;unclear;medium;monthly;2026-06-17;;Promoted from clean staging batch running-life-germany-batch-05.;
Neusitz Lauf;Running;18.07.2026;Neusitz;Germany;Neusitz, Germany;49.3711064;10.2227044;5 km;Official endurance event in Neusitz. Imported from verified staging batch.;https://neusitz.de/sportplatzfest-neusitz/;Official organizer website;https://running.life/de/termine/neusitz-lauf;unclear;medium;monthly;2026-06-17;;Promoted from clean staging batch running-life-germany-batch-05.;
Karlsfelder Triathlon;Triathlon;19.07.2026;Karlsfeld;Germany;Karlsfeld, Germany;48.2266316;11.4676387;Olympic Triathlon;Official endurance event in Karlsfeld. Imported from verified staging batch.;https://www.karlsfelder-triathlon.org;Official organizer website;https://running.life/de/termine/karlsfelder-triathlon;unclear;medium;monthly;2026-06-17;;Promoted from clean staging batch running-life-germany-batch-05.;
Barbarossa Lauf - Erlenbach am Main;Running;19.07.2026;Erlenbach am Main;Germany;Erlenbach am Main, Germany;49.8089685;9.1635136;5 km, 10 km;Official endurance event in Erlenbach am Main. Imported from verified staging batch.;https://barbarossalauf.de/;Official organizer website;https://running.life/de/termine/barbarossa-lauf;unclear;medium;monthly;2026-06-17;;Promoted from clean staging batch running-life-germany-batch-05.;
Mittsommer-Lauf Berlin;Running;19.07.2026;Berlin;Germany;Berlin, Germany;52.5173885;13.3951309;5 km, 10 km;Official endurance event in Berlin. Imported from verified staging batch.;https://mittsommer-lauf.de/;Official organizer website;https://running.life/de/termine/mittsommer-lauf-berlin;unclear;medium;monthly;2026-06-17;;Promoted from clean staging batch running-life-germany-batch-05.;
Sommernachtslauf München;Running;22.07.2026;München;Germany;München, Germany;48.1371079;11.5753822;5 km, 10 km;Official endurance event in München. Imported from verified staging batch.;https://citylauf-muenchen.de/;Official organizer website;https://running.life/de/termine/sommernachtslauf-munchen;unclear;medium;monthly;2026-06-17;;Promoted from clean staging batch running-life-germany-batch-05.;
Bokeler Windmühlenlauf;Running;24.07.2026;Bokel;Germany;Bokel, Germany;54.215784;9.7940518;5 km, 10 km;Official endurance event in Bokel. Imported from verified staging batch.;https://www.windmuehlenlauf.de/start.htm;Official organizer website;https://running.life/de/termine/bokeler-windmuhlenlauf;unclear;medium;monthly;2026-06-17;;Promoted from clean staging batch running-life-germany-batch-05.;
Towerman - Stoibermühlsee;Triathlon;24.07.2026;Stoibermühlsee;Germany;Stoibermühlsee, Germany;48.3861752;11.7921685;Triathlon;Official endurance event in Stoibermühlsee. Imported from verified staging batch.;https://www.wasserwacht-freising.de/Towerman/;Official organizer website;https://running.life/de/termine/towerman;unclear;medium;monthly;2026-06-17;;Promoted from clean staging batch running-life-germany-batch-05.;
Klettgaulauf;Running;24.07.2026;Klettgau;Germany;Klettgau, Germany;47.635682;8.4089759;10 km;Official endurance event in Klettgau. Imported from verified staging batch.;https://klettgaulauf.com;Official organizer website;https://running.life/de/termine/klettgaulauf;unclear;medium;monthly;2026-06-17;;Promoted from clean staging batch running-life-germany-batch-05.;
Norderney - Meine Insel Lauf;Running;25.07.2026;Norderney;Germany;Norderney, Germany;53.7056126;7.1438175;5 km, 10 km, Half Marathon;Official endurance event in Norderney. Imported from verified staging batch.;https://www.meine-insel-lauf-norderney.de/;Official organizer website;https://running.life/de/termine/norderney-meine-insel-lauf;unclear;medium;monthly;2026-06-17;;Promoted from clean staging batch running-life-germany-batch-05.;
Crazy Runners Frankenwald Trail - Geroldsgrün;Ultramarathon;25.07.2026;Geroldsgrün;Germany;Geroldsgrün, Germany;50.3428907;11.5797447;52 km;Official endurance event in Geroldsgrün. Imported from verified staging batch.;https://www.crazyrunners-frankenwaldtrail.de/;Official organizer website;https://running.life/de/termine/crazy-runners-frankenwald-trail;unclear;medium;monthly;2026-06-17;;Promoted from clean staging batch running-life-germany-batch-05.;
Friesencross - Wangerland;Running;25.07.2026;Wangerland;Germany;Wangerland, Germany;53.6469448;7.9404425;5 km, Marathon;Official endurance event in Wangerland. Imported from verified staging batch.;https://mtv-hohenkirchen.de/friesencross;Official organizer website;https://running.life/de/termine/friesencross;unclear;medium;monthly;2026-06-17;;Promoted from clean staging batch running-life-germany-batch-05.;
Triathlon Bundesliga Hannover Steinhude - Steinhuder Meer;Triathlon;25.07.2026;Steinhuder Meer;Germany;Steinhuder Meer, Germany;52.4731759;9.3291726;Sprint Triathlon;Official endurance event in Steinhuder Meer. Imported from verified staging batch.;https://www.triathlonbundesliga.de/events/2026/hannover-steinhude;Official organizer website;https://running.life/de/termine/triathlon-bundesliga-hannover-steinhude;unclear;medium;monthly;2026-06-17;;Promoted from clean staging batch running-life-germany-batch-05.;
Hasborner Freundschaftslauf;Running;25.07.2026;Hasborn;Germany;Hasborn, Germany;50.0525886;6.910133;5 km, 10 km, Half Marathon;Official endurance event in Hasborn. Imported from verified staging batch.;https://www.chiplauf.de/de/events/16-hasborner-freundschaftslauf-2026;Official organizer website;https://running.life/de/termine/hasborner-freundschaftslauf;unclear;medium;monthly;2026-06-17;;Promoted from clean staging batch running-life-germany-batch-05.;
Augsburger Nachtlauf - Siebentischwald;Running;25.07.2026;Siebentischwald;Germany;Siebentischwald, Germany;48.3347399;10.9210872;5 km;Official endurance event in Siebentischwald. Imported from verified staging batch.;https://www.lew-kuhseetriathlon.de/nachtlauf-infos.html;Official organizer website;https://running.life/de/termine/augsburger-nachtlauf;unclear;medium;monthly;2026-06-17;;Promoted from clean staging batch running-life-germany-batch-05.;
Böblingen Stadtlauf - Sindelfingen;Running;26.07.2026;Sindelfingen;Germany;Sindelfingen, Germany;48.7084162;9.0035455;5 km, 10 km;Official endurance event in Sindelfingen. Imported from verified staging batch.;https://www.eventservice-stahl.de/veranstaltungen/mercaden-b%C3%B6blingen-stadtlauf/;Official organizer website;https://running.life/de/termine/boblingen-stadtlauf;unclear;medium;monthly;2026-06-17;;Promoted from clean staging batch running-life-germany-batch-05.;
Weinheim Trails;Running;26.07.2026;Weinheim;Germany;Weinheim, Germany;49.5462349;8.6717458;5 km;Official endurance event in Weinheim. Imported from verified staging batch.;https://www.weinheimtrails.de/;Official organizer website;https://running.life/de/termine/weinheim-trails;unclear;medium;monthly;2026-06-17;;Promoted from clean staging batch running-life-germany-batch-05.;
Rückenwindlauf - Garching bei München;Running;26.07.2026;Garching bei München;Germany;Garching bei München, Germany;48.2513878;11.6509662;5 km, 10 km;Official endurance event in Garching bei München. Imported from verified staging batch.;https://www.rueckenwindlauf.de/;Official organizer website;https://running.life/de/termine/ruckenwindlauf;unclear;medium;monthly;2026-06-17;;Promoted from clean staging batch running-life-germany-batch-05.;
Pobershauer Schwarzwassertallauf - Marienberg;Running;26.07.2026;Marienberg;Germany;Marienberg, Germany;50.6507279;13.163188;5 km, 10 km, Half Marathon;Official endurance event in Marienberg. Imported from verified staging batch.;https://www.trans-miriquidi.de/modx/schwarzwassertallauf.html;Official organizer website;https://running.life/de/termine/pobershauer-schwarzwassertallauf;unclear;medium;monthly;2026-06-17;;Promoted from clean staging batch running-life-germany-batch-05.;
Esenser Volksbanklauf;Running;31.07.2026;Esens;Germany;Esens, Germany;53.6468107;7.6118499;5 km, 10 km;Official endurance event in Esens. Imported from verified staging batch.;https://www.lt-schafhauserwald.de/esenser-volksbanklauf/;Official organizer website;https://running.life/de/termine/esenser-stadtlauf;unclear;medium;monthly;2026-06-17;;Promoted from clean staging batch running-life-germany-batch-05.;
SWE Halbmarathon Ettlingen;Running;01.08.2026;Ettlingen;Germany;Ettlingen, Germany;48.9414188;8.4076347;Half Marathon;Official endurance event in Ettlingen. Imported from verified staging batch.;https://ssv-ettlingen.de/swe-halbmarathon-ettlingen/;Official organizer website;https://running.life/de/termine/swe-halbmarathon-ettlingen;unclear;medium;monthly;2026-06-17;;Promoted from clean staging batch running-life-germany-batch-06.;
Schwindegger Schlosslauf;Running;01.08.2026;Schwindegg;Germany;Schwindegg, Germany;48.2720696;12.2611725;5 km;Official endurance event in Schwindegg. Imported from verified staging batch.;https://laufsport.sv-schwindegg.de/schlosslauf/;Official organizer website;https://running.life/de/termine/schwindegger-schlosslauf;unclear;medium;monthly;2026-06-17;;Promoted from clean staging batch running-life-germany-batch-06.;
Mehrstetter Crosslauf - Mehrstetten;Running;01.08.2026;Mehrstetten;Germany;Mehrstetten, Germany;48.3766336;9.5662039;10 km;Official endurance event in Mehrstetten. Imported from verified staging batch.;https://www.wsv-mehrstetten.de/index.php/wsv-veranstaltungen/crosslauf;Official organizer website;https://running.life/de/termine/mehrstetter-crosslauf;unclear;medium;monthly;2026-06-17;;Promoted from clean staging batch running-life-germany-batch-06.;
Nordkirchener Halbmarathon;Running;02.08.2026;Nordkirchen;Germany;Nordkirchen, Germany;51.7380176;7.5251792;10 km, Half Marathon;Official endurance event in Nordkirchen. Imported from verified staging batch.;https://fc-nordkirchen.de/halbmarathon/;Official organizer website;https://running.life/de/termine/nordkirchener-halbmarathon;unclear;medium;monthly;2026-06-17;;Promoted from clean staging batch running-life-germany-batch-06.;
Wyker Stadtlauf - Wyk auf Föhr;Running;02.08.2026;Wyk auf Föhr;Germany;Wyk auf Föhr, Germany;54.6892888;8.5561518;5 km, 10 km;Official endurance event in Wyk auf Föhr. Imported from verified staging batch.;https://www.foehr.de/stadtlauf;Official organizer website;https://running.life/de/termine/wyker-stadtlauf;unclear;medium;monthly;2026-06-17;;Promoted from clean staging batch running-life-germany-batch-06.;
Tegelberglauf - Schwangau;Running;02.08.2026;Schwangau;Germany;Schwangau, Germany;47.5796844;10.7589108;5 km;Official endurance event in Schwangau. Imported from verified staging batch.;https://www2.tsv-schwangau.de/tegelberglauf/;Official organizer website;https://running.life/de/termine/tegelberglauf;unclear;medium;monthly;2026-06-17;;Promoted from clean staging batch running-life-germany-batch-06.;
Bärenkopplauf - Waldbreitbach;Running;07.08.2026;Waldbreitbach;Germany;Waldbreitbach, Germany;50.5520464;7.4177638;10 km;Official endurance event in Waldbreitbach. Imported from verified staging batch.;https://baerenkopplauf.de;Official organizer website;https://running.life/de/termine/barenkopplauf;unclear;medium;monthly;2026-06-17;;Promoted from clean staging batch running-life-germany-batch-06.;
Stauseelauf Bad Wörishofer - Bad Wörishofen;Running;07.08.2026;Bad Wörishofen;Germany;Bad Wörishofen, Germany;48.0048187;10.5926373;5 km, 10 km;Official endurance event in Bad Wörishofen. Imported from verified staging batch.;https://www.tsv-bw.de/abteilungen/leichtathletik/stauseelauf/;Official organizer website;https://running.life/de/termine/stauseelauf-bad-worishofer;unclear;medium;monthly;2026-06-17;;Promoted from clean staging batch running-life-germany-batch-06.;
Fockbeker Dorflauf;Running;07.08.2026;Fockbek;Germany;Fockbek, Germany;54.3065487;9.6067007;5 km, 10 km;Official endurance event in Fockbek. Imported from verified staging batch.;https://sv-fockbek.de/dorflauf/;Official organizer website;https://running.life/de/termine/fockbeker-dorflauf;unclear;medium;monthly;2026-06-17;;Promoted from clean staging batch running-life-germany-batch-06.;
Schierker Sommerlauf - Wernigerode;Running;08.08.2026;Wernigerode;Germany;Wernigerode, Germany;51.8344172;10.7862526;16 km, 8 km;Official endurance event in Wernigerode. Imported from verified staging batch.;http://www.schierker-sommerlauf.de;Official organizer website;https://running.life/de/termine/schierker-sommerlauf;unclear;medium;monthly;2026-06-17;;Promoted from clean staging batch running-life-germany-batch-06.;
Nacht der Zehner - Hamburg;Running;08.08.2026;Hamburg;Germany;Hamburg, Germany;53.5501721;10.0013165;10 km;Official endurance event in Hamburg. Imported from verified staging batch.;https://www.nachtderzehner.de/;Official organizer website;https://running.life/de/termine/nacht-der-zehner;unclear;medium;monthly;2026-06-17;;Promoted from clean staging batch running-life-germany-batch-06.;
Shoe Workers Hard Trail-Run - Hauenstein;Running;08.08.2026;Hauenstein;Germany;Hauenstein, Germany;49.1922047;7.8529006;5 km, 10 km;Official endurance event in Hauenstein. Imported from verified staging batch.;https://hauenstein.de/shoe-workers-trail-hauenstein/;Official organizer website;https://running.life/de/termine/shoe-workers-hard-trail-run;unclear;medium;monthly;2026-06-17;;Promoted from clean staging batch running-life-germany-batch-06.;
Licher Cross-Triathlon;Triathlon;08.08.2026;Lich;Germany;Lich, Germany;50.50516;8.84162;Triathlon;Official endurance event in Lich. Imported from verified staging batch.;https://www.maxx-timing.de/anmeldung;Official organizer website;https://running.life/de/termine/licher-cross-triathlon;unclear;medium;monthly;2026-06-17;;Promoted from clean staging batch running-life-germany-batch-06.;
Stefan Andres Freundschaftslauf - Schweich;Running;09.08.2026;Schweich;Germany;Schweich, Germany;49.8224303;6.7515418;12 km, 18 km, 26 km;Official endurance event in Schweich. Imported from verified staging batch.;https://lauftreff-schweich.de/stefan-andres-freundschaftslauf/;Official organizer website;https://running.life/de/termine/stefan-andres-freundschaftslauf;unclear;medium;monthly;2026-06-17;;Promoted from clean staging batch running-life-germany-batch-06.;
The Last Light Backyard Ultra - Frankfurt (Oder);Ultramarathon;14.08.2026;Frankfurt (Oder);Germany;Frankfurt (Oder), Germany;52.3412273;14.549452;6.7 km, 25 km, 7 km;Official endurance event in Frankfurt (Oder). Imported from verified staging batch.;https://thelastlight.phexora.ai/;Official organizer website;https://running.life/de/termine/the-last-light-backyard-ultra;unclear;medium;monthly;2026-06-17;;Promoted from clean staging batch running-life-germany-batch-06.;
Josef-Kaderhandt Waldlauf - Menden (Sauerland);Ultramarathon;15.08.2026;Menden (Sauerland);Germany;Menden (Sauerland), Germany;51.43779;7.7953822;Half Marathon, Marathon, 50 km;Official endurance event in Menden (Sauerland). Imported from verified staging batch.;https://www.menden-waldlauf.de/;Official organizer website;https://running.life/de/termine/josef-kaderhandt-waldlauf;unclear;medium;monthly;2026-06-17;;Promoted from clean staging batch running-life-germany-batch-06.;
GaPa Everesting-Festival - Garmisch-Partenkirchen;Ultramarathon;15.08.2026;Garmisch-Partenkirchen;Germany;Garmisch-Partenkirchen, Germany;47.4923741;11.0962815;59 km;Official endurance event in Garmisch-Partenkirchen. Imported from verified staging batch.;https://www.everesting-festival.com/;Official organizer website;https://running.life/de/termine/gapa-everesting-festival;unclear;medium;monthly;2026-06-17;;Promoted from clean staging batch running-life-germany-batch-06.;
Detmolder Residenzlauf;Running;15.08.2026;Detmold;Germany;Detmold, Germany;51.936284;8.8791526;5 km, 10 km;Official endurance event in Detmold. Imported from verified staging batch.;https://www.detmolder-residenzlauf.de;Official organizer website;https://running.life/de/termine/detmolder-residenzlauf;unclear;medium;monthly;2026-06-17;;Promoted from clean staging batch running-life-germany-batch-06.;
Stadtlauf in Gedern;Running;15.08.2026;Gedern;Germany;Gedern, Germany;50.4051;9.2135;5 km, 10 km;Official endurance event in Gedern. Imported from verified staging batch.;https://www.oberhessencup.de/kopie-von-nidda;Official organizer website;https://running.life/de/termine/stadtlauf-in-gedern;unclear;medium;monthly;2026-06-17;;Promoted from clean staging batch running-life-germany-batch-06.;
Kelheimer Volksfestlauf;Running;15.08.2026;Kelheim;Germany;Kelheim, Germany;48.91849;11.8722777;5 km, 10 km;Official endurance event in Kelheim. Imported from verified staging batch.;https://www.runandbike.info/volksfestlauf.html;Official organizer website;https://running.life/de/termine/kelheimer-volksfestlauf;unclear;medium;monthly;2026-06-17;;Promoted from clean staging batch running-life-germany-batch-06.;
Kerwelauf Hüttenfeld - Lampertheim;Running;15.08.2026;Lampertheim;Germany;Lampertheim, Germany;49.6239449;8.4093474;10 km, Half Marathon;Official endurance event in Lampertheim. Imported from verified staging batch.;https://www.sg-huettenfeld.de/kerwelauf/;Official organizer website;https://running.life/de/termine/huttenfelder-volksbank-kerwelauf;unclear;medium;monthly;2026-06-17;;Promoted from clean staging batch running-life-germany-batch-06.;
Hunsbuckeltrail (HuBuT) - Laubach, Hunsrück;Running;16.08.2026;Laubach;Germany;Laubach, Germany;50.0557179;7.5099389;47 km;Official endurance event in Laubach. Imported from verified staging batch.;https://hunsbuckel-trail.de/;Official organizer website;https://running.life/de/termine/hunsbuckeltrail-hubut;unclear;medium;monthly;2026-06-17;;Promoted from clean staging batch running-life-germany-batch-06.;
Sengbach-Talsperrenlauf - Leichlingen (Rheinland);Running;16.08.2026;Leichlingen (Rheinland);Germany;Leichlingen (Rheinland), Germany;51.103975;7.0164;10 km, Half Marathon, Marathon;Official endurance event in Leichlingen (Rheinland). Imported from verified staging batch.;https://sengbachlauf.de/;Official organizer website;https://running.life/de/termine/sengbach-talsperrenlauf;unclear;medium;monthly;2026-06-17;;Promoted from clean staging batch running-life-germany-batch-06.;
Wössner Halbmarathon - Unterwössen;Running;16.08.2026;Unterwössen;Germany;Unterwössen, Germany;47.7357886;12.4594234;Half Marathon;Official endurance event in Unterwössen. Imported from verified staging batch.;https://svunterwoessen.de/woessner-halbmarathon/;Official organizer website;https://running.life/de/termine/wossner-halbmarathon;unclear;medium;monthly;2026-06-17;;Promoted from clean staging batch running-life-germany-batch-06.;
"Wöhler-Lauf ""Rund um die Aabachtalsperre"" - Bad Wünnenberg";Running;16.08.2026;Bad Wünnenberg;Germany;Bad Wünnenberg, Germany;51.5169114;8.6986809;5 km, 10 km, Half Marathon;Official endurance event in Bad Wünnenberg. Imported from verified staging batch.;https://www.tus-bw.de/volkslauf/;Official organizer website;https://running.life/de/termine/wohler-lauf-rund-um-die-aabachtalsperre;unclear;medium;monthly;2026-06-17;;Promoted from clean staging batch running-life-germany-batch-06.;
Stadtwerke Halle Triathlon - Halle (Saale);Triathlon;16.08.2026;Halle (Saale);Germany;Halle (Saale), Germany;51.4824354;11.9712985;Sprint Triathlon;Official endurance event in Halle (Saale). Imported from verified staging batch.;https://triathlon-halle.de/halle-triathlon/;Official organizer website;https://running.life/de/termine/stadtwerke-halle-triathlon;unclear;medium;monthly;2026-06-17;;Promoted from clean staging batch running-life-germany-batch-06.;
Wohldenberger Waldlauf - Holle;Running;16.08.2026;Holle;Germany;Holle, Germany;52.0872985;10.1605747;10 km, Half Marathon;Official endurance event in Holle. Imported from verified staging batch.;http://www.rw-wohldenberg.de/waldlauf/;Official organizer website;https://running.life/de/termine/wohldenberger-waldlauf;unclear;medium;monthly;2026-06-17;;Promoted from clean staging batch running-life-germany-batch-06.;
Volkslauf rund um Zehnhausen - Landau in der Pfalz;Running;21.08.2026;Landau in der Pfalz;Germany;Landau in der Pfalz, Germany;49.1982825;8.1123441;5 km, 10 km;Official endurance event in Landau in der Pfalz. Imported from verified staging batch.;https://www.ergebnisliste.de/wlc-laufveranstaltungen/volkslauf-zehnhausen;Official organizer website;https://running.life/de/termine/jedermanns-lauf-zehnhausen;unclear;medium;monthly;2026-06-17;;Promoted from clean staging batch running-life-germany-batch-07.;
Herxheimer Abendstraßenlauf mit Pfalzmeisterschaften 10k - Herxheim bei Landau (Pfalz);Running;21.08.2026;Herxheim bei Landau (Pfalz);Germany;Herxheim bei Landau (Pfalz), Germany;49.1463456;8.2156228;5 km, 10 km;Official endurance event in Herxheim bei Landau (Pfalz). Imported from verified staging batch.;https://www.tv-herxheim.de/veranstaltungen/abendstrassenlauf/;Official organizer website;https://running.life/de/termine/herxheimer-abendstrassenlauf-mit-pfalzmeisterschaften-10k;unclear;medium;monthly;2026-06-17;;Promoted from clean staging batch running-life-germany-batch-07.;
Ahnepark-Lauf der Laufgemeinschaft Vellmar;Running;21.08.2026;Vellmar;Germany;Vellmar, Germany;51.3622487;9.4692331;5 km, 10 km;Official endurance event in Vellmar. Imported from verified staging batch.;https://lauftreff-hofgeismar.de/termine/6-ahnepark-lauf-der-laufgemeinschaft-vellmar/;Official organizer website;https://running.life/de/termine/ahnepark-lauf-der-laufgemeinschaft-vellmar;unclear;medium;monthly;2026-06-17;;Promoted from clean staging batch running-life-germany-batch-07.;
Lemgoer Hanselauf;Running;21.08.2026;Lemgo;Germany;Lemgo, Germany;52.0280674;8.9012894;10 km;Official endurance event in Lemgo. Imported from verified staging batch.;https://www.tv-lemgo.de/events/hanselauf/;Official organizer website;https://running.life/de/termine/lemgoer-hanselauf;unclear;medium;monthly;2026-06-17;;Promoted from clean staging batch running-life-germany-batch-07.;
Exter FlexRun - Vlotho;Running;22.08.2026;Vlotho;Germany;Vlotho, Germany;52.1664861;8.8619172;5 km, 10 km, Half Marathon, Marathon;Official endurance event in Vlotho. Imported from verified staging batch.;http://www.exterflexrun.de/;Official organizer website;https://running.life/de/termine/exter-flexrun;unclear;medium;monthly;2026-06-17;;Promoted from clean staging batch running-life-germany-batch-07.;
Emder Vielfaltslauf - Emden;Running;22.08.2026;Emden;Germany;Emden, Germany;53.3670541;7.2058304;5 km, 10 km;Official endurance event in Emden. Imported from verified staging batch.;https://obw-emden.de/die-obw/middenmang-loop/;Official organizer website;https://running.life/de/termine/middenmang-loop-1-emder-vielfaltslauf/2026-08-22;unclear;medium;monthly;2026-06-17;;Promoted from clean staging batch running-life-germany-batch-07.;
Stadtwerkelauf Delitzsch;Running;22.08.2026;Delitzsch;Germany;Delitzsch, Germany;51.5255661;12.342857;10 km;Official endurance event in Delitzsch. Imported from verified staging batch.;https://stadtwerkelauf-delitzsch.de/;Official organizer website;https://running.life/de/termine/stadtwerkelauf-delitzsch;unclear;medium;monthly;2026-06-17;;Promoted from clean staging batch running-life-germany-batch-07.;
Seven Summits Siegen;Ultramarathon;22.08.2026;Siegen;Germany;Siegen, Germany;50.8751175;8.0256131;50 km;Official endurance event in Siegen. Imported from verified staging batch.;https://www.seven-summits-siegen.de/;Official organizer website;https://running.life/de/termine/seven-summits-siegen;unclear;medium;monthly;2026-06-17;;Promoted from clean staging batch running-life-germany-batch-07.;
Jedermanntriathlon - Neustrelitz;Triathlon;22.08.2026;Neustrelitz;Germany;Neustrelitz, Germany;53.3617163;13.0630004;Sprint Triathlon;Official endurance event in Neustrelitz. Imported from verified staging batch.;https://jedermann-triathlon.de/;Official organizer website;https://running.life/de/termine/jedermanntriathlon;unclear;medium;monthly;2026-06-17;;Promoted from clean staging batch running-life-germany-batch-07.;
Gebirgsmarathon Immenstadt - Immenstadt im Allgäu;Running;22.08.2026;Immenstadt im Allgäu;Germany;Immenstadt im Allgäu, Germany;47.5713422;10.1888003;Marathon;Official endurance event in Immenstadt im Allgäu. Imported from verified staging batch.;https://www.gebirgsmarathon.com/;Official organizer website;https://running.life/de/termine/gebirgsmarathon-immenstadt;unclear;medium;monthly;2026-06-17;;Promoted from clean staging batch running-life-germany-batch-07.;
Michelsmarktlauf - Reichelsheim (Odenwald);Running;22.08.2026;Reichelsheim (Odenwald);Germany;Reichelsheim (Odenwald), Germany;49.6985;8.8495;10 km;Official endurance event in Reichelsheim (Odenwald). Imported from verified staging batch.;https://www.ksv-reichelsheim.de/abteilungen/leichtathletik/michelsmarktlauf/;Official organizer website;https://running.life/de/termine/michelsmarktlauf;unclear;medium;monthly;2026-06-17;;Promoted from clean staging batch running-life-germany-batch-07.;
Muldental-Triathlon - Grimma;Triathlon;23.08.2026;Grimma;Germany;Grimma, Germany;51.2383379;12.7287511;Olympic Triathlon;Official endurance event in Grimma. Imported from verified staging batch.;https://muldental-triathlon.de/;Official organizer website;https://running.life/de/termine/muldental-triathlon;unclear;medium;monthly;2026-06-17;;Promoted from clean staging batch running-life-germany-batch-07.;
Hachede-Triathlon - Geesthacht;Triathlon;23.08.2026;Geesthacht;Germany;Geesthacht, Germany;53.4374683;10.3678235;Olympic Triathlon;Official endurance event in Geesthacht. Imported from verified staging batch.;https://hachede-triathlon.de/;Official organizer website;https://running.life/de/termine/hachede-triathlon;unclear;medium;monthly;2026-06-17;;Promoted from clean staging batch running-life-germany-batch-07.;
Rag Hartfüssler Trail - Saarbrücken;Ultramarathon;23.08.2026;Saarbrücken;Germany;Saarbrücken, Germany;49.234362;6.996379;Marathon, 58 km;Official endurance event in Saarbrücken. Imported from verified staging batch.;https://www.hartfuesslertrail.de/;Official organizer website;https://running.life/de/termine/rag-hartfussler-trail;unclear;medium;monthly;2026-06-17;;Promoted from clean staging batch running-life-germany-batch-07.;
Berliner Straßenlauf - Die Generalprobe;Running;23.08.2026;Berlin;Germany;Berlin, Germany;52.5173885;13.3951309;10 km, Half Marathon, Marathon;Official endurance event in Berlin. Imported from verified staging batch.;https://www.berliner-generalprobe.de/;Official organizer website;https://running.life/de/termine/berliner-strassenlauf-die-generalprobe;unclear;medium;monthly;2026-06-17;;Promoted from clean staging batch running-life-germany-batch-07.;
Breisgau Triathlon - Malterdingen;Triathlon;23.08.2026;Malterdingen;Germany;Malterdingen, Germany;48.1621664;7.7951587;Triathlon;Official endurance event in Malterdingen. Imported from verified staging batch.;https://www.breisgau-triathlon.de/;Official organizer website;https://running.life/de/termine/breisgau-triathlon;unclear;medium;monthly;2026-06-17;;Promoted from clean staging batch running-life-germany-batch-07.;
Breitunger Pleßlauf - Breitungen/Werra;Running;23.08.2026;Breitungen/Werra;Germany;Breitungen/Werra, Germany;50.7581715;10.3336776;30 km;Official endurance event in Breitungen/Werra. Imported from verified staging batch.;https://www.plesslauf.de/;Official organizer website;https://running.life/de/termine/breitunger-pless-berglauf;unclear;medium;monthly;2026-06-17;;Promoted from clean staging batch running-life-germany-batch-07.;
Viernheimer Triathlon;Triathlon;23.08.2026;Viernheim;Germany;Viernheim, Germany;49.5401213;8.5785313;Olympic Triathlon;Official endurance event in Viernheim. Imported from verified staging batch.;https://triathlonviernheim.de/viernheimer-triathlon/infos/ausschreibungen/;Official organizer website;https://running.life/de/termine/viernheimer-triathlon;unclear;medium;monthly;2026-06-17;;Promoted from clean staging batch running-life-germany-batch-07.;
Bürostadtlauf Frankfurt - Frankfurt am Main;Ultramarathon;27.08.2026;Frankfurt am Main;Germany;Frankfurt am Main, Germany;50.1106444;8.6820917;5 km, 10 km, 50 km;Official endurance event in Frankfurt am Main. Imported from verified staging batch.;https://buerostadtlauf.de/;Official organizer website;https://running.life/de/termine/burostadtlauf-frankfurt;unclear;medium;monthly;2026-06-17;;Promoted from clean staging batch running-life-germany-batch-07.;
Ibbenbürener Aaseelauf;Running;28.08.2026;Ibbenbüren;Germany;Ibbenbüren, Germany;52.2774772;7.7151417;5 km, 10 km, Marathon;Official endurance event in Ibbenbüren. Imported from verified staging batch.;https://www.marathon-ibbenbueren.de/aaseelauf;Official organizer website;https://running.life/de/termine/ibbenburener-aaseelauf;unclear;medium;monthly;2026-06-17;;Promoted from clean staging batch running-life-germany-batch-07.;
Sommerabendlauf des TuS Köln;Running;28.08.2026;Köln;Germany;Köln, Germany;50.938361;6.959974;5 km, 10 km;Official endurance event in Köln. Imported from verified staging batch.;https://www.tuskoeln.de/sommerabendlauf;Official organizer website;https://running.life/de/termine/sommerabendlauf;unclear;medium;monthly;2026-06-17;;Promoted from clean staging batch running-life-germany-batch-07.;
"Straßenlauf ""Rund um den Holtenauer Leuchtturm"" - Kiel";Running;28.08.2026;Kiel;Germany;Kiel, Germany;54.3227085;10.135555;5 km, 10 km;Official endurance event in Kiel. Imported from verified staging batch.;https://www.davengo.com/event/overview/31-strassenlauf-rund-um-den-holtenauer-leuchtturm-2026;Official organizer website;https://running.life/de/termine/strassenlauf-rund-um-den-holtenauer-leuchtturm;unclear;medium;monthly;2026-06-17;;Promoted from clean staging batch running-life-germany-batch-07.;
Panoramalauf Rund Um Die Burg Are - Altenahr;Ultramarathon;29.08.2026;Altenahr;Germany;Altenahr, Germany;50.5169469;6.9920517;57 km;Official endurance event in Altenahr. Imported from verified staging batch.;https://www.selbstlaeufer-altenahr.de/panoramalauf-ausschreibung.html;Official organizer website;https://running.life/de/termine/panoramalauf-rund-um-die-burg-are;unclear;medium;monthly;2026-06-17;;Promoted from clean staging batch running-life-germany-batch-07.;
RWW-Ruhrauenlauf - Mülheim an der Ruhr;Running;29.08.2026;Mülheim an der Ruhr;Germany;Mülheim an der Ruhr, Germany;51.4272925;6.8829192;5 km, 10 km;Official endurance event in Mülheim an der Ruhr. Imported from verified staging batch.;https://www.rww.de/news/ruhrauenlauf;Official organizer website;https://running.life/de/termine/rww-ruhrauenlauf;unclear;medium;monthly;2026-06-17;;Promoted from clean staging batch running-life-germany-batch-07.;
Beuchaer Triathlon Day - Brandis;Triathlon;29.08.2026;Brandis;Germany;Brandis, Germany;51.3346604;12.6089036;Triathlon;Official endurance event in Brandis. Imported from verified staging batch.;https://www.beuchaer-triathlon.de/;Official organizer website;https://running.life/de/termine/beuchaer-triathlon-day;unclear;medium;monthly;2026-06-17;;Promoted from clean staging batch running-life-germany-batch-07.;
Lebacher 12 Stunden Lionslauf;Ultramarathon;29.08.2026;Lebach;Germany;Lebach, Germany;49.4132377;6.9091348;Marathon, 150 km;Official endurance event in Lebach. Imported from verified staging batch.;https://www.ltf-theeltal.de/veranstaltungen/lionslauf/;Official organizer website;https://running.life/de/termine/lebacher-12-stunden-lionslauf;unclear;medium;monthly;2026-06-17;;Promoted from clean staging batch running-life-germany-batch-07.;
Limlauf Kirkel;Running;29.08.2026;Kirkel;Germany;Kirkel, Germany;49.2833031;7.2333295;5 km, 10 km, Half Marathon;Official endurance event in Kirkel. Imported from verified staging batch.;https://tv-limbach.de/limlauf;Official organizer website;https://running.life/de/termine/limlauf-kirkel;unclear;medium;monthly;2026-06-18;;Promoted from clean staging batch running-life-germany-batch-08.;
Altenhainer Weißbiermeile - Frankenberg/Sa.;Running;29.08.2026;Frankenberg/Sa.;Germany;Frankenberg/Sa., Germany;50.9110365;13.0331023;10 km;Official endurance event in Frankenberg/Sa.. Imported from verified staging batch.;https://weissbierfreun.de/weissbiermeile-zwergenmeile/;Official organizer website;https://running.life/de/termine/altenhainer-weissbiermeile;unclear;medium;monthly;2026-06-18;;Promoted from clean staging batch running-life-germany-batch-08.;
Sprint Triathlon in Ingelheim - Ingelheim am Rhein;Triathlon;30.08.2026;Ingelheim am Rhein;Germany;Ingelheim am Rhein, Germany;49.9752749;8.0547274;Sprint Triathlon;Official endurance event in Ingelheim am Rhein. Imported from verified staging batch.;https://www.derkleinekarl.de/;Official organizer website;https://running.life/de/termine/sprint-triathlon-in-ingelheim;unclear;medium;monthly;2026-06-18;;Promoted from clean staging batch running-life-germany-batch-08.;
Kallinchen Triathlon - Zossen;Triathlon;30.08.2026;Zossen;Germany;Zossen, Germany;52.2159073;13.4488958;Olympic Triathlon;Official endurance event in Zossen. Imported from verified staging batch.;https://kallinchentriathlon.de/Wettkampf/Ausschreibung/;Official organizer website;https://running.life/de/termine/kallinchen-triathlon;unclear;medium;monthly;2026-06-18;;Promoted from clean staging batch running-life-germany-batch-08.;
Otterndorf Triathlon;Triathlon;30.08.2026;Otterndorf;Germany;Otterndorf, Germany;53.8073939;8.8956836;Olympic Triathlon;Official endurance event in Otterndorf. Imported from verified staging batch.;https://otterndorf-triathlon.de/;Official organizer website;https://running.life/de/termine/otterndorf-triathlon;unclear;medium;monthly;2026-06-18;;Promoted from clean staging batch running-life-germany-batch-08.;
Covestro Triathlon - Krefeld;Triathlon;30.08.2026;Krefeld;Germany;Krefeld, Germany;51.3331205;6.5623343;Olympic Triathlon;Official endurance event in Krefeld. Imported from verified staging batch.;https://www.krefeld05.de/de/eventlocation/events/covestro-triathlon/;Official organizer website;https://running.life/de/termine/covestro-triathlon;unclear;medium;monthly;2026-06-18;;Promoted from clean staging batch running-life-germany-batch-08.;
Sechtemer Burgenlauf - Bornheim;Running;30.08.2026;Bornheim;Germany;Bornheim, Germany;50.7627913;6.9890508;5 km, 10 km;Official endurance event in Bornheim. Imported from verified staging batch.;http://graue-burggeister.de/Sechtemer-Burgenlauf;Official organizer website;https://running.life/de/termine/sechtemer-burgenlauf;unclear;medium;monthly;2026-06-18;;Promoted from clean staging batch running-life-germany-batch-08.;
Elbe-Triathlon Hamburg;Triathlon;30.08.2026;Hamburg;Germany;Hamburg, Germany;53.5501721;10.0013165;Triathlon;Official endurance event in Hamburg. Imported from verified staging batch.;https://www.elbetriathlon.de/;Official organizer website;https://running.life/de/termine/elbe-triathlon;unclear;medium;monthly;2026-06-18;;Promoted from clean staging batch running-life-germany-batch-08.;
Brombachseetriathlon - Pleinfeld;Triathlon;30.08.2026;Pleinfeld;Germany;Pleinfeld, Germany;49.1053751;10.98564;Triathlon;Official endurance event in Pleinfeld. Imported from verified staging batch.;https://brombachseetriathlon.com/;Official organizer website;https://running.life/de/termine/brombachseetriathlon;unclear;medium;monthly;2026-06-18;;Promoted from clean staging batch running-life-germany-batch-08.;
Windmühlenberglauf - Wolfsburg;Running;30.08.2026;Wolfsburg;Germany;Bezirkssportanlage am Windm?hlenberg, Fallersleben, Wolfsburg, Germany;52.396659;10.829273;Marathon / Half Marathon / 10 km;Official endurance event in Wolfsburg. Imported from verified staging batch.;https://www.vfb-fallersleben.de/abteilungen/leichtathletik/veranstaltungen/windmuehlenberglauf/;Official organizer website;https://running.life/de/termine/windmuhlenberglauf;unclear;medium;monthly;2026-06-18;;"Promoted from clean staging batch running-life-germany-batch-08. Duplicate LADV row removed; broader distance set and precise venue coordinates merged.";
GochNESS-TRIathlon;Triathlon;30.08.2026;Goch;Germany;Goch, Germany;51.6755765;6.1593045;Triathlon;Official endurance event in Goch. Imported from verified staging batch.;https://www.nesstri.de/;Official organizer website;https://running.life/de/termine/gochness-triathlon;unclear;medium;monthly;2026-06-18;;Promoted from clean staging batch running-life-germany-batch-08.;
Freiburger Laufveranstaltung - Freiburg (Elbe);Running;30.08.2026;Freiburg (Elbe);Germany;Freiburg (Elbe), Germany;53.825248;9.28872;5 km, 10 km, Half Marathon;Official endurance event in Freiburg (Elbe). Imported from verified staging batch.;https://www.mtv-freiburg.de/newpage;Official organizer website;https://running.life/de/termine/lauf-mtv-freiburg;unclear;medium;monthly;2026-06-18;;Promoted from clean staging batch running-life-germany-batch-08.;
Riesenbecker Triathlon - Hörstel;Triathlon;30.08.2026;Hörstel;Germany;Hörstel, Germany;52.2973664;7.5862462;Olympic Triathlon;Official endurance event in Hörstel. Imported from verified staging batch.;https://www.riesenbecker-triathlon.de/riesenbecker-polyvlies-triathlon/;Official organizer website;https://running.life/de/termine/riesenbecker-triathlon;unclear;medium;monthly;2026-06-18;;Promoted from clean staging batch running-life-germany-batch-08.;
Cross Fun Run Natur-Freizeitlauf für Alle - Ahrensburg;Running;30.08.2026;Ahrensburg;Germany;Ahrensburg, Germany;53.6736529;10.2358999;5 km;Official endurance event in Ahrensburg. Imported from verified staging batch.;https://www.wearecyclocross.com/crossfunrun-30.08.2026/;Official organizer website;https://running.life/de/termine/cross-fun-run-natur-freizeitlauf-fur-alle;unclear;medium;monthly;2026-06-18;;Promoted from clean staging batch running-life-germany-batch-08.;
Ökorun in Wächtersbach;Running;30.08.2026;Wächtersbach;Germany;Wächtersbach, Germany;50.2724;9.2857;5 km, 10 km;Official endurance event in Wächtersbach. Imported from verified staging batch.;https://oeko-run.de/;Official organizer website;https://running.life/de/termine/okorun-in-wachtersbach;unclear;medium;monthly;2026-06-18;;Promoted from clean staging batch running-life-germany-batch-08.;
Gerhard-Hamann-Gedenklauf-Crosslauf - Krostitz;Running;30.08.2026;Krostitz;Germany;Krostitz, Germany;51.462961;12.4486969;5 km;Official endurance event in Krostitz. Imported from verified staging batch.;https://lac-krostitz.de/gerhard-hamann-gedenklauf-crosslauf/;Official organizer website;https://running.life/de/termine/gerhard-hamann-gedenklauf-crosslauf;unclear;medium;monthly;2026-06-18;;Promoted from clean staging batch running-life-germany-batch-08.;
"Team Magenta Lauf ""Münster""";Running;03.09.2026;Münster;Germany;Münster, Germany;51.9625101;7.6251879;10 km;Official endurance event in Münster. Imported from verified staging batch.;https://afterjobrun.de/Muenster-03-09-26/Ausschreibung;Official organizer website;https://running.life/de/termine/team-magenta-lauf-munster;unclear;medium;monthly;2026-06-18;;Promoted from clean staging batch running-life-germany-batch-08.;
Weikersheimer Kärwelauf;Running;04.09.2026;Weikersheim;Germany;Weikersheim, Germany;49.4806473;9.8976809;5 km, 10 km;Official endurance event in Weikersheim. Imported from verified staging batch.;https://www.xn--weikersheimer-krwelauf-f5b.de/;Official organizer website;https://running.life/de/termine/weikersheimer-karwelauf;unclear;medium;monthly;2026-06-18;;Promoted from clean staging batch running-life-germany-batch-08.;
Höinger Heidelauf - Ense;Running;04.09.2026;Ense;Germany;Ense, Germany;51.502011;7.9722118;5 km, 10 km, Half Marathon;Official endurance event in Ense. Imported from verified staging batch.;https://www.hoeinger-sv.de/heidelauf/;Official organizer website;https://running.life/de/termine/hoinger-heidelauf;unclear;medium;monthly;2026-06-18;;Promoted from clean staging batch running-life-germany-batch-08.;
Weidatalcross - Weißendorf;Running;05.09.2026;Weißendorf;Germany;Weißendorf, Germany;50.6734356;11.9949476;10 km;Official endurance event in Weißendorf. Imported from verified staging batch.;https://weidatalcross.jimdofree.com/;Official organizer website;https://running.life/de/termine/weidatalcross;unclear;medium;monthly;2026-06-18;;Promoted from clean staging batch running-life-germany-batch-08.;
WILDMAN Harz - Wildemann;Ultramarathon;05.09.2026;Wildemann;Germany;Wildemann, Germany;51.8274621;10.2836353;Half Marathon, 55 km;Official endurance event in Wildemann. Imported from verified staging batch.;https://wildman-harz.de/;Official organizer website;https://running.life/de/termine/wildman-harz;unclear;medium;monthly;2026-06-18;;Promoted from clean staging batch running-life-germany-batch-08.;
Kurstadtlauf - Heilbad Heiligenstadt;Running;05.09.2026;Heilbad Heiligenstadt;Germany;Heilbad Heiligenstadt, Germany;51.3788295;10.1369526;5 km, 10 km;Official endurance event in Heilbad Heiligenstadt. Imported from verified staging batch.;https://vrbankmitte-kurstadtlauf.de/;Official organizer website;https://running.life/de/termine/kurstadtlauf-heiligenstadt;unclear;medium;monthly;2026-06-18;;Promoted from clean staging batch running-life-germany-batch-08.;
Sparkassenlauf Aurich;Running;05.09.2026;Aurich;Germany;Aurich, Germany;53.4695604;7.4823808;5 km, 10 km;Official endurance event in Aurich. Imported from verified staging batch.;https://www.citylauf-aurich.de/;Official organizer website;https://running.life/de/termine/sparkassenlauf-aurich;unclear;medium;monthly;2026-06-18;;Promoted from clean staging batch running-life-germany-batch-08.;
Brockenlauf Ilsenburg - Ilsenburg (Harz);Running;05.09.2026;Ilsenburg (Harz);Germany;Ilsenburg (Harz), Germany;51.8667349;10.6831785;10 km;Official endurance event in Ilsenburg (Harz). Imported from verified staging batch.;https://brockenlauf.de/brockenlauf;Official organizer website;https://running.life/de/termine/brockenlauf-ilsenburg;unclear;medium;monthly;2026-06-18;;Promoted from clean staging batch running-life-germany-batch-08.;
Cottbuser Triathlon;Triathlon;05.09.2026;Cottbus;Germany;Cottbus, Germany;51.7567447;14.3357307;Triathlon;Official endurance event in Cottbus. Imported from verified staging batch.;https://baer-service.de/veranstaltung/CTR/;Official organizer website;https://running.life/de/termine/cottbuser-triathlon;unclear;medium;monthly;2026-06-18;;Promoted from clean staging batch running-life-germany-batch-08.;
Herbstwaldlauf des Ski-Club Fretter - Finnentrop;Running;05.09.2026;Finnentrop;Germany;Finnentrop, Germany;51.1729173;7.9724578;10 km, Half Marathon;Official endurance event in Finnentrop. Imported from verified staging batch.;https://www.lac-veltins-hochsauerland.de/de/veranstaltungen/termine/62-Herbstwaldlauf.php?splitId=3&from=2026-09-05 14:30:00&to=2026-09-05 16:00:00;Official organizer website;https://running.life/de/termine/herbstwaldlauf-des-ski-club-fretter;unclear;medium;monthly;2026-06-18;;Promoted from clean staging batch running-life-germany-batch-08.;
Zehn Freunde Team Triathlon Darmstadt;Triathlon;06.09.2026;Darmstadt;Germany;Darmstadt, Germany;49.872775;8.651177;Triathlon;Official endurance event in Darmstadt. Imported from verified staging batch.;https://zehnfreunde-triathlon.de/triathlon-darmstadt;Official organizer website;https://running.life/de/termine/zehn-freunde-team-triathlon-darmstadt;unclear;medium;monthly;2026-06-18;;Promoted from clean staging batch running-life-germany-batch-08.;
Rostocker Frauenlauf;Running;06.09.2026;Rostock;Germany;Rostock, Germany;54.0886707;12.1400211;5 km, 10 km;Official endurance event in Rostock. Imported from verified staging batch.;https://rostocker-frauenlauf.de/;Official organizer website;https://running.life/de/termine/rostocker-frauenlauf;unclear;medium;monthly;2026-06-18;;Promoted from clean staging batch running-life-germany-batch-08.;
Top Race Germany - Bostalsee;Triathlon;06.09.2026;Bostalsee;Germany;Bostalsee, Germany;49.5649708;7.0730757;Olympic Triathlon;Official endurance event in Bostalsee. Imported from verified staging batch.;https://www.topracegermany.de;Official organizer website;https://running.life/de/termine/top-race-germany;unclear;medium;monthly;2026-06-18;;Promoted from clean staging batch running-life-germany-batch-09.;
Hochheimer Weinbergslauf - Hochheim am Main;Running;06.09.2026;Hochheim am Main;Germany;Hochheim am Main, Germany;50.0277;8.3587;Half Marathon;Official endurance event in Hochheim am Main. Imported from verified staging batch.;https://www.weinbergslauf-hochheim.de/;Official organizer website;https://running.life/de/termine/hochheimer-weinbergslauf;unclear;medium;monthly;2026-06-18;;Promoted from clean staging batch running-life-germany-batch-09.;
Kö Meile Düsseldorf;Running;06.09.2026;Düsseldorf;Germany;Düsseldorf, Germany;51.2254018;6.7763137;5 km;Official endurance event in Düsseldorf. Imported from verified staging batch.;https://www.diekoemeile.de/;Official organizer website;https://running.life/de/termine/ko-meile-dusseldorf;unclear;medium;monthly;2026-06-18;;Promoted from clean staging batch running-life-germany-batch-09.;
Eintracht MainSprint Triathlon - Neu-Isenburg;Triathlon;06.09.2026;Neu-Isenburg;Germany;Neu-Isenburg, Germany;50.0464196;8.6717748;Sprint Triathlon;Official endurance event in Neu-Isenburg. Imported from verified staging batch.;https://triathlon.eintracht.de/wettkaempfe/eintracht-mainsprint-triathlon/;Official organizer website;https://running.life/de/termine/eintracht-mainsprint-triathlon;unclear;medium;monthly;2026-06-18;;Promoted from clean staging batch running-life-germany-batch-09.;
Bismarckturmlauf - Herford;Running;06.09.2026;Herford;Germany;Herford, Germany;52.1152245;8.6711118;5 km, 10 km;Official endurance event in Herford. Imported from verified staging batch.;https://tgherford.de/tgh/turmlauf/;Official organizer website;https://running.life/de/termine/bismarckturmlauf-herford;unclear;medium;monthly;2026-06-18;;Promoted from clean staging batch running-life-germany-batch-09.;
BSV Sommer-Cup - Hamburg;Running;09.09.2026;Hamburg;Germany;Hamburg, Germany;53.5501721;10.0013165;10 km;Official endurance event in Hamburg. Imported from verified staging batch.;https://athleticon.bsvhh.de/public/;Official organizer website;https://running.life/de/termine/bsv-sommer-cup;unclear;medium;monthly;2026-06-18;;Promoted from clean staging batch running-life-germany-batch-09.;
Kölner gastRUNomie Lauf;Running;10.09.2026;Köln;Germany;Köln, Germany;50.938361;6.959974;10 km;Official endurance event in Köln. Imported from verified staging batch.;https://time-and-voice.com/de/running/gastrunomie-2026;Official organizer website;https://running.life/de/termine/kolner-gastrunomie-lauf;unclear;medium;monthly;2026-06-18;;Promoted from clean staging batch running-life-germany-batch-09.;
10-Teiche-Marathon - Goslar;Running;12.09.2026;Goslar;Germany;Goslar, Germany;51.9059936;10.4266284;5 km, 10 km, Half Marathon, Marathon;Official endurance event in Goslar. Imported from verified staging batch.;https://www.hahnenklee.de/spass/harzerwanderwochen;Official organizer website;https://running.life/de/termine/teiche-marathon-hahnenklee;unclear;medium;monthly;2026-06-18;;Promoted from clean staging batch running-life-germany-batch-09.;
Weitersburg Halbmarathon;Running;12.09.2026;Weitersburg;Germany;Weitersburg, Germany;50.412493;7.598594;5 km, 10 km, Half Marathon;Official endurance event in Weitersburg. Imported from verified staging batch.;https://www.lauftreff-svweitersburg.de/info.html;Official organizer website;https://running.life/de/termine/wustenhof-halbmarathon;unclear;medium;monthly;2026-06-18;;Promoted from clean staging batch running-life-germany-batch-09.;
Rudelsburglauf - Bad Kösen - Naumburg (Saale);Running;12.09.2026;Naumburg (Saale);Germany;Naumburg (Saale), Germany;51.1525648;11.8099186;10 km;Official endurance event in Naumburg (Saale). Imported from verified staging batch.;https://www.lg-rudelsburg.de/?page_id=60;Official organizer website;https://running.life/de/termine/rudelsburglauf-bad-kosen;unclear;medium;monthly;2026-06-18;;Promoted from clean staging batch running-life-germany-batch-09.;
Deutsche Ultramarathon Meisterschaften 100km - Orankesee;Ultramarathon;12.09.2026;Orankesee;Germany;Orankesee, Germany;52.5487672;13.4823462;5 km, 10 km, Marathon, 100 km;Official endurance event in Orankesee. Imported from verified staging batch.;https://www.lgnord.de/100km2026/informationen-zur-dm;Official organizer website;https://running.life/de/termine/deutsche-ultramarathon-meisterschaften-100km;unclear;medium;monthly;2026-06-18;;Promoted from clean staging batch running-life-germany-batch-09.;
Klosterlauf Wiedenbrück - Rheda-Wiedenbrück;Running;12.09.2026;Rheda-Wiedenbrück;Germany;Rheda-Wiedenbrück, Germany;51.8428202;8.2985615;5 km, 10 km;Official endurance event in Rheda-Wiedenbrück. Imported from verified staging batch.;https://kloster-wiedenbrueck.de/;Official organizer website;https://running.life/de/termine/klosterlauf-wiedenbruck;unclear;medium;monthly;2026-06-18;;Promoted from clean staging batch running-life-germany-batch-09.;
Zooparklauf Erfurt;Running;12.09.2026;Erfurt;Germany;Erfurt, Germany;50.9777974;11.0287364;10 km;Official endurance event in Erfurt. Imported from verified staging batch.;https://www.zooparklauf.de/;Official organizer website;https://running.life/de/termine/zooparklauf-erfurt;unclear;medium;monthly;2026-06-18;;Promoted from clean staging batch running-life-germany-batch-09.;
DRK-Hospizlauf - Neustrelitz;Ultramarathon;12.09.2026;Neustrelitz;Germany;Neustrelitz, Germany;53.3617163;13.0630004;Half Marathon, Marathon, 50.5 km, 51 km;Official endurance event in Neustrelitz. Imported from verified staging batch.;https://www.drk-msp.de/sportlichesengagement/drk-hospizlauf.html;Official organizer website;https://running.life/de/termine/drk-hospizlauf;unclear;medium;monthly;2026-06-18;;Promoted from clean staging batch running-life-germany-batch-09.;
Nordhorner Meile;Running;12.09.2026;Nordhorn;Germany;Nordhorn, Germany;52.4359731;7.0707659;5 km, 10 km;Official endurance event in Nordhorn. Imported from verified staging batch.;https://nordhorner-meile.de/;Official organizer website;https://running.life/de/termine/nordhorner-meile;unclear;medium;monthly;2026-06-18;;Promoted from clean staging batch running-life-germany-batch-09.;
Sportmeilen Run Rosstal;Running;12.09.2026;Roßtal;Germany;Roßtal, Germany;49.3977926;10.8849103;10 km;Official endurance event in Roßtal. Imported from verified staging batch.;https://tsv-rosstal.de/blog/2026/05/13/sportmeilen-run/;Official organizer website;https://running.life/de/termine/sportmeilen-run-rosstal;unclear;medium;monthly;2026-06-18;;Promoted from clean staging batch running-life-germany-batch-09.;
Zeuthener Jedermannslauf - Eichwalde;Running;13.09.2026;Eichwalde;Germany;Eichwalde, Germany;52.373076;13.6219208;5 km, 10 km;Official endurance event in Eichwalde. Imported from verified staging batch.;https://asv-zeuthen.de/jedermannslauf/;Official organizer website;https://running.life/de/termine/zeuthener-jedermannslauf;unclear;medium;monthly;2026-06-18;;Promoted from clean staging batch running-life-germany-batch-09.;
Brooks Ruhr Trail Run - Hagen;Running;13.09.2026;Hagen;Germany;Hagen, Germany;51.3582945;7.473296;10 km;Official endurance event in Hagen. Imported from verified staging batch.;https://brooks-ruhr-trail-run.de/;Official organizer website;https://running.life/de/termine/brooks-ruhr-trail-run;unclear;medium;monthly;2026-06-18;;Promoted from clean staging batch running-life-germany-batch-09.;
Zwickau Triathlon;Triathlon;13.09.2026;Zwickau;Germany;Zwickau, Germany;50.7185043;12.4939267;Middle Distance Triathlon;Official endurance event in Zwickau. Imported from verified staging batch.;https://zwickau-triathlon.de/;Official organizer website;https://running.life/de/termine/zwickau-triathlon;unclear;medium;monthly;2026-06-18;;Promoted from clean staging batch running-life-germany-batch-10.;
Brückenlauf Halbmarathon des ASV Köln;Running;13.09.2026;Köln;Germany;Köln, Germany;50.938361;6.959974;10 km, Half Marathon;Official endurance event in Köln. Imported from verified staging batch.;https://www.asv-koeln.de/events/bruckenlauf;Official organizer website;https://running.life/de/termine/bruckenlauf-asv-koln;unclear;medium;monthly;2026-06-18;;Promoted from clean staging batch running-life-germany-batch-10.;
Weplauf Hückelhoven;Running;13.09.2026;Hückelhoven;Germany;Hückelhoven, Germany;51.0552368;6.2247322;5 km, 10 km, Half Marathon, Marathon;Official endurance event in Hückelhoven. Imported from verified staging batch.;https://www.wep-lauf.de/;Official organizer website;https://running.life/de/termine/weplauf-huckelhoven;unclear;medium;monthly;2026-06-18;;Promoted from clean staging batch running-life-germany-batch-10.;
Algemarin SV3sathlon - Mühltal;Triathlon;13.09.2026;Mühltal;Germany;Mühltal, Germany;49.8077;8.6941;Triathlon;Official endurance event in Mühltal. Imported from verified staging batch.;https://sv3sathlon.de/;Official organizer website;https://running.life/de/termine/algemarin-sv3sathlon;unclear;medium;monthly;2026-06-18;;Promoted from clean staging batch running-life-germany-batch-10.;
Laufend Glauben Laufwallfahrt - Werl;Running;13.09.2026;Werl;Germany;Werl, Germany;51.5533457;7.9155558;5 km;Official endurance event in Werl. Imported from verified staging batch.;https://djk-werl.de/kalender/erste-laufwallfahrt-in-nrw/;Official organizer website;https://running.life/de/termine/laufend-glauben-laufwallfahrt;unclear;medium;monthly;2026-06-18;;Promoted from clean staging batch running-life-germany-batch-10.;
Kreuzberger Viertelmarathon - Berlin;Running;13.09.2026;Berlin;Germany;Berlin, Germany;52.5173885;13.3951309;5 km, 10 km, Marathon;Official endurance event in Berlin. Imported from verified staging batch.;https://tib1848ev.de/verein/events/40-kreuzberger-viertelmarathon/;Official organizer website;https://running.life/de/termine/kreuzberger-viertelmarathon;unclear;medium;monthly;2026-06-18;;Promoted from clean staging batch running-life-germany-batch-10.;
Bitburger Stadtlauf;Running;13.09.2026;Bitburg;Germany;Bitburg, Germany;49.9732762;6.524947;5 km, 10 km;Official endurance event in Bitburg. Imported from verified staging batch.;http://www.stadtlauf-bitburg.de/;Official organizer website;https://running.life/de/termine/bitburger-stadtlauf;unclear;medium;monthly;2026-06-18;;Promoted from clean staging batch running-life-germany-batch-10.;
City Move Bielefeld;Running;13.09.2026;Bielefeld;Germany;Bielefeld, Germany;52.0191005;8.531007;10 km;Official endurance event in Bielefeld. Imported from verified staging batch.;https://www.bielefeld.jetzt/citymove;Official organizer website;https://running.life/de/termine/city-move-bielefeld;unclear;medium;monthly;2026-06-18;;Promoted from clean staging batch running-life-germany-batch-10.;
Werner-Bünger-Gedenklauf - Havelland;Running;13.09.2026;Havelland;Germany;Havelland, Germany;52.6244438;12.6847264;5 km;Official endurance event in Havelland. Imported from verified staging batch.;https://www.rathenow.de/kultur-tourismus/veranstaltungskalender/alle-events-im-ueberblick/veranstaltung/detail/werner-buenger-gedenklauf/;Official organizer website;https://running.life/de/termine/werner-bunger-gedenklauf;unclear;medium;monthly;2026-06-18;;Promoted from clean staging batch running-life-germany-batch-10.;
Womens-Run-Siegen;Running;13.09.2026;Siegen;Germany;Siegen, Germany;50.8751175;8.0256131;10 km;Official endurance event in Siegen. Imported from verified staging batch.;https://www.siegener-womensrun.de/;Official organizer website;https://running.life/de/termine/womens-run-siegen;unclear;medium;monthly;2026-06-18;;Promoted from clean staging batch running-life-germany-batch-10.;
Herbstkammlauf - Klingenthal;Running;13.09.2026;Klingenthal;Germany;Klingenthal, Germany;50.3581046;12.4678923;5 km, 10 km;Official endurance event in Klingenthal. Imported from verified staging batch.;https://vsc-klingenthal.de/veranstaltungen/36-herbstkammlauf-2-copy/;Official organizer website;https://running.life/de/termine/herbstkammlauf;unclear;medium;monthly;2026-06-18;;Promoted from clean staging batch running-life-germany-batch-10.;
Förderturmlauf - Essen;Running;17.09.2026;Essen;Germany;Essen, Germany;51.4582235;7.0158171;5 km;Official endurance event in Essen. Imported from verified staging batch.;https://foerderturmlauf.de/;Official organizer website;https://running.life/de/termine/forderturmlauf;unclear;medium;monthly;2026-06-18;;Promoted from clean staging batch running-life-germany-batch-10.;
Delbrücker Katharinenlauf;Running;18.09.2026;Delbrück;Germany;Delbrück, Germany;51.7649178;8.5594953;5 km, 10 km;Official endurance event in Delbrück. Imported from verified staging batch.;https://www.rw-bentfeld.de/katharinenlauf/;Official organizer website;https://running.life/de/termine/delbrucker-katharinenlauf;unclear;medium;monthly;2026-06-18;;Promoted from clean staging batch running-life-germany-batch-10.;
Ladage Lauf - Wennigsen (Deister);Running;19.09.2026;Wennigsen (Deister);Germany;Wennigsen (Deister), Germany;52.2762744;9.5671846;5 km, 10 km;Official endurance event in Wennigsen (Deister). Imported from verified staging batch.;https://lauf.edeka-ladage.de;Official organizer website;https://running.life/de/termine/edeka-ladage-lauf-wennigsen;unclear;medium;monthly;2026-06-18;;Promoted from clean staging batch running-life-germany-batch-10.;
Hochhausmarathon Köln;Running;19.09.2026;Köln;Germany;Köln, Germany;50.938361;6.959974;Marathon;Official endurance event in Köln. Imported from verified staging batch.;https://hochhausmarathon-koeln.de/;Official organizer website;https://running.life/de/termine/hochhausmarathon-in-koln-chorweiler;unclear;medium;monthly;2026-06-18;;Promoted from clean staging batch running-life-germany-batch-10.;
Center Run - Pösna Park - Großpösna;Running;19.09.2026;Großpösna;Germany;Großpösna, Germany;51.2563243;12.4752187;5 km, 10 km;Official endurance event in Großpösna. Imported from verified staging batch.;https://center-run.de/;Official organizer website;https://running.life/de/termine/center-run-posna-park;unclear;medium;monthly;2026-06-18;;Promoted from clean staging batch running-life-germany-batch-10.;
Mühlenlauf in Laar;Running;19.09.2026;Laar;Germany;Laar, Germany;52.6138228;6.7414485;5 km, 10 km;Official endurance event in Laar. Imported from verified staging batch.;https://sv-grenzland.de/muehlenlauf;Official organizer website;https://running.life/de/termine/muhlenlauf-in-laar;unclear;medium;monthly;2026-06-18;;Promoted from clean staging batch running-life-germany-batch-10.;
Arberland Ultra Trail - Bodenmais;Ultramarathon;19.09.2026;Bodenmais;Germany;Bodenmais, Germany;49.0792229;13.1082414;Half Marathon, Marathon, 102 km, 66 km, 47 km;Official endurance event in Bodenmais. Imported from verified staging batch.;https://www.woidlaeufer.de/;Official organizer website;https://running.life/de/termine/arberland-ultra-trail;unclear;medium;monthly;2026-06-18;;Promoted from clean staging batch running-life-germany-batch-10.;
Messelauf Lauda-Königshofen;Running;19.09.2026;Lauda-Königshofen;Germany;Lauda-Königshofen, Germany;49.5577854;9.7190669;5 km, 10 km;Official endurance event in Lauda-Königshofen. Imported from verified staging batch.;https://www.messelauf.de/;Official organizer website;https://running.life/de/termine/messelauf;unclear;medium;monthly;2026-06-18;;Promoted from clean staging batch running-life-germany-batch-10.;
Stadtparklauf Sondershausen;Running;19.09.2026;Sondershausen;Germany;Sondershausen, Germany;51.3666041;10.8668419;5 km, 10 km;Official endurance event in Sondershausen. Imported from verified staging batch.;https://www.glueckauf-sondershausen.de/stadtparklauf;Official organizer website;https://running.life/de/termine/stadtparklauf-sondershausen;unclear;medium;monthly;2026-06-18;;Promoted from clean staging batch running-life-germany-batch-10.;
Obernzenner Seelauf;Running;19.09.2026;Obernzenn;Germany;Obernzenn, Germany;49.45;10.4667;10 km;Official endurance event in Obernzenn. Imported from verified staging batch.;https://www.tsvobernzenn.de/abteilungen/seelauf/;Official organizer website;https://running.life/de/termine/obernzenner-seelauf;unclear;medium;monthly;2026-06-18;;Promoted from clean staging batch running-life-germany-batch-10.;
Freimarktslauf Garrel;Running;19.09.2026;Garrel;Germany;Garrel, Germany;52.9554303;8.0225529;5 km, 10 km;Official endurance event in Garrel. Imported from verified staging batch.;https://freimarktslauf.de/;Official organizer website;https://running.life/de/termine/freimarktslauf-garrel;unclear;medium;monthly;2026-06-18;;Promoted from clean staging batch running-life-germany-batch-10.;
Klausdorfer Kranichlauf;Running;19.09.2026;Klausdorf;Germany;Klausdorf, Germany;54.4040082;13.0134809;10 km;Official endurance event in Klausdorf. Imported from verified staging batch.;https://www.klausdorfer-sc.de/kranichlauf/;Official organizer website;https://running.life/de/termine/klausdorfer-kranichlauf;unclear;medium;monthly;2026-06-18;;Promoted from clean staging batch running-life-germany-batch-10.;
Belchen-Berglauf - Schönau im Schwarzwald;Running;19.09.2026;Schönau im Schwarzwald;Germany;Schönau im Schwarzwald, Germany;47.7861792;7.8933977;10 km;Official endurance event in Schönau im Schwarzwald. Imported from verified staging batch.;http://www.belchenberglauf.tus-schoenau.de/;Official organizer website;https://running.life/de/termine/belchen-berglauf;unclear;medium;monthly;2026-06-18;;Promoted from clean staging batch running-life-germany-batch-10.;
Stadtwald-Cross in Lutherstadt Wittenberg;Running;19.09.2026;Lutherstadt Wittenberg;Germany;Lutherstadt Wittenberg, Germany;51.8666527;12.646761;10 km;Official endurance event in Lutherstadt Wittenberg. Imported from verified staging batch.;https://www.stadtwald-wittenberg.de/stadtwald-cross;Official organizer website;https://running.life/de/termine/stadtwald-cross-in-lutherstadt-wittenberg;unclear;medium;monthly;2026-06-18;;Promoted from clean staging batch running-life-germany-batch-10.;
Lauf in die Mönau - Erlangen;Running;19.09.2026;Erlangen;Germany;Erlangen, Germany;49.5977469;11.0037372;5 km;Official endurance event in Erlangen. Imported from verified staging batch.;https://www.tv48-erlangen.de/de/Veranstaltungen-Geselligkeit/lauf-in-die-moenau/;Official organizer website;https://running.life/de/termine/lauf-in-die-monau;unclear;medium;monthly;2026-06-18;;Promoted from clean staging batch running-life-germany-batch-10.;
Duinger Berglauf - Duingen;Running;19.09.2026;Duingen;Germany;Duingen, Germany;52.0057957;9.6970268;5 km, 10 km;Official endurance event in Duingen. Imported from verified staging batch.;https://www.sportclub-duingen.com/berglauf;Official organizer website;https://running.life/de/termine/duinger-berglauf;unclear;medium;monthly;2026-06-18;;Promoted from clean staging batch running-life-germany-batch-10.;
Heidener Teufelslauf;Running;19.09.2026;Heiden;Germany;Heiden, Germany;51.8265212;6.9340589;5 km, 10 km;Official endurance event in Heiden. Imported from verified staging batch.;https://www.teufelslauf-heiden.de;Official organizer website;https://running.life/de/termine/heidener-teufelslauf;unclear;medium;monthly;2026-06-18;;Promoted from clean staging batch running-life-germany-batch-10.;
Baaber Heidelauf;Running;19.09.2026;Baabe;Germany;Baabe, Germany;54.3602126;13.7043671;10 km;Official endurance event in Baabe. Imported from verified staging batch.;http://www.laufteam-ruegen.de/seite/765941/baaber-heidelauf.html;Official organizer website;https://running.life/de/termine/baaber-heidelauf;unclear;medium;monthly;2026-06-18;;Promoted from clean staging batch running-life-germany-batch-10.;
Dresden Frauenlauf;Running;19.09.2026;Dresden;Germany;Dresden, Germany;51.0493286;13.7381437;5 km, Marathon;Official endurance event in Dresden. Imported from verified staging batch.;https://www.dresden-frauenlauf.com/;Official organizer website;https://running.life/de/termine/dresden-frauenlauf;unclear;medium;monthly;2026-06-18;;Promoted from clean staging batch running-life-germany-batch-10.;
