event_name;sport;date;city;country;address;latitude;longitude;distance;description;event_url;data_source;image
10 Teiche Marathon;Running;12.09.2026;Hahnenklee;Germany;Hahnenklee, Germany;51.8602508;10.3384485;5 km, 10 km, Half Marathon, Marathon;Official local running event in Hahnenklee. Distances: 5 km, 10 km, Half Marathon, Marathon. Discovered via Kilometerliebe and linked to the official event website.;https://www.harzer-wanderwochen.de/10-teiche-marathon;Kilometerliebe Discovery;
SanktPauli Ultra;Ultramarathon;15.05.2027;Rotenburg/Wümme - Tostedt;Germany;Rotenburg/Wümme - Tostedt, Germany;53.28265;9.7124175;100 km;Official local running event in Rotenburg/Wümme - Tostedt. Distances: 100 km. Discovered via Kilometerliebe and linked to the official event website.;https://www.bremensanktpauli.de/infos;Kilometerliebe Discovery;
Freudenstadt Grüntal 12h/24h Lauf (Frühling);Ultramarathon;18.04.2026;Freudenstadt-Grüntal;Germany;Freudenstadt-Grüntal, Germany;48.4796222;8.4683264;12h / 24h Ultramarathon;Official local running event in Freudenstadt-Grüntal. Distances: 12h / 24h Ultramarathon. Discovered via Kilometerliebe and linked to the official event website.;https://neckarlauf.com/geh-heim-lauf.html;Kilometerliebe Discovery;
Freudenstadt Grüntal 12h/24h Lauf (Herbst);Ultramarathon;03.10.2026;Freudenstadt-Grüntal;Germany;Freudenstadt-Grüntal, Germany;48.4796222;8.4683264;12h / 24h Ultramarathon;Official local running event in Freudenstadt-Grüntal. Distances: 12h / 24h Ultramarathon. Discovered via Kilometerliebe and linked to the official event website.;https://neckarlauf.com/geh-heim-lauf.html;Kilometerliebe Discovery;
24h-Lauf Reichenau;Ultramarathon;13.06.2026;Konstanz;Germany;Konstanz, Germany;47.659216;9.1750718;24h Ultramarathon;Official local running event in Konstanz. Distances: 24h Ultramarathon. Discovered via Kilometerliebe and linked to the official event website.;http://www.24h-lauf-reichenau.de/;Kilometerliebe Discovery;
3. Rureifel Trail;Ultramarathon;18.04.2026;Nideggen;Germany;Nideggen, Germany;50.6913559;6.482614;77 km;Official local running event in Nideggen. Distances: 77 km. Discovered via Kilometerliebe and linked to the official event website.;https://www.rureifel-trail.com;Kilometerliebe Discovery;
7-Gebirgsmarathon;Running;13.12.2026;Bad Honnef;Germany;Bad Honnef, Germany;50.6448582;7.2272534;Half Marathon, Marathon;Official local running event in Bad Honnef. Distances: Half Marathon, Marathon. Discovered via Kilometerliebe and linked to the official event website.;http://www.siebengebirgsmarathon.de;Kilometerliebe Discovery;
adidas Runners City Night Berlin;Running;01.08.2026;Berlin;Germany;Berlin, Germany;52.5173885;13.3951309;5 km, 10 km;Official local running event in Berlin. Distances: 5 km, 10 km. Discovered via Kilometerliebe and linked to the official event website.;https://www.berlin-citynight.de/;Kilometerliebe Discovery;
Adventslauf Lage;Running;06.12.2026;Lage;Germany;Lage, Germany;51.9914084;8.7919583;5 km, 10 km;Official local running event in Lage. Distances: 5 km, 10 km. Discovered via Kilometerliebe and linked to the official event website.;https://www.lg-lippe.de;Kilometerliebe Discovery;
AESCULAP Donautal Marathon;Running;07.06.2026;Tuttlingen;Germany;Tuttlingen, Germany;47.9844315;8.8186606;10 km, Half Marathon, Marathon;Official local running event in Tuttlingen. Distances: 10 km, Half Marathon, Marathon. Discovered via Kilometerliebe and linked to the official event website.;https://www.runundfun.de;Kilometerliebe Discovery;
Ahrathon Erlebnislauf;Running;13.06.2026;Bad Neuenahr-Ahrweiler;Germany;Bad Neuenahr-Ahrweiler, Germany;50.5444551;7.1186671;5 km, 10 km, Half Marathon, Marathon;Official local running event in Bad Neuenahr-Ahrweiler. Distances: 5 km, 10 km, Half Marathon, Marathon. Discovered via Kilometerliebe and linked to the official event website.;https://ahrathon.de;Kilometerliebe Discovery;
Allgäu-Panorama-Marathon;Running;09.08.2026;Sonthofen;Germany;Sonthofen, Germany;47.5135363;10.281931;Half Marathon, Marathon;Official local running event in Sonthofen. Distances: Half Marathon, Marathon. Discovered via Kilometerliebe and linked to the official event website.;http://www.allgaeu-panorama-marathon.de;Kilometerliebe Discovery;
BARMER CURREX Alsterlauf Hamburg;Running;06.09.2026;Hamburg;Germany;Hamburg, Germany;53.5501721;10.0013165;5 km, 10 km;Official local running event in Hamburg. Distances: 5 km, 10 km. Discovered via Kilometerliebe and linked to the official event website.;https://www.alsterlauf-hamburg.de/;Kilometerliebe Discovery;
Alstertallauf Hamburg;Running;25.10.2026;Hamburg;Germany;Hamburg, Germany;53.5501721;10.0013165;5 km, 10 km, Half Marathon;Official local running event in Hamburg. Distances: 5 km, 10 km, Half Marathon. Discovered via Kilometerliebe and linked to the official event website.;https://alstertallauf.de/;Kilometerliebe Discovery;
Altmühl-Jura Halbmarathon;Running;26.07.2026;Greding;Germany;Greding, Germany;49.045989;11.3525826;5 km, 10 km, Half Marathon;Official local running event in Greding. Distances: 5 km, 10 km, Half Marathon. Discovered via Kilometerliebe and linked to the official event website.;https://www.greding.de/aj-halbmarathon;Kilometerliebe Discovery;
Altstadtlauf Salzwedel;Running;20.09.2026;Salzwedel;Germany;Salzwedel, Germany;52.8528456;11.1539699;5 km, 10 km, Half Marathon;Official local running event in Salzwedel. Distances: 5 km, 10 km, Half Marathon. Discovered via Kilometerliebe and linked to the official event website.;https://www.altstadtlauf-salzwedel.de;Kilometerliebe Discovery;
Amberger Frühlingslauf;Running;19.04.2026;Amberg;Germany;Amberg, Germany;48.0611033;10.6810316;10 km, Half Marathon;Official local running event in Amberg. Distances: 10 km, Half Marathon. Discovered via Kilometerliebe and linked to the official event website.;https://cis-amberg.de;Kilometerliebe Discovery;
Ampermarathon Olching;Running;19.04.2026;Olching;Germany;Olching, Germany;48.2077801;11.3278779;Marathon;Official local running event in Olching. Distances: Marathon. Discovered via Kilometerliebe and linked to the official event website.;https://www.ampermarathon.de;Kilometerliebe Discovery;
AOK Firmenlauf Bielefeld;Running;26.08.2026;Bielefeld;Germany;Bielefeld, Germany;52.0191005;8.531007;5 km;Official local running event in Bielefeld. Distances: 5 km. Discovered via Kilometerliebe and linked to the official event website.;https://www.firmenlauf-bielefeld.com/;Kilometerliebe Discovery;
AOK-Firmenlauf Witten;Running;02.07.2026;Witten;Germany;Witten, Germany;51.4370171;7.335124;5 km;Official local running event in Witten. Distances: 5 km. Discovered via Kilometerliebe and linked to the official event website.;https://www.aok-firmenlauf.de/;Kilometerliebe Discovery;
AOK-Firmenlauf Hamm;Running;03.09.2026;Hamm;Germany;Hamm, Germany;51.681281;7.8191185;5.5 km;Official local running event in Hamm. Distances: 5.5 km. Discovered via Kilometerliebe and linked to the official event website.;https://www.aok-firmenlauf.de/;Kilometerliebe Discovery;
AOK Firmenlauf Reutlingen;Running;11.06.2026;Reutlingen;Germany;Reutlingen, Germany;48.4919508;9.2114144;5 km;Official local running event in Reutlingen. Distances: 5 km. Discovered via Kilometerliebe and linked to the official event website.;https://reutlingen.bw-running.de/home;Kilometerliebe Discovery;
AOK-Firmenlauf Rheine;Running;26.06.2026;Rheine;Germany;Rheine, Germany;52.2797707;7.4373615;5 km;Official local running event in Rheine. Distances: 5 km. Discovered via Kilometerliebe and linked to the official event website.;https://aok-firmenlauf-rheine.de/;Kilometerliebe Discovery;
Aschaffenburger Sparkassen Halbmarathon;Running;04.10.2026;Aschaffenburg;Germany;Aschaffenburg, Germany;49.9738133;9.1446665;Half Marathon;Official local running event in Aschaffenburg. Distances: Half Marathon. Discovered via Kilometerliebe and linked to the official event website.;https://halbmarathon-aschaffenburg.de;Kilometerliebe Discovery;
Augsburger swa-Straßenlauf;Running;19.04.2026;Augsburg;Germany;Augsburg, Germany;48.3690341;10.8979522;10 km, Half Marathon;Official local running event in Augsburg. Distances: 10 km, Half Marathon. Discovered via Kilometerliebe and linked to the official event website.;https://tgva.de/swa-strassenlauf;Kilometerliebe Discovery;
B. BRAUN Marathon;Running;28.06.2026;Tuttlingen;Germany;Tuttlingen, Germany;47.9844315;8.8186606;5 km, 10 km, Half Marathon, Marathon;Official local running event in Tuttlingen. Distances: 5 km, 10 km, Half Marathon, Marathon. Discovered via Kilometerliebe and linked to the official event website.;https://www.runundfun.de/wettbewerbe/aesculap-donautal-marathon;Kilometerliebe Discovery;
B2Run Aachen;Running;28.04.2026;Aachen;Germany;Aachen, Germany;50.776351;6.083862;5 km;Official local running event in Aachen. Distances: 5 km. Discovered via Kilometerliebe and linked to the official event website.;https://www.b2run.de/run/de/de/aachen/index.html;Kilometerliebe Discovery;
B2Run Gelsenkirchen;Running;01.09.2026;Gelsenkirchen;Germany;Gelsenkirchen, Germany;51.5110321;7.0960124;5 km;Official local running event in Gelsenkirchen. Distances: 5 km. Discovered via Kilometerliebe and linked to the official event website.;https://www.b2run.de/run/de/de/gelsenkirchen/index.html;Kilometerliebe Discovery;
B2Run Hamburg;Running;25.08.2026;Hamburg;Germany;Hamburg, Germany;53.5501721;10.0013165;5.5 km;Official local running event in Hamburg. Distances: 5.5 km. Discovered via Kilometerliebe and linked to the official event website.;https://www.b2run.de/run/de/de/hamburg/;Kilometerliebe Discovery;
B2Run Kaiserslautern;Running;11.06.2026;Kaiserslautern;Germany;Kaiserslautern, Germany;49.4432174;7.7689951;5 km;Official local running event in Kaiserslautern. Distances: 5 km. Discovered via Kilometerliebe and linked to the official event website.;https://www.b2run.de/run/de/de/kaiserslautern/index.html;Kilometerliebe Discovery;
B2Run Koblenz;Running;26.06.2026;Koblenz;Germany;Koblenz, Germany;50.3533278;7.5943951;5 km;Official local running event in Koblenz. Distances: 5 km. Discovered via Kilometerliebe and linked to the official event website.;https://www.b2run.de/run/de/de/koblenz/index.html;Kilometerliebe Discovery;
B2Run München;Running;15.07.2026;München;Germany;München, Germany;48.1371079;11.5753822;6.3 km;Official local running event in München. Distances: 6.3 km. Discovered via Kilometerliebe and linked to the official event website.;https://www.b2run.de/run/de/de/muenchen/;Kilometerliebe Discovery;
Bad Buchauer Stadtlauf mit Halbmarathon;Running;11.07.2026;Bad Buchau;Germany;Bad Buchau, Germany;48.0655836;9.6097541;5 km, 10 km, Half Marathon;Official local running event in Bad Buchau. Distances: 5 km, 10 km, Half Marathon. Discovered via Kilometerliebe and linked to the official event website.;https://www.svbadbuchau.de/stadtlauf;Kilometerliebe Discovery;
Bad Harzburger Bergmarathon;Running;23.05.2026;Bad Harzburg;Germany;Bad Harzburg, Germany;51.8803224;10.5643607;10 km, Half Marathon, Marathon;Official local running event in Bad Harzburg. Distances: 10 km, Half Marathon, Marathon. Discovered via Kilometerliebe and linked to the official event website.;http://bergmarathon-harzburg.de;Kilometerliebe Discovery;
Bad Waldseer Lauffieber;Running;16.05.2026;Bad Waldsee;Germany;Bad Waldsee, Germany;47.9209556;9.7542772;10 km, Half Marathon;Official local running event in Bad Waldsee. Distances: 10 km, Half Marathon. Discovered via Kilometerliebe and linked to the official event website.;https://www.badwaldseer-lauffieber.de;Kilometerliebe Discovery;
Baden-Marathon Karlsruhe;Running;20.09.2026;Karlsruhe;Germany;Karlsruhe, Germany;49.0068705;8.4034195;10 km, Half Marathon, Marathon;Official local running event in Karlsruhe. Distances: 10 km, Half Marathon, Marathon. Discovered via Kilometerliebe and linked to the official event website.;http://www.baden-marathon.de;Kilometerliebe Discovery;
Baden-Marathon Karlsruhe;Running;19.09.2027;Karlsruhe;Germany;Karlsruhe, Germany;49.0068705;8.4034195;Half Marathon, Marathon;Official local running event in Karlsruhe. Distances: Half Marathon, Marathon. Discovered via Kilometerliebe and linked to the official event website.;https://www.badenmarathon.de;Kilometerliebe Discovery;
Badeparadies Schwarzwald Firmenlauf Villingen-Schwenningen;Running;02.07.2026;Villingen-Schwenningen;Germany;Villingen-Schwenningen, Germany;48.063152;8.4929618;5 km;Official local running event in Villingen-Schwenningen. Distances: 5 km. Discovered via Kilometerliebe and linked to the official event website.;https://firmenlauf-vs.de/;Kilometerliebe Discovery;
Barmstedter Stadtlauf;Running;14.06.2026;Barmstedt;Germany;Barmstedt, Germany;53.7889203;9.7703927;5 km, 10 km, Half Marathon;Official local running event in Barmstedt. Distances: 5 km, 10 km, Half Marathon. Discovered via Kilometerliebe and linked to the official event website.;https://bmtv.de/sportangebote/veranstaltungen/stadtlauf;Kilometerliebe Discovery;
Behördenmarathon Halle;Running;08.05.2026;Halle;Germany;Halle, Germany;52.4523605;6.9192787;Half Marathon, Marathon;Official local running event in Halle. Distances: Half Marathon, Marathon. Discovered via Kilometerliebe and linked to the official event website.;https://www.behördenmarathon-halle.de;Kilometerliebe Discovery;
Bergstadt Marathon Rüthen;Running;10.05.2026;Rüthen;Germany;Rüthen, Germany;51.4911392;8.4330329;5 km, 10 km, Half Marathon, Marathon;Official local running event in Rüthen. Distances: 5 km, 10 km, Half Marathon, Marathon. Discovered via Kilometerliebe and linked to the official event website.;https://www.bergstadtmarathon-ruethen.de;Kilometerliebe Discovery;
Bertlicher Strassenläufe;Running;27.09.2026;Herten;Germany;Herten, Germany;51.5942009;7.1368071;5 km, 10 km;Official local running event in Herten. Distances: 5 km, 10 km. Discovered via Kilometerliebe and linked to the official event website.;http://www.sus-bertlich.de/la;Kilometerliebe Discovery;
Bienwald Marathon;Running;14.03.2027;Kandel;Germany;Kandel, Germany;49.0809754;8.1970699;Half Marathon, Marathon;Official local running event in Kandel. Distances: Half Marathon, Marathon. Discovered via Kilometerliebe and linked to the official event website.;https://bienwald-marathon.de;Kilometerliebe Discovery;
Bietigheimer Silvesterlauf;Running;31.12.2026;Bietigheim-Bissingen;Germany;Bietigheim-Bissingen, Germany;48.9493243;9.1364229;10.5 km;Official local running event in Bietigheim-Bissingen. Distances: 10.5 km. Discovered via Kilometerliebe and linked to the official event website.;https://www.bietigheimer-silvesterlauf.de;Kilometerliebe Discovery;
Bilstein-Marathon;Running;12.04.2026;Witzenhausen;Germany;Witzenhausen, Germany;51.3331901;9.8434192;Half Marathon, Marathon;Official local running event in Witzenhausen. Distances: Half Marathon, Marathon. Discovered via Kilometerliebe and linked to the official event website.;http://www.bilstein-marathon.de;Kilometerliebe Discovery;
BMW Berlin Marathon;Running;27.09.2026;Berlin;Germany;Berlin, Germany;52.5173885;13.3951309;Marathon;Official local running event in Berlin. Distances: Marathon. Discovered via Kilometerliebe and linked to the official event website.;https://www.bmw-berlin-marathon.com;Kilometerliebe Discovery;
BMW Berlin Marathon;Running;26.09.2027;Berlin;Germany;Berlin, Germany;52.5173885;13.3951309;Marathon;Official local running event in Berlin. Distances: Marathon. Discovered via Kilometerliebe and linked to the official event website.;https://www.bmw-berlin-marathon.com;Kilometerliebe Discovery;
Bodensee Marathon;Running;19.09.2026;Kressbronn;Germany;Kressbronn, Germany;49.0655511;10.1378705;10 km, Half Marathon, Marathon;Official local running event in Kressbronn. Distances: 10 km, Half Marathon, Marathon. Discovered via Kilometerliebe and linked to the official event website.;https://www.bodensee-marathon.de;Kilometerliebe Discovery;
Bonn Marathon;Running;19.04.2026;Bonn;Germany;Bonn, Germany;50.7352621;7.1024635;Half Marathon, Marathon;Official local running event in Bonn. Distances: Half Marathon, Marathon. Discovered via Kilometerliebe and linked to the official event website.;https://www.deutschepostmarathonbonn.de;Kilometerliebe Discovery;
Borkumer Meilenlauf;Running;05.09.2026;Borkum;Germany;Borkum, Germany;53.5902946;6.6682175;5 km, 10 km;Official local running event in Borkum. Distances: 5 km, 10 km. Discovered via Kilometerliebe and linked to the official event website.;https://www.borkumer-meilenlauf.de;Kilometerliebe Discovery;
BORSIG Halbmarathon;Running;06.09.2026;Berlin;Germany;Berlin, Germany;52.5173885;13.3951309;5 km, 10 km, Half Marathon;Official local running event in Berlin. Distances: 5 km, 10 km, Half Marathon. Discovered via Kilometerliebe and linked to the official event website.;https://borsighalbmarathon.de;Kilometerliebe Discovery;
Bottwartal Marathon;Running;18.10.2026;Steinheim;Germany;Steinheim, Germany;51.8660478;9.0942767;10 km, Half Marathon, Marathon;Official local running event in Steinheim. Distances: 10 km, Half Marathon, Marathon. Discovered via Kilometerliebe and linked to the official event website.;https://www.bottwartal-marathon.de;Kilometerliebe Discovery;
Brauereienlauf;Running;19.09.2026;Litzendorf;Germany;Litzendorf, Germany;49.9123064;11.0096505;10 km, Half Marathon;Official local running event in Litzendorf. Distances: 10 km, Half Marathon. Discovered via Kilometerliebe and linked to the official event website.;https://brauereienlauf.de;Kilometerliebe Discovery;
Braunschweiger Lauftage;Running;25.10.2026;Braunschweig;Germany;Braunschweig, Germany;52.2646577;10.5236066;5 km, 10 km, Half Marathon;Official local running event in Braunschweig. Distances: 5 km, 10 km, Half Marathon. Discovered via Kilometerliebe and linked to the official event website.;http://www.braunschweiger-lauftage.de;Kilometerliebe Discovery;
Bremer Brückenlauf;Running;04.07.2026;Bremen;Germany;Bremen, Germany;53.0758196;8.8071646;5 km, 10 km, Half Marathon;Official local running event in Bremen. Distances: 5 km, 10 km, Half Marathon. Discovered via Kilometerliebe and linked to the official event website.;https://bremer-brueckenlauf.de;Kilometerliebe Discovery;
Brocken Marathon;Running;10.10.2026;Wernigerode;Germany;Wernigerode, Germany;51.8344172;10.7862526;10 km, Marathon;Official local running event in Wernigerode. Distances: 10 km, Marathon. Discovered via Kilometerliebe and linked to the official event website.;http://www.harz-gebirgslauf.de;Kilometerliebe Discovery;
Buchholzer Stadtlauf;Running;21.06.2026;Buchholz;Germany;Buchholz, Germany;53.2759502;12.6459399;5 km, 10 km, Half Marathon;Official local running event in Buchholz. Distances: 5 km, 10 km, Half Marathon. Discovered via Kilometerliebe and linked to the official event website.;https://buchholzerstadtlauf.de;Kilometerliebe Discovery;
24-Stunden-Burginsellauf Delmenhorst;Running;27.06.2026;Delmenhorst;Germany;Delmenhorst, Germany;53.048095;8.6286066;24h Ultramarathon;Official local running event in Delmenhorst. Distances: 24h Ultramarathon. Discovered via Kilometerliebe and linked to the official event website.;https://www.24-lauf.de/;Kilometerliebe Discovery;
Burgwald-Märchen-Marathon;Running;30.08.2026;Rauschenberg;Germany;Rauschenberg, Germany;50.9089878;8.8864674;10 km, Half Marathon, Marathon;Official local running event in Rauschenberg. Distances: 10 km, Half Marathon, Marathon. Discovered via Kilometerliebe and linked to the official event website.;http://bmm-rauschenberg.de;Kilometerliebe Discovery;
Castroper Feierabendlauf;Running;28.05.2026;Castrop-Rauxel;Germany;Castrop-Rauxel, Germany;51.5646195;7.3106175;5 km;Official local running event in Castrop-Rauxel. Distances: 5 km. Discovered via Kilometerliebe and linked to the official event website.;https://www.castrop-rauxel.de/feierabendlauf;Kilometerliebe Discovery;
City Marathon Bremerhaven;Running;06.09.2026;Bremerhaven;Germany;Bremerhaven, Germany;53.5505392;8.5851945;10 km, Half Marathon, Marathon;Official local running event in Bremerhaven. Distances: 10 km, Half Marathon, Marathon. Discovered via Kilometerliebe and linked to the official event website.;https://www.bremerhaven-marathon.de;Kilometerliebe Discovery;
City Marathon Wiesbaden;Running;20.06.2026;Wiesbaden;Germany;Wiesbaden, Germany;50.0820384;8.2416556;5 km, 10 km, Half Marathon, Marathon;Official local running event in Wiesbaden. Distances: 5 km, 10 km, Half Marathon, Marathon. Discovered via Kilometerliebe and linked to the official event website.;https://sporthilfe-wiesbaden.de;Kilometerliebe Discovery;
Crailsheimer Halbmarathon;Running;27.06.2026;Crailsheim;Germany;Crailsheim, Germany;49.1365626;10.0720195;Half Marathon;Official local running event in Crailsheim. Distances: Half Marathon. Discovered via Kilometerliebe and linked to the official event website.;https://syntegon-burgberglauf.de;Kilometerliebe Discovery;
Cuxhaven Marathon;Running;10.05.2026;Cuxhaven;Germany;Cuxhaven, Germany;53.86878;8.698286;10 km, Half Marathon;Official local running event in Cuxhaven. Distances: 10 km, Half Marathon. Discovered via Kilometerliebe and linked to the official event website.;https://www.cuxhaven-marathon.de;Kilometerliebe Discovery;
DAK Firmenlauf Cottbus;Running;10.09.2026;Cottbus;Germany;Cottbus, Germany;51.7567447;14.3357307;5 km;Official local running event in Cottbus. Distances: 5 km. Discovered via Kilometerliebe and linked to the official event website.;https://www.firmenlauf-cottbus.de/;Kilometerliebe Discovery;
Darß Marathon;Running;26.04.2026;Wieck a. Darß;Germany;Wieck a. Darß, Germany;54.4100179;12.5827902;10 km, Half Marathon, Marathon;Official local running event in Wieck a. Darß. Distances: 10 km, Half Marathon, Marathon. Discovered via Kilometerliebe and linked to the official event website.;http://www.darss-marathon.de;Kilometerliebe Discovery;
Deichlauf Hohnstorf;Running;06.06.2026;Hohnstorf Elbe;Germany;Hohnstorf Elbe, Germany;53.3667008;10.5499985;10 km, Half Marathon;Official local running event in Hohnstorf Elbe. Distances: 10 km, Half Marathon. Discovered via Kilometerliebe and linked to the official event website.;https://www.tus-hohnstorf-elbe.de;Kilometerliebe Discovery;
Dorstener 24-Stunden-Lauf;Ultramarathon;10.07.2026;Dorsten;Germany;Dorsten, Germany;51.6604071;6.9647431;24h Ultramarathon;Official local running event in Dorsten. Distances: 24h Ultramarathon. Discovered via Kilometerliebe and linked to the official event website.;https://24stundenlaufdorsten.de/;Kilometerliebe Discovery;
Dortmunder Friedenslauf;Running;25.05.2026;Dortmund;Germany;Dortmund, Germany;51.5142273;7.4652789;5 km, 10 km, Half Marathon;Official local running event in Dortmund. Distances: 5 km, 10 km, Half Marathon. Discovered via Kilometerliebe and linked to the official event website.;https://www.tsvkirchlinde.de;Kilometerliebe Discovery;
Draisinenlauf Altenglan;Running;21.06.2026;Altenglan;Germany;Altenglan, Germany;49.5536508;7.4610041;Half Marathon;Official local running event in Altenglan. Distances: Half Marathon. Discovered via Kilometerliebe and linked to the official event website.;https://lsc-kusel.de/draisinenlauf;Kilometerliebe Discovery;
Drebber Marathon;Running;13.06.2026;Drebber;Germany;Drebber, Germany;52.652437;8.4199322;5 km, 10 km, Half Marathon, Marathon;Official local running event in Drebber. Distances: 5 km, 10 km, Half Marathon, Marathon. Discovered via Kilometerliebe and linked to the official event website.;http://drebber-marathon.de;Kilometerliebe Discovery;
Drei-Talsperren Marathon;Running;19.09.2026;Eibenstock;Germany;Eibenstock, Germany;50.4951715;12.5983957;10 km, Half Marathon, Marathon;Official local running event in Eibenstock. Distances: 10 km, Half Marathon, Marathon. Discovered via Kilometerliebe and linked to the official event website.;https://www.drei-talsperren-marathon.de;Kilometerliebe Discovery;
Dreiburgenland Marathon;Running;25.04.2026;Thurmansbang;Germany;Thurmansbang, Germany;48.7661177;13.3151419;5 km, 10 km, Half Marathon, Marathon;Official local running event in Thurmansbang. Distances: 5 km, 10 km, Half Marathon, Marathon. Discovered via Kilometerliebe and linked to the official event website.;http://www.hotel-schuerger.de/daten/marathon/marathon_de.html;Kilometerliebe Discovery;
Dresdner Marathon;Running;25.10.2026;Dresden;Germany;Dresden, Germany;51.0493286;13.7381437;5 km, 10 km, Half Marathon, Marathon;Official local running event in Dresden. Distances: 5 km, 10 km, Half Marathon, Marathon. Discovered via Kilometerliebe and linked to the official event website.;https://www.dresden-marathon.com;Kilometerliebe Discovery;
Düsseldorfer Silvesterlauf;Running;31.12.2026;Düsseldorf;Germany;Düsseldorf, Germany;51.2254018;6.7763137;5 km, 10 km;Official local running event in Düsseldorf. Distances: 5 km, 10 km. Discovered via Kilometerliebe and linked to the official event website.;https://www.duesseldorf.de/sportamt/laufen-in-duesseldorf;Kilometerliebe Discovery;
ebm-papst Marathon;Running;13.09.2026;Niedernhall;Germany;Niedernhall, Germany;49.294729;9.61617;5 km, 10 km, Half Marathon, Marathon;Official local running event in Niedernhall. Distances: 5 km, 10 km, Half Marathon, Marathon. Discovered via Kilometerliebe and linked to the official event website.;https://www.ebmpapst-marathon.de;Kilometerliebe Discovery;
Eifelmarathon;Running;14.06.2026;Waxweiler;Germany;Waxweiler, Germany;50.0922679;6.3658809;Half Marathon, Marathon;Official local running event in Waxweiler. Distances: Half Marathon, Marathon. Discovered via Kilometerliebe and linked to the official event website.;http://www.eifelmarathon.de;Kilometerliebe Discovery;
Eilenriederennen Hannover;Running;30.08.2026;Hannover;Germany;Hannover, Germany;52.3744779;9.7385532;5 km, 10 km, Half Marathon;Official local running event in Hannover. Distances: 5 km, 10 km, Half Marathon. Discovered via Kilometerliebe and linked to the official event website.;https://www.eilenriederennen.de;Kilometerliebe Discovery;
Einstein Marathon;Running;27.09.2026;Ulm;Germany;Ulm, Germany;48.3984968;9.9912458;5 km, 10 km, Half Marathon, Marathon;Official local running event in Ulm. Distances: 5 km, 10 km, Half Marathon, Marathon. Discovered via Kilometerliebe and linked to the official event website.;https://einsteinmarathon.de;Kilometerliebe Discovery;
Einstein-Marathon Ulm;Running;22.09.2026;Ulm;Germany;Ulm, Germany;48.3984968;9.9912458;10 km, Half Marathon, Marathon;Official local running event in Ulm. Distances: 10 km, Half Marathon, Marathon. Discovered via Kilometerliebe and linked to the official event website.;http://www.einstein-marathon.de;Kilometerliebe Discovery;
Elpersheimer Pfingstlauf;Running;24.05.2026;Weikersheim;Germany;Weikersheim, Germany;49.4806473;9.8976809;5 km, 10 km, Half Marathon;Official local running event in Weikersheim. Distances: 5 km, 10 km, Half Marathon. Discovered via Kilometerliebe and linked to the official event website.;https://sv-elpersheim.de/pfingstlauf;Kilometerliebe Discovery;
Elsterlauf;Running;31.05.2026;Bad Liebenwerda;Germany;Bad Liebenwerda, Germany;51.5158115;13.39272;10 km, Half Marathon;Official local running event in Bad Liebenwerda. Distances: 10 km, Half Marathon. Discovered via Kilometerliebe and linked to the official event website.;https://www.elsterlauf.de;Kilometerliebe Discovery;
Ermstal-Marathon;Running;12.07.2026;Metzingen;Germany;Metzingen, Germany;48.5397247;9.2831201;10 km, Half Marathon, Marathon;Official local running event in Metzingen. Distances: 10 km, Half Marathon, Marathon. Discovered via Kilometerliebe and linked to the official event website.;https://www.ermstal-marathon.de;Kilometerliebe Discovery;
Eschathlon - Der Eschborner Halbmarathon;Running;14.06.2026;Eschborn;Germany;Eschborn, Germany;50.1504737;8.5607767;5 km, 10 km, Half Marathon;Official local running event in Eschborn. Distances: 5 km, 10 km, Half Marathon. Discovered via Kilometerliebe and linked to the official event website.;https://www.eschathlon.de;Kilometerliebe Discovery;
Eselsburger-Tal-Lauf;Running;05.07.2026;Herbrechtingen;Germany;Herbrechtingen, Germany;48.6226932;10.1761696;5 km, 10 km, Half Marathon;Official local running event in Herbrechtingen. Distances: 5 km, 10 km, Half Marathon. Discovered via Kilometerliebe and linked to the official event website.;https://www.lauftreff-herbrechtingen.de;Kilometerliebe Discovery;
Europamarathon Görlitz;Running;07.06.2026;Görlitz;Germany;Görlitz, Germany;51.1563185;14.991018;5 km, 10 km, Half Marathon, Marathon;Official local running event in Görlitz. Distances: 5 km, 10 km, Half Marathon, Marathon. Discovered via Kilometerliebe and linked to the official event website.;https://www.europamarathon.de;Kilometerliebe Discovery;
Eversburger Gewässer Ultramarathon;Ultramarathon;06.06.2026;Osnabrück;Germany;Osnabrück, Germany;52.2719595;8.047635;45.3 km;Official local running event in Osnabrück. Distances: 45.3 km. Discovered via Kilometerliebe and linked to the official event website.;https://my.raceresult.com/381648/;Kilometerliebe Discovery;
EVL Halbmarathon Leverkusen;Running;14.06.2026;Leverkusen;Germany;Leverkusen, Germany;51.0324743;6.9881194;5 km, 10 km, Half Marathon;Official local running event in Leverkusen. Distances: 5 km, 10 km, Half Marathon. Discovered via Kilometerliebe and linked to the official event website.;https://www.leverkusen-halbmarathon.de;Kilometerliebe Discovery;
FALKE Rothaarsteig-Marathon;Running;17.10.2026;Fleckenberg;Germany;Fleckenberg, Germany;51.1325162;8.2623868;Half Marathon, Marathon;Official local running event in Fleckenberg. Distances: Half Marathon, Marathon. Discovered via Kilometerliebe and linked to the official event website.;https://www.rothaarsteig-marathon.de;Kilometerliebe Discovery;
Fehmarn Marathon;Running;05.09.2026;Fehmarn;Germany;Fehmarn, Germany;54.4685201;11.1342465;5 km, 10 km, Half Marathon, Marathon;Official local running event in Fehmarn. Distances: 5 km, 10 km, Half Marathon, Marathon. Discovered via Kilometerliebe and linked to the official event website.;https://fehmarn-marathon.de;Kilometerliebe Discovery;
fem.RUN Hannover;Running;25.09.2026;Hannover;Germany;Hannover, Germany;52.3744779;9.7385532;5 km, 10 km;Official local running event in Hannover. Distances: 5 km, 10 km. Discovered via Kilometerliebe and linked to the official event website.;https://www.femrun.de;Kilometerliebe Discovery;
Fichtelgebirgsmarathon;Running;04.07.2026;Bad Alexandersbad;Germany;Bad Alexandersbad, Germany;50.0165192;12.0157353;Half Marathon, Marathon;Official local running event in Bad Alexandersbad. Distances: Half Marathon, Marathon. Discovered via Kilometerliebe and linked to the official event website.;http://www.fichtelgebirgsmarathon.de;Kilometerliebe Discovery;
Filderstadt-Halbmarathon;Running;18.10.2026;Filderstadt;Germany;Filderstadt, Germany;48.6664;9.2199647;10 km, Half Marathon;Official local running event in Filderstadt. Distances: 10 km, Half Marathon. Discovered via Kilometerliebe and linked to the official event website.;https://www.filderstadt-halbmarathon.de;Kilometerliebe Discovery;
Finkenwerder Insellauf;Running;06.06.2026;Hamburg;Germany;Hamburg, Germany;53.5501721;10.0013165;5 km, 10 km;Official local running event in Hamburg. Distances: 5 km, 10 km. Discovered via Kilometerliebe and linked to the official event website.;https://www.finkenwerder-insellauf.de;Kilometerliebe Discovery;
Firmenlauf Anhalt Dessau-Roßlau;Running;12.05.2026;Dessau-Roßlau;Germany;Dessau-Roßlau, Germany;51.829379;12.2236;5 km;Official local running event in Dessau-Roßlau. Distances: 5 km. Discovered via Kilometerliebe and linked to the official event website.;https://dessauer-firmenlauf.de/;Kilometerliebe Discovery;
Firmenlauf Chemnitz;Running;02.09.2026;Chemnitz;Germany;Chemnitz, Germany;50.8323531;12.918914;5 km;Official local running event in Chemnitz. Distances: 5 km. Discovered via Kilometerliebe and linked to the official event website.;https://www.firmenlauf-chemnitz.de/;Kilometerliebe Discovery;
Dürener Firmenlauf;Running;12.06.2026;Düren;Germany;Düren, Germany;50.8031684;6.4820806;5 km;Official local running event in Düren. Distances: 5 km. Discovered via Kilometerliebe and linked to the official event website.;https://www.firmenlauf-dueren.de/;Kilometerliebe Discovery;
Firmenpuls Neuss;Running;08.09.2026;Neuss;Germany;Neuss, Germany;51.1981778;6.6916476;5 km;Official local running event in Neuss. Distances: 5 km. Discovered via Kilometerliebe and linked to the official event website.;https://www.firmenpuls.de/;Kilometerliebe Discovery;
Flechtkulturlauf Obermain;Running;20.06.2026;Lichtenfels;Germany;Lichtenfels, Germany;50.14568;11.06382;5 km, 10 km;Official local running event in Lichtenfels. Distances: 5 km, 10 km. Discovered via Kilometerliebe and linked to the official event website.;https://www.flechtkulturlauf.de;Kilometerliebe Discovery;
Flensburg liebt dich Marathon;Running;06.09.2026;Flensburg;Germany;Flensburg, Germany;54.7833021;9.4333264;5 km, 10 km, Half Marathon, Marathon;Official local running event in Flensburg. Distances: 5 km, 10 km, Half Marathon, Marathon. Discovered via Kilometerliebe and linked to the official event website.;https://www.flensburg-marathon.de;Kilometerliebe Discovery;
FlorSTADT Halbmarathon;Running;23.08.2026;Florstadt;Germany;Florstadt, Germany;50.3200881;8.9050064;5 km, 10 km, Half Marathon;Official local running event in Florstadt. Distances: 5 km, 10 km, Half Marathon. Discovered via Kilometerliebe and linked to the official event website.;https://ltflorstadt.de/halbmarathon;Kilometerliebe Discovery;
Fränkische Schweiz Marathon;Running;06.09.2026;Ebermannstadt;Germany;Ebermannstadt, Germany;49.7802113;11.1875112;10 km, Half Marathon, Marathon;Official local running event in Ebermannstadt. Distances: 10 km, Half Marathon, Marathon. Discovered via Kilometerliebe and linked to the official event website.;https://www.fs-marathon.de;Kilometerliebe Discovery;
Fränkische Schweiz-Marathon;Running;05.09.2027;Ebermannstadt;Germany;Ebermannstadt, Germany;49.7802113;11.1875112;10 km, Half Marathon, Marathon;Official local running event in Ebermannstadt. Distances: 10 km, Half Marathon, Marathon. Discovered via Kilometerliebe and linked to the official event website.;https://www.fs-marathon.de;Kilometerliebe Discovery;
Frankfurter Mainova Halbmarathon;Running;22.03.2026;Frankfurt am Main;Germany;Frankfurt am Main, Germany;50.1106444;8.6820917;Half Marathon;Official local running event in Frankfurt am Main. Distances: Half Marathon. Discovered via Kilometerliebe and linked to the official event website.;https://www.frankfurter-halbmarathon.de/;Kilometerliebe Discovery;
Franklin Meilenlauf Mannheim;Running;11.10.2026;Mannheim;Germany;Mannheim, Germany;49.4892913;8.4673098;10 km, Half Marathon;Official local running event in Mannheim. Distances: 10 km, Half Marathon. Discovered via Kilometerliebe and linked to the official event website.;https://www.franklin-meilenlauf.de;Kilometerliebe Discovery;
Frauenlauf Köln;Running;13.09.2026;Köln;Germany;Köln, Germany;50.938361;6.959974;5 km, 10 km;Official local running event in Köln. Distances: 5 km, 10 km. Discovered via Kilometerliebe and linked to the official event website.;https://www.koeln.de;Kilometerliebe Discovery;
Frauenlauf Trier;Running;21.06.2026;Trier;Germany;Trier, Germany;49.7596208;6.6441878;5 km, 10 km;Official local running event in Trier. Distances: 5 km, 10 km. Discovered via Kilometerliebe and linked to the official event website.;https://silvesterlauf.de/event/frauenlauf/;Kilometerliebe Discovery;
Friedberger Halbmarathon;Running;13.09.2026;Friedberg i.Bayern;Germany;Friedberg i.Bayern, Germany;48.3551962;10.9786498;Half Marathon;Official local running event in Friedberg i.Bayern. Distances: Half Marathon. Discovered via Kilometerliebe and linked to the official event website.;https://www.halbmarathon-friedberg.de;Kilometerliebe Discovery;
Friedewalder Mühlenlauf;Running;14.05.2026;Petershagen;Germany;Petershagen, Germany;52.3756616;8.9668368;5 km, 10 km, Half Marathon;Official local running event in Petershagen. Distances: 5 km, 10 km, Half Marathon. Discovered via Kilometerliebe and linked to the official event website.;http://muehlenlauf.friedewalde.de;Kilometerliebe Discovery;
Frühlingsultra;Ultramarathon;21.03.2027;Freudenstadt-Grüntal;Germany;Freudenstadt-Grüntal, Germany;48.4796222;8.4683264;50 km;Official local running event in Freudenstadt-Grüntal. Distances: 50 km. Discovered via Kilometerliebe and linked to the official event website.;https://neckarlauf.com/fr%C3%BChlingsultra.html;Kilometerliebe Discovery;
Fürst Carl Seenlandmarathon;Running;20.09.2026;Pleinfeld;Germany;Pleinfeld, Germany;49.1053751;10.98564;10 km, Half Marathon, Marathon;Official local running event in Pleinfeld. Distances: 10 km, Half Marathon, Marathon. Discovered via Kilometerliebe and linked to the official event website.;https://www.seenlandmarathon.de;Kilometerliebe Discovery;
Fulda Marathon;Running;06.09.2026;Fulda;Germany;Fulda, Germany;50.5514658;9.6762161;5 km, 10 km, Half Marathon;Official local running event in Fulda. Distances: 5 km, 10 km, Half Marathon. Discovered via Kilometerliebe and linked to the official event website.;https://www.fulda-marathon.de;Kilometerliebe Discovery;
Gebirgstälerlauf Oberstdorf;Running;17.05.2026;Oberstdorf;Germany;Oberstdorf, Germany;47.4104347;10.2774409;5 km, 10 km, Half Marathon;Official local running event in Oberstdorf. Distances: 5 km, 10 km, Half Marathon. Discovered via Kilometerliebe and linked to the official event website.;https://www.gebirgstaelerlauf.de;Kilometerliebe Discovery;
Generali Berlin Halbmarathon;Running;29.03.2026;Berlin;Germany;Berlin, Germany;52.5173885;13.3951309;Half Marathon;Official local running event in Berlin. Distances: Half Marathon. Discovered via Kilometerliebe and linked to the official event website.;https://www.generali-berliner-halbmarathon.de/;Kilometerliebe Discovery;
Generali Berliner Halbmarathon;Running;04.04.2027;Berlin;Germany;Berlin, Germany;52.5173885;13.3951309;Half Marathon;Official local running event in Berlin. Distances: Half Marathon. Discovered via Kilometerliebe and linked to the official event website.;https://www.generali-berliner-halbmarathon.de;Kilometerliebe Discovery;
Generali Köln Marathon;Running;04.10.2026;Köln;Germany;Köln, Germany;50.938361;6.959974;Half Marathon, Marathon;Official local running event in Köln. Distances: Half Marathon, Marathon. Discovered via Kilometerliebe and linked to the official event website.;https://koeln-marathon.de;Kilometerliebe Discovery;
Generali Köln Marathon;Running;03.10.2027;Köln;Germany;Köln, Germany;50.938361;6.959974;10 km, Half Marathon, Marathon;Official local running event in Köln. Distances: 10 km, Half Marathon, Marathon. Discovered via Kilometerliebe and linked to the official event website.;https://generali-koeln-marathon.de;Kilometerliebe Discovery;
Geraer Firmenlauf;Running;21.05.2026;Gera;Germany;Gera, Germany;50.8765528;12.0832674;5 km;Official local running event in Gera. Distances: 5 km. Discovered via Kilometerliebe and linked to the official event website.;https://geraer-firmenlauf.de/;Kilometerliebe Discovery;
Gerolsteiner Helgoland Marathon;Running;09.05.2026;Helgoland;Germany;Helgoland, Germany;54.1820608;7.8876314;5 km, 10 km, Marathon;Official local running event in Helgoland. Distances: 5 km, 10 km, Marathon. Discovered via Kilometerliebe and linked to the official event website.;https://www.helgoland-marathon.com;Kilometerliebe Discovery;
Gifhorner Lauftag;Running;19.04.2026;Gifhorn;Germany;Gifhorn, Germany;52.4882194;10.545304;5 km, 10 km, Half Marathon, Marathon;Official local running event in Gifhorn. Distances: 5 km, 10 km, Half Marathon, Marathon. Discovered via Kilometerliebe and linked to the official event website.;https://www.vfr-wilsche-neubokel.de;Kilometerliebe Discovery;
Göltzschtal-Marathon;Running;11.04.2026;Lengenfeld;Germany;Lengenfeld, Germany;50.5694023;12.3652544;5 km, 10 km, Half Marathon, Marathon;Official local running event in Lengenfeld. Distances: 5 km, 10 km, Half Marathon, Marathon. Discovered via Kilometerliebe and linked to the official event website.;http://www.goeltzschtallauf.de;Kilometerliebe Discovery;
Goitzsche Marathon;Running;03.05.2026;Bitterfeld;Germany;Bitterfeld, Germany;51.6239124;12.3301466;10 km, Half Marathon, Marathon;Official local running event in Bitterfeld. Distances: 10 km, Half Marathon, Marathon. Discovered via Kilometerliebe and linked to the official event website.;https://www.goitzsche-marathon.eu;Kilometerliebe Discovery;
Gorch-Fock-Lauf;Running;14.06.2026;Wilhelmshaven;Germany;Wilhelmshaven, Germany;53.5278793;8.106301;5 km, 10 km, Half Marathon, Marathon;Official local running event in Wilhelmshaven. Distances: 5 km, 10 km, Half Marathon, Marathon. Discovered via Kilometerliebe and linked to the official event website.;https://gorch-fock-lauf.de;Kilometerliebe Discovery;
Grömitzer Sun-Run;Running;10.05.2026;Grömitz;Germany;Grömitz, Germany;54.1441095;10.9588499;5 km, 10 km, Half Marathon;Official local running event in Grömitz. Distances: 5 km, 10 km, Half Marathon. Discovered via Kilometerliebe and linked to the official event website.;https://www.groemitz.de/sun-run;Kilometerliebe Discovery;
Grüntal-Winterultra;Ultramarathon;28.12.2026;Freudenstadt-Grüntal;Germany;Freudenstadt-Grüntal, Germany;48.4796222;8.4683264;50 km;Official local running event in Freudenstadt-Grüntal. Distances: 50 km. Discovered via Kilometerliebe and linked to the official event website.;https://neckarlauf.com/gr%C3%BCntal-winterultra.html;Kilometerliebe Discovery;
Grüntalultra;Ultramarathon;14.05.2026;Freudenstadt-Grüntal;Germany;Freudenstadt-Grüntal, Germany;48.4796222;8.4683264;50 km;Official local running event in Freudenstadt-Grüntal. Distances: 50 km. Discovered via Kilometerliebe and linked to the official event website.;https://neckarlauf.com/gr%C3%BCntalultra.html;Kilometerliebe Discovery;
Gütersloh läuft;Running;08.07.2026;Gütersloh;Germany;Gütersloh, Germany;51.9063997;8.3782078;10 km;Official local running event in Gütersloh. Distances: 10 km. Discovered via Kilometerliebe and linked to the official event website.;https://guetersloh-laeuft.de/;Kilometerliebe Discovery;
Gutenberg Halbmarathon Mainz;Running;10.05.2026;Mainz;Germany;Mainz, Germany;49.9995205;8.2736253;10 km, Half Marathon;Official local running event in Mainz. Distances: 10 km, Half Marathon. Discovered via Kilometerliebe and linked to the official event website.;https://www.halbmarathon-mainz.de;Kilometerliebe Discovery;
GutsMuths-Rennsteiglauf Marathon;Running;09.05.2026;Schmiedefeld;Germany;Schmiedefeld, Germany;50.5333;11.2167;10 km, Half Marathon, Marathon;Official local running event in Schmiedefeld. Distances: 10 km, Half Marathon, Marathon. Discovered via Kilometerliebe and linked to the official event website.;http://www.rennsteiglauf.de;Kilometerliebe Discovery;
Hachenburg Löwen Marathon;Running;17.10.2026;Hachenburg;Germany;Hachenburg, Germany;50.6627538;7.8253173;10 km, Half Marathon;Official local running event in Hachenburg. Distances: 10 km, Half Marathon. Discovered via Kilometerliebe and linked to the official event website.;https://www.loewenlauf-hachenburg.de;Kilometerliebe Discovery;
Hagener Volkslauf;Running;14.05.2026;Hagen;Germany;Hagen, Germany;51.3582945;7.473296;10 km, Half Marathon;Official local running event in Hagen. Distances: 10 km, Half Marathon. Discovered via Kilometerliebe and linked to the official event website.;http://www.concordia-hagen.de;Kilometerliebe Discovery;
Halbmarathon Altötting;Running;20.09.2026;Altötting;Germany;Altötting, Germany;48.2268085;12.6757914;10 km, Half Marathon;Official local running event in Altötting. Distances: 10 km, Half Marathon. Discovered via Kilometerliebe and linked to the official event website.;https://www.halbmarathon.de;Kilometerliebe Discovery;
Halbmarathon Heidelberg;Running;26.04.2026;Heidelberg;Germany;Heidelberg, Germany;49.4093582;8.694724;Half Marathon;Official local running event in Heidelberg. Distances: Half Marathon. Discovered via Kilometerliebe and linked to the official event website.;https://atoshalbmarathon.tsg78-hd.de;Kilometerliebe Discovery;
Halbmarathon Ingolstadt;Running;09.05.2026;Ingolstadt;Germany;Ingolstadt, Germany;48.7630165;11.4250395;5 km, 10 km, Half Marathon;Official local running event in Ingolstadt. Distances: 5 km, 10 km, Half Marathon. Discovered via Kilometerliebe and linked to the official event website.;https://www.halbmarathon-ingolstadt.net;Kilometerliebe Discovery;
Halbmarathon München;Running;11.04.2026;München;Germany;München, Germany;48.1371079;11.5753822;Half Marathon;Official local running event in München. Distances: Half Marathon. Discovered via Kilometerliebe and linked to the official event website.;https://halbmarathon-muenchen.de/;Kilometerliebe Discovery;
Hamburger Halbmarathon durch das Alte Land;Running;29.03.2026;Hamburg;Germany;Hamburg, Germany;53.5501721;10.0013165;10 km, Half Marathon;Official local running event in Hamburg. Distances: 10 km, Half Marathon. Discovered via Kilometerliebe and linked to the official event website.;https://www.hntonline.de/hamburger-halbmarathon/;Kilometerliebe Discovery;
ADAC Marathon Hannover;Running;11.04.2027;Hannover;Germany;Hannover, Germany;52.3744779;9.7385532;10 km, Half Marathon, Marathon;Official local running event in Hannover. Distances: 10 km, Half Marathon, Marathon. Discovered via Kilometerliebe and linked to the official event website.;https://www.marathon-hannover.de;Kilometerliebe Discovery;
Haspa Halbmarathon Hamburg;Running;25.04.2027;Hamburg;Germany;Hamburg, Germany;53.5501721;10.0013165;Half Marathon;Official local running event in Hamburg. Distances: Half Marathon. Discovered via Kilometerliebe and linked to the official event website.;https://haspa-marathon-hamburg.de/halbmarathon/;Kilometerliebe Discovery;
Haspa Marathon Hamburg;Running;26.04.2026;Hamburg;Germany;Hamburg, Germany;53.5501721;10.0013165;Half Marathon, Marathon;Official local running event in Hamburg. Distances: Half Marathon, Marathon. Discovered via Kilometerliebe and linked to the official event website.;https://haspa-marathon-hamburg.de/;Kilometerliebe Discovery;
Haster Volkslauf Osnabrück;Running;07.06.2026;Osnabrück;Germany;Osnabrück, Germany;52.2719595;8.047635;5 km, 10 km;Official local running event in Osnabrück. Distances: 5 km, 10 km. Discovered via Kilometerliebe and linked to the official event website.;https://tushaste01.de/haster-volkslauf-copy/;Kilometerliebe Discovery;
Heidenheimer Sparkassen-Stadtlauf;Running;14.06.2026;Heidenheim;Germany;Heidenheim, Germany;49.0177528;10.7421856;5 km, 10 km, Half Marathon;Official local running event in Heidenheim. Distances: 5 km, 10 km, Half Marathon. Discovered via Kilometerliebe and linked to the official event website.;https://heidenheimer-stadtlauf.de;Kilometerliebe Discovery;
Heilbronner Trollinger Marathon;Running;10.05.2026;Heilbronn;Germany;Heilbronn, Germany;49.142291;9.218655;10 km, Half Marathon, Marathon;Official local running event in Heilbronn. Distances: 10 km, Half Marathon, Marathon. Discovered via Kilometerliebe and linked to the official event website.;https://www.trollinger-marathon.de;Kilometerliebe Discovery;
Heizomat Altmühlseelauf;Running;18.07.2026;Gunzenhausen;Germany;Gunzenhausen, Germany;49.1147095;10.7545933;10 km, Half Marathon;Official local running event in Gunzenhausen. Distances: 10 km, Half Marathon. Discovered via Kilometerliebe and linked to the official event website.;https://www.altmuehlseelauf.de;Kilometerliebe Discovery;
hella hamburg halbmarathon;Running;28.06.2026;Hamburg;Germany;Hamburg, Germany;53.5501721;10.0013165;Half Marathon;Official local running event in Hamburg. Distances: Half Marathon. Discovered via Kilometerliebe and linked to the official event website.;https://www.hamburg-halbmarathon.de/;Kilometerliebe Discovery;
hella Marathon Rostock;Running;01.08.2026;Rostock;Germany;Rostock, Germany;54.0886707;12.1400211;10 km, Half Marathon, Marathon;Official local running event in Rostock. Distances: 10 km, Half Marathon, Marathon. Discovered via Kilometerliebe and linked to the official event website.;https://www.rostocker-marathon-nacht.com;Kilometerliebe Discovery;
Hennefer Europalauf;Running;20.06.2026;Hennef;Germany;Hennef, Germany;50.7754417;7.2847945;5 km, 10 km, Half Marathon;Official local running event in Hennef. Distances: 5 km, 10 km, Half Marathon. Discovered via Kilometerliebe and linked to the official event website.;https://europalauf.eu;Kilometerliebe Discovery;
Herzogstadtlauf Straubing;Running;10.05.2026;Straubing;Germany;Straubing, Germany;48.8819801;12.569716;5 km, 10 km, Half Marathon, Marathon;Official local running event in Straubing. Distances: 5 km, 10 km, Half Marathon, Marathon. Discovered via Kilometerliebe and linked to the official event website.;http://www.herzogstadtlauf.de;Kilometerliebe Discovery;
Heumadener Volkslauf;Running;19.07.2026;Stuttgart;Germany;Stuttgart, Germany;48.7784485;9.1800132;10 km, Half Marathon;Official local running event in Stuttgart. Distances: 10 km, Half Marathon. Discovered via Kilometerliebe and linked to the official event website.;https://www.tsv-heumaden.de/veranstaltungen/heumadener-volkslauf;Kilometerliebe Discovery;
Hexenstieg Ultramarathon;Ultramarathon;17.04.2026;Osterode;Germany;Osterode, Germany;51.5652379;10.8170527;160.9 km;Official local running event in Osterode. Distances: 160.9 km. Discovered via Kilometerliebe and linked to the official event website.;https://www.hexenstieg-ultra.de;Kilometerliebe Discovery;
Hexenstieg-Ultramarathon;Ultramarathon;16.04.2027;Osterode;Germany;Osterode, Germany;51.5652379;10.8170527;160.9 km;Official local running event in Osterode. Distances: 160.9 km. Discovered via Kilometerliebe and linked to the official event website.;https://www.hexenstieg-ultra.de;Kilometerliebe Discovery;
Hiltruper Halbmarathon;Running;23.08.2026;Münster;Germany;Münster, Germany;51.9625101;7.6251879;Half Marathon;Official local running event in Münster. Distances: Half Marathon. Discovered via Kilometerliebe and linked to the official event website.;https://www.tus-hiltrup.de;Kilometerliebe Discovery;
Himmelgeister Brückenlauf;Running;13.06.2026;Düsseldorf;Germany;Düsseldorf, Germany;51.2254018;6.7763137;Half Marathon;Official local running event in Düsseldorf. Distances: Half Marathon. Discovered via Kilometerliebe and linked to the official event website.;https://himmelgeister-brueckenlauf.de;Kilometerliebe Discovery;
HimmelswegeLauf Marathon;Running;13.06.2026;Nebra;Germany;Nebra, Germany;51.2873083;11.5787877;10 km, Half Marathon, Marathon;Official local running event in Nebra. Distances: 10 km, Half Marathon, Marathon. Discovered via Kilometerliebe and linked to the official event website.;http://www.himmelswegelauf.de;Kilometerliebe Discovery;
Hörnlelauf Konstanz;Running;11.10.2026;Konstanz;Germany;Konstanz, Germany;47.659216;9.1750718;5 km, 10 km;Official local running event in Konstanz. Distances: 5 km, 10 km. Discovered via Kilometerliebe and linked to the official event website.;https://konstanzer-laeufe.de/hoernlelauf/;Kilometerliebe Discovery;
Hofmühl-Volksfest Halbmarathon;Running;30.08.2026;Eichstätt;Germany;Eichstätt, Germany;48.8933417;11.1838965;Half Marathon;Official local running event in Eichstätt. Distances: Half Marathon. Discovered via Kilometerliebe and linked to the official event website.;https://www.sv-marienstein.de;Kilometerliebe Discovery;
Ingelheimer Halbe;Running;31.05.2026;Ingelheim;Germany;Ingelheim, Germany;49.9752749;8.0547274;5 km, 10 km, Half Marathon;Official local running event in Ingelheim. Distances: 5 km, 10 km, Half Marathon. Discovered via Kilometerliebe and linked to the official event website.;https://www.der-ingelheimer-halbe.de;Kilometerliebe Discovery;
Internationaler Schwarzwald-Marathon;Running;11.10.2026;Bräunlingen;Germany;Bräunlingen, Germany;47.9300645;8.448329;Half Marathon, Marathon;Official local running event in Bräunlingen. Distances: Half Marathon, Marathon. Discovered via Kilometerliebe and linked to the official event website.;http://www.schwarzwald-marathon.de;Kilometerliebe Discovery;
Internationaler Trierer Stadtlauf;Running;28.06.2026;Trier;Germany;Trier, Germany;49.7596208;6.6441878;10 km, Half Marathon;Official local running event in Trier. Distances: 10 km, Half Marathon. Discovered via Kilometerliebe and linked to the official event website.;https://spoferan.com/en/events/40-int-trierer-stadtlauf-2026/;Kilometerliebe Discovery;
Ipf-Ries Halbmarathon;Running;09.05.2026;Nördlingen;Germany;Nördlingen, Germany;48.8516578;10.4885873;Half Marathon;Official local running event in Nördlingen. Distances: Half Marathon. Discovered via Kilometerliebe and linked to the official event website.;https://ipf-ries-halbmarathon.de;Kilometerliebe Discovery;
Ith-Hils-Ultratrail;Ultramarathon;25.04.2026;Salzhemmendorf;Germany;Salzhemmendorf, Germany;52.0669535;9.585096;81 km;Official local running event in Salzhemmendorf. Distances: 81 km. Discovered via Kilometerliebe and linked to the official event website.;https://running-paule.de/;Kilometerliebe Discovery;
Itzerhoer Störlauf;Running;09.05.2026;Itzehoe;Germany;Itzehoe, Germany;53.919448;9.5172441;5 km, 10 km, Half Marathon;Official local running event in Itzehoe. Distances: 5 km, 10 km, Half Marathon. Discovered via Kilometerliebe and linked to the official event website.;https://www.stoerlauf.de;Kilometerliebe Discovery;
Jenaer Firmenlauf;Running;19.05.2026;Jena;Germany;Jena, Germany;50.9281717;11.5879359;5 km;Official local running event in Jena. Distances: 5 km. Discovered via Kilometerliebe and linked to the official event website.;https://www.jenaerfirmenlauf.de/;Kilometerliebe Discovery;
Kap-Arkona-Lauf;Running;03.10.2026;Putgarten;Germany;Putgarten, Germany;54.6728579;13.4159183;10 km, Half Marathon;Official local running event in Putgarten. Distances: 10 km, Half Marathon. Discovered via Kilometerliebe and linked to the official event website.;https://kap-arkona-lauf.de;Kilometerliebe Discovery;
Kapellenlauf Vorra;Running;02.08.2026;Frensdorf;Germany;Frensdorf, Germany;49.8171708;10.8642356;10 km, Half Marathon;Official local running event in Frensdorf. Distances: 10 km, Half Marathon. Discovered via Kilometerliebe and linked to the official event website.;https://www.laufclub-vorra.de;Kilometerliebe Discovery;
Karneval Marathon Köln;Running;11.11.2026;Köln;Germany;Köln, Germany;50.938361;6.959974;Marathon;Official local running event in Köln. Distances: Marathon. Discovered via Kilometerliebe and linked to the official event website.;https://www.karneval-marathon.de;Kilometerliebe Discovery;
Karneval Marathon Köln;Running;06.11.2027;Köln;Germany;Köln, Germany;50.938361;6.959974;10 km, Half Marathon, Marathon;Official local running event in Köln. Distances: 10 km, Half Marathon, Marathon. Discovered via Kilometerliebe and linked to the official event website.;https://karneval-marathon.de;Kilometerliebe Discovery;
Kassel Marathon;Running;20.09.2026;Kassel;Germany;Kassel, Germany;51.3157833;9.4978479;10 km, Half Marathon, Marathon;Official local running event in Kassel. Distances: 10 km, Half Marathon, Marathon. Discovered via Kilometerliebe and linked to the official event website.;http://www.kassel-marathon.de;Kilometerliebe Discovery;
Kiel Lauf;Running;13.09.2026;Kiel;Germany;Kiel, Germany;54.3227085;10.135555;5 km, 10 km, Half Marathon;Official local running event in Kiel. Distances: 5 km, 10 km, Half Marathon. Discovered via Kilometerliebe and linked to the official event website.;https://www.kiellauf.de;Kilometerliebe Discovery;
Kieler Förde Marathon;Running;20.09.2026;Kiel;Germany;Kiel, Germany;54.3227085;10.135555;Marathon;Official local running event in Kiel. Distances: Marathon. Discovered via Kilometerliebe and linked to the official event website.;https://www.ltvkiel-ost.de/kieler-förde-marathon;Kilometerliebe Discovery;
Kieler Förde Marathon;Running;19.09.2027;Kiel;Germany;Kiel, Germany;54.3227085;10.135555;10 km, Half Marathon, Marathon;Official local running event in Kiel. Distances: 10 km, Half Marathon, Marathon. Discovered via Kilometerliebe and linked to the official event website.;https://www.kieler-foerde-marathon.de;Kilometerliebe Discovery;
Koberstädter Waldmarathon;Running;30.08.2026;Egelsbach;Germany;Egelsbach, Germany;49.9668352;8.6659289;10 km, Half Marathon;Official local running event in Egelsbach. Distances: 10 km, Half Marathon. Discovered via Kilometerliebe and linked to the official event website.;https://www.koberstaedter-marathon.de;Kilometerliebe Discovery;
Kölner Frühlingslauf;Running;22.03.2026;Köln;Germany;Köln, Germany;50.938361;6.959974;5 km, 10 km;Official local running event in Köln. Distances: 5 km, 10 km. Discovered via Kilometerliebe and linked to the official event website.;https://koelner-fruehlingslauf.de/;Kilometerliebe Discovery;
Kölner Halbmarathon;Running;30.08.2026;Köln;Germany;Köln, Germany;50.938361;6.959974;Half Marathon;Official local running event in Köln. Distances: Half Marathon. Discovered via Kilometerliebe and linked to the official event website.;https://koelner-halbmarathon.de/;Kilometerliebe Discovery;
König Ludwig Lauf Sommer;Running;26.09.2026;Oberammergau;Germany;Oberammergau, Germany;47.597344;11.0640664;10 km, Half Marathon;Official local running event in Oberammergau. Distances: 10 km, Half Marathon. Discovered via Kilometerliebe and linked to the official event website.;https://www.koenig-ludwig-lauf.com;Kilometerliebe Discovery;
Königsforst Marathon Bergisch Gladbach;Ultramarathon;15.03.2026;Bergisch Gladbach;Germany;Bergisch Gladbach, Germany;50.9929303;7.1277379;Half Marathon, Marathon, 63.3 km;Official local running event in Bergisch Gladbach. Distances: Half Marathon, Marathon, 63.3 km. Discovered via Kilometerliebe and linked to the official event website.;https://koenigsforst-marathon.de/;Kilometerliebe Discovery;
Königsschlösser Marathon;Running;25.07.2026;Füssen;Germany;Füssen, Germany;47.5675998;10.6993217;10 km, Half Marathon, Marathon;Official local running event in Füssen. Distances: 10 km, Half Marathon, Marathon. Discovered via Kilometerliebe and linked to the official event website.;https://www.laufwochenende-fuessen.de;Kilometerliebe Discovery;
Küstenkanallauf;Running;04.07.2026;Friesoythe/Kampe;Germany;Friesoythe/Kampe, Germany;53.0820556;7.8356653;10 km, Half Marathon;Official local running event in Friesoythe/Kampe. Distances: 10 km, Half Marathon. Discovered via Kilometerliebe and linked to the official event website.;https://www.kc-ikenbruegge.de;Kilometerliebe Discovery;
Kulkiathlon;Ultramarathon;07.06.2026;Markranstädt;Germany;Markranstädt, Germany;51.3026177;12.2204644;72 km;Official local running event in Markranstädt. Distances: 72 km. Discovered via Kilometerliebe and linked to the official event website.;https://kulkiathlon.com/;Kilometerliebe Discovery;
Kyffhäuser Berglauf mit Berg-Marathon;Running;18.04.2026;Bad Frankenhausen;Germany;Bad Frankenhausen, Germany;51.3560142;11.1005235;10 km, Half Marathon, Marathon;Official local running event in Bad Frankenhausen. Distances: 10 km, Half Marathon, Marathon. Discovered via Kilometerliebe and linked to the official event website.;http://www.kyffhaeuser-berglauf.de;Kilometerliebe Discovery;
Lahnparklauf;Running;30.08.2026;Wetzlar;Germany;Wetzlar, Germany;50.570561;8.531245;5 km, 10 km, Half Marathon;Official local running event in Wetzlar. Distances: 5 km, 10 km, Half Marathon. Discovered via Kilometerliebe and linked to the official event website.;https://team-naunheim.com/lahnparklauf;Kilometerliebe Discovery;
LaminatDEPOT-Lauf Velbert;Running;05.07.2026;Velbert;Germany;Velbert, Germany;51.3406713;7.0439912;10 km;Official local running event in Velbert. Distances: 10 km. Discovered via Kilometerliebe and linked to the official event website.;https://laminatdepot-lauf.de/;Kilometerliebe Discovery;
Leipzig Marathon;Running;19.04.2026;Leipzig;Germany;Leipzig, Germany;51.3406321;12.3747329;5 km, 10 km, Half Marathon, Marathon;Official local running event in Leipzig. Distances: 5 km, 10 km, Half Marathon, Marathon. Discovered via Kilometerliebe and linked to the official event website.;https://www.leipzigmarathon.de;Kilometerliebe Discovery;
Leipzig RUN;Running;11.10.2026;Leipzig;Germany;Leipzig, Germany;51.3406321;12.3747329;10 km, Half Marathon;Official local running event in Leipzig. Distances: 10 km, Half Marathon. Discovered via Kilometerliebe and linked to the official event website.;https://www.maximalpuls.com/events/leipzig-run;Kilometerliebe Discovery;
LGV Frühjahrlauf Gießen;Running;08.03.2026;Gießen;Germany;Gießen, Germany;50.5862066;8.6742306;5 km, 10 km, Half Marathon;Official local running event in Gießen. Distances: 5 km, 10 km, Half Marathon. Discovered via Kilometerliebe and linked to the official event website.;https://lgv-marathon.de/fruehjahrslauf/;Kilometerliebe Discovery;
Lipperland Marathon;Running;21.11.2026;Dörentrup;Germany;Dörentrup, Germany;52.0408142;9.0033681;10 km, Half Marathon, Marathon;Official local running event in Dörentrup. Distances: 10 km, Half Marathon, Marathon. Discovered via Kilometerliebe and linked to the official event website.;https://www.lipperland-marathon.de;Kilometerliebe Discovery;
Lohners Vulkan-Marathon;Running;01.05.2026;Mendig;Germany;Mendig, Germany;50.3720933;7.2812427;5 km, 10 km, Half Marathon, Marathon;Official local running event in Mendig. Distances: 5 km, 10 km, Half Marathon, Marathon. Discovered via Kilometerliebe and linked to the official event website.;https://www.vulkan-marathon.de;Kilometerliebe Discovery;
Ludwigshafener Stadtlauf;Running;27.06.2026;Ludwigshafen am Rhein;Germany;Ludwigshafen am Rhein, Germany;49.4704113;8.4381568;5 km, 10 km;Official local running event in Ludwigshafen am Rhein. Distances: 5 km, 10 km. Discovered via Kilometerliebe and linked to the official event website.;https://www.ludwigshafener-stadtlauf.de/;Kilometerliebe Discovery;
Stadtwerke Lübeck Marathon;Running;17.10.2027;Lübeck;Germany;Lübeck, Germany;53.866444;10.684738;5 km, 10 km, Half Marathon, Marathon;Official local running event in Lübeck. Distances: 5 km, 10 km, Half Marathon, Marathon. Discovered via Kilometerliebe and linked to the official event website.;https://swhl-marathon.de;Kilometerliebe Discovery;
Lüneburger Firmenlauf;Running;12.06.2026;Lüneburg;Germany;Lüneburg, Germany;53.248706;10.407855;5 km;Official local running event in Lüneburg. Distances: 5 km. Discovered via Kilometerliebe and linked to the official event website.;https://fitwerft.de/;Kilometerliebe Discovery;
Magdeburg Marathon;Running;04.10.2026;Magdeburg;Germany;Magdeburg, Germany;52.1314783;11.6400789;5 km, 10 km, Half Marathon, Marathon;Official local running event in Magdeburg. Distances: 5 km, 10 km, Half Marathon, Marathon. Discovered via Kilometerliebe and linked to the official event website.;https://magdeburg-marathon.eu;Kilometerliebe Discovery;
Magdeburg-Marathon;Running;03.10.2027;Magdeburg;Germany;Magdeburg, Germany;52.1314783;11.6400789;10 km, Half Marathon, Marathon;Official local running event in Magdeburg. Distances: 10 km, Half Marathon, Marathon. Discovered via Kilometerliebe and linked to the official event website.;https://www.magdeburg-marathon.eu;Kilometerliebe Discovery;
Mainauenlauf Bayreuth;Running;14.06.2026;Bayreuth;Germany;Bayreuth, Germany;49.9446345;11.5743543;5 km, 10 km, Half Marathon;Official local running event in Bayreuth. Distances: 5 km, 10 km, Half Marathon. Discovered via Kilometerliebe and linked to the official event website.;https://www.mainauenlauf.de/;Kilometerliebe Discovery;
MainCityRun Schweinfurt;Running;16.05.2026;Schweinfurt;Germany;Schweinfurt, Germany;50.0451485;10.2340647;5 km, 10 km, Half Marathon;Official local running event in Schweinfurt. Distances: 5 km, 10 km, Half Marathon. Discovered via Kilometerliebe and linked to the official event website.;https://laufen-triathlon.de;Kilometerliebe Discovery;
Mainova Frankfurt Marathon;Running;25.10.2026;Frankfurt am Main;Germany;Frankfurt am Main, Germany;50.1106444;8.6820917;Marathon;Official local running event in Frankfurt am Main. Distances: Marathon. Discovered via Kilometerliebe and linked to the official event website.;https://www.frankfurt-marathon.com/;Kilometerliebe Discovery;
Mainova Frankfurt Marathon;Running;31.10.2027;Frankfurt am Main;Germany;Frankfurt am Main, Germany;50.1106444;8.6820917;5 km, 10 km, Marathon;Official local running event in Frankfurt am Main. Distances: 5 km, 10 km, Marathon. Discovered via Kilometerliebe and linked to the official event website.;https://www.frankfurt-marathon.com;Kilometerliebe Discovery;
Marathon Deutsche Weinstraße;Running;12.04.2026;Bockenheim;Germany;Bockenheim, Germany;50.1233115;8.6460563;Half Marathon, Marathon;Official local running event in Bockenheim. Distances: Half Marathon, Marathon. Discovered via Kilometerliebe and linked to the official event website.;http://www.marathon-deutsche-weinstrasse.de;Kilometerliebe Discovery;
Marathon München by Brooks;Running;11.10.2026;München;Germany;München, Germany;48.1371079;11.5753822;10 km, Half Marathon, Marathon;Official local running event in München. Distances: 10 km, Half Marathon, Marathon. Discovered via Kilometerliebe and linked to the official event website.;https://marathonmuenchen.org;Kilometerliebe Discovery;
Marathon München by Brooks;Running;10.10.2027;München;Germany;München, Germany;48.1371079;11.5753822;10 km, Half Marathon, Marathon;Official local running event in München. Distances: 10 km, Half Marathon, Marathon. Discovered via Kilometerliebe and linked to the official event website.;https://marathonmuenchen.org;Kilometerliebe Discovery;
Marathon rund um Wellen;Running;02.08.2026;Wellen;Germany;Wellen, Germany;49.6692928;6.4334568;5 km, 10 km, Half Marathon, Marathon;Official local running event in Wellen. Distances: 5 km, 10 km, Half Marathon, Marathon. Discovered via Kilometerliebe and linked to the official event website.;https://www.wellen-marathon.de;Kilometerliebe Discovery;
Marburger Lahntallauf;Running;28.02.2026;Marburg;Germany;Marburg, Germany;50.8090106;8.7704695;10 km, Half Marathon, Marathon;Official local running event in Marburg. Distances: 10 km, Half Marathon, Marathon. Discovered via Kilometerliebe and linked to the official event website.;https://ultra-marburg.de/lahntallauf/;Kilometerliebe Discovery;
Marburger Nacht-Marathon;Running;03.07.2026;Marburg;Germany;Marburg, Germany;50.8090106;8.7704695;10 km, Half Marathon, Marathon;Official local running event in Marburg. Distances: 10 km, Half Marathon, Marathon. Discovered via Kilometerliebe and linked to the official event website.;https://www.nachtmarathon.org;Kilometerliebe Discovery;
100 Meilen Berlin — Mauerweglauf;Ultramarathon;15.08.2026;Berlin;Germany;Berlin, Germany;52.5173885;13.3951309;100 Miles / 161 km;Official local running event in Berlin. Distances: 100 miles / 161 km. Discovered via Kilometerliebe and linked to the official event website.;https://www.100meilen.de;Kilometerliebe Discovery;
Mein Freiburg Marathon;Running;12.04.2026;Freiburg;Germany;Freiburg, Germany;47.9960901;7.8494005;5 km, 10 km, Half Marathon, Marathon;Official local running event in Freiburg. Distances: 5 km, 10 km, Half Marathon, Marathon. Discovered via Kilometerliebe and linked to the official event website.;https://www.mein-freiburgmarathon.de;Kilometerliebe Discovery;
Meldorfer Brückenlauf;Running;01.05.2026;Meldorf;Germany;Meldorf, Germany;54.08988;9.070633;10 km, Half Marathon;Official local running event in Meldorf. Distances: 10 km, Half Marathon. Discovered via Kilometerliebe and linked to the official event website.;https://www.meldorfer-brueckenlauf.de;Kilometerliebe Discovery;
Melibokuslauf;Running;14.06.2026;Alsbach-Hähnlein;Germany;Alsbach-Hähnlein, Germany;49.7383506;8.5950049;10 km;Official local running event in Alsbach-Hähnlein. Distances: 10 km. Discovered via Kilometerliebe and linked to the official event website.;https://tv-alsbach.de/melibokuslauf;Kilometerliebe Discovery;
Mendener Citylauf mit Halbmarathon;Running;14.06.2026;Menden;Germany;Menden, Germany;51.43779;7.7953822;5 km, 10 km, Half Marathon;Official local running event in Menden. Distances: 5 km, 10 km, Half Marathon. Discovered via Kilometerliebe and linked to the official event website.;https://www.menden-citylauf.de;Kilometerliebe Discovery;
Miltenberger Landkreis-Lauftag;Running;13.09.2026;Elsenfeld;Germany;Elsenfeld, Germany;49.8473123;9.1618537;5 km, 10 km, Half Marathon;Official local running event in Elsenfeld. Distances: 5 km, 10 km, Half Marathon. Discovered via Kilometerliebe and linked to the official event website.;https://lauftag.landkreis-miltenberg.de;Kilometerliebe Discovery;
Mitteldeutscher Marathon;Running;04.10.2026;Halle;Germany;Halle, Germany;52.4523605;6.9192787;10 km, Half Marathon, Marathon;Official local running event in Halle. Distances: 10 km, Half Marathon, Marathon. Discovered via Kilometerliebe and linked to the official event website.;https://www.mitteldeutscher-marathon.de;Kilometerliebe Discovery;
Mitteldeutscher Marathon Halle;Running;04.10.2026;Halle (Saale);Germany;Halle (Saale), Germany;51.4824354;11.9712985;10 km, Half Marathon, Marathon;Official local running event in Halle (Saale). Distances: 10 km, Half Marathon, Marathon. Discovered via Kilometerliebe and linked to the official event website.;https://www.mitteldeutscher-marathon.de/;Kilometerliebe Discovery;
Mittsommernachtslauf Hannover;Running;26.06.2026;Hannover;Germany;Hannover, Germany;52.3744779;9.7385532;10 km, Half Marathon;Official local running event in Hannover. Distances: 10 km, Half Marathon. Discovered via Kilometerliebe and linked to the official event website.;https://www.mittsommernachtslauf-hannover.de;Kilometerliebe Discovery;
Moerser enni Schlossparklauf;Running;25.04.2026;Moers;Germany;Moers, Germany;51.451283;6.62843;5 km, 10 km;Official local running event in Moers. Distances: 5 km, 10 km. Discovered via Kilometerliebe and linked to the official event website.;https://schlossparklauf.org/;Kilometerliebe Discovery;
Mountainman Nesselwang;Running;09.05.2026;Nesselwang;Germany;Nesselwang, Germany;47.6218885;10.5003482;10 km, Half Marathon, Marathon;Official local running event in Nesselwang. Distances: 10 km, Half Marathon, Marathon. Discovered via Kilometerliebe and linked to the official event website.;https://mountainman.de;Kilometerliebe Discovery;
Mülheimer Firmenlauf;Running;17.09.2026;Mülheim an der Ruhr;Germany;Mülheim an der Ruhr, Germany;51.4272925;6.8829192;5.6 km;Official local running event in Mülheim an der Ruhr. Distances: 5.6 km. Discovered via Kilometerliebe and linked to the official event website.;https://www.muelheimer-firmenlauf.de/;Kilometerliebe Discovery;
Müritz-Lauf;Ultramarathon;27.06.2026;Waren (Müritz);Germany;Waren (Müritz), Germany;53.5156249;12.6850606;75 km;Official local running event in Waren (Müritz). Distances: 75 km. Discovered via Kilometerliebe and linked to the official event website.;https://mueritz-lauf.de;Kilometerliebe Discovery;
Mützenicher VENNLAUF;Running;30.05.2026;Monschau-Mützenich;Germany;Monschau-Mützenich, Germany;50.5632359;6.207414;5 km, 10 km, Half Marathon;Official local running event in Monschau-Mützenich. Distances: 5 km, 10 km, Half Marathon. Discovered via Kilometerliebe and linked to the official event website.;https://www.vennlauf.de;Kilometerliebe Discovery;
Neckarlauf;Ultramarathon;31.05.2026;Villingen-Schwenningen;Germany;Villingen-Schwenningen, Germany;48.063152;8.4929618;372 km;Official local running event in Villingen-Schwenningen. Distances: 372 km. Discovered via Kilometerliebe and linked to the official event website.;https://neckarlauf.com/neckarlauf.html;Kilometerliebe Discovery;
Nordholzer Windmühlenlauf;Running;20.06.2026;Wurster Nordseeküste;Germany;Wurster Nordseeküste, Germany;53.7044885;8.568845;5 km, 10 km, Half Marathon;Official local running event in Wurster Nordseeküste. Distances: 5 km, 10 km, Half Marathon. Discovered via Kilometerliebe and linked to the official event website.;https://windmuehlenlauf.jimdofree.com;Kilometerliebe Discovery;
Novemberlauf;Ultramarathon;01.11.2026;Freudenstadt-Grüntal;Germany;Freudenstadt-Grüntal, Germany;48.4796222;8.4683264;50 km;Official local running event in Freudenstadt-Grüntal. Distances: 50 km. Discovered via Kilometerliebe and linked to the official event website.;https://neckarlauf.com/novemberlauf.html;Kilometerliebe Discovery;
Oberelbe Marathon;Running;26.04.2026;Dresden;Germany;Dresden, Germany;51.0493286;13.7381437;5 km, 10 km, Half Marathon, Marathon;Official local running event in Dresden. Distances: 5 km, 10 km, Half Marathon, Marathon. Discovered via Kilometerliebe and linked to the official event website.;https://www.oberelbe-marathon.de;Kilometerliebe Discovery;
Obermain-Marathon;Running;12.04.2026;Bad Staffelstein;Germany;Bad Staffelstein, Germany;50.1028339;10.999159;10 km, Half Marathon, Marathon;Official local running event in Bad Staffelstein. Distances: 10 km, Half Marathon, Marathon. Discovered via Kilometerliebe and linked to the official event website.;http://www.obermain-marathon.de;Kilometerliebe Discovery;
Offenbacher Mainuferlauf;Running;11.10.2026;Offenbach am Main;Germany;Offenbach am Main, Germany;50.1055002;8.7610698;5 km, 10 km, Half Marathon;Official local running event in Offenbach am Main. Distances: 5 km, 10 km, Half Marathon. Discovered via Kilometerliebe and linked to the official event website.;https://www.offenbacher-lc.de/;Kilometerliebe Discovery;
Ohmrathon;Running;16.05.2026;Worbis;Germany;Worbis, Germany;51.421618;10.3610936;10 km, Half Marathon;Official local running event in Worbis. Distances: 10 km, Half Marathon. Discovered via Kilometerliebe and linked to the official event website.;https://www.ohmrathon.de;Kilometerliebe Discovery;
Oldenburg Marathon;Running;25.10.2026;Edewecht;Germany;Edewecht, Germany;53.1283992;7.9855044;5 km, 10 km, Half Marathon, Marathon;Official local running event in Edewecht. Distances: 5 km, 10 km, Half Marathon, Marathon. Discovered via Kilometerliebe and linked to the official event website.;https://oldenburg-marathon.de;Kilometerliebe Discovery;
Osnabrücker Ringweg Ultramarathon;Ultramarathon;13.06.2026;Osnabrück;Germany;Osnabrück, Germany;52.2719595;8.047635;70 km;Official local running event in Osnabrück. Distances: 70 km. Discovered via Kilometerliebe and linked to the official event website.;https://my.raceresult.com/363204/;Kilometerliebe Discovery;
Paderborner Osterlauf;Running;04.04.2026;Paderborn;Germany;Paderborn, Germany;51.7177044;8.752653;5 km, 10 km, Half Marathon;Official local running event in Paderborn. Distances: 5 km, 10 km, Half Marathon. Discovered via Kilometerliebe and linked to the official event website.;https://www.paderborner-osterlauf.de/;Kilometerliebe Discovery;
Panorama-Baumwipfel-Lauf;Running;13.06.2026;Oberschwarzach;Germany;Oberschwarzach, Germany;49.8607085;10.4098754;10 km, Half Marathon;Official local running event in Oberschwarzach. Distances: 10 km, Half Marathon. Discovered via Kilometerliebe and linked to the official event website.;https://panorama-baumwipfel-lauf.de;Kilometerliebe Discovery;
Pfälzerwald Marathon;Running;12.09.2026;Pirmasens;Germany;Pirmasens, Germany;49.1996961;7.6087847;Half Marathon, Marathon;Official local running event in Pirmasens. Distances: Half Marathon, Marathon. Discovered via Kilometerliebe and linked to the official event website.;https://www.pfaelzerwald-marathon.de;Kilometerliebe Discovery;
Pfingstlauf Ruhrschleife Arnsberg;Running;23.05.2026;Arnsberg;Germany;Arnsberg, Germany;51.4002384;8.0605908;6.7 km;Official local running event in Arnsberg. Distances: 6.7 km. Discovered via Kilometerliebe and linked to the official event website.;https://ruhrschleife-lauf.de/;Kilometerliebe Discovery;
ProPotsdam Schlösserlauf;Running;07.06.2026;Potsdam;Germany;Potsdam, Germany;52.4009309;13.0591397;10 km, Half Marathon;Official local running event in Potsdam. Distances: 10 km, Half Marathon. Discovered via Kilometerliebe and linked to the official event website.;https://www.potsdam-schloesserlauf.de;Kilometerliebe Discovery;
PSD Bank Halbmarathon Hamburg;Running;20.09.2026;Hamburg;Germany;Hamburg, Germany;53.5501721;10.0013165;Half Marathon;Official local running event in Hamburg. Distances: Half Marathon. Discovered via Kilometerliebe and linked to the official event website.;https://www.halb-marathon.hamburg;Kilometerliebe Discovery;
Ra(h)ser-Run Viersen;Running;31.05.2026;Viersen;Germany;Viersen, Germany;51.2562118;6.3905476;5 km, 10 km;Official local running event in Viersen. Distances: 5 km, 10 km. Discovered via Kilometerliebe and linked to the official event website.;https://rahser-run.de/;Kilometerliebe Discovery;
Regensburg Marathon;Running;17.05.2026;Regensburg;Germany;Regensburg, Germany;49.0195333;12.0974869;10 km, Half Marathon, Marathon;Official local running event in Regensburg. Distances: 10 km, Half Marathon, Marathon. Discovered via Kilometerliebe and linked to the official event website.;https://www.llc-marathon-regensburg.de;Kilometerliebe Discovery;
Reichenau Halbmarathon;Running;20.09.2026;Reichenau;Germany;Reichenau, Germany;47.6966514;9.0616115;10 km, Half Marathon;Official local running event in Reichenau. Distances: 10 km, Half Marathon. Discovered via Kilometerliebe and linked to the official event website.;https://www.sv-reichenau-leichtathletik.de;Kilometerliebe Discovery;
Remmers-Hasetal-Marathon;Running;27.06.2026;Löningen;Germany;Löningen, Germany;52.7363493;7.7570655;10 km, Half Marathon, Marathon;Official local running event in Löningen. Distances: 10 km, Half Marathon, Marathon. Discovered via Kilometerliebe and linked to the official event website.;http://www.hasetal-marathon.de;Kilometerliebe Discovery;
GutsMuths-Rennsteig Supermarathon;Ultramarathon;09.05.2026;Eisenach;Germany;Eisenach, Germany;50.9747134;10.3193565;73.9 km;Official local running event in Eisenach. Distances: 73.9 km. Discovered via Kilometerliebe and linked to the official event website.;https://www.rennsteiglauf.de;Kilometerliebe Discovery;
REWE Women's Run Hamburg;Running;14.06.2026;Hamburg;Germany;Hamburg, Germany;53.5501721;10.0013165;5 km, 10 km;Official local running event in Hamburg. Distances: 5 km, 10 km. Discovered via Kilometerliebe and linked to the official event website.;https://womensrun-hamburg.de;Kilometerliebe Discovery;
Rhein-Ruhr Marathon Duisburg;Running;10.05.2026;Duisburg;Germany;Duisburg, Germany;51.434999;6.759562;Half Marathon, Marathon;Official local running event in Duisburg. Distances: Half Marathon, Marathon. Discovered via Kilometerliebe and linked to the official event website.;https://www.rhein-ruhr-marathon.de;Kilometerliebe Discovery;
Rhein-Ruhr Marathon Duisburg;Running;09.05.2027;Duisburg;Germany;Duisburg, Germany;51.434999;6.759562;10 km, Half Marathon, Marathon;Official local running event in Duisburg. Distances: 10 km, Half Marathon, Marathon. Discovered via Kilometerliebe and linked to the official event website.;https://www.rhein-ruhr-marathon.de;Kilometerliebe Discovery;
Rheingauer Halbmarathon;Running;26.07.2026;Oestrich;Germany;Oestrich, Germany;51.5666596;7.3621171;5 km, 10 km, Half Marathon;Official local running event in Oestrich. Distances: 5 km, 10 km, Half Marathon. Discovered via Kilometerliebe and linked to the official event website.;https://www.rieslinglauf.de;Kilometerliebe Discovery;
RIBE Citylauf Schwabach;Running;11.10.2026;Schwabach;Germany;Schwabach, Germany;49.3290521;11.0207677;5 km, 10 km, Half Marathon;Official local running event in Schwabach. Distances: 5 km, 10 km, Half Marathon. Discovered via Kilometerliebe and linked to the official event website.;https://schwabacher-citylauf.de;Kilometerliebe Discovery;
Ring Running Series Marathon;Running;21.11.2026;Hockenheim;Germany;Hockenheim, Germany;49.3188892;8.5475467;5 km, 10 km, Half Marathon, Marathon;Official local running event in Hockenheim. Distances: 5 km, 10 km, Half Marathon, Marathon. Discovered via Kilometerliebe and linked to the official event website.;https://ringrunningseries.com;Kilometerliebe Discovery;
Röntgenlauf;Running;25.10.2026;Remscheid;Germany;Remscheid, Germany;51.1798706;7.1943544;5 km, 10 km, Half Marathon, Marathon;Official local running event in Remscheid. Distances: 5 km, 10 km, Half Marathon, Marathon. Discovered via Kilometerliebe and linked to the official event website.;https://www.roentgenlauf.de;Kilometerliebe Discovery;
Röntgenlauf Remscheid;Running;09.05.2026;Remscheid;Germany;Remscheid, Germany;51.1798706;7.1943544;5 km, 10 km, Half Marathon, Marathon;Official local running event in Remscheid. Distances: 5 km, 10 km, Half Marathon, Marathon. Discovered via Kilometerliebe and linked to the official event website.;https://www.roentgenlauf.de/;Kilometerliebe Discovery;
Roruper Abendlauf;Running;10.07.2026;Dülmen-Rorup;Germany;Dülmen-Rorup, Germany;51.8974506;7.2727415;5 km, 10 km, Half Marathon;Official local running event in Dülmen-Rorup. Distances: 5 km, 10 km, Half Marathon. Discovered via Kilometerliebe and linked to the official event website.;https://www.rorup.net/lauftreff;Kilometerliebe Discovery;
RUN & FUN Krefelder Firmenlauf;Running;02.09.2026;Krefeld;Germany;Krefeld, Germany;51.3331205;6.5623343;5 km;Official local running event in Krefeld. Distances: 5 km. Discovered via Kilometerliebe and linked to the official event website.;https://www.run-fun-kr.de/;Kilometerliebe Discovery;
S 25 Halbmarathon Berlin;Running;19.04.2026;Berlin;Germany;Berlin, Germany;52.5173885;13.3951309;5 km, 10 km, Half Marathon;Official local running event in Berlin. Distances: 5 km, 10 km, Half Marathon. Discovered via Kilometerliebe and linked to the official event website.;https://berlin-laeuft.de/s25berlin;Kilometerliebe Discovery;
Saaletal Marathon;Running;10.04.2027;Ramsthal;Germany;Ramsthal, Germany;50.1398945;10.0692744;10 km, Half Marathon, Marathon;Official local running event in Ramsthal. Distances: 10 km, Half Marathon, Marathon. Discovered via Kilometerliebe and linked to the official event website.;https://saaletal-marathon.de;Kilometerliebe Discovery;
saarBRÜCKENlauf;Running;14.06.2026;Saarbrücken;Germany;Saarbrücken, Germany;49.234362;6.996379;10 km;Official local running event in Saarbrücken. Distances: 10 km. Discovered via Kilometerliebe and linked to the official event website.;https://www.saarbrueckenlauf.de;Kilometerliebe Discovery;
Sababurger Tierparklauf;Running;21.06.2026;Hofgeismar-Sababurg;Germany;Hofgeismar-Sababurg, Germany;51.544798;9.5351038;5 km, 10 km, Half Marathon;Official local running event in Hofgeismar-Sababurg. Distances: 5 km, 10 km, Half Marathon. Discovered via Kilometerliebe and linked to the official event website.;https://www.tierparklauf.de;Kilometerliebe Discovery;
Sachsenlauf-Coswig;Running;21.06.2026;Coswig;Germany;Coswig, Germany;51.1267305;13.5783983;5 km, 10 km, Half Marathon;Official local running event in Coswig. Distances: 5 km, 10 km, Half Marathon. Discovered via Kilometerliebe and linked to the official event website.;https://www.sachsenlauf.de;Kilometerliebe Discovery;
Salvus-Teekottenlauf;Running;24.04.2026;Emsdetten;Germany;Emsdetten, Germany;52.174687;7.5301756;5 km, 10 km, Half Marathon;Official local running event in Emsdetten. Distances: 5 km, 10 km, Half Marathon. Discovered via Kilometerliebe and linked to the official event website.;https://www.salvus-teekottenlauf.de;Kilometerliebe Discovery;
Salzkotten Marathon;Running;07.06.2026;Salzkotten;Germany;Salzkotten, Germany;51.6717596;8.6068636;5 km, 10 km, Half Marathon, Marathon;Official local running event in Salzkotten. Distances: 5 km, 10 km, Half Marathon, Marathon. Discovered via Kilometerliebe and linked to the official event website.;https://salzkotten-marathon.de;Kilometerliebe Discovery;
Sandhofer Straßenlauf;Running;19.06.2026;Mannheim;Germany;Mannheim, Germany;49.4892913;8.4673098;10 km;Official local running event in Mannheim. Distances: 10 km. Discovered via Kilometerliebe and linked to the official event website.;https://www.sandhofer-strassenlauf.de;Kilometerliebe Discovery;
Schapener Volkslauf;Running;06.09.2026;Braunschweig;Germany;Braunschweig, Germany;52.2646577;10.5236066;10 km, Half Marathon;Official local running event in Braunschweig. Distances: 10 km, Half Marathon. Discovered via Kilometerliebe and linked to the official event website.;https://www.volkslauf-schapen.de;Kilometerliebe Discovery;
Schloss Marienburg Marathon;Running;21.11.2026;Nordstemmen-Adensen;Germany;Nordstemmen-Adensen, Germany;52.1774206;9.7307467;Half Marathon, Marathon;Official local running event in Nordstemmen-Adensen. Distances: Half Marathon, Marathon. Discovered via Kilometerliebe and linked to the official event website.;http://www.schloss-marienburg-marathon.de;Kilometerliebe Discovery;
Schlossinsellauf Lübben;Running;21.06.2026;Lübben;Germany;Lübben, Germany;51.9418987;13.8963805;5 km, 10 km, Half Marathon;Official local running event in Lübben. Distances: 5 km, 10 km, Half Marathon. Discovered via Kilometerliebe and linked to the official event website.;https://schlossinsellauf.de;Kilometerliebe Discovery;
SchluBUT@night;Ultramarathon;24.04.2026;Kassel;Germany;Kassel, Germany;51.3157833;9.4978479;50 km;Official local running event in Kassel. Distances: 50 km. Discovered via Kilometerliebe and linked to the official event website.;https://laufwerkkassel.jimdoweb.com/;Kilometerliebe Discovery;
Internationaler Schluchseelauf;Running;09.05.2026;Schluchsee;Germany;Schluchsee, Germany;47.8185928;8.177035;10 km, Half Marathon;Official local running event in Schluchsee. Distances: 10 km, Half Marathon. Discovered via Kilometerliebe and linked to the official event website.;https://www.schluchseelauf.com;Kilometerliebe Discovery;
Schnadegang Rund um Lüdenscheid;Ultramarathon;07.06.2026;Schalksmühle;Germany;Schalksmühle, Germany;51.2412334;7.5289145;55 km;Official local running event in Schalksmühle. Distances: 55 km. Discovered via Kilometerliebe and linked to the official event website.;https://laufenamwengeberg.com/;Kilometerliebe Discovery;
Schurwald-Marathon;Running;19.04.2026;Lichtenwald-Hegenlohe;Germany;Lichtenwald-Hegenlohe, Germany;48.7338334;9.4766259;10 km, Half Marathon, Marathon;Official local running event in Lichtenwald-Hegenlohe. Distances: 10 km, Half Marathon, Marathon. Discovered via Kilometerliebe and linked to the official event website.;https://www.liwalauf.tsv-lichtenwald.de;Kilometerliebe Discovery;
Schuster Tegernseelauf;Running;20.09.2026;Gmund am Tegernsee;Germany;Gmund am Tegernsee, Germany;47.750822;11.738955;5 km, 10 km, Half Marathon;Official local running event in Gmund am Tegernsee. Distances: 5 km, 10 km, Half Marathon. Discovered via Kilometerliebe and linked to the official event website.;https://www.tegernseelauf.de;Kilometerliebe Discovery;
Schwebebahnlauf Wuppertal;Running;14.06.2026;Wuppertal;Germany;Wuppertal, Germany;51.264018;7.1780374;5 km, 10 km, Half Marathon;Official local running event in Wuppertal. Distances: 5 km, 10 km, Half Marathon. Discovered via Kilometerliebe and linked to the official event website.;https://schwebebahn-lauf.de/;Kilometerliebe Discovery;
Schweriner Fünf-Seen-Lauf;Running;04.07.2026;Schwerin;Germany;Schwerin, Germany;53.6288297;11.4148038;5 km, 10 km, Half Marathon;Official local running event in Schwerin. Distances: 5 km, 10 km, Half Marathon. Discovered via Kilometerliebe and linked to the official event website.;https://www.fuenf-seen-lauf.de;Kilometerliebe Discovery;
Siebengebirgsmarathon;Running;06.12.2026;Bad Honnef;Germany;Bad Honnef, Germany;50.6448582;7.2272534;Half Marathon, Marathon;Official local running event in Bad Honnef. Distances: Half Marathon, Marathon. Discovered via Kilometerliebe and linked to the official event website.;https://siebengebirgsmarathon.net;Kilometerliebe Discovery;
Siegerländer AOK-Firmenlauf Siegen;Running;15.07.2026;Siegen;Germany;Siegen, Germany;50.8751175;8.0256131;5.5 km;Official local running event in Siegen. Distances: 5.5 km. Discovered via Kilometerliebe and linked to the official event website.;https://www.siegerlaender-aok-firmenlauf.de/;Kilometerliebe Discovery;
Sparkassen Silvesterlauf Werl-Soest;Running;31.12.2026;Werl;Germany;Werl, Germany;51.5533457;7.9155558;15 km;Official local running event in Werl. Distances: 15 km. Discovered via Kilometerliebe and linked to the official event website.;https://www.silvesterlauf.com;Kilometerliebe Discovery;
Skatstadtmarathon;Running;13.06.2026;Altenburg;Germany;Altenburg, Germany;50.9852411;12.4340988;5 km, 10 km, Half Marathon, Marathon;Official local running event in Altenburg. Distances: 5 km, 10 km, Half Marathon, Marathon. Discovered via Kilometerliebe and linked to the official event website.;https://www.skatstadtmarathon.de;Kilometerliebe Discovery;
Solinger Klingenlauf;Running;04.06.2026;Solingen;Germany;Solingen, Germany;51.1721629;7.0845893;5 km, 10 km;Official local running event in Solingen. Distances: 5 km, 10 km. Discovered via Kilometerliebe and linked to the official event website.;https://www.klingenlauf.de/;Kilometerliebe Discovery;
Solitudelauf Gerlingen;Running;12.04.2026;Gerlingen;Germany;Gerlingen, Germany;48.7983947;9.0624386;5 km, 10 km, Half Marathon;Official local running event in Gerlingen. Distances: 5 km, 10 km, Half Marathon. Discovered via Kilometerliebe and linked to the official event website.;https://www.solitudelauf.de;Kilometerliebe Discovery;
Sollinglauf Marathon;Running;06.06.2026;Dassel;Germany;Dassel, Germany;51.8019566;9.6899606;10 km, Half Marathon, Marathon;Official local running event in Dassel. Distances: 10 km, Half Marathon, Marathon. Discovered via Kilometerliebe and linked to the official event website.;http://sollinglauf.de;Kilometerliebe Discovery;
Sparkasse 3-Länder-Marathon;Running;11.10.2026;Lindau;Germany;Lindau, Germany;54.3846451;9.9034272;5 km, 10 km, Half Marathon, Marathon;Official local running event in Lindau. Distances: 5 km, 10 km, Half Marathon, Marathon. Discovered via Kilometerliebe and linked to the official event website.;https://www.sparkasse-3-laender-marathon.at;Kilometerliebe Discovery;
Sparkassen Firmenlauf Oberhausen;Running;18.06.2026;Oberhausen;Germany;Oberhausen, Germany;51.4696137;6.8514435;5 km;Official local running event in Oberhausen. Distances: 5 km. Discovered via Kilometerliebe and linked to the official event website.;https://oberhausener-firmenlauf.de/;Kilometerliebe Discovery;
Sparkassen Phoenix-Halbmarathon Dortmund;Running;03.10.2026;Dortmund;Germany;Dortmund, Germany;51.5142273;7.4652789;Half Marathon;Official local running event in Dortmund. Distances: Half Marathon. Discovered via Kilometerliebe and linked to the official event website.;https://sparkassen-phoenix-halbmarathon.de;Kilometerliebe Discovery;
Sparkassen Rügenbrücken-Marathon;Running;10.10.2026;Stralsund;Germany;Stralsund, Germany;54.3096314;13.0820846;10 km, Half Marathon, Marathon;Official local running event in Stralsund. Distances: 10 km, Half Marathon, Marathon. Discovered via Kilometerliebe and linked to the official event website.;http://www.ruegenmarathon.de;Kilometerliebe Discovery;
Sparkassen-SAARathon;Running;11.10.2026;Saarbrücken;Germany;Saarbrücken, Germany;49.234362;6.996379;5 km, 10 km, Half Marathon, Marathon;Official local running event in Saarbrücken. Distances: 5 km, 10 km, Half Marathon, Marathon. Discovered via Kilometerliebe and linked to the official event website.;https://www.westspangenlauf.de;Kilometerliebe Discovery;
Sparkassen-Stadtlauf Zwickau;Running;10.05.2026;Zwickau;Germany;Zwickau, Germany;50.7185043;12.4939267;5 km, 10 km;Official local running event in Zwickau. Distances: 5 km, 10 km. Discovered via Kilometerliebe and linked to the official event website.;https://www.zwickau.de/de/tourismus/veranstaltungen/stadtlauf/;Kilometerliebe Discovery;
SportScheck RUN München;Running;05.07.2026;München;Germany;München, Germany;48.1371079;11.5753822;5 km, 10 km, Half Marathon;Official local running event in München. Distances: 5 km, 10 km, Half Marathon. Discovered via Kilometerliebe and linked to the official event website.;https://www.sportscheck.com/erlebnisse/run;Kilometerliebe Discovery;
SportScheck RUN Nürnberg;Running;25.10.2026;Nürnberg;Germany;Nürnberg, Germany;49.453872;11.077298;10 km, Half Marathon;Official local running event in Nürnberg. Distances: 10 km, Half Marathon. Discovered via Kilometerliebe and linked to the official event website.;https://www.sportscheck.com/erlebnisse/run;Kilometerliebe Discovery;
Spreewald Marathon;Running;19.04.2026;Burg;Germany;Burg, Germany;49.9600346;6.3512069;10 km, Half Marathon, Marathon;Official local running event in Burg. Distances: 10 km, Half Marathon, Marathon. Discovered via Kilometerliebe and linked to the official event website.;http://www.spreewaldmarathon.de;Kilometerliebe Discovery;
St. Elisabeth Firmenlauf Herne;Running;21.05.2026;Herne;Germany;Herne, Germany;51.5380394;7.219985;5 km;Official local running event in Herne. Distances: 5 km. Discovered via Kilometerliebe and linked to the official event website.;https://firmenlauf-herne.de/;Kilometerliebe Discovery;
St. Wendel Marathon;Running;26.04.2026;St. Wendel;Germany;St. Wendel, Germany;49.4669906;7.1696192;10 km, Half Marathon, Marathon;Official local running event in St. Wendel. Distances: 10 km, Half Marathon, Marathon. Discovered via Kilometerliebe and linked to the official event website.;https://www.sankt-wendel.de/kreisstadt-sankt-wendel/sport-freizeit/globus-marathon-2;Kilometerliebe Discovery;
Stadtlauf Hanau;Running;18.09.2026;Hanau;Germany;Hanau, Germany;50.132881;8.9169797;5 km;Official local running event in Hanau. Distances: 5 km. Discovered via Kilometerliebe and linked to the official event website.;https://hanauer-stadtlauf.de/;Kilometerliebe Discovery;
Stadtwerke-Europalauf;Running;09.08.2026;Neustadt in Holstein;Germany;Neustadt in Holstein, Germany;54.1029898;10.8186738;5 km, 10 km, Half Marathon;Official local running event in Neustadt in Holstein. Distances: 5 km, 10 km, Half Marathon. Discovered via Kilometerliebe and linked to the official event website.;https://www.tsv-neustadt-europalauf.de;Kilometerliebe Discovery;
Stadtwerke Lübeck Marathon;Running;18.10.2026;Lübeck;Germany;Lübeck, Germany;53.866444;10.684738;5 km, 10 km, Half Marathon, Marathon;Official local running event in Lübeck. Distances: 5 km, 10 km, Half Marathon, Marathon. Discovered via Kilometerliebe and linked to the official event website.;https://swhl-marathon.de/;Kilometerliebe Discovery;
Steinberger Wald-Volkslauf;Running;30.05.2026;Dietzenbach-Steinberg;Germany;Dietzenbach-Steinberg, Germany;50.0261374;8.7931028;5 km, 10 km, Half Marathon;Official local running event in Dietzenbach-Steinberg. Distances: 5 km, 10 km, Half Marathon. Discovered via Kilometerliebe and linked to the official event website.;http://sc-steinberg-langlauf.de;Kilometerliebe Discovery;
Stuttgart-Lauf;Running;21.06.2026;Stuttgart;Germany;Stuttgart, Germany;48.7784485;9.1800132;5 km, 10 km, Half Marathon;Official local running event in Stuttgart. Distances: 5 km, 10 km, Half Marathon. Discovered via Kilometerliebe and linked to the official event website.;https://www.stuttgart-lauf.de;Kilometerliebe Discovery;
Stuttgart-Lauf;Running;16.05.2026;Stuttgart;Germany;Stuttgart, Germany;48.7784485;9.1800132;5 km, 10 km, Half Marathon;Official local running event in Stuttgart. Distances: 5 km, 10 km, Half Marathon. Discovered via Kilometerliebe and linked to the official event website.;https://stuttgart-lauf.de/;Kilometerliebe Discovery;
StWB Teamstaffel Brandenburg an der Havel;Running;21.05.2026;Brandenburg an der Havel;Germany;Brandenburg an der Havel, Germany;52.4108261;12.5497933;5 km;Official local running event in Brandenburg an der Havel. Distances: 5 km. Discovered via Kilometerliebe and linked to the official event website.;https://www.stwb.de/teamstaffel/;Kilometerliebe Discovery;
Südenseelauf;Running;02.05.2026;Sörup;Germany;Sörup, Germany;54.7169361;9.6673591;5 km, 10 km, Half Marathon;Official local running event in Sörup. Distances: 5 km, 10 km, Half Marathon. Discovered via Kilometerliebe and linked to the official event website.;http://www.suedenseelauf.de;Kilometerliebe Discovery;
swb Bremen Marathon;Running;13.09.2026;Bremen;Germany;Bremen, Germany;53.0758196;8.8071646;10 km, Half Marathon, Marathon;Official local running event in Bremen. Distances: 10 km, Half Marathon, Marathon. Discovered via Kilometerliebe and linked to the official event website.;https://swb-marathon.com;Kilometerliebe Discovery;
swb-Marathon Bremen;Running;12.09.2027;Bremen;Germany;Bremen, Germany;53.0758196;8.8071646;10 km, Half Marathon, Marathon;Official local running event in Bremen. Distances: 10 km, Half Marathon, Marathon. Discovered via Kilometerliebe and linked to the official event website.;https://swb-marathon.com;Kilometerliebe Discovery;
SWP CityLauf Pforzheim;Running;26.06.2026;Pforzheim;Germany;Pforzheim, Germany;48.890934;8.7025509;5 km, 10 km;Official local running event in Pforzheim. Distances: 5 km, 10 km. Discovered via Kilometerliebe and linked to the official event website.;https://www.citylauf-pforzheim.de/;Kilometerliebe Discovery;
Tangermünder Elbdeichmarathon;Running;12.04.2026;Tangermünde;Germany;Tangermünde, Germany;52.5431104;11.9722524;10 km, Half Marathon, Marathon;Official local running event in Tangermünde. Distances: 10 km, Half Marathon, Marathon. Discovered via Kilometerliebe and linked to the official event website.;https://www.elbdeichmarathon.de;Kilometerliebe Discovery;
Taubertal 100;Ultramarathon;03.10.2026;Rothenburg o.T.;Germany;Rothenburg o.T., Germany;51.6359061;11.7696395;160.9 km;Official local running event in Rothenburg o.T.. Distances: 160.9 km. Discovered via Kilometerliebe and linked to the official event website.;https://www.taubertal100.de;Kilometerliebe Discovery;
Tharandter-Wald-Lauf;Running;30.08.2026;Hartha;Germany;Hartha, Germany;51.0984539;12.9715576;5 km, 10 km, Half Marathon;Official local running event in Hartha. Distances: 5 km, 10 km, Half Marathon. Discovered via Kilometerliebe and linked to the official event website.;https://tharandterwaldlauf.wordpress.com;Kilometerliebe Discovery;
Tiergartenlauf Velen;Running;20.06.2026;Velen;Germany;Velen, Germany;51.8957136;6.9839073;5 km, 10 km, Half Marathon;Official local running event in Velen. Distances: 5 km, 10 km, Half Marathon. Discovered via Kilometerliebe and linked to the official event website.;https://www.sf-nordvelen.de/tgl;Kilometerliebe Discovery;
Töplitzer Insellauf;Running;25.04.2026;Töplitz;Germany;Töplitz, Germany;52.431623;12.9071832;10 km, Half Marathon;Official local running event in Töplitz. Distances: 10 km, Half Marathon. Discovered via Kilometerliebe and linked to the official event website.;http://www.insellauf-toeplitz.de;Kilometerliebe Discovery;
LA-Hamburg TogetHHer Silvesterlauf;Running;31.12.2026;Hamburg;Germany;Hamburg, Germany;53.5501721;10.0013165;7.4 km;Official local running event in Hamburg. Distances: 7.4 km. Discovered via Kilometerliebe and linked to the official event website.;https://www.bsv-hamburg.de;Kilometerliebe Discovery;
Tollenseseelauf;Running;13.06.2026;Neubrandenburg;Germany;Neubrandenburg, Germany;53.5574458;13.2602781;10 km, Half Marathon, Marathon;Official local running event in Neubrandenburg. Distances: 10 km, Half Marathon, Marathon. Discovered via Kilometerliebe and linked to the official event website.;https://tollenseseelauf.de;Kilometerliebe Discovery;
Trierer Silvesterlauf;Running;31.12.2026;Trier;Germany;Trier, Germany;49.7596208;6.6441878;5 km;Official local running event in Trier. Distances: 5 km. Discovered via Kilometerliebe and linked to the official event website.;https://silvesterlauf.de;Kilometerliebe Discovery;
Tübinger Erbe-Lauf;Running;20.09.2026;Tübingen;Germany;Tübingen, Germany;48.5203263;9.053596;5 km, 10 km;Official local running event in Tübingen. Distances: 5 km, 10 km. Discovered via Kilometerliebe and linked to the official event website.;https://www.tuebinger-erbe-lauf.de/;Kilometerliebe Discovery;
LOWA Ultratrail Fränkische Schweiz;Ultramarathon;25.04.2026;Ebermannstadt;Germany;Ebermannstadt, Germany;49.7802113;11.1875112;66 km;Official local running event in Ebermannstadt. Distances: 66 km. Discovered via Kilometerliebe and linked to the official event website.;https://www.ultratrail-fraenkische-schweiz.de/;Kilometerliebe Discovery;
Uniper Düsseldorf Marathon;Running;26.04.2026;Düsseldorf;Germany;Düsseldorf, Germany;51.2254018;6.7763137;Half Marathon, Marathon;Official local running event in Düsseldorf. Distances: Half Marathon, Marathon. Discovered via Kilometerliebe and linked to the official event website.;https://www.uniper-duesseldorfmarathon.de/;Kilometerliebe Discovery;
Urwaldsteig-Ultratrail;Ultramarathon;31.05.2026;Waldeck;Germany;Waldeck, Germany;50.9113768;11.7820125;66 km;Official local running event in Waldeck. Distances: 66 km. Discovered via Kilometerliebe and linked to the official event website.;https://laufwerkkassel.jimdoweb.com/urwaldsteig-ultratrail/;Kilometerliebe Discovery;
Usedom Beach Marathon;Running;06.06.2026;Heringsdorf;Germany;Heringsdorf, Germany;53.9543267;14.1673508;10 km, Half Marathon, Marathon;Official local running event in Heringsdorf. Distances: 10 km, Half Marathon, Marathon. Discovered via Kilometerliebe and linked to the official event website.;https://usedom.de/usedom-beach-marathon;Kilometerliebe Discovery;
Usedom Marathon;Running;05.09.2026;Wolgast;Germany;Wolgast, Germany;54.0536473;13.7757809;10 km, Half Marathon, Marathon;Official local running event in Wolgast. Distances: 10 km, Half Marathon, Marathon. Discovered via Kilometerliebe and linked to the official event website.;http://www.usedom-marathon.de;Kilometerliebe Discovery;
Volksbank Münster Marathon;Running;13.09.2026;Münster;Germany;Münster, Germany;51.9625101;7.6251879;10 km, Marathon;Official local running event in Münster. Distances: 10 km, Marathon. Discovered via Kilometerliebe and linked to the official event website.;https://www.volksbank-muenster-marathon.de;Kilometerliebe Discovery;
SV-1860-Minden Volkslauf;Running;29.08.2026;Minden;Germany;Minden, Germany;52.2881045;8.9168852;5 km, 10 km;Official local running event in Minden. Distances: 5 km, 10 km. Discovered via Kilometerliebe and linked to the official event website.;https://sv1860minden.de/sportarten/leichtathletik/volkslauf-minden;Kilometerliebe Discovery;
Volkslauf Rund um den Otto-Maigler-See;Running;17.05.2026;Hürth;Germany;Hürth, Germany;50.8807379;6.876568;5 km, 10 km, Half Marathon;Official local running event in Hürth. Distances: 5 km, 10 km, Half Marathon. Discovered via Kilometerliebe and linked to the official event website.;https://www.volkslauf-huerth.de;Kilometerliebe Discovery;
Vom See zum Schloss Ultramarathon;Ultramarathon;04.06.2026;Münster;Germany;Münster, Germany;51.9625101;7.6251879;46 km;Official local running event in Münster. Distances: 46 km. Discovered via Kilometerliebe and linked to the official event website.;https://ultra-uwe-unterwegs.de/;Kilometerliebe Discovery;
VR Bank Firmenlauf Bamberg;Running;18.09.2026;Bamberg;Germany;Bamberg, Germany;49.8916044;10.8868478;5 km;Official local running event in Bamberg. Distances: 5 km. Discovered via Kilometerliebe and linked to the official event website.;https://firmenlauf-bamberg.de/;Kilometerliebe Discovery;
Waldmeisterlauf Warmbronn;Running;02.05.2026;Leonberg;Germany;Leonberg, Germany;48.8012983;9.0150026;10 km;Official local running event in Leonberg. Distances: 10 km. Discovered via Kilometerliebe and linked to the official event website.;https://www.waldmeisterlauf.de;Kilometerliebe Discovery;
Wallenstein Halbmarathon;Running;26.07.2026;Altdorf;Germany;Altdorf, Germany;48.5950276;9.2712933;Half Marathon;Official local running event in Altdorf. Distances: Half Marathon. Discovered via Kilometerliebe and linked to the official event website.;https://tv1881altdorf.de;Kilometerliebe Discovery;
Wardenburger Sommerlauf;Running;06.09.2026;Wardenburg;Germany;Wardenburg, Germany;53.0645396;8.1925341;5 km, 10 km;Official local running event in Wardenburg. Distances: 5 km, 10 km. Discovered via Kilometerliebe and linked to the official event website.;http://www.wardenburger-sommerlauf.de;Kilometerliebe Discovery;
Wedeler Halbmarathon;Running;10.05.2026;Wedel;Germany;Wedel, Germany;53.5810226;9.7038772;5 km, 10 km, Half Marathon;Official local running event in Wedel. Distances: 5 km, 10 km, Half Marathon. Discovered via Kilometerliebe and linked to the official event website.;https://www.wedel-halbmarathon.de;Kilometerliebe Discovery;
Werratal Marathon;Running;01.05.2026;Treffurt;Germany;Treffurt, Germany;51.1104119;10.2174474;Marathon;Official local running event in Treffurt. Distances: Marathon. Discovered via Kilometerliebe and linked to the official event website.;https://www.werratal-marathon.de;Kilometerliebe Discovery;
Westenergie Marathon;Running;11.10.2026;Essen;Germany;Essen, Germany;51.4582235;7.0158171;Marathon;Official local running event in Essen. Distances: Marathon. Discovered via Kilometerliebe and linked to the official event website.;https://westenergie-marathon.de;Kilometerliebe Discovery;
Westerwälder Backyard-Ultra;Ultramarathon;05.06.2026;Höchstenbach;Germany;Höchstenbach, Germany;50.6319191;7.7428015;Backyard Ultra;Official local running event in Höchstenbach. Distances: Backyard Ultra. Discovered via Kilometerliebe and linked to the official event website.;https://katjas-laufzeit.de/westerwaelder-backyard-ultra-2026-ausschreibung/;Kilometerliebe Discovery;
Westumer Murrelauf;Running;14.05.2026;Sinzig;Germany;Sinzig, Germany;50.5452042;7.2490828;5 km, 10 km, Half Marathon;Official local running event in Sinzig. Distances: 5 km, 10 km, Half Marathon. Discovered via Kilometerliebe and linked to the official event website.;https://lauftreff-westum.de;Kilometerliebe Discovery;
Wilhelmsfelder Kerwelauf;Running;05.07.2026;Wilhelmsfeld;Germany;Wilhelmsfeld, Germany;49.4626013;8.7632568;10 km, Half Marathon;Official local running event in Wilhelmsfeld. Distances: 10 km, Half Marathon. Discovered via Kilometerliebe and linked to the official event website.;https://kerwelauf.de;Kilometerliebe Discovery;
Windhagen Marathon;Running;10.05.2026;Windhagen;Germany;Windhagen, Germany;50.6399632;7.3537702;5 km, 10 km, Half Marathon, Marathon;Official local running event in Windhagen. Distances: 5 km, 10 km, Half Marathon, Marathon. Discovered via Kilometerliebe and linked to the official event website.;https://www.windhagen-marathon.de;Kilometerliebe Discovery;
Wintermarathon Leipzig;Running;16.01.2027;Leipzig;Germany;Leipzig, Germany;51.3406321;12.3747329;Half Marathon, Marathon;Official local running event in Leipzig. Distances: Half Marathon, Marathon. Discovered via Kilometerliebe and linked to the official event website.;https://wintermarathon.de;Kilometerliebe Discovery;
Winterstaffel Pulheim;Running;31.01.2027;Pulheim;Germany;Pulheim, Germany;50.9979888;6.8025409;5 km, 10 km, Half Marathon, Marathon;Official local running event in Pulheim. Distances: 5 km, 10 km, Half Marathon, Marathon. Discovered via Kilometerliebe and linked to the official event website.;https://www.winterstaffel.de;Kilometerliebe Discovery;
Wolfsburg Run powered by VfL Wolfsburg;Running;19.04.2026;Wolfsburg;Germany;Wolfsburg, Germany;52.4205588;10.7861682;5 km, 10 km, Half Marathon;Official local running event in Wolfsburg. Distances: 5 km, 10 km, Half Marathon. Discovered via Kilometerliebe and linked to the official event website.;https://www.vfl-wolfsburg.de/;Kilometerliebe Discovery;
Wormser Nibelungenlauf;Running;13.09.2026;Worms;Germany;Worms, Germany;49.6302618;8.3620898;5 km, 10 km, Half Marathon;Official local running event in Worms. Distances: 5 km, 10 km, Half Marathon. Discovered via Kilometerliebe and linked to the official event website.;https://nibelungenlauf.de;Kilometerliebe Discovery;
Würzburger Gedächtnislauf;Ultramarathon;20.03.2027;Würzburg;Germany;Würzburg, Germany;49.7933723;9.9309779;10 km, Half Marathon, 44 km;Official local running event in Würzburg. Distances: 10 km, Half Marathon, 44 km. Discovered via Kilometerliebe and linked to the official event website.;https://www.wuerzburg-marathon.de;Kilometerliebe Discovery;
WVV Würzburg Marathon;Running;10.05.2026;Würzburg;Germany;Würzburg, Germany;49.7933723;9.9309779;10 km, Half Marathon, Marathon;Official local running event in Würzburg. Distances: 10 km, Half Marathon, Marathon. Discovered via Kilometerliebe and linked to the official event website.;https://www.wuerzburg-marathon.de;Kilometerliebe Discovery;
WVV Marathon Würzburg;Running;23.05.2027;Würzburg;Germany;Würzburg, Germany;49.7933723;9.9309779;10 km, Half Marathon, Marathon;Official local running event in Würzburg. Distances: 10 km, Half Marathon, Marathon. Discovered via Kilometerliebe and linked to the official event website.;https://www.wuerzburg-marathon.de;Kilometerliebe Discovery;
