event_name;sport;date;city;country;address;latitude;longitude;distance;description;event_url;data_source;image
10 Teiche Marathon;Running;12.09.2026;Hahnenklee;Germany;Hahnenklee, Germany;;;5 km, 10 km, Half Marathon, Marathon;Official local running event in Hahnenklee. Distances: 5 km, 10 km, Half Marathon, Marathon. Discovered via Kilometerliebe and linked to the official event website.;https://www.harzer-wanderwochen.de/10-teiche-marathon;Kilometerliebe Discovery;
SanktPauli Ultra;Ultramarathon;15.05.2027;Rotenburg/Wümme - Tostedt;Germany;Rotenburg/Wümme - Tostedt, Germany;;;100 km;Official local running event in Rotenburg/Wümme - Tostedt. Distances: 100 km. Discovered via Kilometerliebe and linked to the official event website.;https://www.bremensanktpauli.de/infos;Kilometerliebe Discovery;
Freudenstadt Grüntal 12h/24h Lauf (Frühling);Ultramarathon;18.04.2026;Freudenstadt-Grüntal;Germany;Freudenstadt-Grüntal, Germany;;;12h / 24h Ultramarathon;Official local running event in Freudenstadt-Grüntal. Distances: 12h / 24h Ultramarathon. Discovered via Kilometerliebe and linked to the official event website.;https://neckarlauf.com/geh-heim-lauf.html;Kilometerliebe Discovery;
Freudenstadt Grüntal 12h/24h Lauf (Herbst);Ultramarathon;03.10.2026;Freudenstadt-Grüntal;Germany;Freudenstadt-Grüntal, Germany;;;12h / 24h Ultramarathon;Official local running event in Freudenstadt-Grüntal. Distances: 12h / 24h Ultramarathon. Discovered via Kilometerliebe and linked to the official event website.;https://neckarlauf.com/geh-heim-lauf.html;Kilometerliebe Discovery;
24h-Lauf Reichenau;Ultramarathon;13.06.2026;Konstanz;Germany;Konstanz, Germany;;;24h Ultramarathon;Official local running event in Konstanz. Distances: 24h Ultramarathon. Discovered via Kilometerliebe and linked to the official event website.;http://www.24h-lauf-reichenau.de/;Kilometerliebe Discovery;
3. Rureifel Trail;Ultramarathon;18.04.2026;Nideggen;Germany;Nideggen, Germany;;;77 km;Official local running event in Nideggen. Distances: 77 km. Discovered via Kilometerliebe and linked to the official event website.;https://www.rureifel-trail.com;Kilometerliebe Discovery;
7-Gebirgsmarathon;Running;13.12.2026;Bad Honnef;Germany;Bad Honnef, Germany;;;Half Marathon, Marathon;Official local running event in Bad Honnef. Distances: Half Marathon, Marathon. Discovered via Kilometerliebe and linked to the official event website.;http://www.siebengebirgsmarathon.de;Kilometerliebe Discovery;
adidas Runners City Night Berlin;Running;01.08.2026;Berlin;Germany;Berlin, Germany;;;5 km, 10 km;Official local running event in Berlin. Distances: 5 km, 10 km. Discovered via Kilometerliebe and linked to the official event website.;https://www.berlin-citynight.de/;Kilometerliebe Discovery;
Adventslauf Lage;Running;06.12.2026;Lage;Germany;Lage, Germany;;;5 km, 10 km;Official local running event in Lage. Distances: 5 km, 10 km. Discovered via Kilometerliebe and linked to the official event website.;https://www.lg-lippe.de;Kilometerliebe Discovery;
AESCULAP Donautal Marathon;Running;07.06.2026;Tuttlingen;Germany;Tuttlingen, Germany;;;10 km, Half Marathon, Marathon;Official local running event in Tuttlingen. Distances: 10 km, Half Marathon, Marathon. Discovered via Kilometerliebe and linked to the official event website.;https://www.runundfun.de;Kilometerliebe Discovery;
Ahrathon Erlebnislauf;Running;13.06.2026;Bad Neuenahr-Ahrweiler;Germany;Bad Neuenahr-Ahrweiler, Germany;;;5 km, 10 km, Half Marathon, Marathon;Official local running event in Bad Neuenahr-Ahrweiler. Distances: 5 km, 10 km, Half Marathon, Marathon. Discovered via Kilometerliebe and linked to the official event website.;https://ahrathon.de;Kilometerliebe Discovery;
Allgäu-Panorama-Marathon;Running;09.08.2026;Sonthofen;Germany;Sonthofen, Germany;;;Half Marathon, Marathon;Official local running event in Sonthofen. Distances: Half Marathon, Marathon. Discovered via Kilometerliebe and linked to the official event website.;http://www.allgaeu-panorama-marathon.de;Kilometerliebe Discovery;
BARMER CURREX Alsterlauf Hamburg;Running;06.09.2026;Hamburg;Germany;Hamburg, Germany;;;5 km, 10 km;Official local running event in Hamburg. Distances: 5 km, 10 km. Discovered via Kilometerliebe and linked to the official event website.;https://www.alsterlauf-hamburg.de/;Kilometerliebe Discovery;
Alstertallauf Hamburg;Running;25.10.2026;Hamburg;Germany;Hamburg, Germany;;;5 km, 10 km, Half Marathon;Official local running event in Hamburg. Distances: 5 km, 10 km, Half Marathon. Discovered via Kilometerliebe and linked to the official event website.;https://alstertallauf.de/;Kilometerliebe Discovery;
Altmühl-Jura Halbmarathon;Running;26.07.2026;Greding;Germany;Greding, Germany;;;5 km, 10 km, Half Marathon;Official local running event in Greding. Distances: 5 km, 10 km, Half Marathon. Discovered via Kilometerliebe and linked to the official event website.;https://www.greding.de/aj-halbmarathon;Kilometerliebe Discovery;
Altstadtlauf Salzwedel;Running;20.09.2026;Salzwedel;Germany;Salzwedel, Germany;;;5 km, 10 km, Half Marathon;Official local running event in Salzwedel. Distances: 5 km, 10 km, Half Marathon. Discovered via Kilometerliebe and linked to the official event website.;https://www.altstadtlauf-salzwedel.de;Kilometerliebe Discovery;
Amberger Frühlingslauf;Running;19.04.2026;Amberg;Germany;Amberg, Germany;;;10 km, Half Marathon;Official local running event in Amberg. Distances: 10 km, Half Marathon. Discovered via Kilometerliebe and linked to the official event website.;https://cis-amberg.de;Kilometerliebe Discovery;
Ampermarathon Olching;Running;19.04.2026;Olching;Germany;Olching, Germany;;;Marathon;Official local running event in Olching. Distances: Marathon. Discovered via Kilometerliebe and linked to the official event website.;https://www.ampermarathon.de;Kilometerliebe Discovery;
AOK Firmenlauf Bielefeld;Running;26.08.2026;Bielefeld;Germany;Bielefeld, Germany;;;5 km;Official local running event in Bielefeld. Distances: 5 km. Discovered via Kilometerliebe and linked to the official event website.;https://www.firmenlauf-bielefeld.com/;Kilometerliebe Discovery;
AOK-Firmenlauf Witten;Running;02.07.2026;Witten;Germany;Witten, Germany;;;5 km;Official local running event in Witten. Distances: 5 km. Discovered via Kilometerliebe and linked to the official event website.;https://www.aok-firmenlauf.de/;Kilometerliebe Discovery;
AOK-Firmenlauf Hamm;Running;03.09.2026;Hamm;Germany;Hamm, Germany;;;5.5 km;Official local running event in Hamm. Distances: 5.5 km. Discovered via Kilometerliebe and linked to the official event website.;https://www.aok-firmenlauf.de/;Kilometerliebe Discovery;
AOK Firmenlauf Reutlingen;Running;11.06.2026;Reutlingen;Germany;Reutlingen, Germany;;;5 km;Official local running event in Reutlingen. Distances: 5 km. Discovered via Kilometerliebe and linked to the official event website.;https://reutlingen.bw-running.de/home;Kilometerliebe Discovery;
AOK-Firmenlauf Rheine;Running;26.06.2026;Rheine;Germany;Rheine, Germany;;;5 km;Official local running event in Rheine. Distances: 5 km. Discovered via Kilometerliebe and linked to the official event website.;https://aok-firmenlauf-rheine.de/;Kilometerliebe Discovery;
Aschaffenburger Sparkassen Halbmarathon;Running;04.10.2026;Aschaffenburg;Germany;Aschaffenburg, Germany;;;Half Marathon;Official local running event in Aschaffenburg. Distances: Half Marathon. Discovered via Kilometerliebe and linked to the official event website.;https://halbmarathon-aschaffenburg.de;Kilometerliebe Discovery;
Augsburger swa-Straßenlauf;Running;19.04.2026;Augsburg;Germany;Augsburg, Germany;;;10 km, Half Marathon;Official local running event in Augsburg. Distances: 10 km, Half Marathon. Discovered via Kilometerliebe and linked to the official event website.;https://tgva.de/swa-strassenlauf;Kilometerliebe Discovery;
B. BRAUN Marathon;Running;28.06.2026;Tuttlingen;Germany;Tuttlingen, Germany;;;5 km, 10 km, Half Marathon, Marathon;Official local running event in Tuttlingen. Distances: 5 km, 10 km, Half Marathon, Marathon. Discovered via Kilometerliebe and linked to the official event website.;https://www.runundfun.de/wettbewerbe/aesculap-donautal-marathon;Kilometerliebe Discovery;
B2Run Aachen;Running;28.04.2026;Aachen;Germany;Aachen, Germany;;;5 km;Official local running event in Aachen. Distances: 5 km. Discovered via Kilometerliebe and linked to the official event website.;https://www.b2run.de/run/de/de/aachen/index.html;Kilometerliebe Discovery;
B2Run Gelsenkirchen;Running;01.09.2026;Gelsenkirchen;Germany;Gelsenkirchen, Germany;;;5 km;Official local running event in Gelsenkirchen. Distances: 5 km. Discovered via Kilometerliebe and linked to the official event website.;https://www.b2run.de/run/de/de/gelsenkirchen/index.html;Kilometerliebe Discovery;
B2Run Hamburg;Running;25.08.2026;Hamburg;Germany;Hamburg, Germany;;;5.5 km;Official local running event in Hamburg. Distances: 5.5 km. Discovered via Kilometerliebe and linked to the official event website.;https://www.b2run.de/run/de/de/hamburg/;Kilometerliebe Discovery;
B2Run Kaiserslautern;Running;11.06.2026;Kaiserslautern;Germany;Kaiserslautern, Germany;;;5 km;Official local running event in Kaiserslautern. Distances: 5 km. Discovered via Kilometerliebe and linked to the official event website.;https://www.b2run.de/run/de/de/kaiserslautern/index.html;Kilometerliebe Discovery;
B2Run Koblenz;Running;26.06.2026;Koblenz;Germany;Koblenz, Germany;;;5 km;Official local running event in Koblenz. Distances: 5 km. Discovered via Kilometerliebe and linked to the official event website.;https://www.b2run.de/run/de/de/koblenz/index.html;Kilometerliebe Discovery;
B2Run München;Running;15.07.2026;München;Germany;München, Germany;;;6.3 km;Official local running event in München. Distances: 6.3 km. Discovered via Kilometerliebe and linked to the official event website.;https://www.b2run.de/run/de/de/muenchen/;Kilometerliebe Discovery;
Bad Buchauer Stadtlauf mit Halbmarathon;Running;11.07.2026;Bad Buchau;Germany;Bad Buchau, Germany;;;5 km, 10 km, Half Marathon;Official local running event in Bad Buchau. Distances: 5 km, 10 km, Half Marathon. Discovered via Kilometerliebe and linked to the official event website.;https://www.svbadbuchau.de/stadtlauf;Kilometerliebe Discovery;
Bad Harzburger Bergmarathon;Running;23.05.2026;Bad Harzburg;Germany;Bad Harzburg, Germany;;;10 km, Half Marathon, Marathon;Official local running event in Bad Harzburg. Distances: 10 km, Half Marathon, Marathon. Discovered via Kilometerliebe and linked to the official event website.;http://bergmarathon-harzburg.de;Kilometerliebe Discovery;
Bad Waldseer Lauffieber;Running;16.05.2026;Bad Waldsee;Germany;Bad Waldsee, Germany;;;10 km, Half Marathon;Official local running event in Bad Waldsee. Distances: 10 km, Half Marathon. Discovered via Kilometerliebe and linked to the official event website.;https://www.badwaldseer-lauffieber.de;Kilometerliebe Discovery;
Baden-Marathon Karlsruhe;Running;20.09.2026;Karlsruhe;Germany;Karlsruhe, Germany;;;10 km, Half Marathon, Marathon;Official local running event in Karlsruhe. Distances: 10 km, Half Marathon, Marathon. Discovered via Kilometerliebe and linked to the official event website.;http://www.baden-marathon.de;Kilometerliebe Discovery;
Baden-Marathon Karlsruhe;Running;19.09.2027;Karlsruhe;Germany;Karlsruhe, Germany;;;Half Marathon, Marathon;Official local running event in Karlsruhe. Distances: Half Marathon, Marathon. Discovered via Kilometerliebe and linked to the official event website.;https://www.badenmarathon.de;Kilometerliebe Discovery;
Badeparadies Schwarzwald Firmenlauf Villingen-Schwenningen;Running;02.07.2026;Villingen-Schwenningen;Germany;Villingen-Schwenningen, Germany;;;5 km;Official local running event in Villingen-Schwenningen. Distances: 5 km. Discovered via Kilometerliebe and linked to the official event website.;https://firmenlauf-vs.de/;Kilometerliebe Discovery;
Barmstedter Stadtlauf;Running;14.06.2026;Barmstedt;Germany;Barmstedt, Germany;;;5 km, 10 km, Half Marathon;Official local running event in Barmstedt. Distances: 5 km, 10 km, Half Marathon. Discovered via Kilometerliebe and linked to the official event website.;https://bmtv.de/sportangebote/veranstaltungen/stadtlauf;Kilometerliebe Discovery;
Behördenmarathon Halle;Running;08.05.2026;Halle;Germany;Halle, Germany;;;Half Marathon, Marathon;Official local running event in Halle. Distances: Half Marathon, Marathon. Discovered via Kilometerliebe and linked to the official event website.;https://www.behördenmarathon-halle.de;Kilometerliebe Discovery;
Bergstadt Marathon Rüthen;Running;10.05.2026;Rüthen;Germany;Rüthen, Germany;;;5 km, 10 km, Half Marathon, Marathon;Official local running event in Rüthen. Distances: 5 km, 10 km, Half Marathon, Marathon. Discovered via Kilometerliebe and linked to the official event website.;https://www.bergstadtmarathon-ruethen.de;Kilometerliebe Discovery;
Bertlicher Strassenläufe;Running;27.09.2026;Herten;Germany;Herten, Germany;;;5 km, 10 km;Official local running event in Herten. Distances: 5 km, 10 km. Discovered via Kilometerliebe and linked to the official event website.;http://www.sus-bertlich.de/la;Kilometerliebe Discovery;
Bienwald Marathon;Running;14.03.2027;Kandel;Germany;Kandel, Germany;;;Half Marathon, Marathon;Official local running event in Kandel. Distances: Half Marathon, Marathon. Discovered via Kilometerliebe and linked to the official event website.;https://bienwald-marathon.de;Kilometerliebe Discovery;
Bietigheimer Silvesterlauf;Running;31.12.2026;Bietigheim-Bissingen;Germany;Bietigheim-Bissingen, Germany;;;10.5 km;Official local running event in Bietigheim-Bissingen. Distances: 10.5 km. Discovered via Kilometerliebe and linked to the official event website.;https://www.bietigheimer-silvesterlauf.de;Kilometerliebe Discovery;
Bilstein-Marathon;Running;12.04.2026;Witzenhausen;Germany;Witzenhausen, Germany;;;Half Marathon, Marathon;Official local running event in Witzenhausen. Distances: Half Marathon, Marathon. Discovered via Kilometerliebe and linked to the official event website.;http://www.bilstein-marathon.de;Kilometerliebe Discovery;
BMW Berlin Marathon;Running;27.09.2026;Berlin;Germany;Berlin, Germany;;;Marathon;Official local running event in Berlin. Distances: Marathon. Discovered via Kilometerliebe and linked to the official event website.;https://www.bmw-berlin-marathon.com;Kilometerliebe Discovery;
BMW Berlin Marathon;Running;26.09.2027;Berlin;Germany;Berlin, Germany;;;Marathon;Official local running event in Berlin. Distances: Marathon. Discovered via Kilometerliebe and linked to the official event website.;https://www.bmw-berlin-marathon.com;Kilometerliebe Discovery;
Bodensee Marathon;Running;19.09.2026;Kressbronn;Germany;Kressbronn, Germany;;;10 km, Half Marathon, Marathon;Official local running event in Kressbronn. Distances: 10 km, Half Marathon, Marathon. Discovered via Kilometerliebe and linked to the official event website.;https://www.bodensee-marathon.de;Kilometerliebe Discovery;
Bonn Marathon;Running;19.04.2026;Bonn;Germany;Bonn, Germany;;;Half Marathon, Marathon;Official local running event in Bonn. Distances: Half Marathon, Marathon. Discovered via Kilometerliebe and linked to the official event website.;https://www.deutschepostmarathonbonn.de;Kilometerliebe Discovery;
Borkumer Meilenlauf;Running;05.09.2026;Borkum;Germany;Borkum, Germany;;;5 km, 10 km;Official local running event in Borkum. Distances: 5 km, 10 km. Discovered via Kilometerliebe and linked to the official event website.;https://www.borkumer-meilenlauf.de;Kilometerliebe Discovery;
BORSIG Halbmarathon;Running;06.09.2026;Berlin;Germany;Berlin, Germany;;;5 km, 10 km, Half Marathon;Official local running event in Berlin. Distances: 5 km, 10 km, Half Marathon. Discovered via Kilometerliebe and linked to the official event website.;https://borsighalbmarathon.de;Kilometerliebe Discovery;
Bottwartal Marathon;Running;18.10.2026;Steinheim;Germany;Steinheim, Germany;;;10 km, Half Marathon, Marathon;Official local running event in Steinheim. Distances: 10 km, Half Marathon, Marathon. Discovered via Kilometerliebe and linked to the official event website.;https://www.bottwartal-marathon.de;Kilometerliebe Discovery;
Brauereienlauf;Running;19.09.2026;Litzendorf;Germany;Litzendorf, Germany;;;10 km, Half Marathon;Official local running event in Litzendorf. Distances: 10 km, Half Marathon. Discovered via Kilometerliebe and linked to the official event website.;https://brauereienlauf.de;Kilometerliebe Discovery;
Braunschweiger Lauftage;Running;25.10.2026;Braunschweig;Germany;Braunschweig, Germany;;;5 km, 10 km, Half Marathon;Official local running event in Braunschweig. Distances: 5 km, 10 km, Half Marathon. Discovered via Kilometerliebe and linked to the official event website.;http://www.braunschweiger-lauftage.de;Kilometerliebe Discovery;
Bremer Brückenlauf;Running;04.07.2026;Bremen;Germany;Bremen, Germany;;;5 km, 10 km, Half Marathon;Official local running event in Bremen. Distances: 5 km, 10 km, Half Marathon. Discovered via Kilometerliebe and linked to the official event website.;https://bremer-brueckenlauf.de;Kilometerliebe Discovery;
Brocken Marathon;Running;10.10.2026;Wernigerode;Germany;Wernigerode, Germany;;;10 km, Marathon;Official local running event in Wernigerode. Distances: 10 km, Marathon. Discovered via Kilometerliebe and linked to the official event website.;http://www.harz-gebirgslauf.de;Kilometerliebe Discovery;
Buchholzer Stadtlauf;Running;21.06.2026;Buchholz;Germany;Buchholz, Germany;;;5 km, 10 km, Half Marathon;Official local running event in Buchholz. Distances: 5 km, 10 km, Half Marathon. Discovered via Kilometerliebe and linked to the official event website.;https://buchholzerstadtlauf.de;Kilometerliebe Discovery;
24-Stunden-Burginsellauf Delmenhorst;Running;27.06.2026;Delmenhorst;Germany;Delmenhorst, Germany;;;24h Ultramarathon;Official local running event in Delmenhorst. Distances: 24h Ultramarathon. Discovered via Kilometerliebe and linked to the official event website.;https://www.24-lauf.de/;Kilometerliebe Discovery;
Burgwald-Märchen-Marathon;Running;30.08.2026;Rauschenberg;Germany;Rauschenberg, Germany;;;10 km, Half Marathon, Marathon;Official local running event in Rauschenberg. Distances: 10 km, Half Marathon, Marathon. Discovered via Kilometerliebe and linked to the official event website.;http://bmm-rauschenberg.de;Kilometerliebe Discovery;
Castroper Feierabendlauf;Running;28.05.2026;Castrop-Rauxel;Germany;Castrop-Rauxel, Germany;;;5 km;Official local running event in Castrop-Rauxel. Distances: 5 km. Discovered via Kilometerliebe and linked to the official event website.;https://www.castrop-rauxel.de/feierabendlauf;Kilometerliebe Discovery;
City Marathon Bremerhaven;Running;06.09.2026;Bremerhaven;Germany;Bremerhaven, Germany;;;10 km, Half Marathon, Marathon;Official local running event in Bremerhaven. Distances: 10 km, Half Marathon, Marathon. Discovered via Kilometerliebe and linked to the official event website.;https://www.bremerhaven-marathon.de;Kilometerliebe Discovery;
City Marathon Wiesbaden;Running;20.06.2026;Wiesbaden;Germany;Wiesbaden, Germany;;;5 km, 10 km, Half Marathon, Marathon;Official local running event in Wiesbaden. Distances: 5 km, 10 km, Half Marathon, Marathon. Discovered via Kilometerliebe and linked to the official event website.;https://sporthilfe-wiesbaden.de;Kilometerliebe Discovery;
Crailsheimer Halbmarathon;Running;27.06.2026;Crailsheim;Germany;Crailsheim, Germany;;;Half Marathon;Official local running event in Crailsheim. Distances: Half Marathon. Discovered via Kilometerliebe and linked to the official event website.;https://syntegon-burgberglauf.de;Kilometerliebe Discovery;
Cuxhaven Marathon;Running;10.05.2026;Cuxhaven;Germany;Cuxhaven, Germany;;;10 km, Half Marathon;Official local running event in Cuxhaven. Distances: 10 km, Half Marathon. Discovered via Kilometerliebe and linked to the official event website.;https://www.cuxhaven-marathon.de;Kilometerliebe Discovery;
DAK Firmenlauf Cottbus;Running;10.09.2026;Cottbus;Germany;Cottbus, Germany;;;5 km;Official local running event in Cottbus. Distances: 5 km. Discovered via Kilometerliebe and linked to the official event website.;https://www.firmenlauf-cottbus.de/;Kilometerliebe Discovery;
Darß Marathon;Running;26.04.2026;Wieck a. Darß;Germany;Wieck a. Darß, Germany;;;10 km, Half Marathon, Marathon;Official local running event in Wieck a. Darß. Distances: 10 km, Half Marathon, Marathon. Discovered via Kilometerliebe and linked to the official event website.;http://www.darss-marathon.de;Kilometerliebe Discovery;
Deichlauf Hohnstorf;Running;06.06.2026;Hohnstorf Elbe;Germany;Hohnstorf Elbe, Germany;;;10 km, Half Marathon;Official local running event in Hohnstorf Elbe. Distances: 10 km, Half Marathon. Discovered via Kilometerliebe and linked to the official event website.;https://www.tus-hohnstorf-elbe.de;Kilometerliebe Discovery;
Dorstener 24-Stunden-Lauf;Ultramarathon;10.07.2026;Dorsten;Germany;Dorsten, Germany;;;24h Ultramarathon;Official local running event in Dorsten. Distances: 24h Ultramarathon. Discovered via Kilometerliebe and linked to the official event website.;https://24stundenlaufdorsten.de/;Kilometerliebe Discovery;
Dortmunder Friedenslauf;Running;25.05.2026;Dortmund;Germany;Dortmund, Germany;;;5 km, 10 km, Half Marathon;Official local running event in Dortmund. Distances: 5 km, 10 km, Half Marathon. Discovered via Kilometerliebe and linked to the official event website.;https://www.tsvkirchlinde.de;Kilometerliebe Discovery;
Draisinenlauf Altenglan;Running;21.06.2026;Altenglan;Germany;Altenglan, Germany;;;Half Marathon;Official local running event in Altenglan. Distances: Half Marathon. Discovered via Kilometerliebe and linked to the official event website.;https://lsc-kusel.de/draisinenlauf;Kilometerliebe Discovery;
Drebber Marathon;Running;13.06.2026;Drebber;Germany;Drebber, Germany;;;5 km, 10 km, Half Marathon, Marathon;Official local running event in Drebber. Distances: 5 km, 10 km, Half Marathon, Marathon. Discovered via Kilometerliebe and linked to the official event website.;http://drebber-marathon.de;Kilometerliebe Discovery;
Drei-Talsperren Marathon;Running;19.09.2026;Eibenstock;Germany;Eibenstock, Germany;;;10 km, Half Marathon, Marathon;Official local running event in Eibenstock. Distances: 10 km, Half Marathon, Marathon. Discovered via Kilometerliebe and linked to the official event website.;https://www.drei-talsperren-marathon.de;Kilometerliebe Discovery;
Dreiburgenland Marathon;Running;25.04.2026;Thurmansbang;Germany;Thurmansbang, Germany;;;5 km, 10 km, Half Marathon, Marathon;Official local running event in Thurmansbang. Distances: 5 km, 10 km, Half Marathon, Marathon. Discovered via Kilometerliebe and linked to the official event website.;http://www.hotel-schuerger.de/daten/marathon/marathon_de.html;Kilometerliebe Discovery;
Dresdner Marathon;Running;25.10.2026;Dresden;Germany;Dresden, Germany;;;5 km, 10 km, Half Marathon, Marathon;Official local running event in Dresden. Distances: 5 km, 10 km, Half Marathon, Marathon. Discovered via Kilometerliebe and linked to the official event website.;https://www.dresden-marathon.com;Kilometerliebe Discovery;
Düsseldorfer Silvesterlauf;Running;31.12.2026;Düsseldorf;Germany;Düsseldorf, Germany;;;5 km, 10 km;Official local running event in Düsseldorf. Distances: 5 km, 10 km. Discovered via Kilometerliebe and linked to the official event website.;https://www.duesseldorf.de/sportamt/laufen-in-duesseldorf;Kilometerliebe Discovery;
ebm-papst Marathon;Running;13.09.2026;Niedernhall;Germany;Niedernhall, Germany;;;5 km, 10 km, Half Marathon, Marathon;Official local running event in Niedernhall. Distances: 5 km, 10 km, Half Marathon, Marathon. Discovered via Kilometerliebe and linked to the official event website.;https://www.ebmpapst-marathon.de;Kilometerliebe Discovery;
Eifelmarathon;Running;14.06.2026;Waxweiler;Germany;Waxweiler, Germany;;;Half Marathon, Marathon;Official local running event in Waxweiler. Distances: Half Marathon, Marathon. Discovered via Kilometerliebe and linked to the official event website.;http://www.eifelmarathon.de;Kilometerliebe Discovery;
Eilenriederennen Hannover;Running;30.08.2026;Hannover;Germany;Hannover, Germany;;;5 km, 10 km, Half Marathon;Official local running event in Hannover. Distances: 5 km, 10 km, Half Marathon. Discovered via Kilometerliebe and linked to the official event website.;https://www.eilenriederennen.de;Kilometerliebe Discovery;
Einstein Marathon;Running;27.09.2026;Ulm;Germany;Ulm, Germany;;;5 km, 10 km, Half Marathon, Marathon;Official local running event in Ulm. Distances: 5 km, 10 km, Half Marathon, Marathon. Discovered via Kilometerliebe and linked to the official event website.;https://einsteinmarathon.de;Kilometerliebe Discovery;
Einstein-Marathon Ulm;Running;22.09.2026;Ulm;Germany;Ulm, Germany;;;10 km, Half Marathon, Marathon;Official local running event in Ulm. Distances: 10 km, Half Marathon, Marathon. Discovered via Kilometerliebe and linked to the official event website.;http://www.einstein-marathon.de;Kilometerliebe Discovery;
Elpersheimer Pfingstlauf;Running;24.05.2026;Weikersheim;Germany;Weikersheim, Germany;;;5 km, 10 km, Half Marathon;Official local running event in Weikersheim. Distances: 5 km, 10 km, Half Marathon. Discovered via Kilometerliebe and linked to the official event website.;https://sv-elpersheim.de/pfingstlauf;Kilometerliebe Discovery;
Elsterlauf;Running;31.05.2026;Bad Liebenwerda;Germany;Bad Liebenwerda, Germany;;;10 km, Half Marathon;Official local running event in Bad Liebenwerda. Distances: 10 km, Half Marathon. Discovered via Kilometerliebe and linked to the official event website.;https://www.elsterlauf.de;Kilometerliebe Discovery;
Ermstal-Marathon;Running;12.07.2026;Metzingen;Germany;Metzingen, Germany;;;10 km, Half Marathon, Marathon;Official local running event in Metzingen. Distances: 10 km, Half Marathon, Marathon. Discovered via Kilometerliebe and linked to the official event website.;https://www.ermstal-marathon.de;Kilometerliebe Discovery;
Eschathlon - Der Eschborner Halbmarathon;Running;14.06.2026;Eschborn;Germany;Eschborn, Germany;;;5 km, 10 km, Half Marathon;Official local running event in Eschborn. Distances: 5 km, 10 km, Half Marathon. Discovered via Kilometerliebe and linked to the official event website.;https://www.eschathlon.de;Kilometerliebe Discovery;
Eselsburger-Tal-Lauf;Running;05.07.2026;Herbrechtingen;Germany;Herbrechtingen, Germany;;;5 km, 10 km, Half Marathon;Official local running event in Herbrechtingen. Distances: 5 km, 10 km, Half Marathon. Discovered via Kilometerliebe and linked to the official event website.;https://www.lauftreff-herbrechtingen.de;Kilometerliebe Discovery;
Europamarathon Görlitz;Running;07.06.2026;Görlitz;Germany;Görlitz, Germany;;;5 km, 10 km, Half Marathon, Marathon;Official local running event in Görlitz. Distances: 5 km, 10 km, Half Marathon, Marathon. Discovered via Kilometerliebe and linked to the official event website.;https://www.europamarathon.de;Kilometerliebe Discovery;
Eversburger Gewässer Ultramarathon;Ultramarathon;06.06.2026;Osnabrück;Germany;Osnabrück, Germany;;;45.3 km;Official local running event in Osnabrück. Distances: 45.3 km. Discovered via Kilometerliebe and linked to the official event website.;https://my.raceresult.com/381648/;Kilometerliebe Discovery;
EVL Halbmarathon Leverkusen;Running;14.06.2026;Leverkusen;Germany;Leverkusen, Germany;;;5 km, 10 km, Half Marathon;Official local running event in Leverkusen. Distances: 5 km, 10 km, Half Marathon. Discovered via Kilometerliebe and linked to the official event website.;https://www.leverkusen-halbmarathon.de;Kilometerliebe Discovery;
FALKE Rothaarsteig-Marathon;Running;17.10.2026;Fleckenberg;Germany;Fleckenberg, Germany;;;Half Marathon, Marathon;Official local running event in Fleckenberg. Distances: Half Marathon, Marathon. Discovered via Kilometerliebe and linked to the official event website.;https://www.rothaarsteig-marathon.de;Kilometerliebe Discovery;
Fehmarn Marathon;Running;05.09.2026;Fehmarn;Germany;Fehmarn, Germany;;;5 km, 10 km, Half Marathon, Marathon;Official local running event in Fehmarn. Distances: 5 km, 10 km, Half Marathon, Marathon. Discovered via Kilometerliebe and linked to the official event website.;https://fehmarn-marathon.de;Kilometerliebe Discovery;
fem.RUN Hannover;Running;25.09.2026;Hannover;Germany;Hannover, Germany;;;5 km, 10 km;Official local running event in Hannover. Distances: 5 km, 10 km. Discovered via Kilometerliebe and linked to the official event website.;https://www.femrun.de;Kilometerliebe Discovery;
Fichtelgebirgsmarathon;Running;04.07.2026;Bad Alexandersbad;Germany;Bad Alexandersbad, Germany;;;Half Marathon, Marathon;Official local running event in Bad Alexandersbad. Distances: Half Marathon, Marathon. Discovered via Kilometerliebe and linked to the official event website.;http://www.fichtelgebirgsmarathon.de;Kilometerliebe Discovery;
Filderstadt-Halbmarathon;Running;18.10.2026;Filderstadt;Germany;Filderstadt, Germany;;;10 km, Half Marathon;Official local running event in Filderstadt. Distances: 10 km, Half Marathon. Discovered via Kilometerliebe and linked to the official event website.;https://www.filderstadt-halbmarathon.de;Kilometerliebe Discovery;
Finkenwerder Insellauf;Running;06.06.2026;Hamburg;Germany;Hamburg, Germany;;;5 km, 10 km;Official local running event in Hamburg. Distances: 5 km, 10 km. Discovered via Kilometerliebe and linked to the official event website.;https://www.finkenwerder-insellauf.de;Kilometerliebe Discovery;
Firmenlauf Anhalt Dessau-Roßlau;Running;12.05.2026;Dessau-Roßlau;Germany;Dessau-Roßlau, Germany;;;5 km;Official local running event in Dessau-Roßlau. Distances: 5 km. Discovered via Kilometerliebe and linked to the official event website.;https://dessauer-firmenlauf.de/;Kilometerliebe Discovery;
Firmenlauf Chemnitz;Running;02.09.2026;Chemnitz;Germany;Chemnitz, Germany;;;5 km;Official local running event in Chemnitz. Distances: 5 km. Discovered via Kilometerliebe and linked to the official event website.;https://www.firmenlauf-chemnitz.de/;Kilometerliebe Discovery;
Dürener Firmenlauf;Running;12.06.2026;Düren;Germany;Düren, Germany;;;5 km;Official local running event in Düren. Distances: 5 km. Discovered via Kilometerliebe and linked to the official event website.;https://www.firmenlauf-dueren.de/;Kilometerliebe Discovery;
Firmenpuls Neuss;Running;08.09.2026;Neuss;Germany;Neuss, Germany;;;5 km;Official local running event in Neuss. Distances: 5 km. Discovered via Kilometerliebe and linked to the official event website.;https://www.firmenpuls.de/;Kilometerliebe Discovery;
Flechtkulturlauf Obermain;Running;20.06.2026;Lichtenfels;Germany;Lichtenfels, Germany;;;5 km, 10 km;Official local running event in Lichtenfels. Distances: 5 km, 10 km. Discovered via Kilometerliebe and linked to the official event website.;https://www.flechtkulturlauf.de;Kilometerliebe Discovery;
Flensburg liebt dich Marathon;Running;06.09.2026;Flensburg;Germany;Flensburg, Germany;;;5 km, 10 km, Half Marathon, Marathon;Official local running event in Flensburg. Distances: 5 km, 10 km, Half Marathon, Marathon. Discovered via Kilometerliebe and linked to the official event website.;https://www.flensburg-marathon.de;Kilometerliebe Discovery;
FlorSTADT Halbmarathon;Running;23.08.2026;Florstadt;Germany;Florstadt, Germany;;;5 km, 10 km, Half Marathon;Official local running event in Florstadt. Distances: 5 km, 10 km, Half Marathon. Discovered via Kilometerliebe and linked to the official event website.;https://ltflorstadt.de/halbmarathon;Kilometerliebe Discovery;
Fränkische Schweiz Marathon;Running;06.09.2026;Ebermannstadt;Germany;Ebermannstadt, Germany;;;10 km, Half Marathon, Marathon;Official local running event in Ebermannstadt. Distances: 10 km, Half Marathon, Marathon. Discovered via Kilometerliebe and linked to the official event website.;https://www.fs-marathon.de;Kilometerliebe Discovery;
Fränkische Schweiz-Marathon;Running;05.09.2027;Ebermannstadt;Germany;Ebermannstadt, Germany;;;10 km, Half Marathon, Marathon;Official local running event in Ebermannstadt. Distances: 10 km, Half Marathon, Marathon. Discovered via Kilometerliebe and linked to the official event website.;https://www.fs-marathon.de;Kilometerliebe Discovery;
Frankfurter Mainova Halbmarathon;Running;22.03.2026;Frankfurt am Main;Germany;Frankfurt am Main, Germany;;;Half Marathon;Official local running event in Frankfurt am Main. Distances: Half Marathon. Discovered via Kilometerliebe and linked to the official event website.;https://www.frankfurter-halbmarathon.de/;Kilometerliebe Discovery;
Franklin Meilenlauf Mannheim;Running;11.10.2026;Mannheim;Germany;Mannheim, Germany;;;10 km, Half Marathon;Official local running event in Mannheim. Distances: 10 km, Half Marathon. Discovered via Kilometerliebe and linked to the official event website.;https://www.franklin-meilenlauf.de;Kilometerliebe Discovery;
Frauenlauf Köln;Running;13.09.2026;Köln;Germany;Köln, Germany;;;5 km, 10 km;Official local running event in Köln. Distances: 5 km, 10 km. Discovered via Kilometerliebe and linked to the official event website.;https://www.koeln.de;Kilometerliebe Discovery;
Frauenlauf Trier;Running;21.06.2026;Trier;Germany;Trier, Germany;;;5 km, 10 km;Official local running event in Trier. Distances: 5 km, 10 km. Discovered via Kilometerliebe and linked to the official event website.;https://silvesterlauf.de/event/frauenlauf/;Kilometerliebe Discovery;
Friedberger Halbmarathon;Running;13.09.2026;Friedberg i.Bayern;Germany;Friedberg i.Bayern, Germany;;;Half Marathon;Official local running event in Friedberg i.Bayern. Distances: Half Marathon. Discovered via Kilometerliebe and linked to the official event website.;https://www.halbmarathon-friedberg.de;Kilometerliebe Discovery;
Friedewalder Mühlenlauf;Running;14.05.2026;Petershagen;Germany;Petershagen, Germany;;;5 km, 10 km, Half Marathon;Official local running event in Petershagen. Distances: 5 km, 10 km, Half Marathon. Discovered via Kilometerliebe and linked to the official event website.;http://muehlenlauf.friedewalde.de;Kilometerliebe Discovery;
Frühlingsultra;Ultramarathon;21.03.2027;Freudenstadt-Grüntal;Germany;Freudenstadt-Grüntal, Germany;;;50 km;Official local running event in Freudenstadt-Grüntal. Distances: 50 km. Discovered via Kilometerliebe and linked to the official event website.;https://neckarlauf.com/fr%C3%BChlingsultra.html;Kilometerliebe Discovery;
Fürst Carl Seenlandmarathon;Running;20.09.2026;Pleinfeld;Germany;Pleinfeld, Germany;;;10 km, Half Marathon, Marathon;Official local running event in Pleinfeld. Distances: 10 km, Half Marathon, Marathon. Discovered via Kilometerliebe and linked to the official event website.;https://www.seenlandmarathon.de;Kilometerliebe Discovery;
Fulda Marathon;Running;06.09.2026;Fulda;Germany;Fulda, Germany;;;5 km, 10 km, Half Marathon;Official local running event in Fulda. Distances: 5 km, 10 km, Half Marathon. Discovered via Kilometerliebe and linked to the official event website.;https://www.fulda-marathon.de;Kilometerliebe Discovery;
Gebirgstälerlauf Oberstdorf;Running;17.05.2026;Oberstdorf;Germany;Oberstdorf, Germany;;;5 km, 10 km, Half Marathon;Official local running event in Oberstdorf. Distances: 5 km, 10 km, Half Marathon. Discovered via Kilometerliebe and linked to the official event website.;https://www.gebirgstaelerlauf.de;Kilometerliebe Discovery;
Generali Berlin Halbmarathon;Running;29.03.2026;Berlin;Germany;Berlin, Germany;;;Half Marathon;Official local running event in Berlin. Distances: Half Marathon. Discovered via Kilometerliebe and linked to the official event website.;https://www.generali-berliner-halbmarathon.de/;Kilometerliebe Discovery;
Generali Berliner Halbmarathon;Running;04.04.2027;Berlin;Germany;Berlin, Germany;;;Half Marathon;Official local running event in Berlin. Distances: Half Marathon. Discovered via Kilometerliebe and linked to the official event website.;https://www.generali-berliner-halbmarathon.de;Kilometerliebe Discovery;
Generali Köln Marathon;Running;04.10.2026;Köln;Germany;Köln, Germany;;;Half Marathon, Marathon;Official local running event in Köln. Distances: Half Marathon, Marathon. Discovered via Kilometerliebe and linked to the official event website.;https://koeln-marathon.de;Kilometerliebe Discovery;
Generali Köln Marathon;Running;03.10.2027;Köln;Germany;Köln, Germany;;;10 km, Half Marathon, Marathon;Official local running event in Köln. Distances: 10 km, Half Marathon, Marathon. Discovered via Kilometerliebe and linked to the official event website.;https://generali-koeln-marathon.de;Kilometerliebe Discovery;
Geraer Firmenlauf;Running;21.05.2026;Gera;Germany;Gera, Germany;;;5 km;Official local running event in Gera. Distances: 5 km. Discovered via Kilometerliebe and linked to the official event website.;https://geraer-firmenlauf.de/;Kilometerliebe Discovery;
Gerolsteiner Helgoland Marathon;Running;09.05.2026;Helgoland;Germany;Helgoland, Germany;;;5 km, 10 km, Marathon;Official local running event in Helgoland. Distances: 5 km, 10 km, Marathon. Discovered via Kilometerliebe and linked to the official event website.;https://www.helgoland-marathon.com;Kilometerliebe Discovery;
Gifhorner Lauftag;Running;19.04.2026;Gifhorn;Germany;Gifhorn, Germany;;;5 km, 10 km, Half Marathon, Marathon;Official local running event in Gifhorn. Distances: 5 km, 10 km, Half Marathon, Marathon. Discovered via Kilometerliebe and linked to the official event website.;https://www.vfr-wilsche-neubokel.de;Kilometerliebe Discovery;
Göltzschtal-Marathon;Running;11.04.2026;Lengenfeld;Germany;Lengenfeld, Germany;;;5 km, 10 km, Half Marathon, Marathon;Official local running event in Lengenfeld. Distances: 5 km, 10 km, Half Marathon, Marathon. Discovered via Kilometerliebe and linked to the official event website.;http://www.goeltzschtallauf.de;Kilometerliebe Discovery;
Goitzsche Marathon;Running;03.05.2026;Bitterfeld;Germany;Bitterfeld, Germany;;;10 km, Half Marathon, Marathon;Official local running event in Bitterfeld. Distances: 10 km, Half Marathon, Marathon. Discovered via Kilometerliebe and linked to the official event website.;https://www.goitzsche-marathon.eu;Kilometerliebe Discovery;
Gorch-Fock-Lauf;Running;14.06.2026;Wilhelmshaven;Germany;Wilhelmshaven, Germany;;;5 km, 10 km, Half Marathon, Marathon;Official local running event in Wilhelmshaven. Distances: 5 km, 10 km, Half Marathon, Marathon. Discovered via Kilometerliebe and linked to the official event website.;https://gorch-fock-lauf.de;Kilometerliebe Discovery;
Grömitzer Sun-Run;Running;10.05.2026;Grömitz;Germany;Grömitz, Germany;;;5 km, 10 km, Half Marathon;Official local running event in Grömitz. Distances: 5 km, 10 km, Half Marathon. Discovered via Kilometerliebe and linked to the official event website.;https://www.groemitz.de/sun-run;Kilometerliebe Discovery;
Grüntal-Winterultra;Ultramarathon;28.12.2026;Freudenstadt-Grüntal;Germany;Freudenstadt-Grüntal, Germany;;;50 km;Official local running event in Freudenstadt-Grüntal. Distances: 50 km. Discovered via Kilometerliebe and linked to the official event website.;https://neckarlauf.com/gr%C3%BCntal-winterultra.html;Kilometerliebe Discovery;
Grüntalultra;Ultramarathon;14.05.2026;Freudenstadt-Grüntal;Germany;Freudenstadt-Grüntal, Germany;;;50 km;Official local running event in Freudenstadt-Grüntal. Distances: 50 km. Discovered via Kilometerliebe and linked to the official event website.;https://neckarlauf.com/gr%C3%BCntalultra.html;Kilometerliebe Discovery;
Gütersloh läuft;Running;08.07.2026;Gütersloh;Germany;Gütersloh, Germany;;;10 km;Official local running event in Gütersloh. Distances: 10 km. Discovered via Kilometerliebe and linked to the official event website.;https://guetersloh-laeuft.de/;Kilometerliebe Discovery;
Gutenberg Halbmarathon Mainz;Running;10.05.2026;Mainz;Germany;Mainz, Germany;;;10 km, Half Marathon;Official local running event in Mainz. Distances: 10 km, Half Marathon. Discovered via Kilometerliebe and linked to the official event website.;https://www.halbmarathon-mainz.de;Kilometerliebe Discovery;
GutsMuths-Rennsteiglauf Marathon;Running;09.05.2026;Schmiedefeld;Germany;Schmiedefeld, Germany;;;10 km, Half Marathon, Marathon;Official local running event in Schmiedefeld. Distances: 10 km, Half Marathon, Marathon. Discovered via Kilometerliebe and linked to the official event website.;http://www.rennsteiglauf.de;Kilometerliebe Discovery;
Hachenburg Löwen Marathon;Running;17.10.2026;Hachenburg;Germany;Hachenburg, Germany;;;10 km, Half Marathon;Official local running event in Hachenburg. Distances: 10 km, Half Marathon. Discovered via Kilometerliebe and linked to the official event website.;https://www.loewenlauf-hachenburg.de;Kilometerliebe Discovery;
Hagener Volkslauf;Running;14.05.2026;Hagen;Germany;Hagen, Germany;;;10 km, Half Marathon;Official local running event in Hagen. Distances: 10 km, Half Marathon. Discovered via Kilometerliebe and linked to the official event website.;http://www.concordia-hagen.de;Kilometerliebe Discovery;
Halbmarathon Altötting;Running;20.09.2026;Altötting;Germany;Altötting, Germany;;;10 km, Half Marathon;Official local running event in Altötting. Distances: 10 km, Half Marathon. Discovered via Kilometerliebe and linked to the official event website.;https://www.halbmarathon.de;Kilometerliebe Discovery;
Halbmarathon Heidelberg;Running;26.04.2026;Heidelberg;Germany;Heidelberg, Germany;;;Half Marathon;Official local running event in Heidelberg. Distances: Half Marathon. Discovered via Kilometerliebe and linked to the official event website.;https://atoshalbmarathon.tsg78-hd.de;Kilometerliebe Discovery;
Halbmarathon Ingolstadt;Running;09.05.2026;Ingolstadt;Germany;Ingolstadt, Germany;;;5 km, 10 km, Half Marathon;Official local running event in Ingolstadt. Distances: 5 km, 10 km, Half Marathon. Discovered via Kilometerliebe and linked to the official event website.;https://www.halbmarathon-ingolstadt.net;Kilometerliebe Discovery;
Halbmarathon München;Running;11.04.2026;München;Germany;München, Germany;;;Half Marathon;Official local running event in München. Distances: Half Marathon. Discovered via Kilometerliebe and linked to the official event website.;https://halbmarathon-muenchen.de/;Kilometerliebe Discovery;
Hamburger Halbmarathon durch das Alte Land;Running;29.03.2026;Hamburg;Germany;Hamburg, Germany;;;10 km, Half Marathon;Official local running event in Hamburg. Distances: 10 km, Half Marathon. Discovered via Kilometerliebe and linked to the official event website.;https://www.hntonline.de/hamburger-halbmarathon/;Kilometerliebe Discovery;
ADAC Marathon Hannover;Running;11.04.2027;Hannover;Germany;Hannover, Germany;;;10 km, Half Marathon, Marathon;Official local running event in Hannover. Distances: 10 km, Half Marathon, Marathon. Discovered via Kilometerliebe and linked to the official event website.;https://www.marathon-hannover.de;Kilometerliebe Discovery;
Haspa Halbmarathon Hamburg;Running;25.04.2027;Hamburg;Germany;Hamburg, Germany;;;Half Marathon;Official local running event in Hamburg. Distances: Half Marathon. Discovered via Kilometerliebe and linked to the official event website.;https://haspa-marathon-hamburg.de/halbmarathon/;Kilometerliebe Discovery;
Haspa Marathon Hamburg;Running;26.04.2026;Hamburg;Germany;Hamburg, Germany;;;Half Marathon, Marathon;Official local running event in Hamburg. Distances: Half Marathon, Marathon. Discovered via Kilometerliebe and linked to the official event website.;https://haspa-marathon-hamburg.de/;Kilometerliebe Discovery;
Haster Volkslauf Osnabrück;Running;07.06.2026;Osnabrück;Germany;Osnabrück, Germany;;;5 km, 10 km;Official local running event in Osnabrück. Distances: 5 km, 10 km. Discovered via Kilometerliebe and linked to the official event website.;https://tushaste01.de/haster-volkslauf-copy/;Kilometerliebe Discovery;
Heidenheimer Sparkassen-Stadtlauf;Running;14.06.2026;Heidenheim;Germany;Heidenheim, Germany;;;5 km, 10 km, Half Marathon;Official local running event in Heidenheim. Distances: 5 km, 10 km, Half Marathon. Discovered via Kilometerliebe and linked to the official event website.;https://heidenheimer-stadtlauf.de;Kilometerliebe Discovery;
Heilbronner Trollinger Marathon;Running;10.05.2026;Heilbronn;Germany;Heilbronn, Germany;;;10 km, Half Marathon, Marathon;Official local running event in Heilbronn. Distances: 10 km, Half Marathon, Marathon. Discovered via Kilometerliebe and linked to the official event website.;https://www.trollinger-marathon.de;Kilometerliebe Discovery;
Heizomat Altmühlseelauf;Running;18.07.2026;Gunzenhausen;Germany;Gunzenhausen, Germany;;;10 km, Half Marathon;Official local running event in Gunzenhausen. Distances: 10 km, Half Marathon. Discovered via Kilometerliebe and linked to the official event website.;https://www.altmuehlseelauf.de;Kilometerliebe Discovery;
hella hamburg halbmarathon;Running;28.06.2026;Hamburg;Germany;Hamburg, Germany;;;Half Marathon;Official local running event in Hamburg. Distances: Half Marathon. Discovered via Kilometerliebe and linked to the official event website.;https://www.hamburg-halbmarathon.de/;Kilometerliebe Discovery;
hella Marathon Rostock;Running;01.08.2026;Rostock;Germany;Rostock, Germany;;;10 km, Half Marathon, Marathon;Official local running event in Rostock. Distances: 10 km, Half Marathon, Marathon. Discovered via Kilometerliebe and linked to the official event website.;https://www.rostocker-marathon-nacht.com;Kilometerliebe Discovery;
Hennefer Europalauf;Running;20.06.2026;Hennef;Germany;Hennef, Germany;;;5 km, 10 km, Half Marathon;Official local running event in Hennef. Distances: 5 km, 10 km, Half Marathon. Discovered via Kilometerliebe and linked to the official event website.;https://europalauf.eu;Kilometerliebe Discovery;
Herzogstadtlauf Straubing;Running;10.05.2026;Straubing;Germany;Straubing, Germany;;;5 km, 10 km, Half Marathon, Marathon;Official local running event in Straubing. Distances: 5 km, 10 km, Half Marathon, Marathon. Discovered via Kilometerliebe and linked to the official event website.;http://www.herzogstadtlauf.de;Kilometerliebe Discovery;
Heumadener Volkslauf;Running;19.07.2026;Stuttgart;Germany;Stuttgart, Germany;;;10 km, Half Marathon;Official local running event in Stuttgart. Distances: 10 km, Half Marathon. Discovered via Kilometerliebe and linked to the official event website.;https://www.tsv-heumaden.de/veranstaltungen/heumadener-volkslauf;Kilometerliebe Discovery;
Hexenstieg Ultramarathon;Ultramarathon;17.04.2026;Osterode;Germany;Osterode, Germany;;;160.9 km;Official local running event in Osterode. Distances: 160.9 km. Discovered via Kilometerliebe and linked to the official event website.;https://www.hexenstieg-ultra.de;Kilometerliebe Discovery;
Hexenstieg-Ultramarathon;Ultramarathon;16.04.2027;Osterode;Germany;Osterode, Germany;;;160.9 km;Official local running event in Osterode. Distances: 160.9 km. Discovered via Kilometerliebe and linked to the official event website.;https://www.hexenstieg-ultra.de;Kilometerliebe Discovery;
Hiltruper Halbmarathon;Running;23.08.2026;Münster;Germany;Münster, Germany;;;Half Marathon;Official local running event in Münster. Distances: Half Marathon. Discovered via Kilometerliebe and linked to the official event website.;https://www.tus-hiltrup.de;Kilometerliebe Discovery;
Himmelgeister Brückenlauf;Running;13.06.2026;Düsseldorf;Germany;Düsseldorf, Germany;;;Half Marathon;Official local running event in Düsseldorf. Distances: Half Marathon. Discovered via Kilometerliebe and linked to the official event website.;https://himmelgeister-brueckenlauf.de;Kilometerliebe Discovery;
HimmelswegeLauf Marathon;Running;13.06.2026;Nebra;Germany;Nebra, Germany;;;10 km, Half Marathon, Marathon;Official local running event in Nebra. Distances: 10 km, Half Marathon, Marathon. Discovered via Kilometerliebe and linked to the official event website.;http://www.himmelswegelauf.de;Kilometerliebe Discovery;
Hörnlelauf Konstanz;Running;11.10.2026;Konstanz;Germany;Konstanz, Germany;;;5 km, 10 km;Official local running event in Konstanz. Distances: 5 km, 10 km. Discovered via Kilometerliebe and linked to the official event website.;https://konstanzer-laeufe.de/hoernlelauf/;Kilometerliebe Discovery;
Hofmühl-Volksfest Halbmarathon;Running;30.08.2026;Eichstätt;Germany;Eichstätt, Germany;;;Half Marathon;Official local running event in Eichstätt. Distances: Half Marathon. Discovered via Kilometerliebe and linked to the official event website.;https://www.sv-marienstein.de;Kilometerliebe Discovery;
Ingelheimer Halbe;Running;31.05.2026;Ingelheim;Germany;Ingelheim, Germany;;;5 km, 10 km, Half Marathon;Official local running event in Ingelheim. Distances: 5 km, 10 km, Half Marathon. Discovered via Kilometerliebe and linked to the official event website.;https://www.der-ingelheimer-halbe.de;Kilometerliebe Discovery;
Internationaler Schwarzwald-Marathon;Running;11.10.2026;Bräunlingen;Germany;Bräunlingen, Germany;;;Half Marathon, Marathon;Official local running event in Bräunlingen. Distances: Half Marathon, Marathon. Discovered via Kilometerliebe and linked to the official event website.;http://www.schwarzwald-marathon.de;Kilometerliebe Discovery;
Internationaler Trierer Stadtlauf;Running;28.06.2026;Trier;Germany;Trier, Germany;;;10 km, Half Marathon;Official local running event in Trier. Distances: 10 km, Half Marathon. Discovered via Kilometerliebe and linked to the official event website.;https://spoferan.com/en/events/40-int-trierer-stadtlauf-2026/;Kilometerliebe Discovery;
Ipf-Ries Halbmarathon;Running;09.05.2026;Nördlingen;Germany;Nördlingen, Germany;;;Half Marathon;Official local running event in Nördlingen. Distances: Half Marathon. Discovered via Kilometerliebe and linked to the official event website.;https://ipf-ries-halbmarathon.de;Kilometerliebe Discovery;
Ith-Hils-Ultratrail;Ultramarathon;25.04.2026;Salzhemmendorf;Germany;Salzhemmendorf, Germany;;;81 km;Official local running event in Salzhemmendorf. Distances: 81 km. Discovered via Kilometerliebe and linked to the official event website.;https://running-paule.de/;Kilometerliebe Discovery;
Itzerhoer Störlauf;Running;09.05.2026;Itzehoe;Germany;Itzehoe, Germany;;;5 km, 10 km, Half Marathon;Official local running event in Itzehoe. Distances: 5 km, 10 km, Half Marathon. Discovered via Kilometerliebe and linked to the official event website.;https://www.stoerlauf.de;Kilometerliebe Discovery;
Jenaer Firmenlauf;Running;19.05.2026;Jena;Germany;Jena, Germany;;;5 km;Official local running event in Jena. Distances: 5 km. Discovered via Kilometerliebe and linked to the official event website.;https://www.jenaerfirmenlauf.de/;Kilometerliebe Discovery;
Kap-Arkona-Lauf;Running;03.10.2026;Putgarten;Germany;Putgarten, Germany;;;10 km, Half Marathon;Official local running event in Putgarten. Distances: 10 km, Half Marathon. Discovered via Kilometerliebe and linked to the official event website.;https://kap-arkona-lauf.de;Kilometerliebe Discovery;
Kapellenlauf Vorra;Running;02.08.2026;Frensdorf;Germany;Frensdorf, Germany;;;10 km, Half Marathon;Official local running event in Frensdorf. Distances: 10 km, Half Marathon. Discovered via Kilometerliebe and linked to the official event website.;https://www.laufclub-vorra.de;Kilometerliebe Discovery;
Karneval Marathon Köln;Running;11.11.2026;Köln;Germany;Köln, Germany;;;Marathon;Official local running event in Köln. Distances: Marathon. Discovered via Kilometerliebe and linked to the official event website.;https://www.karneval-marathon.de;Kilometerliebe Discovery;
Karneval Marathon Köln;Running;06.11.2027;Köln;Germany;Köln, Germany;;;10 km, Half Marathon, Marathon;Official local running event in Köln. Distances: 10 km, Half Marathon, Marathon. Discovered via Kilometerliebe and linked to the official event website.;https://karneval-marathon.de;Kilometerliebe Discovery;
Kassel Marathon;Running;20.09.2026;Kassel;Germany;Kassel, Germany;;;10 km, Half Marathon, Marathon;Official local running event in Kassel. Distances: 10 km, Half Marathon, Marathon. Discovered via Kilometerliebe and linked to the official event website.;http://www.kassel-marathon.de;Kilometerliebe Discovery;
Kiel Lauf;Running;13.09.2026;Kiel;Germany;Kiel, Germany;;;5 km, 10 km, Half Marathon;Official local running event in Kiel. Distances: 5 km, 10 km, Half Marathon. Discovered via Kilometerliebe and linked to the official event website.;https://www.kiellauf.de;Kilometerliebe Discovery;
Kieler Förde Marathon;Running;20.09.2026;Kiel;Germany;Kiel, Germany;;;Marathon;Official local running event in Kiel. Distances: Marathon. Discovered via Kilometerliebe and linked to the official event website.;https://www.ltvkiel-ost.de/kieler-förde-marathon;Kilometerliebe Discovery;
Kieler Förde Marathon;Running;19.09.2027;Kiel;Germany;Kiel, Germany;;;10 km, Half Marathon, Marathon;Official local running event in Kiel. Distances: 10 km, Half Marathon, Marathon. Discovered via Kilometerliebe and linked to the official event website.;https://www.kieler-foerde-marathon.de;Kilometerliebe Discovery;
Koberstädter Waldmarathon;Running;30.08.2026;Egelsbach;Germany;Egelsbach, Germany;;;10 km, Half Marathon;Official local running event in Egelsbach. Distances: 10 km, Half Marathon. Discovered via Kilometerliebe and linked to the official event website.;https://www.koberstaedter-marathon.de;Kilometerliebe Discovery;
Kölner Frühlingslauf;Running;22.03.2026;Köln;Germany;Köln, Germany;;;5 km, 10 km;Official local running event in Köln. Distances: 5 km, 10 km. Discovered via Kilometerliebe and linked to the official event website.;https://koelner-fruehlingslauf.de/;Kilometerliebe Discovery;
Kölner Halbmarathon;Running;30.08.2026;Köln;Germany;Köln, Germany;;;Half Marathon;Official local running event in Köln. Distances: Half Marathon. Discovered via Kilometerliebe and linked to the official event website.;https://koelner-halbmarathon.de/;Kilometerliebe Discovery;
König Ludwig Lauf Sommer;Running;26.09.2026;Oberammergau;Germany;Oberammergau, Germany;;;10 km, Half Marathon;Official local running event in Oberammergau. Distances: 10 km, Half Marathon. Discovered via Kilometerliebe and linked to the official event website.;https://www.koenig-ludwig-lauf.com;Kilometerliebe Discovery;
Königsforst Marathon Bergisch Gladbach;Ultramarathon;15.03.2026;Bergisch Gladbach;Germany;Bergisch Gladbach, Germany;;;Half Marathon, Marathon, 63.3 km;Official local running event in Bergisch Gladbach. Distances: Half Marathon, Marathon, 63.3 km. Discovered via Kilometerliebe and linked to the official event website.;https://koenigsforst-marathon.de/;Kilometerliebe Discovery;
Königsschlösser Marathon;Running;25.07.2026;Füssen;Germany;Füssen, Germany;;;10 km, Half Marathon, Marathon;Official local running event in Füssen. Distances: 10 km, Half Marathon, Marathon. Discovered via Kilometerliebe and linked to the official event website.;https://www.laufwochenende-fuessen.de;Kilometerliebe Discovery;
Küstenkanallauf;Running;04.07.2026;Friesoythe/Kampe;Germany;Friesoythe/Kampe, Germany;;;10 km, Half Marathon;Official local running event in Friesoythe/Kampe. Distances: 10 km, Half Marathon. Discovered via Kilometerliebe and linked to the official event website.;https://www.kc-ikenbruegge.de;Kilometerliebe Discovery;
Kulkiathlon;Ultramarathon;07.06.2026;Markranstädt;Germany;Markranstädt, Germany;;;72 km;Official local running event in Markranstädt. Distances: 72 km. Discovered via Kilometerliebe and linked to the official event website.;https://kulkiathlon.com/;Kilometerliebe Discovery;
Kyffhäuser Berglauf mit Berg-Marathon;Running;18.04.2026;Bad Frankenhausen;Germany;Bad Frankenhausen, Germany;;;10 km, Half Marathon, Marathon;Official local running event in Bad Frankenhausen. Distances: 10 km, Half Marathon, Marathon. Discovered via Kilometerliebe and linked to the official event website.;http://www.kyffhaeuser-berglauf.de;Kilometerliebe Discovery;
Lahnparklauf;Running;30.08.2026;Wetzlar;Germany;Wetzlar, Germany;;;5 km, 10 km, Half Marathon;Official local running event in Wetzlar. Distances: 5 km, 10 km, Half Marathon. Discovered via Kilometerliebe and linked to the official event website.;https://team-naunheim.com/lahnparklauf;Kilometerliebe Discovery;
LaminatDEPOT-Lauf Velbert;Running;05.07.2026;Velbert;Germany;Velbert, Germany;;;10 km;Official local running event in Velbert. Distances: 10 km. Discovered via Kilometerliebe and linked to the official event website.;https://laminatdepot-lauf.de/;Kilometerliebe Discovery;
Leipzig Marathon;Running;19.04.2026;Leipzig;Germany;Leipzig, Germany;;;5 km, 10 km, Half Marathon, Marathon;Official local running event in Leipzig. Distances: 5 km, 10 km, Half Marathon, Marathon. Discovered via Kilometerliebe and linked to the official event website.;https://www.leipzigmarathon.de;Kilometerliebe Discovery;
Leipzig RUN;Running;11.10.2026;Leipzig;Germany;Leipzig, Germany;;;10 km, Half Marathon;Official local running event in Leipzig. Distances: 10 km, Half Marathon. Discovered via Kilometerliebe and linked to the official event website.;https://www.maximalpuls.com/events/leipzig-run;Kilometerliebe Discovery;
LGV Frühjahrlauf Gießen;Running;08.03.2026;Gießen;Germany;Gießen, Germany;;;5 km, 10 km, Half Marathon;Official local running event in Gießen. Distances: 5 km, 10 km, Half Marathon. Discovered via Kilometerliebe and linked to the official event website.;https://lgv-marathon.de/fruehjahrslauf/;Kilometerliebe Discovery;
Lipperland Marathon;Running;21.11.2026;Dörentrup;Germany;Dörentrup, Germany;;;10 km, Half Marathon, Marathon;Official local running event in Dörentrup. Distances: 10 km, Half Marathon, Marathon. Discovered via Kilometerliebe and linked to the official event website.;https://www.lipperland-marathon.de;Kilometerliebe Discovery;
Lohners Vulkan-Marathon;Running;01.05.2026;Mendig;Germany;Mendig, Germany;;;5 km, 10 km, Half Marathon, Marathon;Official local running event in Mendig. Distances: 5 km, 10 km, Half Marathon, Marathon. Discovered via Kilometerliebe and linked to the official event website.;https://www.vulkan-marathon.de;Kilometerliebe Discovery;
Ludwigshafener Stadtlauf;Running;27.06.2026;Ludwigshafen am Rhein;Germany;Ludwigshafen am Rhein, Germany;;;5 km, 10 km;Official local running event in Ludwigshafen am Rhein. Distances: 5 km, 10 km. Discovered via Kilometerliebe and linked to the official event website.;https://www.ludwigshafener-stadtlauf.de/;Kilometerliebe Discovery;
Stadtwerke Lübeck Marathon;Running;17.10.2027;Lübeck;Germany;Lübeck, Germany;;;5 km, 10 km, Half Marathon, Marathon;Official local running event in Lübeck. Distances: 5 km, 10 km, Half Marathon, Marathon. Discovered via Kilometerliebe and linked to the official event website.;https://swhl-marathon.de;Kilometerliebe Discovery;
Lüneburger Firmenlauf;Running;12.06.2026;Lüneburg;Germany;Lüneburg, Germany;;;5 km;Official local running event in Lüneburg. Distances: 5 km. Discovered via Kilometerliebe and linked to the official event website.;https://fitwerft.de/;Kilometerliebe Discovery;
Magdeburg Marathon;Running;04.10.2026;Magdeburg;Germany;Magdeburg, Germany;;;5 km, 10 km, Half Marathon, Marathon;Official local running event in Magdeburg. Distances: 5 km, 10 km, Half Marathon, Marathon. Discovered via Kilometerliebe and linked to the official event website.;https://magdeburg-marathon.eu;Kilometerliebe Discovery;
Magdeburg-Marathon;Running;03.10.2027;Magdeburg;Germany;Magdeburg, Germany;;;10 km, Half Marathon, Marathon;Official local running event in Magdeburg. Distances: 10 km, Half Marathon, Marathon. Discovered via Kilometerliebe and linked to the official event website.;https://www.magdeburg-marathon.eu;Kilometerliebe Discovery;
Mainauenlauf Bayreuth;Running;14.06.2026;Bayreuth;Germany;Bayreuth, Germany;;;5 km, 10 km, Half Marathon;Official local running event in Bayreuth. Distances: 5 km, 10 km, Half Marathon. Discovered via Kilometerliebe and linked to the official event website.;https://www.mainauenlauf.de/;Kilometerliebe Discovery;
MainCityRun Schweinfurt;Running;16.05.2026;Schweinfurt;Germany;Schweinfurt, Germany;;;5 km, 10 km, Half Marathon;Official local running event in Schweinfurt. Distances: 5 km, 10 km, Half Marathon. Discovered via Kilometerliebe and linked to the official event website.;https://laufen-triathlon.de;Kilometerliebe Discovery;
Mainova Frankfurt Marathon;Running;25.10.2026;Frankfurt am Main;Germany;Frankfurt am Main, Germany;;;Marathon;Official local running event in Frankfurt am Main. Distances: Marathon. Discovered via Kilometerliebe and linked to the official event website.;https://www.frankfurt-marathon.com/;Kilometerliebe Discovery;
Mainova Frankfurt Marathon;Running;31.10.2027;Frankfurt am Main;Germany;Frankfurt am Main, Germany;;;5 km, 10 km, Marathon;Official local running event in Frankfurt am Main. Distances: 5 km, 10 km, Marathon. Discovered via Kilometerliebe and linked to the official event website.;https://www.frankfurt-marathon.com;Kilometerliebe Discovery;
Marathon Deutsche Weinstraße;Running;12.04.2026;Bockenheim;Germany;Bockenheim, Germany;;;Half Marathon, Marathon;Official local running event in Bockenheim. Distances: Half Marathon, Marathon. Discovered via Kilometerliebe and linked to the official event website.;http://www.marathon-deutsche-weinstrasse.de;Kilometerliebe Discovery;
Marathon München by Brooks;Running;11.10.2026;München;Germany;München, Germany;;;10 km, Half Marathon, Marathon;Official local running event in München. Distances: 10 km, Half Marathon, Marathon. Discovered via Kilometerliebe and linked to the official event website.;https://marathonmuenchen.org;Kilometerliebe Discovery;
Marathon München by Brooks;Running;10.10.2027;München;Germany;München, Germany;;;10 km, Half Marathon, Marathon;Official local running event in München. Distances: 10 km, Half Marathon, Marathon. Discovered via Kilometerliebe and linked to the official event website.;https://marathonmuenchen.org;Kilometerliebe Discovery;
Marathon rund um Wellen;Running;02.08.2026;Wellen;Germany;Wellen, Germany;;;5 km, 10 km, Half Marathon, Marathon;Official local running event in Wellen. Distances: 5 km, 10 km, Half Marathon, Marathon. Discovered via Kilometerliebe and linked to the official event website.;https://www.wellen-marathon.de;Kilometerliebe Discovery;
Marburger Lahntallauf;Running;28.02.2026;Marburg;Germany;Marburg, Germany;;;10 km, Half Marathon, Marathon;Official local running event in Marburg. Distances: 10 km, Half Marathon, Marathon. Discovered via Kilometerliebe and linked to the official event website.;https://ultra-marburg.de/lahntallauf/;Kilometerliebe Discovery;
Marburger Nacht-Marathon;Running;03.07.2026;Marburg;Germany;Marburg, Germany;;;10 km, Half Marathon, Marathon;Official local running event in Marburg. Distances: 10 km, Half Marathon, Marathon. Discovered via Kilometerliebe and linked to the official event website.;https://www.nachtmarathon.org;Kilometerliebe Discovery;
100 Meilen Berlin — Mauerweglauf;Ultramarathon;15.08.2026;Berlin;Germany;Berlin, Germany;;;100 Miles / 161 km;Official local running event in Berlin. Distances: 100 miles / 161 km. Discovered via Kilometerliebe and linked to the official event website.;https://www.100meilen.de;Kilometerliebe Discovery;
Mein Freiburg Marathon;Running;12.04.2026;Freiburg;Germany;Freiburg, Germany;;;5 km, 10 km, Half Marathon, Marathon;Official local running event in Freiburg. Distances: 5 km, 10 km, Half Marathon, Marathon. Discovered via Kilometerliebe and linked to the official event website.;https://www.mein-freiburgmarathon.de;Kilometerliebe Discovery;
Meldorfer Brückenlauf;Running;01.05.2026;Meldorf;Germany;Meldorf, Germany;;;10 km, Half Marathon;Official local running event in Meldorf. Distances: 10 km, Half Marathon. Discovered via Kilometerliebe and linked to the official event website.;https://www.meldorfer-brueckenlauf.de;Kilometerliebe Discovery;
Melibokuslauf;Running;14.06.2026;Alsbach-Hähnlein;Germany;Alsbach-Hähnlein, Germany;;;10 km;Official local running event in Alsbach-Hähnlein. Distances: 10 km. Discovered via Kilometerliebe and linked to the official event website.;https://tv-alsbach.de/melibokuslauf;Kilometerliebe Discovery;
Mendener Citylauf mit Halbmarathon;Running;14.06.2026;Menden;Germany;Menden, Germany;;;5 km, 10 km, Half Marathon;Official local running event in Menden. Distances: 5 km, 10 km, Half Marathon. Discovered via Kilometerliebe and linked to the official event website.;https://www.menden-citylauf.de;Kilometerliebe Discovery;
Miltenberger Landkreis-Lauftag;Running;13.09.2026;Elsenfeld;Germany;Elsenfeld, Germany;;;5 km, 10 km, Half Marathon;Official local running event in Elsenfeld. Distances: 5 km, 10 km, Half Marathon. Discovered via Kilometerliebe and linked to the official event website.;https://lauftag.landkreis-miltenberg.de;Kilometerliebe Discovery;
Mitteldeutscher Marathon;Running;04.10.2026;Halle;Germany;Halle, Germany;;;10 km, Half Marathon, Marathon;Official local running event in Halle. Distances: 10 km, Half Marathon, Marathon. Discovered via Kilometerliebe and linked to the official event website.;https://www.mitteldeutscher-marathon.de;Kilometerliebe Discovery;
Mitteldeutscher Marathon Halle;Running;04.10.2026;Halle (Saale);Germany;Halle (Saale), Germany;;;10 km, Half Marathon, Marathon;Official local running event in Halle (Saale). Distances: 10 km, Half Marathon, Marathon. Discovered via Kilometerliebe and linked to the official event website.;https://www.mitteldeutscher-marathon.de/;Kilometerliebe Discovery;
Mittsommernachtslauf Hannover;Running;26.06.2026;Hannover;Germany;Hannover, Germany;;;10 km, Half Marathon;Official local running event in Hannover. Distances: 10 km, Half Marathon. Discovered via Kilometerliebe and linked to the official event website.;https://www.mittsommernachtslauf-hannover.de;Kilometerliebe Discovery;
Moerser enni Schlossparklauf;Running;25.04.2026;Moers;Germany;Moers, Germany;;;5 km, 10 km;Official local running event in Moers. Distances: 5 km, 10 km. Discovered via Kilometerliebe and linked to the official event website.;https://schlossparklauf.org/;Kilometerliebe Discovery;
Mountainman Nesselwang;Running;09.05.2026;Nesselwang;Germany;Nesselwang, Germany;;;10 km, Half Marathon, Marathon;Official local running event in Nesselwang. Distances: 10 km, Half Marathon, Marathon. Discovered via Kilometerliebe and linked to the official event website.;https://mountainman.de;Kilometerliebe Discovery;
Mülheimer Firmenlauf;Running;17.09.2026;Mülheim an der Ruhr;Germany;Mülheim an der Ruhr, Germany;;;5.6 km;Official local running event in Mülheim an der Ruhr. Distances: 5.6 km. Discovered via Kilometerliebe and linked to the official event website.;https://www.muelheimer-firmenlauf.de/;Kilometerliebe Discovery;
Müritz-Lauf;Ultramarathon;27.06.2026;Waren (Müritz);Germany;Waren (Müritz), Germany;;;75 km;Official local running event in Waren (Müritz). Distances: 75 km. Discovered via Kilometerliebe and linked to the official event website.;https://mueritz-lauf.de;Kilometerliebe Discovery;
Mützenicher VENNLAUF;Running;30.05.2026;Monschau-Mützenich;Germany;Monschau-Mützenich, Germany;;;5 km, 10 km, Half Marathon;Official local running event in Monschau-Mützenich. Distances: 5 km, 10 km, Half Marathon. Discovered via Kilometerliebe and linked to the official event website.;https://www.vennlauf.de;Kilometerliebe Discovery;
Neckarlauf;Ultramarathon;31.05.2026;Villingen-Schwenningen;Germany;Villingen-Schwenningen, Germany;;;372 km;Official local running event in Villingen-Schwenningen. Distances: 372 km. Discovered via Kilometerliebe and linked to the official event website.;https://neckarlauf.com/neckarlauf.html;Kilometerliebe Discovery;
Nordholzer Windmühlenlauf;Running;20.06.2026;Wurster Nordseeküste;Germany;Wurster Nordseeküste, Germany;;;5 km, 10 km, Half Marathon;Official local running event in Wurster Nordseeküste. Distances: 5 km, 10 km, Half Marathon. Discovered via Kilometerliebe and linked to the official event website.;https://windmuehlenlauf.jimdofree.com;Kilometerliebe Discovery;
Novemberlauf;Ultramarathon;01.11.2026;Freudenstadt-Grüntal;Germany;Freudenstadt-Grüntal, Germany;;;50 km;Official local running event in Freudenstadt-Grüntal. Distances: 50 km. Discovered via Kilometerliebe and linked to the official event website.;https://neckarlauf.com/novemberlauf.html;Kilometerliebe Discovery;
Oberelbe Marathon;Running;26.04.2026;Dresden;Germany;Dresden, Germany;;;5 km, 10 km, Half Marathon, Marathon;Official local running event in Dresden. Distances: 5 km, 10 km, Half Marathon, Marathon. Discovered via Kilometerliebe and linked to the official event website.;https://www.oberelbe-marathon.de;Kilometerliebe Discovery;
Obermain-Marathon;Running;12.04.2026;Bad Staffelstein;Germany;Bad Staffelstein, Germany;;;10 km, Half Marathon, Marathon;Official local running event in Bad Staffelstein. Distances: 10 km, Half Marathon, Marathon. Discovered via Kilometerliebe and linked to the official event website.;http://www.obermain-marathon.de;Kilometerliebe Discovery;
Offenbacher Mainuferlauf;Running;11.10.2026;Offenbach am Main;Germany;Offenbach am Main, Germany;;;5 km, 10 km, Half Marathon;Official local running event in Offenbach am Main. Distances: 5 km, 10 km, Half Marathon. Discovered via Kilometerliebe and linked to the official event website.;https://www.offenbacher-lc.de/;Kilometerliebe Discovery;
Ohmrathon;Running;16.05.2026;Worbis;Germany;Worbis, Germany;;;10 km, Half Marathon;Official local running event in Worbis. Distances: 10 km, Half Marathon. Discovered via Kilometerliebe and linked to the official event website.;https://www.ohmrathon.de;Kilometerliebe Discovery;
Oldenburg Marathon;Running;25.10.2026;Edewecht;Germany;Edewecht, Germany;;;5 km, 10 km, Half Marathon, Marathon;Official local running event in Edewecht. Distances: 5 km, 10 km, Half Marathon, Marathon. Discovered via Kilometerliebe and linked to the official event website.;https://oldenburg-marathon.de;Kilometerliebe Discovery;
Osnabrücker Ringweg Ultramarathon;Ultramarathon;13.06.2026;Osnabrück;Germany;Osnabrück, Germany;;;70 km;Official local running event in Osnabrück. Distances: 70 km. Discovered via Kilometerliebe and linked to the official event website.;https://my.raceresult.com/363204/;Kilometerliebe Discovery;
Paderborner Osterlauf;Running;04.04.2026;Paderborn;Germany;Paderborn, Germany;;;5 km, 10 km, Half Marathon;Official local running event in Paderborn. Distances: 5 km, 10 km, Half Marathon. Discovered via Kilometerliebe and linked to the official event website.;https://www.paderborner-osterlauf.de/;Kilometerliebe Discovery;
Panorama-Baumwipfel-Lauf;Running;13.06.2026;Oberschwarzach;Germany;Oberschwarzach, Germany;;;10 km, Half Marathon;Official local running event in Oberschwarzach. Distances: 10 km, Half Marathon. Discovered via Kilometerliebe and linked to the official event website.;https://panorama-baumwipfel-lauf.de;Kilometerliebe Discovery;
Pfälzerwald Marathon;Running;12.09.2026;Pirmasens;Germany;Pirmasens, Germany;;;Half Marathon, Marathon;Official local running event in Pirmasens. Distances: Half Marathon, Marathon. Discovered via Kilometerliebe and linked to the official event website.;https://www.pfaelzerwald-marathon.de;Kilometerliebe Discovery;
Pfingstlauf Ruhrschleife Arnsberg;Running;23.05.2026;Arnsberg;Germany;Arnsberg, Germany;;;6.7 km;Official local running event in Arnsberg. Distances: 6.7 km. Discovered via Kilometerliebe and linked to the official event website.;https://ruhrschleife-lauf.de/;Kilometerliebe Discovery;
ProPotsdam Schlösserlauf;Running;07.06.2026;Potsdam;Germany;Potsdam, Germany;;;10 km, Half Marathon;Official local running event in Potsdam. Distances: 10 km, Half Marathon. Discovered via Kilometerliebe and linked to the official event website.;https://www.potsdam-schloesserlauf.de;Kilometerliebe Discovery;
PSD Bank Halbmarathon Hamburg;Running;20.09.2026;Hamburg;Germany;Hamburg, Germany;;;Half Marathon;Official local running event in Hamburg. Distances: Half Marathon. Discovered via Kilometerliebe and linked to the official event website.;https://www.halb-marathon.hamburg;Kilometerliebe Discovery;
Ra(h)ser-Run Viersen;Running;31.05.2026;Viersen;Germany;Viersen, Germany;;;5 km, 10 km;Official local running event in Viersen. Distances: 5 km, 10 km. Discovered via Kilometerliebe and linked to the official event website.;https://rahser-run.de/;Kilometerliebe Discovery;
Regensburg Marathon;Running;17.05.2026;Regensburg;Germany;Regensburg, Germany;;;10 km, Half Marathon, Marathon;Official local running event in Regensburg. Distances: 10 km, Half Marathon, Marathon. Discovered via Kilometerliebe and linked to the official event website.;https://www.llc-marathon-regensburg.de;Kilometerliebe Discovery;
Reichenau Halbmarathon;Running;20.09.2026;Reichenau;Germany;Reichenau, Germany;;;10 km, Half Marathon;Official local running event in Reichenau. Distances: 10 km, Half Marathon. Discovered via Kilometerliebe and linked to the official event website.;https://www.sv-reichenau-leichtathletik.de;Kilometerliebe Discovery;
Remmers-Hasetal-Marathon;Running;27.06.2026;Löningen;Germany;Löningen, Germany;;;10 km, Half Marathon, Marathon;Official local running event in Löningen. Distances: 10 km, Half Marathon, Marathon. Discovered via Kilometerliebe and linked to the official event website.;http://www.hasetal-marathon.de;Kilometerliebe Discovery;
GutsMuths-Rennsteig Supermarathon;Ultramarathon;09.05.2026;Eisenach;Germany;Eisenach, Germany;;;73.9 km;Official local running event in Eisenach. Distances: 73.9 km. Discovered via Kilometerliebe and linked to the official event website.;https://www.rennsteiglauf.de;Kilometerliebe Discovery;
REWE Women's Run Hamburg;Running;14.06.2026;Hamburg;Germany;Hamburg, Germany;;;5 km, 10 km;Official local running event in Hamburg. Distances: 5 km, 10 km. Discovered via Kilometerliebe and linked to the official event website.;https://womensrun-hamburg.de;Kilometerliebe Discovery;
Rhein-Ruhr Marathon Duisburg;Running;10.05.2026;Duisburg;Germany;Duisburg, Germany;;;Half Marathon, Marathon;Official local running event in Duisburg. Distances: Half Marathon, Marathon. Discovered via Kilometerliebe and linked to the official event website.;https://www.rhein-ruhr-marathon.de;Kilometerliebe Discovery;
Rhein-Ruhr Marathon Duisburg;Running;09.05.2027;Duisburg;Germany;Duisburg, Germany;;;10 km, Half Marathon, Marathon;Official local running event in Duisburg. Distances: 10 km, Half Marathon, Marathon. Discovered via Kilometerliebe and linked to the official event website.;https://www.rhein-ruhr-marathon.de;Kilometerliebe Discovery;
Rheingauer Halbmarathon;Running;26.07.2026;Oestrich;Germany;Oestrich, Germany;;;5 km, 10 km, Half Marathon;Official local running event in Oestrich. Distances: 5 km, 10 km, Half Marathon. Discovered via Kilometerliebe and linked to the official event website.;https://www.rieslinglauf.de;Kilometerliebe Discovery;
RIBE Citylauf Schwabach;Running;11.10.2026;Schwabach;Germany;Schwabach, Germany;;;5 km, 10 km, Half Marathon;Official local running event in Schwabach. Distances: 5 km, 10 km, Half Marathon. Discovered via Kilometerliebe and linked to the official event website.;https://schwabacher-citylauf.de;Kilometerliebe Discovery;
Ring Running Series Marathon;Running;21.11.2026;Hockenheim;Germany;Hockenheim, Germany;;;5 km, 10 km, Half Marathon, Marathon;Official local running event in Hockenheim. Distances: 5 km, 10 km, Half Marathon, Marathon. Discovered via Kilometerliebe and linked to the official event website.;https://ringrunningseries.com;Kilometerliebe Discovery;
Röntgenlauf;Running;25.10.2026;Remscheid;Germany;Remscheid, Germany;;;5 km, 10 km, Half Marathon, Marathon;Official local running event in Remscheid. Distances: 5 km, 10 km, Half Marathon, Marathon. Discovered via Kilometerliebe and linked to the official event website.;https://www.roentgenlauf.de;Kilometerliebe Discovery;
Röntgenlauf Remscheid;Running;09.05.2026;Remscheid;Germany;Remscheid, Germany;;;5 km, 10 km, Half Marathon, Marathon;Official local running event in Remscheid. Distances: 5 km, 10 km, Half Marathon, Marathon. Discovered via Kilometerliebe and linked to the official event website.;https://www.roentgenlauf.de/;Kilometerliebe Discovery;
Roruper Abendlauf;Running;10.07.2026;Dülmen-Rorup;Germany;Dülmen-Rorup, Germany;;;5 km, 10 km, Half Marathon;Official local running event in Dülmen-Rorup. Distances: 5 km, 10 km, Half Marathon. Discovered via Kilometerliebe and linked to the official event website.;https://www.rorup.net/lauftreff;Kilometerliebe Discovery;
RUN & FUN Krefelder Firmenlauf;Running;02.09.2026;Krefeld;Germany;Krefeld, Germany;;;5 km;Official local running event in Krefeld. Distances: 5 km. Discovered via Kilometerliebe and linked to the official event website.;https://www.run-fun-kr.de/;Kilometerliebe Discovery;
S 25 Halbmarathon Berlin;Running;19.04.2026;Berlin;Germany;Berlin, Germany;;;5 km, 10 km, Half Marathon;Official local running event in Berlin. Distances: 5 km, 10 km, Half Marathon. Discovered via Kilometerliebe and linked to the official event website.;https://berlin-laeuft.de/s25berlin;Kilometerliebe Discovery;
Saaletal Marathon;Running;10.04.2027;Ramsthal;Germany;Ramsthal, Germany;;;10 km, Half Marathon, Marathon;Official local running event in Ramsthal. Distances: 10 km, Half Marathon, Marathon. Discovered via Kilometerliebe and linked to the official event website.;https://saaletal-marathon.de;Kilometerliebe Discovery;
saarBRÜCKENlauf;Running;14.06.2026;Saarbrücken;Germany;Saarbrücken, Germany;;;10 km;Official local running event in Saarbrücken. Distances: 10 km. Discovered via Kilometerliebe and linked to the official event website.;https://www.saarbrueckenlauf.de;Kilometerliebe Discovery;
Sababurger Tierparklauf;Running;21.06.2026;Hofgeismar-Sababurg;Germany;Hofgeismar-Sababurg, Germany;;;5 km, 10 km, Half Marathon;Official local running event in Hofgeismar-Sababurg. Distances: 5 km, 10 km, Half Marathon. Discovered via Kilometerliebe and linked to the official event website.;https://www.tierparklauf.de;Kilometerliebe Discovery;
Sachsenlauf-Coswig;Running;21.06.2026;Coswig;Germany;Coswig, Germany;;;5 km, 10 km, Half Marathon;Official local running event in Coswig. Distances: 5 km, 10 km, Half Marathon. Discovered via Kilometerliebe and linked to the official event website.;https://www.sachsenlauf.de;Kilometerliebe Discovery;
Salvus-Teekottenlauf;Running;24.04.2026;Emsdetten;Germany;Emsdetten, Germany;;;5 km, 10 km, Half Marathon;Official local running event in Emsdetten. Distances: 5 km, 10 km, Half Marathon. Discovered via Kilometerliebe and linked to the official event website.;https://www.salvus-teekottenlauf.de;Kilometerliebe Discovery;
Salzkotten Marathon;Running;07.06.2026;Salzkotten;Germany;Salzkotten, Germany;;;5 km, 10 km, Half Marathon, Marathon;Official local running event in Salzkotten. Distances: 5 km, 10 km, Half Marathon, Marathon. Discovered via Kilometerliebe and linked to the official event website.;https://salzkotten-marathon.de;Kilometerliebe Discovery;
Sandhofer Straßenlauf;Running;19.06.2026;Mannheim;Germany;Mannheim, Germany;;;10 km;Official local running event in Mannheim. Distances: 10 km. Discovered via Kilometerliebe and linked to the official event website.;https://www.sandhofer-strassenlauf.de;Kilometerliebe Discovery;
Schapener Volkslauf;Running;06.09.2026;Braunschweig;Germany;Braunschweig, Germany;;;10 km, Half Marathon;Official local running event in Braunschweig. Distances: 10 km, Half Marathon. Discovered via Kilometerliebe and linked to the official event website.;https://www.volkslauf-schapen.de;Kilometerliebe Discovery;
Schloss Marienburg Marathon;Running;21.11.2026;Nordstemmen-Adensen;Germany;Nordstemmen-Adensen, Germany;;;Half Marathon, Marathon;Official local running event in Nordstemmen-Adensen. Distances: Half Marathon, Marathon. Discovered via Kilometerliebe and linked to the official event website.;http://www.schloss-marienburg-marathon.de;Kilometerliebe Discovery;
Schlossinsellauf Lübben;Running;21.06.2026;Lübben;Germany;Lübben, Germany;;;5 km, 10 km, Half Marathon;Official local running event in Lübben. Distances: 5 km, 10 km, Half Marathon. Discovered via Kilometerliebe and linked to the official event website.;https://schlossinsellauf.de;Kilometerliebe Discovery;
SchluBUT@night;Ultramarathon;24.04.2026;Kassel;Germany;Kassel, Germany;;;50 km;Official local running event in Kassel. Distances: 50 km. Discovered via Kilometerliebe and linked to the official event website.;https://laufwerkkassel.jimdoweb.com/;Kilometerliebe Discovery;
Internationaler Schluchseelauf;Running;09.05.2026;Schluchsee;Germany;Schluchsee, Germany;;;10 km, Half Marathon;Official local running event in Schluchsee. Distances: 10 km, Half Marathon. Discovered via Kilometerliebe and linked to the official event website.;https://www.schluchseelauf.com;Kilometerliebe Discovery;
Schnadegang Rund um Lüdenscheid;Ultramarathon;07.06.2026;Schalksmühle;Germany;Schalksmühle, Germany;;;55 km;Official local running event in Schalksmühle. Distances: 55 km. Discovered via Kilometerliebe and linked to the official event website.;https://laufenamwengeberg.com/;Kilometerliebe Discovery;
Schurwald-Marathon;Running;19.04.2026;Lichtenwald-Hegenlohe;Germany;Lichtenwald-Hegenlohe, Germany;;;10 km, Half Marathon, Marathon;Official local running event in Lichtenwald-Hegenlohe. Distances: 10 km, Half Marathon, Marathon. Discovered via Kilometerliebe and linked to the official event website.;https://www.liwalauf.tsv-lichtenwald.de;Kilometerliebe Discovery;
Schuster Tegernseelauf;Running;20.09.2026;Gmund am Tegernsee;Germany;Gmund am Tegernsee, Germany;;;5 km, 10 km, Half Marathon;Official local running event in Gmund am Tegernsee. Distances: 5 km, 10 km, Half Marathon. Discovered via Kilometerliebe and linked to the official event website.;https://www.tegernseelauf.de;Kilometerliebe Discovery;
Schwebebahnlauf Wuppertal;Running;14.06.2026;Wuppertal;Germany;Wuppertal, Germany;;;5 km, 10 km, Half Marathon;Official local running event in Wuppertal. Distances: 5 km, 10 km, Half Marathon. Discovered via Kilometerliebe and linked to the official event website.;https://schwebebahn-lauf.de/;Kilometerliebe Discovery;
Schweriner Fünf-Seen-Lauf;Running;04.07.2026;Schwerin;Germany;Schwerin, Germany;;;5 km, 10 km, Half Marathon;Official local running event in Schwerin. Distances: 5 km, 10 km, Half Marathon. Discovered via Kilometerliebe and linked to the official event website.;https://www.fuenf-seen-lauf.de;Kilometerliebe Discovery;
Siebengebirgsmarathon;Running;06.12.2026;Bad Honnef;Germany;Bad Honnef, Germany;;;Half Marathon, Marathon;Official local running event in Bad Honnef. Distances: Half Marathon, Marathon. Discovered via Kilometerliebe and linked to the official event website.;https://siebengebirgsmarathon.net;Kilometerliebe Discovery;
Siegerländer AOK-Firmenlauf Siegen;Running;15.07.2026;Siegen;Germany;Siegen, Germany;;;5.5 km;Official local running event in Siegen. Distances: 5.5 km. Discovered via Kilometerliebe and linked to the official event website.;https://www.siegerlaender-aok-firmenlauf.de/;Kilometerliebe Discovery;
Sparkassen Silvesterlauf Werl-Soest;Running;31.12.2026;Werl;Germany;Werl, Germany;;;15 km;Official local running event in Werl. Distances: 15 km. Discovered via Kilometerliebe and linked to the official event website.;https://www.silvesterlauf.com;Kilometerliebe Discovery;
Skatstadtmarathon;Running;13.06.2026;Altenburg;Germany;Altenburg, Germany;;;5 km, 10 km, Half Marathon, Marathon;Official local running event in Altenburg. Distances: 5 km, 10 km, Half Marathon, Marathon. Discovered via Kilometerliebe and linked to the official event website.;https://www.skatstadtmarathon.de;Kilometerliebe Discovery;
Solinger Klingenlauf;Running;04.06.2026;Solingen;Germany;Solingen, Germany;;;5 km, 10 km;Official local running event in Solingen. Distances: 5 km, 10 km. Discovered via Kilometerliebe and linked to the official event website.;https://www.klingenlauf.de/;Kilometerliebe Discovery;
Solitudelauf Gerlingen;Running;12.04.2026;Gerlingen;Germany;Gerlingen, Germany;;;5 km, 10 km, Half Marathon;Official local running event in Gerlingen. Distances: 5 km, 10 km, Half Marathon. Discovered via Kilometerliebe and linked to the official event website.;https://www.solitudelauf.de;Kilometerliebe Discovery;
Sollinglauf Marathon;Running;06.06.2026;Dassel;Germany;Dassel, Germany;;;10 km, Half Marathon, Marathon;Official local running event in Dassel. Distances: 10 km, Half Marathon, Marathon. Discovered via Kilometerliebe and linked to the official event website.;http://sollinglauf.de;Kilometerliebe Discovery;
Sparkasse 3-Länder-Marathon;Running;11.10.2026;Lindau;Germany;Lindau, Germany;;;5 km, 10 km, Half Marathon, Marathon;Official local running event in Lindau. Distances: 5 km, 10 km, Half Marathon, Marathon. Discovered via Kilometerliebe and linked to the official event website.;https://www.sparkasse-3-laender-marathon.at;Kilometerliebe Discovery;
Sparkassen Firmenlauf Oberhausen;Running;18.06.2026;Oberhausen;Germany;Oberhausen, Germany;;;5 km;Official local running event in Oberhausen. Distances: 5 km. Discovered via Kilometerliebe and linked to the official event website.;https://oberhausener-firmenlauf.de/;Kilometerliebe Discovery;
Sparkassen Phoenix-Halbmarathon Dortmund;Running;03.10.2026;Dortmund;Germany;Dortmund, Germany;;;Half Marathon;Official local running event in Dortmund. Distances: Half Marathon. Discovered via Kilometerliebe and linked to the official event website.;https://sparkassen-phoenix-halbmarathon.de;Kilometerliebe Discovery;
Sparkassen Rügenbrücken-Marathon;Running;10.10.2026;Stralsund;Germany;Stralsund, Germany;;;10 km, Half Marathon, Marathon;Official local running event in Stralsund. Distances: 10 km, Half Marathon, Marathon. Discovered via Kilometerliebe and linked to the official event website.;http://www.ruegenmarathon.de;Kilometerliebe Discovery;
Sparkassen-SAARathon;Running;11.10.2026;Saarbrücken;Germany;Saarbrücken, Germany;;;5 km, 10 km, Half Marathon, Marathon;Official local running event in Saarbrücken. Distances: 5 km, 10 km, Half Marathon, Marathon. Discovered via Kilometerliebe and linked to the official event website.;https://www.westspangenlauf.de;Kilometerliebe Discovery;
Sparkassen-Stadtlauf Zwickau;Running;10.05.2026;Zwickau;Germany;Zwickau, Germany;;;5 km, 10 km;Official local running event in Zwickau. Distances: 5 km, 10 km. Discovered via Kilometerliebe and linked to the official event website.;https://www.zwickau.de/de/tourismus/veranstaltungen/stadtlauf/;Kilometerliebe Discovery;
SportScheck RUN München;Running;05.07.2026;München;Germany;München, Germany;;;5 km, 10 km, Half Marathon;Official local running event in München. Distances: 5 km, 10 km, Half Marathon. Discovered via Kilometerliebe and linked to the official event website.;https://www.sportscheck.com/erlebnisse/run;Kilometerliebe Discovery;
SportScheck RUN Nürnberg;Running;25.10.2026;Nürnberg;Germany;Nürnberg, Germany;;;10 km, Half Marathon;Official local running event in Nürnberg. Distances: 10 km, Half Marathon. Discovered via Kilometerliebe and linked to the official event website.;https://www.sportscheck.com/erlebnisse/run;Kilometerliebe Discovery;
Spreewald Marathon;Running;19.04.2026;Burg;Germany;Burg, Germany;;;10 km, Half Marathon, Marathon;Official local running event in Burg. Distances: 10 km, Half Marathon, Marathon. Discovered via Kilometerliebe and linked to the official event website.;http://www.spreewaldmarathon.de;Kilometerliebe Discovery;
St. Elisabeth Firmenlauf Herne;Running;21.05.2026;Herne;Germany;Herne, Germany;;;5 km;Official local running event in Herne. Distances: 5 km. Discovered via Kilometerliebe and linked to the official event website.;https://firmenlauf-herne.de/;Kilometerliebe Discovery;
St. Wendel Marathon;Running;26.04.2026;St. Wendel;Germany;St. Wendel, Germany;;;10 km, Half Marathon, Marathon;Official local running event in St. Wendel. Distances: 10 km, Half Marathon, Marathon. Discovered via Kilometerliebe and linked to the official event website.;https://www.sankt-wendel.de/kreisstadt-sankt-wendel/sport-freizeit/globus-marathon-2;Kilometerliebe Discovery;
Stadtlauf Hanau;Running;18.09.2026;Hanau;Germany;Hanau, Germany;;;5 km;Official local running event in Hanau. Distances: 5 km. Discovered via Kilometerliebe and linked to the official event website.;https://hanauer-stadtlauf.de/;Kilometerliebe Discovery;
Stadtwerke-Europalauf;Running;09.08.2026;Neustadt in Holstein;Germany;Neustadt in Holstein, Germany;;;5 km, 10 km, Half Marathon;Official local running event in Neustadt in Holstein. Distances: 5 km, 10 km, Half Marathon. Discovered via Kilometerliebe and linked to the official event website.;https://www.tsv-neustadt-europalauf.de;Kilometerliebe Discovery;
Stadtwerke Lübeck Marathon;Running;18.10.2026;Lübeck;Germany;Lübeck, Germany;;;5 km, 10 km, Half Marathon, Marathon;Official local running event in Lübeck. Distances: 5 km, 10 km, Half Marathon, Marathon. Discovered via Kilometerliebe and linked to the official event website.;https://swhl-marathon.de/;Kilometerliebe Discovery;
Steinberger Wald-Volkslauf;Running;30.05.2026;Dietzenbach-Steinberg;Germany;Dietzenbach-Steinberg, Germany;;;5 km, 10 km, Half Marathon;Official local running event in Dietzenbach-Steinberg. Distances: 5 km, 10 km, Half Marathon. Discovered via Kilometerliebe and linked to the official event website.;http://sc-steinberg-langlauf.de;Kilometerliebe Discovery;
Stuttgart-Lauf;Running;21.06.2026;Stuttgart;Germany;Stuttgart, Germany;;;5 km, 10 km, Half Marathon;Official local running event in Stuttgart. Distances: 5 km, 10 km, Half Marathon. Discovered via Kilometerliebe and linked to the official event website.;https://www.stuttgart-lauf.de;Kilometerliebe Discovery;
Stuttgart-Lauf;Running;16.05.2026;Stuttgart;Germany;Stuttgart, Germany;;;5 km, 10 km, Half Marathon;Official local running event in Stuttgart. Distances: 5 km, 10 km, Half Marathon. Discovered via Kilometerliebe and linked to the official event website.;https://stuttgart-lauf.de/;Kilometerliebe Discovery;
StWB Teamstaffel Brandenburg an der Havel;Running;21.05.2026;Brandenburg an der Havel;Germany;Brandenburg an der Havel, Germany;;;5 km;Official local running event in Brandenburg an der Havel. Distances: 5 km. Discovered via Kilometerliebe and linked to the official event website.;https://www.stwb.de/teamstaffel/;Kilometerliebe Discovery;
Südenseelauf;Running;02.05.2026;Sörup;Germany;Sörup, Germany;;;5 km, 10 km, Half Marathon;Official local running event in Sörup. Distances: 5 km, 10 km, Half Marathon. Discovered via Kilometerliebe and linked to the official event website.;http://www.suedenseelauf.de;Kilometerliebe Discovery;
swb Bremen Marathon;Running;13.09.2026;Bremen;Germany;Bremen, Germany;;;10 km, Half Marathon, Marathon;Official local running event in Bremen. Distances: 10 km, Half Marathon, Marathon. Discovered via Kilometerliebe and linked to the official event website.;https://swb-marathon.com;Kilometerliebe Discovery;
swb-Marathon Bremen;Running;12.09.2027;Bremen;Germany;Bremen, Germany;;;10 km, Half Marathon, Marathon;Official local running event in Bremen. Distances: 10 km, Half Marathon, Marathon. Discovered via Kilometerliebe and linked to the official event website.;https://swb-marathon.com;Kilometerliebe Discovery;
SWP CityLauf Pforzheim;Running;26.06.2026;Pforzheim;Germany;Pforzheim, Germany;;;5 km, 10 km;Official local running event in Pforzheim. Distances: 5 km, 10 km. Discovered via Kilometerliebe and linked to the official event website.;https://www.citylauf-pforzheim.de/;Kilometerliebe Discovery;
Tangermünder Elbdeichmarathon;Running;12.04.2026;Tangermünde;Germany;Tangermünde, Germany;;;10 km, Half Marathon, Marathon;Official local running event in Tangermünde. Distances: 10 km, Half Marathon, Marathon. Discovered via Kilometerliebe and linked to the official event website.;https://www.elbdeichmarathon.de;Kilometerliebe Discovery;
Taubertal 100;Ultramarathon;03.10.2026;Rothenburg o.T.;Germany;Rothenburg o.T., Germany;;;160.9 km;Official local running event in Rothenburg o.T.. Distances: 160.9 km. Discovered via Kilometerliebe and linked to the official event website.;https://www.taubertal100.de;Kilometerliebe Discovery;
Tharandter-Wald-Lauf;Running;30.08.2026;Hartha;Germany;Hartha, Germany;;;5 km, 10 km, Half Marathon;Official local running event in Hartha. Distances: 5 km, 10 km, Half Marathon. Discovered via Kilometerliebe and linked to the official event website.;https://tharandterwaldlauf.wordpress.com;Kilometerliebe Discovery;
Tiergartenlauf Velen;Running;20.06.2026;Velen;Germany;Velen, Germany;;;5 km, 10 km, Half Marathon;Official local running event in Velen. Distances: 5 km, 10 km, Half Marathon. Discovered via Kilometerliebe and linked to the official event website.;https://www.sf-nordvelen.de/tgl;Kilometerliebe Discovery;
Töplitzer Insellauf;Running;25.04.2026;Töplitz;Germany;Töplitz, Germany;;;10 km, Half Marathon;Official local running event in Töplitz. Distances: 10 km, Half Marathon. Discovered via Kilometerliebe and linked to the official event website.;http://www.insellauf-toeplitz.de;Kilometerliebe Discovery;
LA-Hamburg TogetHHer Silvesterlauf;Running;31.12.2026;Hamburg;Germany;Hamburg, Germany;;;7.4 km;Official local running event in Hamburg. Distances: 7.4 km. Discovered via Kilometerliebe and linked to the official event website.;https://www.bsv-hamburg.de;Kilometerliebe Discovery;
Tollenseseelauf;Running;13.06.2026;Neubrandenburg;Germany;Neubrandenburg, Germany;;;10 km, Half Marathon, Marathon;Official local running event in Neubrandenburg. Distances: 10 km, Half Marathon, Marathon. Discovered via Kilometerliebe and linked to the official event website.;https://tollenseseelauf.de;Kilometerliebe Discovery;
Trierer Silvesterlauf;Running;31.12.2026;Trier;Germany;Trier, Germany;;;5 km;Official local running event in Trier. Distances: 5 km. Discovered via Kilometerliebe and linked to the official event website.;https://silvesterlauf.de;Kilometerliebe Discovery;
Tübinger Erbe-Lauf;Running;20.09.2026;Tübingen;Germany;Tübingen, Germany;;;5 km, 10 km;Official local running event in Tübingen. Distances: 5 km, 10 km. Discovered via Kilometerliebe and linked to the official event website.;https://www.tuebinger-erbe-lauf.de/;Kilometerliebe Discovery;
LOWA Ultratrail Fränkische Schweiz;Ultramarathon;25.04.2026;Ebermannstadt;Germany;Ebermannstadt, Germany;;;66 km;Official local running event in Ebermannstadt. Distances: 66 km. Discovered via Kilometerliebe and linked to the official event website.;https://www.ultratrail-fraenkische-schweiz.de/;Kilometerliebe Discovery;
Uniper Düsseldorf Marathon;Running;26.04.2026;Düsseldorf;Germany;Düsseldorf, Germany;;;Half Marathon, Marathon;Official local running event in Düsseldorf. Distances: Half Marathon, Marathon. Discovered via Kilometerliebe and linked to the official event website.;https://www.uniper-duesseldorfmarathon.de/;Kilometerliebe Discovery;
Urwaldsteig-Ultratrail;Ultramarathon;31.05.2026;Waldeck;Germany;Waldeck, Germany;;;66 km;Official local running event in Waldeck. Distances: 66 km. Discovered via Kilometerliebe and linked to the official event website.;https://laufwerkkassel.jimdoweb.com/urwaldsteig-ultratrail/;Kilometerliebe Discovery;
Usedom Beach Marathon;Running;06.06.2026;Heringsdorf;Germany;Heringsdorf, Germany;;;10 km, Half Marathon, Marathon;Official local running event in Heringsdorf. Distances: 10 km, Half Marathon, Marathon. Discovered via Kilometerliebe and linked to the official event website.;https://usedom.de/usedom-beach-marathon;Kilometerliebe Discovery;
Usedom Marathon;Running;05.09.2026;Wolgast;Germany;Wolgast, Germany;;;10 km, Half Marathon, Marathon;Official local running event in Wolgast. Distances: 10 km, Half Marathon, Marathon. Discovered via Kilometerliebe and linked to the official event website.;http://www.usedom-marathon.de;Kilometerliebe Discovery;
Volksbank Münster Marathon;Running;13.09.2026;Münster;Germany;Münster, Germany;;;10 km, Marathon;Official local running event in Münster. Distances: 10 km, Marathon. Discovered via Kilometerliebe and linked to the official event website.;https://www.volksbank-muenster-marathon.de;Kilometerliebe Discovery;
SV-1860-Minden Volkslauf;Running;29.08.2026;Minden;Germany;Minden, Germany;;;5 km, 10 km;Official local running event in Minden. Distances: 5 km, 10 km. Discovered via Kilometerliebe and linked to the official event website.;https://sv1860minden.de/sportarten/leichtathletik/volkslauf-minden;Kilometerliebe Discovery;
Volkslauf Rund um den Otto-Maigler-See;Running;17.05.2026;Hürth;Germany;Hürth, Germany;;;5 km, 10 km, Half Marathon;Official local running event in Hürth. Distances: 5 km, 10 km, Half Marathon. Discovered via Kilometerliebe and linked to the official event website.;https://www.volkslauf-huerth.de;Kilometerliebe Discovery;
Vom See zum Schloss Ultramarathon;Ultramarathon;04.06.2026;Münster;Germany;Münster, Germany;;;46 km;Official local running event in Münster. Distances: 46 km. Discovered via Kilometerliebe and linked to the official event website.;https://ultra-uwe-unterwegs.de/;Kilometerliebe Discovery;
VR Bank Firmenlauf Bamberg;Running;18.09.2026;Bamberg;Germany;Bamberg, Germany;;;5 km;Official local running event in Bamberg. Distances: 5 km. Discovered via Kilometerliebe and linked to the official event website.;https://firmenlauf-bamberg.de/;Kilometerliebe Discovery;
Waldmeisterlauf Warmbronn;Running;02.05.2026;Leonberg;Germany;Leonberg, Germany;;;10 km;Official local running event in Leonberg. Distances: 10 km. Discovered via Kilometerliebe and linked to the official event website.;https://www.waldmeisterlauf.de;Kilometerliebe Discovery;
Wallenstein Halbmarathon;Running;26.07.2026;Altdorf;Germany;Altdorf, Germany;;;Half Marathon;Official local running event in Altdorf. Distances: Half Marathon. Discovered via Kilometerliebe and linked to the official event website.;https://tv1881altdorf.de;Kilometerliebe Discovery;
Wardenburger Sommerlauf;Running;06.09.2026;Wardenburg;Germany;Wardenburg, Germany;;;5 km, 10 km;Official local running event in Wardenburg. Distances: 5 km, 10 km. Discovered via Kilometerliebe and linked to the official event website.;http://www.wardenburger-sommerlauf.de;Kilometerliebe Discovery;
Wedeler Halbmarathon;Running;10.05.2026;Wedel;Germany;Wedel, Germany;;;5 km, 10 km, Half Marathon;Official local running event in Wedel. Distances: 5 km, 10 km, Half Marathon. Discovered via Kilometerliebe and linked to the official event website.;https://www.wedel-halbmarathon.de;Kilometerliebe Discovery;
Werratal Marathon;Running;01.05.2026;Treffurt;Germany;Treffurt, Germany;;;Marathon;Official local running event in Treffurt. Distances: Marathon. Discovered via Kilometerliebe and linked to the official event website.;https://www.werratal-marathon.de;Kilometerliebe Discovery;
Westenergie Marathon;Running;11.10.2026;Essen;Germany;Essen, Germany;;;Marathon;Official local running event in Essen. Distances: Marathon. Discovered via Kilometerliebe and linked to the official event website.;https://westenergie-marathon.de;Kilometerliebe Discovery;
Westerwälder Backyard-Ultra;Ultramarathon;05.06.2026;Höchstenbach;Germany;Höchstenbach, Germany;;;Backyard Ultra;Official local running event in Höchstenbach. Distances: Backyard Ultra. Discovered via Kilometerliebe and linked to the official event website.;https://katjas-laufzeit.de/westerwaelder-backyard-ultra-2026-ausschreibung/;Kilometerliebe Discovery;
Westumer Murrelauf;Running;14.05.2026;Sinzig;Germany;Sinzig, Germany;;;5 km, 10 km, Half Marathon;Official local running event in Sinzig. Distances: 5 km, 10 km, Half Marathon. Discovered via Kilometerliebe and linked to the official event website.;https://lauftreff-westum.de;Kilometerliebe Discovery;
Wilhelmsfelder Kerwelauf;Running;05.07.2026;Wilhelmsfeld;Germany;Wilhelmsfeld, Germany;;;10 km, Half Marathon;Official local running event in Wilhelmsfeld. Distances: 10 km, Half Marathon. Discovered via Kilometerliebe and linked to the official event website.;https://kerwelauf.de;Kilometerliebe Discovery;
Windhagen Marathon;Running;10.05.2026;Windhagen;Germany;Windhagen, Germany;;;5 km, 10 km, Half Marathon, Marathon;Official local running event in Windhagen. Distances: 5 km, 10 km, Half Marathon, Marathon. Discovered via Kilometerliebe and linked to the official event website.;https://www.windhagen-marathon.de;Kilometerliebe Discovery;
Wintermarathon Leipzig;Running;16.01.2027;Leipzig;Germany;Leipzig, Germany;;;Half Marathon, Marathon;Official local running event in Leipzig. Distances: Half Marathon, Marathon. Discovered via Kilometerliebe and linked to the official event website.;https://wintermarathon.de;Kilometerliebe Discovery;
Winterstaffel Pulheim;Running;31.01.2027;Pulheim;Germany;Pulheim, Germany;;;5 km, 10 km, Half Marathon, Marathon;Official local running event in Pulheim. Distances: 5 km, 10 km, Half Marathon, Marathon. Discovered via Kilometerliebe and linked to the official event website.;https://www.winterstaffel.de;Kilometerliebe Discovery;
Wolfsburg Run powered by VfL Wolfsburg;Running;19.04.2026;Wolfsburg;Germany;Wolfsburg, Germany;;;5 km, 10 km, Half Marathon;Official local running event in Wolfsburg. Distances: 5 km, 10 km, Half Marathon. Discovered via Kilometerliebe and linked to the official event website.;https://www.vfl-wolfsburg.de/;Kilometerliebe Discovery;
Wormser Nibelungenlauf;Running;13.09.2026;Worms;Germany;Worms, Germany;;;5 km, 10 km, Half Marathon;Official local running event in Worms. Distances: 5 km, 10 km, Half Marathon. Discovered via Kilometerliebe and linked to the official event website.;https://nibelungenlauf.de;Kilometerliebe Discovery;
Würzburger Gedächtnislauf;Ultramarathon;20.03.2027;Würzburg;Germany;Würzburg, Germany;;;10 km, Half Marathon, 44 km;Official local running event in Würzburg. Distances: 10 km, Half Marathon, 44 km. Discovered via Kilometerliebe and linked to the official event website.;https://www.wuerzburg-marathon.de;Kilometerliebe Discovery;
WVV Würzburg Marathon;Running;10.05.2026;Würzburg;Germany;Würzburg, Germany;;;10 km, Half Marathon, Marathon;Official local running event in Würzburg. Distances: 10 km, Half Marathon, Marathon. Discovered via Kilometerliebe and linked to the official event website.;https://www.wuerzburg-marathon.de;Kilometerliebe Discovery;
WVV Marathon Würzburg;Running;23.05.2027;Würzburg;Germany;Würzburg, Germany;;;10 km, Half Marathon, Marathon;Official local running event in Würzburg. Distances: 10 km, Half Marathon, Marathon. Discovered via Kilometerliebe and linked to the official event website.;https://www.wuerzburg-marathon.de;Kilometerliebe Discovery;
