event_slug;event_name;date;city;country;sport;distance;official_url;completion_score;priority;missing_count;missing_fields;present_fields;has_detail_record;last_checked;verification_status
bielefelder-triathlon-2026;Bielefelder Triathlon;28.06.2026;Bielefeld;Germany;Triathlon;Sprint / Relay / Youth;https://www.triathlon-bielefeld.de/anmeldung;0;medium;13;entry_fee, registration_status, registration_deadline, start_time, cutoff, elevation, course_info, race_day_info, travel_info, weather_info, statistics, faq, sources;;false;02.06.2026;registration_open
sormlands-100-trail-run-2026;Sörmlands 100 Trail Run;11.09.2026;Björnlunda;Sweden;Ultramarathon;8 km / 22 km / 50 km / 100 km / 100 Miles;https://www.sormlands100.com/;0;high;13;entry_fee, registration_status, registration_deadline, start_time, cutoff, elevation, course_info, race_day_info, travel_info, weather_info, statistics, faq, sources;;false;24.06.2026;registration_open
ironman-hamburg-european-championship-2026;IRONMAN Hamburg European Championship;07.06.2026;Hamburg;Germany;Triathlon;Full;https://www.ironman.com/races/im-hamburg;38;high;8;entry_fee, registration_deadline, start_time, cutoff, elevation, race_day_info, statistics, faq;registration_status, course_info, travel_info, weather_info, sources;true;2026-06-30;verified_official_source
ironman-frankfurt-2026;IRONMAN Frankfurt;28.06.2026;Frankfurt;Germany;Triathlon;Full;https://www.ironman.com/races/im-frankfurt;46;high;7;entry_fee, registration_deadline, start_time, cutoff, elevation, statistics, faq;registration_status, course_info, race_day_info, travel_info, weather_info, sources;true;2026-06-30;verified_official_source
ironman-70-3-duisburg-2026;IRONMAN 70.3 Duisburg;16.08.2026;Duisburg;Germany;Triathlon;Middle;https://www.ironman.com/races/im703-duisburg;0;high;13;entry_fee, registration_status, registration_deadline, start_time, cutoff, elevation, course_info, race_day_info, travel_info, weather_info, statistics, faq, sources;;false;02.06.2026;sold_out
ironman-70-3-leipzig-2026;IRONMAN 70.3 Leipzig;23.08.2026;Leipzig;Germany;Triathlon;Middle;https://www.ironman.com/races/im703-leipzig;0;high;13;entry_fee, registration_status, registration_deadline, start_time, cutoff, elevation, course_info, race_day_info, travel_info, weather_info, statistics, faq, sources;;false;02.06.2026;sold_out
ironman-70-3-erkner-2026;IRONMAN 70.3 Erkner;13.09.2026;Erkner;Germany;Triathlon;Middle;https://www.ironman.com/races/im703-erkner;0;high;13;entry_fee, registration_status, registration_deadline, start_time, cutoff, elevation, course_info, race_day_info, travel_info, weather_info, statistics, faq, sources;;false;02.06.2026;sold_out
ironman-kaernten-klagenfurt-austria-2026;IRONMAN Kaernten-Klagenfurt Austria;14.06.2026;Klagenfurt;Austria;Triathlon;Full;https://www.ironman.com/races/im-austria;0;high;13;entry_fee, registration_status, registration_deadline, start_time, cutoff, elevation, course_info, race_day_info, travel_info, weather_info, statistics, faq, sources;;false;02.06.2026;sold_out
ironman-70-3-european-championship-elsinore-2026;IRONMAN 70.3 European Championship Elsinore;21.06.2026;Elsinore;Denmark;Triathlon;Middle;https://www.ironman.com/races/im703-elsinore;0;high;13;entry_fee, registration_status, registration_deadline, start_time, cutoff, elevation, course_info, race_day_info, travel_info, weather_info, statistics, faq, sources;;false;02.06.2026;sold_out
ironman-70-3-westfriesland-2026;IRONMAN 70.3 Westfriesland;21.06.2026;Hoorn;Netherlands;Triathlon;Middle;https://www.ironman.com/races/im703-westfriesland;0;high;13;entry_fee, registration_status, registration_deadline, start_time, cutoff, elevation, course_info, race_day_info, travel_info, weather_info, statistics, faq, sources;;false;02.06.2026;sold_out
ironman-switzerland-thun-2026;IRONMAN Switzerland Thun;05.07.2026;Thun;Switzerland;Triathlon;Full;https://www.ironman.com/races/im-switzerland;0;high;13;entry_fee, registration_status, registration_deadline, start_time, cutoff, elevation, course_info, race_day_info, travel_info, weather_info, statistics, faq, sources;;false;02.06.2026;registration_open
ironman-70-3-jonkoping-2026;IRONMAN 70.3 Jonkoping;05.07.2026;Jonkoping;Sweden;Triathlon;Middle;https://www.ironman.com/races/im703-jonkoping;0;high;13;entry_fee, registration_status, registration_deadline, start_time, cutoff, elevation, course_info, race_day_info, travel_info, weather_info, statistics, faq, sources;;false;02.06.2026;sold_out
ironman-70-3-luxembourg-2026;IRONMAN 70.3 Luxembourg;12.07.2026;Moselle;Luxembourg;Triathlon;Middle;https://www.ironman.com/races/im703-luxembourg;0;high;13;entry_fee, registration_status, registration_deadline, start_time, cutoff, elevation, course_info, race_day_info, travel_info, weather_info, statistics, faq, sources;;false;02.06.2026;sold_out
ironman-vitoria-gasteiz-2026;IRONMAN Vitoria-Gasteiz;12.07.2026;Vitoria-Gasteiz;Spain;Triathlon;Full;https://www.ironman.com/races/im-vitoria;0;high;13;entry_fee, registration_status, registration_deadline, start_time, cutoff, elevation, course_info, race_day_info, travel_info, weather_info, statistics, faq, sources;;false;02.06.2026;sold_out
ironman-70-3-vitoria-gasteiz-2026;IRONMAN 70.3 Vitoria-Gasteiz;12.07.2026;Vitoria-Gasteiz;Spain;Triathlon;Middle;https://www.ironman.com/races/im703-vitoria;0;high;13;entry_fee, registration_status, registration_deadline, start_time, cutoff, elevation, course_info, race_day_info, travel_info, weather_info, statistics, faq, sources;;false;02.06.2026;sold_out
generali-koln-marathon-2026;Generali Köln Marathon;04.10.2026;Köln;Germany;Running;Half Marathon / Marathon / 42.195 km;https://generali-koeln-marathon.de/;54;high;6;registration_deadline, start_time, cutoff, elevation, race_day_info, faq;entry_fee, registration_status, course_info, travel_info, weather_info, statistics, sources;true;2026-06-30;verified_official_source
koln-triathlon-2026;Köln Triathlon;06.09.2026;Köln;Germany;Triathlon;Sprint, Olympic, Middle;https://www.koeln-triathlon.com/;0;high;13;entry_fee, registration_status, registration_deadline, start_time, cutoff, elevation, course_info, race_day_info, travel_info, weather_info, statistics, faq, sources;;false;02.06.2026;registration_open
haspa-marathon-hamburg-2027;Haspa Marathon Hamburg;25.04.2027;Hamburg;Germany;Running;Marathon / 42.195 km;https://haspa-marathon-hamburg.de/;46;high;7;entry_fee, registration_deadline, start_time, cutoff, elevation, race_day_info, faq;registration_status, course_info, travel_info, weather_info, statistics, sources;true;2026-06-30;verified_official_source
bmw-berlin-marathon-2026;BMW Berlin Marathon;27.09.2026;Berlin;Germany;Running;Marathon / 42.195 km;https://www.bmw-berlin-marathon.com/en/;100;high;0;;entry_fee, registration_status, registration_deadline, start_time, cutoff, elevation, course_info, race_day_info, travel_info, weather_info, statistics, faq, sources;true;2026-07-06;verified_core_fields
mainova-frankfurt-marathon-2026;Mainova Frankfurt Marathon;25.10.2026;Frankfurt am Main;Germany;Running;Marathon / 42.195 km;https://www.frankfurt-marathon.com/;46;high;7;entry_fee, registration_deadline, start_time, cutoff, elevation, race_day_info, faq;registration_status, course_info, travel_info, weather_info, statistics, sources;true;2026-06-30;verified_official_source
thuringen-ultra-2026;Thüringen Ultra;04.07.2026;Fröttstädt;Germany;Ultramarathon;100 km;http://www.thueringenultra.de/startseite/index.php;0;high;13;entry_fee, registration_status, registration_deadline, start_time, cutoff, elevation, course_info, race_day_info, travel_info, weather_info, statistics, faq, sources;;false;02.06.2026;registration_open
munster-marathon-2026;Münster Marathon;13.09.2026;Münster;Germany;Running;Marathon;https://www.volksbank-muenster-marathon.de/_rubric/index.php?rubric=Home%20DE;0;high;13;entry_fee, registration_status, registration_deadline, start_time, cutoff, elevation, course_info, race_day_info, travel_info, weather_info, statistics, faq, sources;;false;02.06.2026;registration_open
gutsmuths-rennsteiglauf-2027;GutsMuths Rennsteiglauf;22.05.2027;Schmiedefeld;Germany;Ultramarathon;17 km / 21 km / 42 km / 74 km;https://www.rennsteiglauf.de/;0;high;13;entry_fee, registration_status, registration_deadline, start_time, cutoff, elevation, course_info, race_day_info, travel_info, weather_info, statistics, faq, sources;;false;02.06.2026;registration_open
ostseeman-2026;Ostseeman;02.08.2026;Glücksburg;Germany;Triathlon;Middle , Full;https://www.ostseeman.de/startseite.html;0;medium;13;entry_fee, registration_status, registration_deadline, start_time, cutoff, elevation, course_info, race_day_info, travel_info, weather_info, statistics, faq, sources;;false;02.06.2026;registration_open
zugspitz-ultratrail-2026;Zugspitz Ultratrail;20.06.2026;Garmisch-Partenkirchen;Germany;Ultramarathon;107 km / 74 km / 69 km / 44 km / 29 km;https://zugspitz.utmb.world/;0;high;13;entry_fee, registration_status, registration_deadline, start_time, cutoff, elevation, course_info, race_day_info, travel_info, weather_info, statistics, faq, sources;;false;2026-06-27;sold_out
challenge-roth-2026;Challenge Roth;05.07.2026;Roth;Germany;Triathlon;Full;https://www.challenge-roth.com/de/;38;high;8;entry_fee, registration_status, registration_deadline, start_time, cutoff, elevation, race_day_info, faq;course_info, travel_info, weather_info, statistics, sources;true;2026-06-30;verified_official_source
dresden-marathon-2026;Dresden Marathon;25.10.2026;Dresden;Germany;Running;Marathon;https://www.dresden-marathon.com/;0;high;13;entry_fee, registration_status, registration_deadline, start_time, cutoff, elevation, course_info, race_day_info, travel_info, weather_info, statistics, faq, sources;;false;02.06.2026;registration_open
magdeburg-marathon-2026;Magdeburg Marathon;04.10.2026;Magdeburg;Germany;Running;4 km / 10 km / 21 km / 42 km;https://magdeburg-marathon.eu/;0;high;13;entry_fee, registration_status, registration_deadline, start_time, cutoff, elevation, course_info, race_day_info, travel_info, weather_info, statistics, faq, sources;;false;02.06.2026;registration_open
fischland-darss-zingst-ultramarathon-2026;Fischland Darss-Zingst Ultramarathon;13.06.2026;Ribnitz-Damgarten;Germany;Ultramarathon;100 km, 115 km;https://www.fischland-darss-zingst-ultramarathon.eu/;0;high;13;entry_fee, registration_status, registration_deadline, start_time, cutoff, elevation, course_info, race_day_info, travel_info, weather_info, statistics, faq, sources;;false;02.06.2026;registration_open
kassel-marathon-2026;Kassel Marathon;20.09.2026;Kassel;Germany;Running;10 km, Half Marathon, Marathon;https://kassel-marathon.de/;0;high;13;entry_fee, registration_status, registration_deadline, start_time, cutoff, elevation, course_info, race_day_info, travel_info, weather_info, statistics, faq, sources;;false;02.06.2026;registration_open
finkenwerder-insellauf-2026;Finkenwerder Insellauf;06.06.2026;Hamburg;Germany;Running;5 km / 10 km / 20 km;https://www.finkenwerder-insellauf.de/;0;medium;13;entry_fee, registration_status, registration_deadline, start_time, cutoff, elevation, course_info, race_day_info, travel_info, weather_info, statistics, faq, sources;;false;02.06.2026;registration_open
panorama-baumwipfel-lauf-2026;Panorama-Baumwipfel-Lauf;13.06.2026;Oberschwarzach;Germany;Running;6 km / 12 km / 21 km;https://panorama-baumwipfel-lauf.de/;0;medium;13;entry_fee, registration_status, registration_deadline, start_time, cutoff, elevation, course_info, race_day_info, travel_info, weather_info, statistics, faq, sources;;false;02.06.2026;registration_open
ebbser-koasamarsch-2026;Ebbser Koasamarsch;13.06.2026;Ebbs;Austria;Ultramarathon;20 km / 33 km / 44 km;https://www.koasamarsch.at/;0;high;13;entry_fee, registration_status, registration_deadline, start_time, cutoff, elevation, course_info, race_day_info, travel_info, weather_info, statistics, faq, sources;;false;02.06.2026;registration_open
himmelgeister-bruckenlauf-2026;Himmelgeister Brückenlauf;13.06.2026;Düsseldorf;Germany;Running;11 km / 21 km;https://himmelgeister-brueckenlauf.de/;0;medium;13;entry_fee, registration_status, registration_deadline, start_time, cutoff, elevation, course_info, race_day_info, travel_info, weather_info, statistics, faq, sources;;false;02.06.2026;registration_open
glucklauf-2026;GlückLauf;13.06.2026;Salzgitter;Germany;Running;5 km / 10 km / 21 km;https://www.xn--glcklauf-75a.de/;0;medium;13;entry_fee, registration_status, registration_deadline, start_time, cutoff, elevation, course_info, race_day_info, travel_info, weather_info, statistics, faq, sources;;false;02.06.2026;registration_open
mendener-citylauf-mit-halbmarathon-2026;Mendener Citylauf mit Halbmarathon;14.06.2026;Menden;Germany;Running;5 km / 10 km / 21 km;https://www.menden-citylauf.de/;0;high;13;entry_fee, registration_status, registration_deadline, start_time, cutoff, elevation, course_info, race_day_info, travel_info, weather_info, statistics, faq, sources;;false;02.06.2026;registration_open
gorch-fock-lauf-2026;Gorch-Fock-Lauf;14.06.2026;Wilhelmshaven;Germany;Running;5 km / 10 km / 21 km / 42 km;https://gorch-fock-lauf.de/;0;medium;13;entry_fee, registration_status, registration_deadline, start_time, cutoff, elevation, course_info, race_day_info, travel_info, weather_info, statistics, faq, sources;;false;02.06.2026;registration_open
herzogstadtlauf-straubing-2026;Herzogstadtlauf Straubing;14.06.2026;Straubing;Germany;Running;2 km / 5 km / 10 km / 20 km;https://www.herzogstadtlauf.de/;0;medium;13;entry_fee, registration_status, registration_deadline, start_time, cutoff, elevation, course_info, race_day_info, travel_info, weather_info, statistics, faq, sources;;false;02.06.2026;registration_open
himmelswegelauf-2026;Himmelswegelauf;13.06.2026;Nebra;Germany;Running;10 km / 21 km / 42 km;https://www.himmelswegelauf.de/;0;medium;13;entry_fee, registration_status, registration_deadline, start_time, cutoff, elevation, course_info, race_day_info, travel_info, weather_info, statistics, faq, sources;;false;02.06.2026;registration_open
tschirgant-sky-run-2026;Tschirgant Sky Run;13.06.2026;Imst;Austria;Ultramarathon;17 km / 27 km / 43 km / 53 km;https://tschirgant-sky.run/;0;high;13;entry_fee, registration_status, registration_deadline, start_time, cutoff, elevation, course_info, race_day_info, travel_info, weather_info, statistics, faq, sources;;false;02.06.2026;registration_open
saarbruckenlauf-2026;saarBRÜCKENlauf;14.06.2026;Saarbrücken;Germany;Running;10 km / 20 km;https://www.saarbrueckenlauf.de/;0;medium;13;entry_fee, registration_status, registration_deadline, start_time, cutoff, elevation, course_info, race_day_info, travel_info, weather_info, statistics, faq, sources;;false;02.06.2026;registration_open
heidenheimer-sparkassen-stadtlauf-2026;Heidenheimer Sparkassen-Stadtlauf;14.06.2026;Heidenheim;Germany;Running;5 km / 10 km / 21 km;https://heidenheimer-stadtlauf.de/;0;medium;13;entry_fee, registration_status, registration_deadline, start_time, cutoff, elevation, course_info, race_day_info, travel_info, weather_info, statistics, faq, sources;;false;02.06.2026;registration_open
drebber-marathon-2026;Drebber Marathon;13.06.2026;Drebber;Germany;Running;5 km / 10 km / 21 km / 42 km;http://drebber-marathon.de/;0;high;13;entry_fee, registration_status, registration_deadline, start_time, cutoff, elevation, course_info, race_day_info, travel_info, weather_info, statistics, faq, sources;;false;02.06.2026;registration_open
eschathlon-der-eschborner-halbmarathon-2026;Eschathlon - Der Eschborner Halbmarathon;14.06.2026;Eschborn;Germany;Running;3 km / 10 km / 21 km;https://www.eschathlon.de/;0;high;13;entry_fee, registration_status, registration_deadline, start_time, cutoff, elevation, course_info, race_day_info, travel_info, weather_info, statistics, faq, sources;;false;02.06.2026;registration_open
hennefer-europalauf-2026;Hennefer Europalauf;20.06.2026;Hennef;Germany;Running;4 km / 7 km / 10 km / 21 km;https://europalauf.eu/;0;medium;13;entry_fee, registration_status, registration_deadline, start_time, cutoff, elevation, course_info, race_day_info, travel_info, weather_info, statistics, faq, sources;;false;02.06.2026;registration_open
rennsteig-staffellauf-2026;Rennsteig Staffellauf;20.06.2026;Hörschel;Germany;Ultramarathon;170 km;https://www.rennsteig-staffellauf.de/;0;high;13;entry_fee, registration_status, registration_deadline, start_time, cutoff, elevation, course_info, race_day_info, travel_info, weather_info, statistics, faq, sources;;false;02.06.2026;registration_open
skatstadtmarathon-2026;Skatstadtmarathon;13.06.2026;Altenburg;Germany;Running;5 km / 13 km / 21 km / 42 km;https://www.skatstadtmarathon.de/;0;high;13;entry_fee, registration_status, registration_deadline, start_time, cutoff, elevation, course_info, race_day_info, travel_info, weather_info, statistics, faq, sources;;false;02.06.2026;registration_open
barmstedter-stadtlauf-2026;Barmstedter Stadtlauf;14.06.2026;Barmstedt;Germany;Running;5 km / 10 km / 21 km;https://bmtv.de/sportangebote/veranstaltungen/stadtlauf;0;medium;13;entry_fee, registration_status, registration_deadline, start_time, cutoff, elevation, course_info, race_day_info, travel_info, weather_info, statistics, faq, sources;;false;02.06.2026;registration_open
sparkassen-metropolmarathon-2026;Sparkassen Metropolmarathon;14.06.2026;Fürth;Germany;Running;10 km / 21 km / 42 km;https://metropolmarathon.de/;0;high;13;entry_fee, registration_status, registration_deadline, start_time, cutoff, elevation, course_info, race_day_info, travel_info, weather_info, statistics, faq, sources;;false;02.06.2026;registration_open
sababurger-tierparklauf-2026;Sababurger Tierparklauf;21.06.2026;Hofgeismar-Sababurg;Germany;Running;5 km / 10 km / 21 km;https://www.tierparklauf.de/start/;0;medium;13;entry_fee, registration_status, registration_deadline, start_time, cutoff, elevation, course_info, race_day_info, travel_info, weather_info, statistics, faq, sources;;false;02.06.2026;registration_open
melibokuslauf-2026;Melibokuslauf;14.06.2026;Alsbach-Hähnlein;Germany;Running;10 km / 20 km;https://tv-alsbach.de/melibokuslauf/;0;medium;13;entry_fee, registration_status, registration_deadline, start_time, cutoff, elevation, course_info, race_day_info, travel_info, weather_info, statistics, faq, sources;;false;02.06.2026;registration_open
draisinenlauf-altenglan-2026;Draisinenlauf Altenglan;21.06.2026;Altenglan;Germany;Running;21 km;https://lsc-kusel.de/draisinenlauf/;0;medium;13;entry_fee, registration_status, registration_deadline, start_time, cutoff, elevation, course_info, race_day_info, travel_info, weather_info, statistics, faq, sources;;false;02.06.2026;registration_open
fichtelgebirgsmarathon-2026;Fichtelgebirgsmarathon;04.07.2026;Bad Alexandersbad;Germany;Running;10 km / 21 km / 42 km;https://fichtelgebirgsmarathon.de/;0;high;13;entry_fee, registration_status, registration_deadline, start_time, cutoff, elevation, course_info, race_day_info, travel_info, weather_info, statistics, faq, sources;;false;02.06.2026;registration_open
montafon-arlberg-marathon-2026;Montafon Arlberg Marathon;27.06.2026;St. Anton am Arlberg;Austria;Running;15 km / 33 km / 42 km;https://www.montafon.at/montafon-arlberg-marathon/de;0;high;13;entry_fee, registration_status, registration_deadline, start_time, cutoff, elevation, course_info, race_day_info, travel_info, weather_info, statistics, faq, sources;;false;02.06.2026;registration_open
flechtkulturlauf-obermain-2026;Flechtkulturlauf Obermain;20.06.2026;Lichtenfels;Germany;Running;5 km / 10 km;https://ascburgberg.de/flechtkulturlauf;0;medium;13;entry_fee, registration_status, registration_deadline, start_time, cutoff, elevation, course_info, race_day_info, travel_info, weather_info, statistics, faq, sources;;false;02.06.2026;registration_open
remmers-hasetal-marathon-2026;Remmers-Hasetal Marathon;27.06.2026;Löningen;Germany;Running;5 km / 10 km / 21 km / 42 km;https://remmers-hasetal-marathon.de/;0;high;13;entry_fee, registration_status, registration_deadline, start_time, cutoff, elevation, course_info, race_day_info, travel_info, weather_info, statistics, faq, sources;;false;02.06.2026;registration_open
gornergrat-zermatt-marathon-2026;Gornergrat Zermatt Marathon;04.07.2026;St. Niklaus;Switzerland;Ultramarathon;21 km / 22 km / 42 km / 46 km;https://www.zermattmarathon.ch/de;0;high;13;entry_fee, registration_status, registration_deadline, start_time, cutoff, elevation, course_info, race_day_info, travel_info, weather_info, statistics, faq, sources;;false;02.06.2026;registration_open
roruper-abendlauf-2026;Roruper Abendlauf;10.07.2026;Dülmen-Rorup;Germany;Running;3 km / 10 km / 21 km;https://www.rorup.net/lauftreff/;0;medium;13;entry_fee, registration_status, registration_deadline, start_time, cutoff, elevation, course_info, race_day_info, travel_info, weather_info, statistics, faq, sources;;false;02.06.2026;registration_open
eselsburger-tal-lauf-2026;Eselsburger-Tal-Lauf;05.07.2026;Herbrechtingen;Germany;Running;5 km / 10 km / 21 km;https://www.lauftreff-herbrechtingen.de/;0;medium;13;entry_fee, registration_status, registration_deadline, start_time, cutoff, elevation, course_info, race_day_info, travel_info, weather_info, statistics, faq, sources;;false;02.06.2026;registration_open
propotsdam-schlosserlauf-2026;ProPotsdam Schlösserlauf;07.06.2026;Potsdam;Germany;Running;10 km / 21 km;https://potsdam-schloesserlauf.de/;0;medium;13;entry_fee, registration_status, registration_deadline, start_time, cutoff, elevation, course_info, race_day_info, travel_info, weather_info, statistics, faq, sources;;false;02.06.2026;registration_open
sportscheck-run-munchen-2026;SportScheck RUN München;05.07.2026;München;Germany;Running;5 km / 10 km / 21 km;https://www.sportscheck.com/run.html;0;medium;13;entry_fee, registration_status, registration_deadline, start_time, cutoff, elevation, course_info, race_day_info, travel_info, weather_info, statistics, faq, sources;;false;02.06.2026;registration_open
gletschermarathon-pitztal-2026;Gletschermarathon Pitztal;05.07.2026;Sankt Leonhard im Pitztal;Austria;Running;6 km / 21 km / 42 km;https://www.pitztal.com/de/gletschermarathon.html;0;high;13;entry_fee, registration_status, registration_deadline, start_time, cutoff, elevation, course_info, race_day_info, travel_info, weather_info, statistics, faq, sources;;false;02.06.2026;registration_open
ermstal-marathon-2026;Ermstal-Marathon;12.07.2026;Metzingen;Germany;Running;8 km / 10 km / 21 km / 42 km;https://www.ermstal-marathon.de/;0;high;13;entry_fee, registration_status, registration_deadline, start_time, cutoff, elevation, course_info, race_day_info, travel_info, weather_info, statistics, faq, sources;;false;02.06.2026;registration_open
heizomat-altmuhlseelauf-2026;Heizomat Altmühlseelauf;18.07.2026;Gunzenhausen;Germany;Running;7 km / 21 km;https://www.altmuehlseelauf.de/;0;medium;13;entry_fee, registration_status, registration_deadline, start_time, cutoff, elevation, course_info, race_day_info, travel_info, weather_info, statistics, faq, sources;;false;02.06.2026;registration_open
kustenkanallauf-2026;Küstenkanallauf;04.07.2026;Friesoythe/Kampe;Germany;Running;6 km / 11 km / 22 km;https://www.kc-ikenbruegge.de/;0;medium;13;entry_fee, registration_status, registration_deadline, start_time, cutoff, elevation, course_info, race_day_info, travel_info, weather_info, statistics, faq, sources;;false;02.06.2026;registration_open
ottonenlauf-2026;Ottonenlauf;01.08.2026;Alexisbad;Germany;Ultramarathon;26 km / 45 km / 69 km;https://www.ottonenlauf.info/;0;high;13;entry_fee, registration_status, registration_deadline, start_time, cutoff, elevation, course_info, race_day_info, travel_info, weather_info, statistics, faq, sources;;false;02.06.2026;registration_open
altmuhl-jura-halbmarathon-2026;Altmühl-Jura Halbmarathon;26.07.2026;Greding;Germany;Running;5 km / 10 km / 21 km;https://www.greding.de/aj-halbmarathon/;0;high;13;entry_fee, registration_status, registration_deadline, start_time, cutoff, elevation, course_info, race_day_info, travel_info, weather_info, statistics, faq, sources;;false;02.06.2026;registration_open
rheingauer-halbmarathon-2026;Rheingauer Halbmarathon;26.07.2026;Oestrich-Winkel;Germany;Running;5 km / 10 km / 21 km;https://www.rieslinglauf.de/;0;high;13;entry_fee, registration_status, registration_deadline, start_time, cutoff, elevation, course_info, race_day_info, travel_info, weather_info, statistics, faq, sources;;false;02.06.2026;registration_open
marburger-nachtmarathon-2026;Marburger Nachtmarathon;03.07.2026;Marburg;Germany;Running;10 km, Half Marathon, Marathon;https://ultra-marburg.de/nachtmarathon/;0;high;13;entry_fee, registration_status, registration_deadline, start_time, cutoff, elevation, course_info, race_day_info, travel_info, weather_info, statistics, faq, sources;;false;02.06.2026;registration_open
wilhelmsfelder-kerwelauf-2026;Wilhelmsfelder Kerwelauf;05.07.2026;Wilhelmsfeld;Germany;Running;6 km / 10 km / 21 km;https://kerwelauf.de/;0;medium;13;entry_fee, registration_status, registration_deadline, start_time, cutoff, elevation, course_info, race_day_info, travel_info, weather_info, statistics, faq, sources;;false;02.06.2026;registration_open
marathon-rund-um-wellen-2026;Marathon rund um Wellen;02.08.2026;Wellen;Germany;Running;5 km / 11 km / 21 km / 42 km;https://www.wellen-marathon.de/;0;high;13;entry_fee, registration_status, registration_deadline, start_time, cutoff, elevation, course_info, race_day_info, travel_info, weather_info, statistics, faq, sources;;false;02.06.2026;registration_open
kapellenlauf-vorra-2026;Kapellenlauf Vorra;02.08.2026;Frensdorf;Germany;Running;10 km / 21 km;https://www.laufclub-vorra.de/;0;medium;13;entry_fee, registration_status, registration_deadline, start_time, cutoff, elevation, course_info, race_day_info, travel_info, weather_info, statistics, faq, sources;;false;02.06.2026;registration_open
eilenriederennen-hannover-2026;Eilenriederennen Hannover;30.08.2026;Hannover;Germany;Running;5 km / 10 km / 21 km;https://www.eilenriederennen.de/;0;medium;13;entry_fee, registration_status, registration_deadline, start_time, cutoff, elevation, course_info, race_day_info, travel_info, weather_info, statistics, faq, sources;;false;02.06.2026;registration_open
florstadt-halbmarathon-2026;FlorSTADT Halbmarathon;23.08.2026;Florstadt;Germany;Running;5 km / 10 km / 21 km;https://ltflorstadt.de/halbmarathon;0;high;13;entry_fee, registration_status, registration_deadline, start_time, cutoff, elevation, course_info, race_day_info, travel_info, weather_info, statistics, faq, sources;;false;02.06.2026;registration_open
borkumer-meilenlauf-2026;Borkumer Meilenlauf;05.09.2026;Borkum;Germany;Running;5 km / 10 km;https://www.borkumer-meilenlauf.de/;0;medium;13;entry_fee, registration_status, registration_deadline, start_time, cutoff, elevation, course_info, race_day_info, travel_info, weather_info, statistics, faq, sources;;false;02.06.2026;registration_open
rosengartenlauf-2026;Rosengartenlauf;23.08.2026;Rosengarten-Vahrendorf;Germany;Ultramarathon;5 km / 10 km / 21 km / 50 km;https://rosengartenlauf.de/;0;high;13;entry_fee, registration_status, registration_deadline, start_time, cutoff, elevation, course_info, race_day_info, travel_info, weather_info, statistics, faq, sources;;false;02.06.2026;registration_open
jungfrau-marathon-2026;Jungfrau Marathon;04.09.2026;Interlaken;Switzerland;Running;42 km;https://www.jungfrau-marathon.ch/de/index.html;0;high;13;entry_fee, registration_status, registration_deadline, start_time, cutoff, elevation, course_info, race_day_info, travel_info, weather_info, statistics, faq, sources;;false;02.06.2026;registration_open
steinhuder-meer-lauf-2026;Steinhuder-Meer-Lauf;05.09.2026;Neustadt am Rübenberge;Germany;Running;5 km / 10 km / 21 km;https://www.tsv-poggenhagen1946.de/;0;medium;13;entry_fee, registration_status, registration_deadline, start_time, cutoff, elevation, course_info, race_day_info, travel_info, weather_info, statistics, faq, sources;;false;02.06.2026;registration_open
city-marathon-bremerhaven-2026;City Marathon Bremerhaven;06.09.2026;Bremerhaven;Germany;Running;7 km / 10 km / 21 km / 42 km;https://www.bremerhaven-marathon.de/;0;high;13;entry_fee, registration_status, registration_deadline, start_time, cutoff, elevation, course_info, race_day_info, travel_info, weather_info, statistics, faq, sources;;false;02.06.2026;registration_open
borsig-halbmarathon-2026;BORSIG Halbmarathon;06.09.2026;Berlin;Germany;Running;5 km / 10 km / 21 km;https://borsighalbmarathon.de/;0;high;13;entry_fee, registration_status, registration_deadline, start_time, cutoff, elevation, course_info, race_day_info, travel_info, weather_info, statistics, faq, sources;;false;02.06.2026;registration_open
koberstadter-waldmarathon-2026;Koberstädter Waldmarathon;30.08.2026;Egelsbach;Germany;Running;10 km / 21 km;https://www.koberstaedter-marathon.de/;0;high;13;entry_fee, registration_status, registration_deadline, start_time, cutoff, elevation, course_info, race_day_info, travel_info, weather_info, statistics, faq, sources;;false;02.06.2026;registration_open
burgwald-marchen-marathon-2026;Burgwald Märchen Marathon;30.08.2026;Rauschenberg;Germany;Running;5 km / 10 km / 21 km / 32 km;https://bmm-rauschenberg.de/;0;high;13;entry_fee, registration_status, registration_deadline, start_time, cutoff, elevation, course_info, race_day_info, travel_info, weather_info, statistics, faq, sources;;false;02.06.2026;registration_open
fehmarn-marathon-2026;Fehmarn Marathon;05.09.2026;Fehmarn;Germany;Running;5 km / 11 km / 21 km / 42 km;https://fehmarn-marathon.de/;0;high;13;entry_fee, registration_status, registration_deadline, start_time, cutoff, elevation, course_info, race_day_info, travel_info, weather_info, statistics, faq, sources;;false;02.06.2026;registration_open
flensburg-liebt-dich-marathon-2026;Flensburg liebt dich Marathon;06.09.2026;Flensburg;Germany;Running;5 km / 10 km / 21 km / 42 km;https://flensburg-marathon.de/;0;high;13;entry_fee, registration_status, registration_deadline, start_time, cutoff, elevation, course_info, race_day_info, travel_info, weather_info, statistics, faq, sources;;false;02.06.2026;registration_open
swb-bremen-marathon-2026;swb Bremen Marathon;13.09.2026;Bremen;Germany;Running;10 km / 21 km / 42 km;https://swb-marathon.com/;0;high;13;entry_fee, registration_status, registration_deadline, start_time, cutoff, elevation, course_info, race_day_info, travel_info, weather_info, statistics, faq, sources;;false;02.06.2026;registration_open
frankische-schweiz-marathon-2026;Fränkische Schweiz Marathon;06.09.2026;Ebermannstadt;Germany;Running;10 km / 21 km / 42 km;https://www.fs-marathon.de/;0;high;13;entry_fee, registration_status, registration_deadline, start_time, cutoff, elevation, course_info, race_day_info, travel_info, weather_info, statistics, faq, sources;;false;02.06.2026;registration_open
pfalzerwald-marathon-2026;Pfälzerwald Marathon;12.09.2026;Pirmasens;Germany;Running;21 km / 42 km;https://www.pfaelzerwald-marathon.de/;0;high;13;entry_fee, registration_status, registration_deadline, start_time, cutoff, elevation, course_info, race_day_info, travel_info, weather_info, statistics, faq, sources;;false;02.06.2026;registration_open
wep-strom-lauf-2026;wep-Strom Lauf;13.09.2026;Hückelhoven;Germany;Running;5 km / 10 km / 21 km / 42 km;http://www.wepstrom-lauf.de/;0;medium;13;entry_fee, registration_status, registration_deadline, start_time, cutoff, elevation, course_info, race_day_info, travel_info, weather_info, statistics, faq, sources;;false;02.06.2026;registration_open
friedberger-halbmarathon-2026;Friedberger Halbmarathon;13.09.2026;Friedberg i.Bayern;Germany;Running;21 km;https://www.halbmarathon-friedberg.de/;0;high;13;entry_fee, registration_status, registration_deadline, start_time, cutoff, elevation, course_info, race_day_info, travel_info, weather_info, statistics, faq, sources;;false;02.06.2026;registration_open
ebm-papst-marathon-2026;ebm-papst Marathon;13.09.2026;Niedernhall;Germany;Running;5 km / 10 km / 21 km / 42 km;https://www.ebmpapst-marathon.de/de/de/home.html;0;high;13;entry_fee, registration_status, registration_deadline, start_time, cutoff, elevation, course_info, race_day_info, travel_info, weather_info, statistics, faq, sources;;false;02.06.2026;registration_open
schweriner-funf-seen-lauf-2026;Schweriner Fünf-Seen-Lauf;04.07.2026;Schwerin;Germany;Running;5 km / 10 km / 15 km / 21 km;https://www.fuenf-seen-lauf.de/;0;medium;13;entry_fee, registration_status, registration_deadline, start_time, cutoff, elevation, course_info, race_day_info, travel_info, weather_info, statistics, faq, sources;;false;02.06.2026;registration_open
ahrathon-erlebnislauf-2026;Ahrathon Erlebnislauf;13.06.2026;Bad Neuenahr-Ahrweiler;Germany;Running;5 km / 12 km / 21 km / 42 km;https://ahrathon.de/;0;medium;13;entry_fee, registration_status, registration_deadline, start_time, cutoff, elevation, course_info, race_day_info, travel_info, weather_info, statistics, faq, sources;;false;02.06.2026;registration_open
schapener-volkslauf-2026;Schapener Volkslauf;06.09.2026;Braunschweig;Germany;Running;6 km / 10 km / 21 km;https://www.volkslauf-schapen.de/;0;medium;13;entry_fee, registration_status, registration_deadline, start_time, cutoff, elevation, course_info, race_day_info, travel_info, weather_info, statistics, faq, sources;;false;02.06.2026;registration_open
bodensee-marathon-2026;Bodensee Marathon;19.09.2026;Kressbronn;Germany;Running;10 km / 21 km / 42 km;https://www.bodensee-marathon.de/;0;high;13;entry_fee, registration_status, registration_deadline, start_time, cutoff, elevation, course_info, race_day_info, travel_info, weather_info, statistics, faq, sources;;false;02.06.2026;registration_open
wachau-marathon-2026;Wachau Marathon;13.09.2026;Krems;Austria;Running;11 km / 21 km / 42 km;https://www.wachaumarathon.com/;0;high;13;entry_fee, registration_status, registration_deadline, start_time, cutoff, elevation, course_info, race_day_info, travel_info, weather_info, statistics, faq, sources;;false;02.06.2026;registration_open
trail-marathon-heidelberg-2026;Trail Marathon Heidelberg;20.09.2026;Heidelberg;Germany;Ultramarathon;20 km / 30 km / 45 km;https://www.trailmarathon-heidelberg.de/;0;high;13;entry_fee, registration_status, registration_deadline, start_time, cutoff, elevation, course_info, race_day_info, travel_info, weather_info, statistics, faq, sources;;false;02.06.2026;registration_open
brauereienlauf-2026;Brauereienlauf;19.09.2026;Litzendorf;Germany;Running;10 km / 21 km;https://brauereienlauf.de/;0;medium;13;entry_fee, registration_status, registration_deadline, start_time, cutoff, elevation, course_info, race_day_info, travel_info, weather_info, statistics, faq, sources;;false;02.06.2026;registration_open
sparkassen-kustenmarathon-2026;Sparkassen - Küstenmarathon;20.09.2026;Otterndorf;Germany;Running;5 km / 10 km / 25 km / 42 km;https://www.kuestenmarathon.de/;0;high;13;entry_fee, registration_status, registration_deadline, start_time, cutoff, elevation, course_info, race_day_info, travel_info, weather_info, statistics, faq, sources;;false;02.06.2026;registration_open
altstadtlauf-salzwedel-2026;Altstadtlauf Salzwedel;20.09.2026;Salzwedel;Germany;Running;5 km / 10 km / 21 km;https://www.altstadtlauf-salzwedel.de/;0;medium;13;entry_fee, registration_status, registration_deadline, start_time, cutoff, elevation, course_info, race_day_info, travel_info, weather_info, statistics, faq, sources;;false;02.06.2026;registration_open
schuster-tegernseelauf-2026;Schuster Tegernseelauf;20.09.2026;Gmund am Tegernsee;Germany;Running;5 km / 10 km / 21 km;https://tegernseelauf.de/;0;medium;13;entry_fee, registration_status, registration_deadline, start_time, cutoff, elevation, course_info, race_day_info, travel_info, weather_info, statistics, faq, sources;;false;02.06.2026;registration_open
taubertal-100-2026;Taubertal 100;03.10.2026;Rothenburg ob der Tauber;Germany;Ultramarathon;50 km / 70 km / 100 km / 100 Miles;https://www.taubertal100.de/;0;high;13;entry_fee, registration_status, registration_deadline, start_time, cutoff, elevation, course_info, race_day_info, travel_info, weather_info, statistics, faq, sources;;false;08.06.2026;registration_open
baden-marathon-karlsruhe-2026;Baden Marathon Karlsruhe;20.09.2026;Karlsruhe;Germany;Running;14 km / 21 km / 42 km;https://www.badenmarathon.de/;0;high;13;entry_fee, registration_status, registration_deadline, start_time, cutoff, elevation, course_info, race_day_info, travel_info, weather_info, statistics, faq, sources;;false;02.06.2026;registration_open
einstein-marathon-2026;Einstein Marathon;27.09.2026;Ulm;Germany;Running;5 km / 10 km / 21 km / 42 km;https://einsteinmarathon.de/;0;high;13;entry_fee, registration_status, registration_deadline, start_time, cutoff, elevation, course_info, race_day_info, travel_info, weather_info, statistics, faq, sources;;false;02.06.2026;registration_open
halbmarathon-altotting-2026;Halbmarathon Altötting;20.09.2026;Altötting;Germany;Running;6 km / 21 km;https://www.halbmarathon.de/;0;high;13;entry_fee, registration_status, registration_deadline, start_time, cutoff, elevation, course_info, race_day_info, travel_info, weather_info, statistics, faq, sources;;false;02.06.2026;registration_open
schwarzwald-marathon-2026;Schwarzwald Marathon;10.10.2026;Bräunlingen;Germany;Running;5 km / 10 km / 21 km / 42 km;https://www.schwarzwaldmarathon.de/;0;high;13;entry_fee, registration_status, registration_deadline, start_time, cutoff, elevation, course_info, race_day_info, travel_info, weather_info, statistics, faq, sources;;false;02.06.2026;registration_open
kaisermarathon-2026;Kaisermarathon;10.10.2026;Söll;Austria;Running;42 km;https://www.tourdetirol.com/;0;high;13;entry_fee, registration_status, registration_deadline, start_time, cutoff, elevation, course_info, race_day_info, travel_info, weather_info, statistics, faq, sources;;false;02.06.2026;registration_open
karntner-marathon-2026;Kärntner Marathon;27.09.2026;Feldkirchen;Austria;Ultramarathon;11 km / 21 km / 42 km / 50 km;https://internationaler-kaernten-marathon.at/;0;high;13;entry_fee, registration_status, registration_deadline, start_time, cutoff, elevation, course_info, race_day_info, travel_info, weather_info, statistics, faq, sources;;false;02.06.2026;registration_open
fulda-marathon-2026;Fulda Marathon;06.09.2026;Fulda;Germany;Running;5 km / 10 km / 21 km;https://fulda-marathon.de/;0;high;13;entry_fee, registration_status, registration_deadline, start_time, cutoff, elevation, course_info, race_day_info, travel_info, weather_info, statistics, faq, sources;;false;02.06.2026;registration_open
eindhoven-marathon-2026;Eindhoven Marathon;11.10.2026;Eindhoven;Netherlands;Running;5 km / 10 km / 21 km / 42 km;https://asmlmarathoneindhoven.nl/en/;0;high;13;entry_fee, registration_status, registration_deadline, start_time, cutoff, elevation, course_info, race_day_info, travel_info, weather_info, statistics, faq, sources;;false;02.06.2026;registration_open
graz-marathon-2026;Graz Marathon;11.10.2026;Graz;Austria;Running;10 km / 21 km / 42 km;https://www.grazmarathon.at/;0;high;13;entry_fee, registration_status, registration_deadline, start_time, cutoff, elevation, course_info, race_day_info, travel_info, weather_info, statistics, faq, sources;;false;02.06.2026;registration_open
ribe-citylauf-schwabach-2026;RIBE Citylauf Schwabach;11.10.2026;Schwabach;Germany;Running;5 km / 10 km / 21 km;https://schwabacher-citylauf.de/;0;medium;13;entry_fee, registration_status, registration_deadline, start_time, cutoff, elevation, course_info, race_day_info, travel_info, weather_info, statistics, faq, sources;;false;02.06.2026;registration_open
marathon-munchen-by-brooks-2026;Marathon München by Brooks;11.10.2026;München;Germany;Running;10 km / 21 km / 42 km;https://marathonmuenchen.org/;46;high;7;entry_fee, registration_deadline, start_time, cutoff, elevation, race_day_info, faq;registration_status, course_info, travel_info, weather_info, statistics, sources;true;2026-06-30;verified_official_source
hachenburg-lowen-marathon-2026;Hachenburg Löwen Marathon;17.10.2026;Hachenburg;Germany;Running;6 km / 11 km / 21 km;https://www.loewenlauf-hachenburg.de/;0;high;13;entry_fee, registration_status, registration_deadline, start_time, cutoff, elevation, course_info, race_day_info, travel_info, weather_info, statistics, faq, sources;;false;02.06.2026;registration_open
drei-talsperren-marathon-2026;Drei-Talsperren Marathon;19.09.2026;Eibenstock;Germany;Running;8 km / 21 km / 42 km;https://drei-talsperren-marathon.de/;0;high;13;entry_fee, registration_status, registration_deadline, start_time, cutoff, elevation, course_info, race_day_info, travel_info, weather_info, statistics, faq, sources;;false;02.06.2026;registration_open
leipzig-run-2026;Leipzig RUN;11.10.2026;Leipzig;Germany;Running;10 km / 21 km;https://leipzigrun.maximalpuls.com/;0;medium;13;entry_fee, registration_status, registration_deadline, start_time, cutoff, elevation, course_info, race_day_info, travel_info, weather_info, statistics, faq, sources;;false;02.06.2026;registration_open
filderstadt-halbmarathon-2026;Filderstadt-Halbmarathon;18.10.2026;Filderstadt;Germany;Running;10 km / 21 km;https://www.filderstadt-halbmarathon.de/;0;high;13;entry_fee, registration_status, registration_deadline, start_time, cutoff, elevation, course_info, race_day_info, travel_info, weather_info, statistics, faq, sources;;false;02.06.2026;registration_open
swiss-city-marathon-lucerne-2026;Swiss City Marathon Lucerne;25.10.2026;Luzern;Switzerland;Running;10 km / 21 km / 42 km;https://www.swisscitymarathon.ch/;0;high;13;entry_fee, registration_status, registration_deadline, start_time, cutoff, elevation, course_info, race_day_info, travel_info, weather_info, statistics, faq, sources;;false;02.06.2026;registration_open
westenergie-marathon-2026;Westenergie Marathon;11.10.2026;Essen;Germany;Running;17 km / 42 km;https://westenergie-marathon.de/;0;high;13;entry_fee, registration_status, registration_deadline, start_time, cutoff, elevation, course_info, race_day_info, travel_info, weather_info, statistics, faq, sources;;false;02.06.2026;registration_open
braunschweiger-lauftage-2026;Braunschweiger Lauftage;25.10.2026;Braunschweig;Germany;Running;5 km / 10 km / 21 km;https://www.braunschweiger-lauftage.de/;0;medium;13;entry_fee, registration_status, registration_deadline, start_time, cutoff, elevation, course_info, race_day_info, travel_info, weather_info, statistics, faq, sources;;false;02.06.2026;registration_open
usedom-marathon-2026;Usedom Marathon;05.09.2026;Wolgast;Germany;Running;21 km / 42 km;https://usedom-marathon.com/;0;high;13;entry_fee, registration_status, registration_deadline, start_time, cutoff, elevation, course_info, race_day_info, travel_info, weather_info, statistics, faq, sources;;false;02.06.2026;registration_open
aschaffenburger-sparkassen-halbmarathon-2026;Aschaffenburger Sparkassen Halbmarathon;04.10.2026;Aschaffenburg;Germany;Running;21 km;https://hm-ab.de/;0;high;13;entry_fee, registration_status, registration_deadline, start_time, cutoff, elevation, course_info, race_day_info, travel_info, weather_info, statistics, faq, sources;;false;02.06.2026;registration_open
chiemgau-trail-run-2026;Chiemgau Trail Run;24.10.2026;Marquartstein;Germany;Ultramarathon;10 km / 21 km / 42 km / 60 km;https://chiemgau-trail-run.de/;0;high;13;entry_fee, registration_status, registration_deadline, start_time, cutoff, elevation, course_info, race_day_info, travel_info, weather_info, statistics, faq, sources;;false;02.06.2026;registration_open
karneval-marathon-koln-2026;Karneval Marathon Köln;11.11.2026;Köln;Germany;Running;42 km;https://www.karneval-marathon.de/;0;high;13;entry_fee, registration_status, registration_deadline, start_time, cutoff, elevation, course_info, race_day_info, travel_info, weather_info, statistics, faq, sources;;false;02.06.2026;registration_open
sportscheck-run-nurnberg-2026;SportScheck RUN Nürnberg;25.10.2026;Nürnberg;Germany;Running;6 km / 10 km / 21 km;https://www.sportscheck.com/run.html;0;medium;13;entry_fee, registration_status, registration_deadline, start_time, cutoff, elevation, course_info, race_day_info, travel_info, weather_info, statistics, faq, sources;;false;02.06.2026;registration_open
lausanne-marathon-2026;Lausanne Marathon;25.10.2026;Lausanne;Switzerland;Running;10 km / 21 km / 42 km;https://de.lausanne-marathon.com/;0;high;13;entry_fee, registration_status, registration_deadline, start_time, cutoff, elevation, course_info, race_day_info, travel_info, weather_info, statistics, faq, sources;;false;02.06.2026;registration_open
schloss-marienburg-marathon-2026;Schloss Marienburg Marathon;21.11.2026;Nordstemmen-Adensen;Germany;Running;21 km / 42 km;https://www.schloss-marienburg-marathon.de/;0;high;13;entry_fee, registration_status, registration_deadline, start_time, cutoff, elevation, course_info, race_day_info, travel_info, weather_info, statistics, faq, sources;;false;02.06.2026;registration_open
rontgenlauf-2026;Röntgenlauf;25.10.2026;Remscheid;Germany;Running;5 km, 10 km, Half Marathon, Marathon;https://www.roentgenlauf.de/;0;high;13;entry_fee, registration_status, registration_deadline, start_time, cutoff, elevation, course_info, race_day_info, travel_info, weather_info, statistics, faq, sources;;false;02.06.2026;registration_open
siebengebirgsmarathon-2026;Siebengebirgsmarathon;06.12.2026;Bad Honnef;Germany;Running;21 km / 42 km;https://siebengebirgsmarathon.net/;0;high;13;entry_fee, registration_status, registration_deadline, start_time, cutoff, elevation, course_info, race_day_info, travel_info, weather_info, statistics, faq, sources;;false;02.06.2026;registration_open
zurich-marathon-2027;Zürich Marathon;11.04.2027;Zürich;Switzerland;Running;10 km / 21 km / 42 km;https://www.zuerichmarathon.ch/;0;high;13;entry_fee, registration_status, registration_deadline, start_time, cutoff, elevation, course_info, race_day_info, travel_info, weather_info, statistics, faq, sources;;false;02.06.2026;registration_open
falke-rothaarsteig-marathon-2026;Falke Rothaarsteig Marathon;17.10.2026;Fleckenberg;Germany;Running;12 km / 21 km / 22 km / 42 km;https://rothaarsteig-marathon.de/;0;high;13;entry_fee, registration_status, registration_deadline, start_time, cutoff, elevation, course_info, race_day_info, travel_info, weather_info, statistics, faq, sources;;false;02.06.2026;registration_open
oldenburg-marathon-2026;Oldenburg Marathon;25.10.2026;Edewecht;Germany;Running;5 km / 10 km / 21 km / 42 km;https://oldenburg-marathon.de/;0;high;13;entry_fee, registration_status, registration_deadline, start_time, cutoff, elevation, course_info, race_day_info, travel_info, weather_info, statistics, faq, sources;;false;02.06.2026;registration_open
mein-freiburg-marathon-2027;Mein Freiburg Marathon;04.04.2027;Freiburg;Germany;Running;3 km / 10 km / 21 km / 42 km;https://www.mein-freiburgmarathon.de/;0;high;13;entry_fee, registration_status, registration_deadline, start_time, cutoff, elevation, course_info, race_day_info, travel_info, weather_info, statistics, faq, sources;;false;02.06.2026;registration_open
winterstaffel-pulheim-2027;Winterstaffel Pulheim;31.01.2027;Pulheim;Germany;Running;5 km / 10 km / 21 km / 42 km;https://www.winterstaffel.de/;0;medium;13;entry_fee, registration_status, registration_deadline, start_time, cutoff, elevation, course_info, race_day_info, travel_info, weather_info, statistics, faq, sources;;false;02.06.2026;registration_open
uniper-marathon-dusseldorf-2027;uniper Marathon Düsseldorf;18.04.2027;Düsseldorf;Germany;Running;21 km / 42 km;https://www.uniper-duesseldorfmarathon.de/;38;high;8;entry_fee, registration_deadline, start_time, cutoff, elevation, race_day_info, statistics, faq;registration_status, course_info, travel_info, weather_info, sources;true;2026-06-30;verified_official_source
adac-marathon-hannover-2027;ADAC Marathon Hannover;11.04.2027;Hannover;Germany;Running;10 km / Half Marathon / Marathon / 42.195 km;https://www.marathon-hannover.de/;38;high;8;entry_fee, registration_status, registration_deadline, start_time, cutoff, elevation, race_day_info, faq;course_info, travel_info, weather_info, statistics, sources;true;2026-06-30;partially_verified
frauenfelder-marathon-2026;Frauenfelder Marathon;15.11.2026;Frauenfeld;Switzerland;Running;21 km / 42 km;https://derfrauenfelder.ch/;0;high;13;entry_fee, registration_status, registration_deadline, start_time, cutoff, elevation, course_info, race_day_info, travel_info, weather_info, statistics, faq, sources;;false;02.06.2026;registration_open
tangermunder-elbdeichmarathon-2027;Tangermünder Elbdeichmarathon;18.04.2027;Tangermünde;Germany;Running;10 km / 21 km / 42 km;https://www.elbdeichmarathon.de/;0;high;13;entry_fee, registration_status, registration_deadline, start_time, cutoff, elevation, course_info, race_day_info, travel_info, weather_info, statistics, faq, sources;;false;02.06.2026;registration_open
saaletal-marathon-2027;Saaletal Marathon;10.04.2027;Ramsthal;Germany;Running;10 km / 21 km / 33 km / 42 km;https://saaletal-marathon.de/;0;high;13;entry_fee, registration_status, registration_deadline, start_time, cutoff, elevation, course_info, race_day_info, travel_info, weather_info, statistics, faq, sources;;false;02.06.2026;registration_open
ring-running-series-2026;Ring Running Series;21.11.2026;Hockenheim;Germany;Running;21 km / 42 km;https://ringrunningseries.com/;0;medium;13;entry_fee, registration_status, registration_deadline, start_time, cutoff, elevation, course_info, race_day_info, travel_info, weather_info, statistics, faq, sources;;false;02.06.2026;registration_open
rursee-marathon-2026;Rursee Marathon;08.11.2026;Simmerath;Germany;Ultramarathon;17 km / 42 km / 52 km;https://rursee-marathon.de/;0;high;13;entry_fee, registration_status, registration_deadline, start_time, cutoff, elevation, course_info, race_day_info, travel_info, weather_info, statistics, faq, sources;;false;02.06.2026;registration_open
salvus-teekottenlauf-2027;Salvus-Teekottenlauf;23.04.2027;Emsdetten;Germany;Running;5 km / 10 km / 21 km;https://www.salvus-teekottenlauf.de/;0;medium;13;entry_fee, registration_status, registration_deadline, start_time, cutoff, elevation, course_info, race_day_info, travel_info, weather_info, statistics, faq, sources;;false;02.06.2026;registration_open
leipzig-marathon-2027;Leipzig Marathon;18.04.2027;Leipzig;Germany;Running;4 km / 10 km / 21 km / 42 km;https://leipzigmarathon.de/;0;high;13;entry_fee, registration_status, registration_deadline, start_time, cutoff, elevation, course_info, race_day_info, travel_info, weather_info, statistics, faq, sources;;false;02.06.2026;registration_open
vienna-city-marathon-2027;Vienna City Marathon;18.04.2027;Vienna;Austria;Running;Half Marathon / Marathon / 42.195 km;https://www.vienna-marathon.com/;0;high;13;entry_fee, registration_status, registration_deadline, start_time, cutoff, elevation, course_info, race_day_info, travel_info, weather_info, statistics, faq, sources;;false;03.06.2026;registration_open
cuxhaven-marathon-2027;Cuxhaven Marathon;02.05.2027;Cuxhaven;Germany;Running;6 km / 10 km / 21 km / 32 km;https://www.cuxhaven-marathon.de/;0;high;13;entry_fee, registration_status, registration_deadline, start_time, cutoff, elevation, course_info, race_day_info, travel_info, weather_info, statistics, faq, sources;;false;02.06.2026;registration_open
obermain-marathon-2027;Obermain Marathon;11.04.2027;Bad Staffelstein;Germany;Running;13 km / 21 km / 42 km;https://www.obermain-marathon.de/;0;high;13;entry_fee, registration_status, registration_deadline, start_time, cutoff, elevation, course_info, race_day_info, travel_info, weather_info, statistics, faq, sources;;false;02.06.2026;registration_open
spreewald-marathon-2027;Spreewald Marathon;25.04.2027;Burg;Germany;Running;10 km / 21 km / 42 km;https://spreewaldmarathon.de/wpswm/;0;high;13;entry_fee, registration_status, registration_deadline, start_time, cutoff, elevation, course_info, race_day_info, travel_info, weather_info, statistics, faq, sources;;false;02.06.2026;registration_open
marathon-deutsche-weinstrasse-2028;Marathon Deutsche Weinstraße;02.04.2028;Bockenheim;Germany;Running;21 km / 42 km;https://www.marathon-deutsche-weinstrasse.de/;0;high;13;entry_fee, registration_status, registration_deadline, start_time, cutoff, elevation, course_info, race_day_info, travel_info, weather_info, statistics, faq, sources;;false;02.06.2026;registration_open
9-super-cross-sprint-triathlon-2026;9. Super-Cross-Sprint Triathlon;07.06.2026;Merzig;Germany;Triathlon;Sprint;http://www.tri-sport.de/;0;medium;13;entry_fee, registration_status, registration_deadline, start_time, cutoff, elevation, course_info, race_day_info, travel_info, weather_info, statistics, faq, sources;;false;02.06.2026;registration_open
puma-salzburg-marathon-2027;PUMA Salzburg Marathon;23.05.2027;Salzburg;Austria;Running;5 km / 7 km / 10 km / 21 km;https://salzburg-marathon.at/de/;0;high;13;entry_fee, registration_status, registration_deadline, start_time, cutoff, elevation, course_info, race_day_info, travel_info, weather_info, statistics, faq, sources;;false;02.06.2026;registration_open
ryzon-bonn-triathlon-2026;RYZON Bonn Triathlon;07.06.2026;Bonn;Germany;Triathlon;Triathlon;https://www.bonn-triathlon.de/;0;medium;13;entry_fee, registration_status, registration_deadline, start_time, cutoff, elevation, course_info, race_day_info, travel_info, weather_info, statistics, faq, sources;;false;02.06.2026;registration_open
17-burgwald-triathlon-2026;17. Burgwald-Triathlon;07.06.2026;Burgwald;Germany;Triathlon;Triathlon;http://www.burgwald-triathlon.de/;0;medium;13;entry_fee, registration_status, registration_deadline, start_time, cutoff, elevation, course_info, race_day_info, travel_info, weather_info, statistics, faq, sources;;false;02.06.2026;registration_open
16-gsystems-koberbachtal-triathlon-od-and-jd-2026;16. GSYSTEMS-Koberbachtal-Triathlon - OD & JD;06.06.2026;Werdau/ OT Langenhessen;Germany;Triathlon;Olympic;https://www.koberbachtal-triathlon.de/;0;medium;13;entry_fee, registration_status, registration_deadline, start_time, cutoff, elevation, course_info, race_day_info, travel_info, weather_info, statistics, faq, sources;;false;02.06.2026;registration_open
enni-triathlon-moers-2026;Enni Triathlon Moers;07.06.2026;Moers;Germany;Triathlon;Triathlon;https://www.enni-triathlon.de/;0;medium;13;entry_fee, registration_status, registration_deadline, start_time, cutoff, elevation, course_info, race_day_info, travel_info, weather_info, statistics, faq, sources;;false;02.06.2026;registration_open
24-meerenergie-triathlon-bokeloh-2026;24. Meerenergie Triathlon Bokeloh;07.06.2026;Wunstorf;Germany;Triathlon;Triathlon;https://www.svbutteramt.de/;0;medium;13;entry_fee, registration_status, registration_deadline, start_time, cutoff, elevation, course_info, race_day_info, travel_info, weather_info, statistics, faq, sources;;false;02.06.2026;registration_open
vr-bank-triathlon-heilbronn-powered-by-audi-2026;VR Bank Triathlon Heilbronn powered by Audi;14.06.2026;Heilbronn;Germany;Triathlon;Triathlon;https://www.triathlon-heilbronn.de/;0;medium;13;entry_fee, registration_status, registration_deadline, start_time, cutoff, elevation, course_info, race_day_info, travel_info, weather_info, statistics, faq, sources;;false;02.06.2026;registration_open
12-feuchtwanger-triathlon-2026;12. Feuchtwanger Triathlon;14.06.2026;Feuchtwangen;Germany;Triathlon;Triathlon;https://www.triathlon-feuchtwangen.de/;0;medium;13;entry_fee, registration_status, registration_deadline, start_time, cutoff, elevation, course_info, race_day_info, travel_info, weather_info, statistics, faq, sources;;false;02.06.2026;registration_open
39-kallmunzer-sparkassen-triathlon-2026;39. Kallmünzer Sparkassen-Triathlon;13.06.2026;Kallmünz;Germany;Triathlon;Triathlon;https://www.atsv-kallmuenz.de/triathlon/;0;medium;13;entry_fee, registration_status, registration_deadline, start_time, cutoff, elevation, course_info, race_day_info, travel_info, weather_info, statistics, faq, sources;;false;02.06.2026;registration_open
3-oste-triathlon-bremervorde-2026;3. Oste-Triathlon Bremervörde;14.06.2026;Bremervörde;Germany;Triathlon;Triathlon;https://www.oste-sport.de/;0;medium;13;entry_fee, registration_status, registration_deadline, start_time, cutoff, elevation, course_info, race_day_info, travel_info, weather_info, statistics, faq, sources;;false;02.06.2026;registration_open
9-cottbuser-ostsee-triathlon-2026;9. Cottbuser Ostsee-Triathlon;14.06.2026;Teichland;Germany;Triathlon;Triathlon;http://tsv-cottbus.de/;0;medium;13;entry_fee, registration_status, registration_deadline, start_time, cutoff, elevation, course_info, race_day_info, travel_info, weather_info, statistics, faq, sources;;false;02.06.2026;registration_open
havelberg-triathlon-2026-2026;Havelberg Triathlon 2026;06.06.2026;Havelberg;Germany;Triathlon;Triathlon;https://www.havelbergtriathlon.de/;0;medium;13;entry_fee, registration_status, registration_deadline, start_time, cutoff, elevation, course_info, race_day_info, travel_info, weather_info, statistics, faq, sources;;false;02.06.2026;registration_open
lifestyle-wurzburg-triathlon-2026;Lifestyle Würzburg Triathlon;14.06.2026;Erlabrunn;Germany;Triathlon;Triathlon;https://www.wuerzburg-triathlon.de/;0;medium;13;entry_fee, registration_status, registration_deadline, start_time, cutoff, elevation, course_info, race_day_info, travel_info, weather_info, statistics, faq, sources;;false;02.06.2026;registration_open
25-sternberger-triathlon-2026;25. Sternberger Triathlon;14.06.2026;Sternberg;Germany;Triathlon;Triathlon;http://www.sternberger-triathlon.de/;0;medium;13;entry_fee, registration_status, registration_deadline, start_time, cutoff, elevation, course_info, race_day_info, travel_info, weather_info, statistics, faq, sources;;false;02.06.2026;registration_open
35-reiling-triathlon-harsewinkel-2026;35. Reiling-Triathlon Harsewinkel;07.06.2026;Harsewinkel;Germany;Triathlon;Triathlon;https://trispeed.de/;0;medium;13;entry_fee, registration_status, registration_deadline, start_time, cutoff, elevation, course_info, race_day_info, travel_info, weather_info, statistics, faq, sources;;false;02.06.2026;registration_open
33-mussbach-triathlon-2026;33. Mußbach Triathlon;14.06.2026;Neustadt;Germany;Triathlon;Triathlon;https://tv-mussbach.de/;0;medium;13;entry_fee, registration_status, registration_deadline, start_time, cutoff, elevation, course_info, race_day_info, travel_info, weather_info, statistics, faq, sources;;false;02.06.2026;registration_open
12-ockstadter-cross-triathlon-im-kirschenberg-2026;12. Ockstädter Cross Triathlon im Kirschenberg;20.06.2026;Friedberg-Ockstadt;Germany;Triathlon;Triathlon;http://www.cross-triathlon-ockstadt.de/;0;medium;13;entry_fee, registration_status, registration_deadline, start_time, cutoff, elevation, course_info, race_day_info, travel_info, weather_info, statistics, faq, sources;;false;02.06.2026;registration_open
audi-triathlon-ingolstadt-powered-by-buchl-2026;Audi Triathlon Ingolstadt powered by BÜCHL;14.06.2026;Ingolstadt;Germany;Triathlon;Triathlon;https://triathlon-ingolstadt.de/;0;medium;13;entry_fee, registration_status, registration_deadline, start_time, cutoff, elevation, course_info, race_day_info, travel_info, weather_info, statistics, faq, sources;;false;02.06.2026;registration_open
nymphensee-triathlon-2026;Nymphensee Triathlon;14.06.2026;Brieselang;Germany;Triathlon;Triathlon;https://nymphensee-triathlon.de/;0;medium;13;entry_fee, registration_status, registration_deadline, start_time, cutoff, elevation, course_info, race_day_info, travel_info, weather_info, statistics, faq, sources;;false;02.06.2026;registration_open
7-turme-triathlon-2026-2026;7 Türme Triathlon 2026;14.06.2026;Lübeck;Germany;Triathlon;Triathlon;https://www.7-tuerme-triathlon.de/;0;medium;13;entry_fee, registration_status, registration_deadline, start_time, cutoff, elevation, course_info, race_day_info, travel_info, weather_info, statistics, faq, sources;;false;02.06.2026;registration_open
31-stadttriathlon-erding-2026-2026;31. Stadttriathlon Erding 2026;14.06.2026;Erding;Germany;Triathlon;Triathlon;https://trisport-erding.de/stadttriathlon/information-stadttriathlon/;0;medium;13;entry_fee, registration_status, registration_deadline, start_time, cutoff, elevation, course_info, race_day_info, travel_info, weather_info, statistics, faq, sources;;false;02.06.2026;registration_open
33-steinbecker-triathlon-2026;33. Steinbecker Triathlon;21.06.2026;Recke;Germany;Triathlon;Triathlon;https://www.steinbeck-triathlon.de/;0;medium;13;entry_fee, registration_status, registration_deadline, start_time, cutoff, elevation, course_info, race_day_info, travel_info, weather_info, statistics, faq, sources;;false;02.06.2026;registration_open
29-vierlanden-triathlon-2026;29. Vierlanden-Triathlon;21.06.2026;Hamburg;Germany;Triathlon;Triathlon;https://www.vierlanden-triathlon.de/;0;medium;13;entry_fee, registration_status, registration_deadline, start_time, cutoff, elevation, course_info, race_day_info, travel_info, weather_info, statistics, faq, sources;;false;02.06.2026;registration_open
41-huckeswagener-triathlon-2026;41. Hückeswagener Triathlon;21.06.2026;Hückeswagen;Germany;Triathlon;Triathlon;https://atv-triathlon.de/;0;medium;13;entry_fee, registration_status, registration_deadline, start_time, cutoff, elevation, course_info, race_day_info, travel_info, weather_info, statistics, faq, sources;;false;02.06.2026;registration_open
32-heinz-beierstorf-triathlon-stutensee-2026;32. Heinz Beierstorf Triathlon Stutensee;21.06.2026;Stutensee;Germany;Triathlon;Triathlon;https://tsg-blankenloch.de/;0;medium;13;entry_fee, registration_status, registration_deadline, start_time, cutoff, elevation, course_info, race_day_info, travel_info, weather_info, statistics, faq, sources;;false;02.06.2026;registration_open
9-lauchringer-triathlon-nacht-2026;9. Lauchringer Triathlon-Nacht;26.06.2026;Lauchringen;Germany;Triathlon;Triathlon;https://www.triathlon-lauchringen.de/;0;medium;13;entry_fee, registration_status, registration_deadline, start_time, cutoff, elevation, course_info, race_day_info, travel_info, weather_info, statistics, faq, sources;;false;02.06.2026;registration_open
34-muhlchen-triathlon-darmstadt-arheilgen-2026;34. Mühlchen-Triathlon Darmstadt-Arheilgen;21.06.2026;Darmstadt;Germany;Triathlon;Triathlon;https://www.sg-arheilgen.de/de/sportangebot/sportangebote-und-abteilungen/triathlon/muehlchen-triathlon/;0;medium;13;entry_fee, registration_status, registration_deadline, start_time, cutoff, elevation, course_info, race_day_info, travel_info, weather_info, statistics, faq, sources;;false;02.06.2026;registration_open
wormser-nibelungenlauf-2026;Wormser Nibelungenlauf;13.09.2026;Worms;Germany;Running;5 km / 10 km / 21 km;https://nibelungenlauf.de/;0;medium;13;entry_fee, registration_status, registration_deadline, start_time, cutoff, elevation, course_info, race_day_info, travel_info, weather_info, statistics, faq, sources;;false;02.06.2026;registration_open
einhorn-triathlon-bremen-2026;Einhorn-Triathlon Bremen;14.06.2026;Bremen;Germany;Triathlon;Triathlon;https://triathlon-club-bremen.de/einhorn-triathlon-blog/;0;medium;13;entry_fee, registration_status, registration_deadline, start_time, cutoff, elevation, course_info, race_day_info, travel_info, weather_info, statistics, faq, sources;;false;02.06.2026;registration_open
stadttriathlon-forchheim-2026;StadtTriathlon Forchheim;14.06.2026;Forchheim;Germany;Triathlon;Triathlon;https://stadttriathlon-forchheim.de/;0;medium;13;entry_fee, registration_status, registration_deadline, start_time, cutoff, elevation, course_info, race_day_info, travel_info, weather_info, statistics, faq, sources;;false;02.06.2026;registration_open
sanktpauli-ultra-2027;SanktPauli Ultra;15.05.2027;Rotenburg/Wümme - Tostedt;Germany;Ultramarathon;100 km;https://www.bremensanktpauli.de/infos;0;high;13;entry_fee, registration_status, registration_deadline, start_time, cutoff, elevation, course_info, race_day_info, travel_info, weather_info, statistics, faq, sources;;false;02.06.2026;registration_open
nordhauser-triathlon-2026;Nordhäuser Triathlon;21.06.2026;Nordhausen;Germany;Triathlon;Triathlon;https://triathlon-nordhausen.de/;0;medium;13;entry_fee, registration_status, registration_deadline, start_time, cutoff, elevation, course_info, race_day_info, travel_info, weather_info, statistics, faq, sources;;false;02.06.2026;registration_open
14-neunkircher-jedermann-und-staffeltriathlon-2026;14. Neunkircher Jedermann- und Staffeltriathlon;21.06.2026;Neunkirchen;Germany;Triathlon;Triathlon;https://neunkircher-triathlon.de/;0;medium;13;entry_fee, registration_status, registration_deadline, start_time, cutoff, elevation, course_info, race_day_info, travel_info, weather_info, statistics, faq, sources;;false;02.06.2026;registration_open
rosenstadt-triathlon-2026;Rosenstadt-Triathlon;21.06.2026;Eutin;Germany;Triathlon;Triathlon;https://rosenstadt-triathlon.de/;0;medium;13;entry_fee, registration_status, registration_deadline, start_time, cutoff, elevation, course_info, race_day_info, travel_info, weather_info, statistics, faq, sources;;false;02.06.2026;registration_open
41-edersee-triathlon-2026;41. Edersee-Triathlon;27.06.2026;Waldeck;Germany;Triathlon;Triathlon;https://edersee-triathlon.de/;0;medium;13;entry_fee, registration_status, registration_deadline, start_time, cutoff, elevation, course_info, race_day_info, travel_info, weather_info, statistics, faq, sources;;false;02.06.2026;registration_open
17-ith-hennesee-triathlon-2026;17. ITH-Hennesee-Triathlon;27.06.2026;Meschede;Germany;Triathlon;Triathlon;https://www.trifunhennesee.de/ith-hennesee-triathlon/;0;medium;13;entry_fee, registration_status, registration_deadline, start_time, cutoff, elevation, course_info, race_day_info, travel_info, weather_info, statistics, faq, sources;;false;02.06.2026;registration_open
41-lipperlandtriathlon-2026;41. Lipperlandtriathlon;21.06.2026;Lage;Germany;Triathlon;Triathlon;https://tglage.de/triathlon.html;0;medium;13;entry_fee, registration_status, registration_deadline, start_time, cutoff, elevation, course_info, race_day_info, travel_info, weather_info, statistics, faq, sources;;false;02.06.2026;registration_open
viking-triathlon-schleswig-2026;Viking Triathlon Schleswig;21.06.2026;Schleswig;Germany;Triathlon;Triathlon;https://viking-triathlon.de/;0;medium;13;entry_fee, registration_status, registration_deadline, start_time, cutoff, elevation, course_info, race_day_info, travel_info, weather_info, statistics, faq, sources;;false;02.06.2026;registration_open
allgau-panorama-marathon-2026;Allgäu-Panorama-Marathon;09.08.2026;Sonthofen;Germany;Running;Half Marathon, Marathon;http://www.allgaeu-panorama-marathon.de/;0;high;13;entry_fee, registration_status, registration_deadline, start_time, cutoff, elevation, course_info, race_day_info, travel_info, weather_info, statistics, faq, sources;;false;02.06.2026;registration_open
freudenstadt-gruntal-12h-24h-lauf-herbst-2026;Freudenstadt Grüntal 12h/24h Lauf (Herbst);03.10.2026;Freudenstadt-Grüntal;Germany;Ultramarathon;12h / 24h Ultramarathon;https://neckarlauf.com/geh-heim-lauf.html;0;high;13;entry_fee, registration_status, registration_deadline, start_time, cutoff, elevation, course_info, race_day_info, travel_info, weather_info, statistics, faq, sources;;false;02.06.2026;registration_open
12-mittelmosel-triathlon-powered-by-vit-bikes-zell-2026;12.Mittelmosel Triathlon powered by vit:bikes Zell;21.06.2026;Bullay;Germany;Triathlon;Triathlon;https://www.mittelmosel-triathlon.de/;0;medium;13;entry_fee, registration_status, registration_deadline, start_time, cutoff, elevation, course_info, race_day_info, travel_info, weather_info, statistics, faq, sources;;false;02.06.2026;registration_open
4-neustadter-triathlon-sprintdistanz-2026;4. Neustädter Triathlon Sprintdistanz;28.06.2026;Neustadt a.d. Donau;Germany;Triathlon;Triathlon;https://tsv-bad-goegging.de/;0;medium;13;entry_fee, registration_status, registration_deadline, start_time, cutoff, elevation, course_info, race_day_info, travel_info, weather_info, statistics, faq, sources;;false;02.06.2026;registration_open
adidas-runners-city-night-berlin-2026;adidas Runners City Night Berlin;01.08.2026;Berlin;Germany;Running;5 km, 10 km;https://www.berlin-citynight.de/;0;medium;13;entry_fee, registration_status, registration_deadline, start_time, cutoff, elevation, course_info, race_day_info, travel_info, weather_info, statistics, faq, sources;;false;02.06.2026;registration_open
35-tolzer-triathlon-2026;35. Tölzer Triathlon;21.06.2026;Sachsenkam;Germany;Triathlon;Triathlon;https://wsv-toelz.de/toelzer-triathlon/;0;medium;13;entry_fee, registration_status, registration_deadline, start_time, cutoff, elevation, course_info, race_day_info, travel_info, weather_info, statistics, faq, sources;;false;02.06.2026;registration_open
aok-firmenlauf-reutlingen-2026;AOK Firmenlauf Reutlingen;11.06.2026;Reutlingen;Germany;Running;5 km;https://reutlingen.bw-running.de/home;0;medium;13;entry_fee, registration_status, registration_deadline, start_time, cutoff, elevation, course_info, race_day_info, travel_info, weather_info, statistics, faq, sources;;false;02.06.2026;registration_open
b2run-gelsenkirchen-2026;B2Run Gelsenkirchen;01.09.2026;Gelsenkirchen;Germany;Running;5 km;https://www.b2run.de/run/de/de/gelsenkirchen/index.html;0;medium;13;entry_fee, registration_status, registration_deadline, start_time, cutoff, elevation, course_info, race_day_info, travel_info, weather_info, statistics, faq, sources;;false;02.06.2026;registration_open
b2run-koblenz-2026;B2Run Koblenz;26.06.2026;Koblenz;Germany;Running;5 km;https://www.b2run.de/run/de/de/koblenz/index.html;0;medium;13;entry_fee, registration_status, registration_deadline, start_time, cutoff, elevation, course_info, race_day_info, travel_info, weather_info, statistics, faq, sources;;false;02.06.2026;registration_open
b2run-kaiserslautern-2026;B2Run Kaiserslautern;11.06.2026;Kaiserslautern;Germany;Running;5 km;https://www.b2run.de/run/de/de/kaiserslautern/index.html;0;medium;13;entry_fee, registration_status, registration_deadline, start_time, cutoff, elevation, course_info, race_day_info, travel_info, weather_info, statistics, faq, sources;;false;02.06.2026;registration_open
aok-firmenlauf-rheine-2026;AOK-Firmenlauf Rheine;26.06.2026;Rheine;Germany;Running;5 km;https://aok-firmenlauf-rheine.de/;0;medium;13;entry_fee, registration_status, registration_deadline, start_time, cutoff, elevation, course_info, race_day_info, travel_info, weather_info, statistics, faq, sources;;false;02.06.2026;registration_open
eversburger-gewasser-ultramarathon-2026;Eversburger Gewässer Ultramarathon;06.06.2026;Osnabrück;Germany;Ultramarathon;45.3 km;https://my.raceresult.com/381648/;0;high;13;entry_fee, registration_status, registration_deadline, start_time, cutoff, elevation, course_info, race_day_info, travel_info, weather_info, statistics, faq, sources;;false;02.06.2026;registration_open
badeparadies-schwarzwald-firmenlauf-villingen-schwenningen-2026;Badeparadies Schwarzwald Firmenlauf Villingen-Schwenningen;02.07.2026;Villingen-Schwenningen;Germany;Running;5 km;https://firmenlauf-vs.de/;0;medium;13;entry_fee, registration_status, registration_deadline, start_time, cutoff, elevation, course_info, race_day_info, travel_info, weather_info, statistics, faq, sources;;false;02.06.2026;registration_open
tennet-powertriathlon-trebgast-2026-2026;TenneT POWERTRIATHLON Trebgast 2026;28.06.2026;Trebgast;Germany;Triathlon;Triathlon;https://triathlon-trebgast.de/;0;medium;13;entry_fee, registration_status, registration_deadline, start_time, cutoff, elevation, course_info, race_day_info, travel_info, weather_info, statistics, faq, sources;;false;02.06.2026;registration_open
sparda-munster-city-triathlon-2026-2026;Sparda Münster City Triathlon 2026;21.06.2026;Münster;Germany;Triathlon;Triathlon;https://muenster-triathlon.de/;0;medium;13;entry_fee, registration_status, registration_deadline, start_time, cutoff, elevation, course_info, race_day_info, travel_info, weather_info, statistics, faq, sources;;false;02.06.2026;registration_open
franklin-meilenlauf-mannheim-2026;Franklin Meilenlauf Mannheim;11.10.2026;Mannheim;Germany;Running;10 km, Half Marathon;https://www.franklin-meilenlauf.de/;0;high;13;entry_fee, registration_status, registration_deadline, start_time, cutoff, elevation, course_info, race_day_info, travel_info, weather_info, statistics, faq, sources;;false;02.06.2026;registration_open
aok-firmenlauf-bielefeld-2026;AOK Firmenlauf Bielefeld;26.08.2026;Bielefeld;Germany;Running;5 km;https://www.firmenlauf-bielefeld.com/;0;medium;13;entry_fee, registration_status, registration_deadline, start_time, cutoff, elevation, course_info, race_day_info, travel_info, weather_info, statistics, faq, sources;;false;02.06.2026;registration_open
furst-carl-seenlandmarathon-2026;Fürst Carl Seenlandmarathon;20.09.2026;Pleinfeld;Germany;Running;10 km, Half Marathon, Marathon;https://www.seenlandmarathon.de/;0;high;13;entry_fee, registration_status, registration_deadline, start_time, cutoff, elevation, course_info, race_day_info, travel_info, weather_info, statistics, faq, sources;;false;02.06.2026;registration_open
haspa-halbmarathon-hamburg-2027;Haspa Halbmarathon Hamburg;25.04.2027;Hamburg;Germany;Running;Half Marathon;https://haspa-marathon-hamburg.de/halbmarathon/;0;high;13;entry_fee, registration_status, registration_deadline, start_time, cutoff, elevation, course_info, race_day_info, travel_info, weather_info, statistics, faq, sources;;false;02.06.2026;registration_open
durener-firmenlauf-2026;Dürener Firmenlauf;12.06.2026;Düren;Germany;Running;5 km;https://www.firmenlauf-dueren.de/;0;medium;13;entry_fee, registration_status, registration_deadline, start_time, cutoff, elevation, course_info, race_day_info, travel_info, weather_info, statistics, faq, sources;;false;02.06.2026;registration_open
kap-arkona-lauf-2026;Kap-Arkona-Lauf;03.10.2026;Putgarten;Germany;Running;10 km, Half Marathon;https://kap-arkona-lauf.de/;0;high;13;entry_fee, registration_status, registration_deadline, start_time, cutoff, elevation, course_info, race_day_info, travel_info, weather_info, statistics, faq, sources;;false;02.06.2026;registration_open
haster-volkslauf-osnabruck-2026;Haster Volkslauf Osnabrück;07.06.2026;Osnabrück;Germany;Running;5 km, 10 km;https://tushaste01.de/haster-volkslauf-copy/;0;medium;13;entry_fee, registration_status, registration_deadline, start_time, cutoff, elevation, course_info, race_day_info, travel_info, weather_info, statistics, faq, sources;;false;02.06.2026;registration_open
gutersloh-lauft-2026;Gütersloh läuft;08.07.2026;Gütersloh;Germany;Running;10 km;https://guetersloh-laeuft.de/;0;medium;13;entry_fee, registration_status, registration_deadline, start_time, cutoff, elevation, course_info, race_day_info, travel_info, weather_info, statistics, faq, sources;;false;02.06.2026;registration_open
konig-ludwig-lauf-sommer-2026;König Ludwig Lauf Sommer;26.09.2026;Oberammergau;Germany;Running;10 km, Half Marathon;https://www.koenig-ludwig-lauf.com/home.html;0;high;13;entry_fee, registration_status, registration_deadline, start_time, cutoff, elevation, course_info, race_day_info, travel_info, weather_info, statistics, faq, sources;;false;02.06.2026;registration_open
laminatdepot-lauf-velbert-2026;LaminatDEPOT-Lauf Velbert;05.07.2026;Velbert;Germany;Running;10 km;https://laminatdepot-lauf.de/;0;medium;13;entry_fee, registration_status, registration_deadline, start_time, cutoff, elevation, course_info, race_day_info, travel_info, weather_info, statistics, faq, sources;;false;02.06.2026;registration_open
firmenpuls-neuss-2026;Firmenpuls Neuss;08.09.2026;Neuss;Germany;Running;5 km;https://www.firmenpuls.de/;0;medium;13;entry_fee, registration_status, registration_deadline, start_time, cutoff, elevation, course_info, race_day_info, travel_info, weather_info, statistics, faq, sources;;false;02.06.2026;registration_open
osnabrucker-ringweg-ultramarathon-2026;Osnabrücker Ringweg Ultramarathon;13.06.2026;Osnabrück;Germany;Ultramarathon;70 km;https://my.raceresult.com/363204/;0;high;13;entry_fee, registration_status, registration_deadline, start_time, cutoff, elevation, course_info, race_day_info, travel_info, weather_info, statistics, faq, sources;;false;02.06.2026;registration_open
rewe-women-s-run-hamburg-2026;REWE Women's Run Hamburg;14.06.2026;Hamburg;Germany;Running;5 km, 10 km;https://womensrun-hamburg.de/;0;medium;13;entry_fee, registration_status, registration_deadline, start_time, cutoff, elevation, course_info, race_day_info, travel_info, weather_info, statistics, faq, sources;;false;02.06.2026;registration_open
bietigheimer-silvesterlauf-2026;Bietigheimer Silvesterlauf;31.12.2026;Bietigheim-Bissingen;Germany;Running;10 km;https://www.bietigheimer-silvesterlauf.de/;0;medium;13;entry_fee, registration_status, registration_deadline, start_time, cutoff, elevation, course_info, race_day_info, travel_info, weather_info, statistics, faq, sources;;false;02.06.2026;registration_open
mulheimer-firmenlauf-2026;Mülheimer Firmenlauf;17.09.2026;Mülheim an der Ruhr;Germany;Running;5.6 km;https://www.muelheimer-firmenlauf.de/;0;medium;13;entry_fee, registration_status, registration_deadline, start_time, cutoff, elevation, course_info, race_day_info, travel_info, weather_info, statistics, faq, sources;;false;02.06.2026;registration_open
run-and-fun-krefelder-firmenlauf-2026;RUN & FUN Krefelder Firmenlauf;02.09.2026;Krefeld;Germany;Running;5 km;https://www.run-fun-kr.de/;0;medium;13;entry_fee, registration_status, registration_deadline, start_time, cutoff, elevation, course_info, race_day_info, travel_info, weather_info, statistics, faq, sources;;false;02.06.2026;registration_open
kolner-halbmarathon-2026;Kölner Halbmarathon;30.08.2026;Köln;Germany;Running;Half Marathon;https://koelner-halbmarathon.de/;0;high;13;entry_fee, registration_status, registration_deadline, start_time, cutoff, elevation, course_info, race_day_info, travel_info, weather_info, statistics, faq, sources;;false;02.06.2026;registration_open
siegerlander-aok-firmenlauf-siegen-2026;Siegerländer AOK-Firmenlauf Siegen;15.07.2026;Siegen;Germany;Running;5.5 km;https://www.firmenlauf-siegen.de/;0;medium;13;entry_fee, registration_status, registration_deadline, start_time, cutoff, elevation, course_info, race_day_info, travel_info, weather_info, statistics, faq, sources;;false;02.06.2026;registration_open
schwebebahnlauf-wuppertal-2026;Schwebebahnlauf Wuppertal;14.06.2026;Wuppertal;Germany;Running;5 km, 10 km, Half Marathon;https://schwebebahn-lauf.de/;0;high;13;entry_fee, registration_status, registration_deadline, start_time, cutoff, elevation, course_info, race_day_info, travel_info, weather_info, statistics, faq, sources;;false;02.06.2026;registration_open
sparkasse-3-lander-marathon-2026;Sparkasse 3-Länder-Marathon;11.10.2026;Lindau;Germany;Running;5 km, 10 km, Half Marathon, Marathon;https://www.sparkasse-3-laender-marathon.at/de/home/;0;high;13;entry_fee, registration_status, registration_deadline, start_time, cutoff, elevation, course_info, race_day_info, travel_info, weather_info, statistics, faq, sources;;false;02.06.2026;registration_open
luneburger-firmenlauf-2026;Lüneburger Firmenlauf;12.06.2026;Lüneburg;Germany;Running;5 km;https://fitwerft.de/;0;medium;13;entry_fee, registration_status, registration_deadline, start_time, cutoff, elevation, course_info, race_day_info, travel_info, weather_info, statistics, faq, sources;;false;02.06.2026;registration_open
sandhofer-strassenlauf-2026;Sandhofer Straßenlauf;19.06.2026;Mannheim;Germany;Running;10 km;https://www.sandhofer-strassenlauf.de/;0;medium;13;entry_fee, registration_status, registration_deadline, start_time, cutoff, elevation, course_info, race_day_info, travel_info, weather_info, statistics, faq, sources;;false;02.06.2026;registration_open
solinger-klingenlauf-2026;Solinger Klingenlauf;04.06.2026;Solingen;Germany;Running;5 km, 10 km;https://www.klingenlauf.de/;0;medium;13;entry_fee, registration_status, registration_deadline, start_time, cutoff, elevation, course_info, race_day_info, travel_info, weather_info, statistics, faq, sources;;false;02.06.2026;registration_open
mainauenlauf-bayreuth-2026;Mainauenlauf Bayreuth;14.06.2026;Bayreuth;Germany;Running;5 km, 10 km, Half Marathon;https://www.mainauenlauf.de/de/home/;0;high;13;entry_fee, registration_status, registration_deadline, start_time, cutoff, elevation, course_info, race_day_info, travel_info, weather_info, statistics, faq, sources;;false;02.06.2026;registration_open
stadtlauf-hanau-2026;Stadtlauf Hanau;18.09.2026;Hanau;Germany;Running;5 km;https://hanauer-stadtlauf.de/;0;medium;13;entry_fee, registration_status, registration_deadline, start_time, cutoff, elevation, course_info, race_day_info, travel_info, weather_info, statistics, faq, sources;;false;02.06.2026;registration_open
usedom-beach-marathon-2026;Usedom Beach Marathon;06.06.2026;Heringsdorf;Germany;Running;10 km, Half Marathon, Marathon;https://usedom.de/usedom-beach-marathon;0;high;13;entry_fee, registration_status, registration_deadline, start_time, cutoff, elevation, course_info, race_day_info, travel_info, weather_info, statistics, faq, sources;;false;02.06.2026;registration_open
sparkassen-firmenlauf-oberhausen-2026;Sparkassen Firmenlauf Oberhausen;18.06.2026;Oberhausen;Germany;Running;5 km;https://oberhausener-firmenlauf.de/;0;medium;13;entry_fee, registration_status, registration_deadline, start_time, cutoff, elevation, course_info, race_day_info, travel_info, weather_info, statistics, faq, sources;;false;02.06.2026;registration_open
vr-bank-firmenlauf-bamberg-2026;VR Bank Firmenlauf Bamberg;18.09.2026;Bamberg;Germany;Running;5 km;https://firmenlauf-bamberg.de/;0;medium;13;entry_fee, registration_status, registration_deadline, start_time, cutoff, elevation, course_info, race_day_info, travel_info, weather_info, statistics, faq, sources;;false;02.06.2026;registration_open
wvv-marathon-wurzburg-2027;WVV Marathon Würzburg;23.05.2027;Würzburg;Germany;Running;10 km, Half Marathon, Marathon;https://www.wuerzburg-marathon.de/;0;high;13;entry_fee, registration_status, registration_deadline, start_time, cutoff, elevation, course_info, race_day_info, travel_info, weather_info, statistics, faq, sources;;false;02.06.2026;registration_open
1-volkslauf-seelze-2026;1. Volkslauf Seelze;15.11.2026;Seelze;Germany;Running;10 km, 5 km;https://www.marathon-hannover.de/laufpass-der-region/laufpass.html;0;medium;13;entry_fee, registration_status, registration_deadline, start_time, cutoff, elevation, course_info, race_day_info, travel_info, weather_info, statistics, faq, sources;;false;02.06.2026;registration_open
1-hannover-backyard-ultra-2026;1. Hannover Backyard Ultra;08.08.2026;Hannover;Germany;Ultramarathon;6.7 km, Backyard Ultra;https://hannover-runners.de/sportangebot/veranstaltungen/hannover-backyard-ultra/;0;high;13;entry_fee, registration_status, registration_deadline, start_time, cutoff, elevation, course_info, race_day_info, travel_info, weather_info, statistics, faq, sources;;false;02.06.2026;registration_open
1-laufchallenge-mellendorfer-tv-2026;1. Laufchallenge Mellendorfer TV;23.08.2026;Hanover;Germany;Running;5 km;https://www.hannover.de/Kultur-Freizeit/Freizeit-Sport/Sport/Laufpass-2026;0;medium;13;entry_fee, registration_status, registration_deadline, start_time, cutoff, elevation, course_info, race_day_info, travel_info, weather_info, statistics, faq, sources;;false;02.06.2026;registration_open
10-charity-lauf-koldingen-2026;10. Charity-Lauf Koldingen;02.08.2026;Region Hannover;Germany;Running;10 km, 5 km;https://www.hannover.de/Kultur-Freizeit/Freizeit-Sport/Sport/Laufpass-2026;0;medium;13;entry_fee, registration_status, registration_deadline, start_time, cutoff, elevation, course_info, race_day_info, travel_info, weather_info, statistics, faq, sources;;false;02.06.2026;registration_open
07-stadtholz-marathon-2026;07. Stadtholz Marathon;20.07.2026;Rheda-Wiedenbrück;Germany;Running;Marathon;https://www.100-marathon-club.de/de/termine?page=3;0;high;13;entry_fee, registration_status, registration_deadline, start_time, cutoff, elevation, course_info, race_day_info, travel_info, weather_info, statistics, faq, sources;;false;02.06.2026;registration_open
11-lichterlauf-tangermunde-2026;11. Lichterlauf Tangermünde;21.08.2026;Saxony-Anhalt;Germany;Running;10 km, 5 km;https://www.lichterlauf-tangermuende.de/;0;medium;13;entry_fee, registration_status, registration_deadline, start_time, cutoff, elevation, course_info, race_day_info, travel_info, weather_info, statistics, faq, sources;;false;02.06.2026;registration_open
1-westerwalder-backyard-ultra-2026;1. Westerwälder Backyard Ultra;05.06.2026;Westerwald;Germany;Ultramarathon;6.7 km, Backyard Ultra;https://katjas-laufzeit.de/westerwaelder-backyard-ultra-2026-ausschreibung/;0;high;13;entry_fee, registration_status, registration_deadline, start_time, cutoff, elevation, course_info, race_day_info, travel_info, weather_info, statistics, faq, sources;;false;02.06.2026;registration_open
13-heilwald-marathon-2026;13. Heilwald Marathon;24.07.2026;Bad Lippspringe;Germany;Running;Marathon;https://www.marathonsammlerberndneumann.com/marathonveranstaltungen/heilwald/;0;high;13;entry_fee, registration_status, registration_deadline, start_time, cutoff, elevation, course_info, race_day_info, travel_info, weather_info, statistics, faq, sources;;false;02.06.2026;registration_open
15-brunsberglauf-2026;15. Brunsberglauf;06.09.2026;Buchholz in der Nordheide;Germany;Running;Halbmarathon, 11.7 km, 5 km;https://www.brunsberglauf.de/;0;high;13;entry_fee, registration_status, registration_deadline, start_time, cutoff, elevation, course_info, race_day_info, travel_info, weather_info, statistics, faq, sources;;false;02.06.2026;registration_open
15-fullestrand-ultramarathon-2026;15. Fullestrand-Ultramarathon;13.06.2026;Hesse;Germany;Ultramarathon;50 km;https://laufwerk-kassel.webnode.page/lwk/fullestrand-ultra/;0;high;13;entry_fee, registration_status, registration_deadline, start_time, cutoff, elevation, course_info, race_day_info, travel_info, weather_info, statistics, faq, sources;;false;02.06.2026;registration_open
17-vsb-dresdner-nachtlauf-2026;17. VSB Dresdner Nachtlauf;14.08.2026;Dresden;Germany;Running;11.5 km, 6.2 km;https://dresdner-nachtlauf.de/;0;medium;13;entry_fee, registration_status, registration_deadline, start_time, cutoff, elevation, course_info, race_day_info, travel_info, weather_info, statistics, faq, sources;;false;02.06.2026;registration_open
16-kohlbrandbruckenlauf-2026;16. Köhlbrandbrückenlauf;03.10.2026;Köhlbrandbrücke;Germany;Running;12.3 km;https://www.koehlbrandbrueckenlauf.de/;0;medium;13;entry_fee, registration_status, registration_deadline, start_time, cutoff, elevation, course_info, race_day_info, travel_info, weather_info, statistics, faq, sources;;false;02.06.2026;registration_open
20-muggelsee-halbmarathon-2026;20. Müggelsee-Halbmarathon;18.10.2026;Müggelsee-Gebiet;Germany;Running;Halbmarathon, 10 km, 5 km;https://ww-sport.de/mueggelsee_hm/;0;high;13;entry_fee, registration_status, registration_deadline, start_time, cutoff, elevation, course_info, race_day_info, travel_info, weather_info, statistics, faq, sources;;false;02.06.2026;registration_open
14-garbsener-citylauf-2026;14. Garbsener Citylauf;12.06.2026;Garbsen;Germany;Running;10 km, 5 km;https://citylauf.gsc-garbsen.de/;0;medium;13;entry_fee, registration_status, registration_deadline, start_time, cutoff, elevation, course_info, race_day_info, travel_info, weather_info, statistics, faq, sources;;false;02.06.2026;registration_open
14-stadtlauf-des-tsv-neustadt-2026;14. Stadtlauf des TSV Neustadt;07.06.2026;Neustadt am Rübenberge;Germany;Running;Halbmarathon, 10 km, 5 km;https://www.tsv-neustadt.net/service/stadtlauf-tsv-neustadt;0;high;13;entry_fee, registration_status, registration_deadline, start_time, cutoff, elevation, course_info, race_day_info, travel_info, weather_info, statistics, faq, sources;;false;02.06.2026;registration_open
2-jenaer-backyard-ultra-2026;2. Jenaer Backyard Ultra;06.06.2026;Jena;Germany;Ultramarathon;6.7 km, Backyard Ultra;https://jenaerbackyardultra.de/;0;high;13;entry_fee, registration_status, registration_deadline, start_time, cutoff, elevation, course_info, race_day_info, travel_info, weather_info, statistics, faq, sources;;false;02.06.2026;registration_open
24-duderstadter-sparkassenlauf-2026;24. Duderstädter Sparkassenlauf;28.08.2026;Duderstadt;Germany;Running;10 km, 5 km;https://www.duderstaedter-sparkassenlauf.de/;0;medium;13;entry_fee, registration_status, registration_deadline, start_time, cutoff, elevation, course_info, race_day_info, travel_info, weather_info, statistics, faq, sources;;false;02.06.2026;registration_open
23-lehrter-citylauf-2026;23. Lehrter CityLauf;04.09.2026;Lehrte;Germany;Running;10 km, 5 km;https://lehrtersv.de/aktuelles/62-citylauf/1053-23-lehrter-citylauf-am-04-09-2026;0;medium;13;entry_fee, registration_status, registration_deadline, start_time, cutoff, elevation, course_info, race_day_info, travel_info, weather_info, statistics, faq, sources;;false;02.06.2026;registration_open
17-klingenthal-salzkotten-marathon-2026;17. Klingenthal Salzkotten Marathon;07.06.2026;Paderborn;Germany;Running;Marathon, Halbmarathon, 10 km, 5 km;https://salzkotten-marathon.de/;0;high;13;entry_fee, registration_status, registration_deadline, start_time, cutoff, elevation, course_info, race_day_info, travel_info, weather_info, statistics, faq, sources;;false;02.06.2026;registration_open
25-volkslauf-um-den-altwarmbuchener-see-2026;25. Volkslauf um den Altwarmbüchener See;10.10.2026;Isernhagen;Germany;Running;10 km, 7.2 km;https://www.hannover.de/Kultur-Freizeit/Freizeit-Sport/Sport/Laufpass-2026;0;medium;13;entry_fee, registration_status, registration_deadline, start_time, cutoff, elevation, course_info, race_day_info, travel_info, weather_info, statistics, faq, sources;;false;02.06.2026;registration_open
25-benther-berg-lauf-2026;25. Benther-Berg-Lauf;03.10.2026;Ronnenberg-Benthe;Germany;Running;Halbmarathon, 10 km;https://vsv-benthe.de/vsv-sportarten/benther-berg-lauf/;0;high;13;entry_fee, registration_status, registration_deadline, start_time, cutoff, elevation, course_info, race_day_info, travel_info, weather_info, statistics, faq, sources;;false;02.06.2026;registration_open
30-lauf-um-den-arendsee-2026;30. Lauf um den Arendsee;30.08.2026;Saxony-Anhalt;Germany;Running;Halbmarathon, 10 km, 5 km;https://kersten-friedrich-events.com/lauf-um-den-arendsee/;0;high;13;entry_fee, registration_status, registration_deadline, start_time, cutoff, elevation, course_info, race_day_info, travel_info, weather_info, statistics, faq, sources;;false;02.06.2026;registration_open
23-sudenburg-lauf-der-lauf-mit-dem-lacheln-2026;23. Sudenburg-Lauf - Der Lauf mit dem Lächeln;13.06.2026;Saxony-Anhalt;Germany;Running;10 km, 5 km;https://sudenburglauf.de/;0;medium;13;entry_fee, registration_status, registration_deadline, start_time, cutoff, elevation, course_info, race_day_info, travel_info, weather_info, statistics, faq, sources;;false;02.06.2026;registration_open
28-hiddestorfer-rubenlauf-2026;28. Hiddestorfer Rübenlauf;20.09.2026;Hiddestorf;Germany;Running;Halbmarathon, 10 km, 5 km;https://www.ruebenlauf.de/;0;high;13;entry_fee, registration_status, registration_deadline, start_time, cutoff, elevation, course_info, race_day_info, travel_info, weather_info, statistics, faq, sources;;false;02.06.2026;registration_open
38-volkslauf-des-tsv-breuna-2026;38. Volkslauf des TSV Breuna;06.09.2026;Hesse;Germany;Running;Halbmarathon, 10 km, 5 km;http://www.tsv-breuna.de/leichtathletik;0;high;13;entry_fee, registration_status, registration_deadline, start_time, cutoff, elevation, course_info, race_day_info, travel_info, weather_info, statistics, faq, sources;;false;02.06.2026;registration_open
35-speller-sparkassen-sommernachtslauf-2026;35. Speller Sparkassen-Sommernachtslauf;14.08.2026;Spelle;Germany;Running;Halbmarathon, 10 km, 5 km;https://www.scsv.de/abteilung/laufen--leichtathletik/sommernachtslauf;0;high;13;entry_fee, registration_status, registration_deadline, start_time, cutoff, elevation, course_info, race_day_info, travel_info, weather_info, statistics, faq, sources;;false;02.06.2026;registration_open
38-heiligenhafen-mitternachtslauf-2026;38. Heiligenhafen Mitternachtslauf;24.07.2026;Ostholstein;Germany;Running;10 km, 5 km;https://www.mitternachtslauf.com/;0;medium;13;entry_fee, registration_status, registration_deadline, start_time, cutoff, elevation, course_info, race_day_info, travel_info, weather_info, statistics, faq, sources;;false;02.06.2026;registration_open
43-flora-westfalica-marathon-2026;43. Flora-Westfalica Marathon;30.07.2026;Rheda-Wiedenbrück;Germany;Running;Marathon;https://www.marathonsammlerberndneumann.com/marathonveranstaltungen/flora-westfalica/;0;high;13;entry_fee, registration_status, registration_deadline, start_time, cutoff, elevation, course_info, race_day_info, travel_info, weather_info, statistics, faq, sources;;false;02.06.2026;registration_open
36-gottinger-altstadtlauf-2026;36. Göttinger Altstadtlauf;01.07.2026;Göttingen;Germany;Running;10 km, 5 km;https://www.goettinger-altstadtlauf.de/;0;medium;13;entry_fee, registration_status, registration_deadline, start_time, cutoff, elevation, course_info, race_day_info, travel_info, weather_info, statistics, faq, sources;;false;02.06.2026;registration_open
40-braunschweiger-nachtlauf-2026;40. Braunschweiger Nachtlauf;19.06.2026;Braunschweig;Germany;Running;10 km, 6.5 km;https://www.mtv-bs.de/de/nachtlauf/;0;medium;13;entry_fee, registration_status, registration_deadline, start_time, cutoff, elevation, course_info, race_day_info, travel_info, weather_info, statistics, faq, sources;;false;02.06.2026;registration_open
37-heideblutenlauf-2026;37. Heideblütenlauf;29.08.2026;Schneverdingen;Germany;Running;10 km, 5 km;https://www.tvjahn.de/sport/lauftreff/heidebluetenlauf/;0;medium;13;entry_fee, registration_status, registration_deadline, start_time, cutoff, elevation, course_info, race_day_info, travel_info, weather_info, statistics, faq, sources;;false;02.06.2026;registration_open
49-warburger-oktoberwochen-volkslauf-2026;49. Warburger Oktoberwochen Volkslauf;03.10.2026;Warburg;Germany;Running;10 km, 5 km;https://www.warburgersv.de/veranstaltungen/42-warburger-oktoberwochenlauf-2018;0;medium;13;entry_fee, registration_status, registration_deadline, start_time, cutoff, elevation, course_info, race_day_info, travel_info, weather_info, statistics, faq, sources;;false;02.06.2026;registration_open
abendlauf-tsv-blau-weiss-ippinghausen-2026;Abendlauf TSV Blau-Weiß Ippinghausen;20.06.2026;Hesse;Germany;Running;Halbmarathon;https://wila-ippinghausen.de/Abendlauf/Ausschreibung;0;high;13;entry_fee, registration_status, registration_deadline, start_time, cutoff, elevation, course_info, race_day_info, travel_info, weather_info, statistics, faq, sources;;false;02.06.2026;registration_open
43-internationalen-airport-race-2026;43. Internationalen Airport Race;13.09.2026;Hamburg Airport;Germany;Running;16.1 km, 5 km;https://www.airportrace.de/;0;medium;13;entry_fee, registration_status, registration_deadline, start_time, cutoff, elevation, course_info, race_day_info, travel_info, weather_info, statistics, faq, sources;;false;02.06.2026;registration_open
6-hofer-backyard-ultra-2026;6. Hofer Backyard Ultra;27.06.2026;Upper Franconia;Germany;Ultramarathon;100 km, Backyard Ultra;https://www.hofer-backyard-ultra.de/;0;high;13;entry_fee, registration_status, registration_deadline, start_time, cutoff, elevation, course_info, race_day_info, travel_info, weather_info, statistics, faq, sources;;false;02.06.2026;registration_open
6-tuchmacher-stadtlauf-2026;6. Tuchmacher Stadtlauf;06.09.2026;Bramsche;Germany;Running;10 km, 5 km;https://bramscher-rumlaeufer.de/;0;medium;13;entry_fee, registration_status, registration_deadline, start_time, cutoff, elevation, course_info, race_day_info, travel_info, weather_info, statistics, faq, sources;;false;02.06.2026;registration_open
abt-degen-lauf-2026;Abt-Degen-Lauf;10.10.2026;Zeil am Main;Germany;Running;10 km;https://abt-degen-lauf.de/;0;medium;13;entry_fee, registration_status, registration_deadline, start_time, cutoff, elevation, course_info, race_day_info, travel_info, weather_info, statistics, faq, sources;;false;02.06.2026;registration_open
aalener-stadtlauf-2026;Aalener Stadtlauf;19.07.2026;Aalen;Germany;Running;Marathon, Halbmarathon, 10 km, 5 km;https://aalener-stadtlauf.de/;0;high;13;entry_fee, registration_status, registration_deadline, start_time, cutoff, elevation, course_info, race_day_info, travel_info, weather_info, statistics, faq, sources;;false;02.06.2026;registration_open
adac-tine-flugplatzlauf-2026;ADAC-Tine-Flugplatzlauf;07.06.2026;Husum;Germany;Running;10 km;https://www.nordseetourismus.de/adac-tine-flugplatzlauf?type=5200;0;medium;13;entry_fee, registration_status, registration_deadline, start_time, cutoff, elevation, course_info, race_day_info, travel_info, weather_info, statistics, faq, sources;;false;02.06.2026;registration_open
32-zeitzer-stadtlauf-2026;32. Zeitzer Stadtlauf;29.08.2026;Saxony-Anhalt;Germany;Running;10 km;https://www.sg-chemie-zeitz.de/zeitzer-stadtlauf/;0;medium;13;entry_fee, registration_status, registration_deadline, start_time, cutoff, elevation, course_info, race_day_info, travel_info, weather_info, statistics, faq, sources;;false;02.06.2026;registration_open
aerzener-twinfit-volkslauf-2026;Aerzener twinfit-Volkslauf;20.09.2026;Aerzen;Germany;Running;10 km;https://www.twinfit.de/twinfitlauf;0;medium;13;entry_fee, registration_status, registration_deadline, start_time, cutoff, elevation, course_info, race_day_info, travel_info, weather_info, statistics, faq, sources;;false;02.06.2026;registration_open
almetal-marathon-2026;Almetal-Marathon;18.10.2026;Paderborn;Germany;Running;Marathon, Halbmarathon;https://www.ahorn-sportpark.de/feeds/Aktuelles/almetal-marathon-2026;0;high;13;entry_fee, registration_status, registration_deadline, start_time, cutoff, elevation, course_info, race_day_info, travel_info, weather_info, statistics, faq, sources;;false;02.06.2026;registration_open
after-work-run-bad-homburg-2026;After Work Run Bad Homburg;02.09.2026;Hesse;Germany;Running;5 km;https://www.bad-homburg.de/de/erleben/ausgehen/veranstaltungen/after-work-run-bad-homburg;0;medium;13;entry_fee, registration_status, registration_deadline, start_time, cutoff, elevation, course_info, race_day_info, travel_info, weather_info, statistics, faq, sources;;false;02.06.2026;registration_open
altra-sunset-wattenmeer-2026;Altra Sunset Wattenmeer;30.08.2026;Hamburg;Germany;Ultramarathon;Ultramarathon;https://www.sunset-series.de/infos-wattenmeer/;0;high;13;entry_fee, registration_status, registration_deadline, start_time, cutoff, elevation, course_info, race_day_info, travel_info, weather_info, statistics, faq, sources;;false;02.06.2026;registration_open
aok-firmenlauf-balingen-2026;AOK Firmenlauf Balingen;24.09.2026;Balingen;Germany;Running;5 km;https://balingen.bw-running.de/home;0;medium;13;entry_fee, registration_status, registration_deadline, start_time, cutoff, elevation, course_info, race_day_info, travel_info, weather_info, statistics, faq, sources;;false;02.06.2026;registration_open
allersberger-kirchweihlauf-2026;Allersberger Kirchweihlauf;25.07.2026;Mittelfranken;Germany;Running;10 km, 5 km;https://www.tsv-allersberg.de/abteilungen/running/kirchweihlauf/;0;medium;13;entry_fee, registration_status, registration_deadline, start_time, cutoff, elevation, course_info, race_day_info, travel_info, weather_info, statistics, faq, sources;;false;02.06.2026;registration_open
alb-run-heroldstatt-2026;Alb-Run Heroldstatt;11.07.2026;Heroldstatt;Germany;Running;16 km, 10 km;https://alb-run.de/;0;medium;13;entry_fee, registration_status, registration_deadline, start_time, cutoff, elevation, course_info, race_day_info, travel_info, weather_info, statistics, faq, sources;;false;02.06.2026;registration_open
aok-firmenlauf-feuerbach-2026;AOK Firmenlauf Feuerbach;17.09.2026;Stuttgart;Germany;Running;5 km;https://feuerbach.bw-running.de/home;0;medium;13;entry_fee, registration_status, registration_deadline, start_time, cutoff, elevation, course_info, race_day_info, travel_info, weather_info, statistics, faq, sources;;false;02.06.2026;registration_open
alpener-stadtlauf-2026;Alpener Stadtlauf;03.06.2026;Alpen;Germany;Running;10 km, 5 km;https://lg-alpen.net/;0;medium;13;entry_fee, registration_status, registration_deadline, start_time, cutoff, elevation, course_info, race_day_info, travel_info, weather_info, statistics, faq, sources;;false;02.06.2026;registration_open
4-rammelsberger-steigerlauf-2026;4. Rammelsberger Steigerlauf;22.08.2026;Goslar;Germany;Running;Marathon, Halbmarathon, 14 km, 10 km, 6.5 km;https://rammelsberger-steigerlauf.de/;0;high;13;entry_fee, registration_status, registration_deadline, start_time, cutoff, elevation, course_info, race_day_info, travel_info, weather_info, statistics, faq, sources;;false;02.06.2026;registration_open
aok-firmenlauf-goppingen-2026;AOK Firmenlauf Göppingen;08.07.2026;Göppingen;Germany;Running;5 km;https://goeppingen.bw-running.de/home;0;medium;13;entry_fee, registration_status, registration_deadline, start_time, cutoff, elevation, course_info, race_day_info, travel_info, weather_info, statistics, faq, sources;;false;02.06.2026;registration_open
aok-firmenlauf-sulz-am-neckar-2026;AOK Firmenlauf Sulz am Neckar;29.07.2026;Sulz am Neckar;Germany;Running;5 km;https://sulz-am-neckar.bw-running.de/home;0;medium;13;entry_fee, registration_status, registration_deadline, start_time, cutoff, elevation, course_info, race_day_info, travel_info, weather_info, statistics, faq, sources;;false;02.06.2026;registration_open
aok-firmenlauf-ludwigsburg-2026;AOK Firmenlauf Ludwigsburg;30.09.2026;Ludwigsburg;Germany;Running;5 km;https://ludwigsburg.bw-running.de/home;0;medium;13;entry_fee, registration_status, registration_deadline, start_time, cutoff, elevation, course_info, race_day_info, travel_info, weather_info, statistics, faq, sources;;false;02.06.2026;registration_open
ansmann-cup-2026-2026;Ansmann Cup 2026;27.06.2026;Assamstadt;Germany;Running;10 km, 5 km;https://www.tsv-assamstadt.de/?page_id=11595;0;medium;13;entry_fee, registration_status, registration_deadline, start_time, cutoff, elevation, course_info, race_day_info, travel_info, weather_info, statistics, faq, sources;;false;02.06.2026;registration_open
aok-firmenlauf-mosbach-2026;AOK Firmenlauf Mosbach;15.09.2026;Mosbach;Germany;Running;5 km;https://mosbach.bw-running.de/home;0;medium;13;entry_fee, registration_status, registration_deadline, start_time, cutoff, elevation, course_info, race_day_info, travel_info, weather_info, statistics, faq, sources;;false;02.06.2026;registration_open
alzauenlauf-tsv-trostberg-2026;Alzauenlauf TSV Trostberg;14.11.2026;Trostberg;Germany;Running;10 km;https://www.alzauenlauf.de/;0;medium;13;entry_fee, registration_status, registration_deadline, start_time, cutoff, elevation, course_info, race_day_info, travel_info, weather_info, statistics, faq, sources;;false;02.06.2026;registration_open
aok-firmenlauf-schwabisch-hall-2026;AOK Firmenlauf Schwäbisch Hall;22.07.2026;Schwäbisch Hall;Germany;Running;5 km;https://schwaebisch-hall.bw-running.de/home;0;medium;13;entry_fee, registration_status, registration_deadline, start_time, cutoff, elevation, course_info, race_day_info, travel_info, weather_info, statistics, faq, sources;;false;02.06.2026;registration_open
aok-firmenlauf-stuttgart-2026;AOK Firmenlauf Stuttgart;01.07.2026;Stuttgart;Germany;Running;5 km;https://stuttgart.bw-running.de/home;0;medium;13;entry_fee, registration_status, registration_deadline, start_time, cutoff, elevation, course_info, race_day_info, travel_info, weather_info, statistics, faq, sources;;false;02.06.2026;registration_open
aok-firmenlauf-waiblingen-2026;AOK Firmenlauf Waiblingen;16.09.2026;Waiblingen;Germany;Running;5 km;https://waiblingen.bw-running.de/home;0;medium;13;entry_fee, registration_status, registration_deadline, start_time, cutoff, elevation, course_info, race_day_info, travel_info, weather_info, statistics, faq, sources;;false;02.06.2026;registration_open
aschauer-vorsilvesterlauf-2026;Aschauer Vorsilvesterlauf;28.12.2026;Aschau im Chiemgau;Germany;Running;5 km;https://www.vorsilvesterlauf.de/;0;medium;13;entry_fee, registration_status, registration_deadline, start_time, cutoff, elevation, course_info, race_day_info, travel_info, weather_info, statistics, faq, sources;;false;02.06.2026;registration_open
b2run-hamburg-2026;B2Run Hamburg;25.08.2026;Volksparkstadion;Germany;Running;5 km;https://www.b2run.de/run/de/de/hamburg/index.html;0;medium;13;entry_fee, registration_status, registration_deadline, start_time, cutoff, elevation, course_info, race_day_info, travel_info, weather_info, statistics, faq, sources;;false;02.06.2026;registration_open
auenwaldlauf-2026;Auenwaldlauf;04.07.2026;Auenwald;Germany;Running;30 km, 10 km, 5 km;https://www.lauftreff-auenwald.de/?Auenwaldlauf;0;medium;13;entry_fee, registration_status, registration_deadline, start_time, cutoff, elevation, course_info, race_day_info, travel_info, weather_info, statistics, faq, sources;;false;02.06.2026;registration_open
aspacher-volkslauf-2026;Aspacher Volkslauf;19.09.2026;Großaspach;Germany;Running;10 km, 5 km;https://murrtal-runners.de/volkslauf/;0;medium;13;entry_fee, registration_status, registration_deadline, start_time, cutoff, elevation, course_info, race_day_info, travel_info, weather_info, statistics, faq, sources;;false;02.06.2026;registration_open
aok-firmenlauf-in-haslach-im-kinzigtal-2026;AOK Firmenlauf in Haslach im Kinzigtal;22.09.2026;Ortenaukreis;Germany;Running;5 km;https://haslach.bw-running.de/home;0;medium;13;entry_fee, registration_status, registration_deadline, start_time, cutoff, elevation, course_info, race_day_info, travel_info, weather_info, statistics, faq, sources;;false;02.06.2026;registration_open
bad-buchauer-stadtlauf-mit-federseehalbmarathon-2026;Bad Buchauer Stadtlauf mit Federseehalbmarathon;11.07.2026;Biberach;Germany;Running;Halbmarathon, 10 km, 5 km;https://www.svbadbuchau.de/stadtlauf/stadtlauf-2026/;0;high;13;entry_fee, registration_status, registration_deadline, start_time, cutoff, elevation, course_info, race_day_info, travel_info, weather_info, statistics, faq, sources;;false;02.06.2026;registration_open
bad-essener-abendlauf-2026;Bad Essener Abendlauf;03.07.2026;Bad Essen;Germany;Running;10 km;https://www.laufen-os.de/wettkaempfe/29-int-bad-essener-abendlauf-2026;0;medium;13;entry_fee, registration_status, registration_deadline, start_time, cutoff, elevation, course_info, race_day_info, travel_info, weather_info, statistics, faq, sources;;false;02.06.2026;registration_open
b2run-berlin-2026;B2Run Berlin;16.09.2026;Olympiastadion Berlin;Germany;Running;5 km;https://www.b2run.de/run/de/de/index.html;0;medium;13;entry_fee, registration_status, registration_deadline, start_time, cutoff, elevation, course_info, race_day_info, travel_info, weather_info, statistics, faq, sources;;false;02.06.2026;registration_open
babenberger-volkslauf-2026;Babenberger Volkslauf;20.06.2026;Bamberg;Germany;Running;11.1 km;https://babenberger-volkslauf.de/;0;medium;13;entry_fee, registration_status, registration_deadline, start_time, cutoff, elevation, course_info, race_day_info, travel_info, weather_info, statistics, faq, sources;;false;02.06.2026;registration_open
bahnstadtlauf-2026-2026;Bahnstadtlauf 2026;11.07.2026;Heidelberg;Germany;Running;10 km, 5 km;https://heidelberger-tv.de/bahnstadtlauf/;0;medium;13;entry_fee, registration_status, registration_deadline, start_time, cutoff, elevation, course_info, race_day_info, travel_info, weather_info, statistics, faq, sources;;false;02.06.2026;registration_open
bausch-strobel-stadtlauf-ilshofen-2026;Bausch+Ströbel Stadtlauf Ilshofen;26.09.2026;Ilshofen;Germany;Running;10 km;http://stadtlauf-ilshofen.de/ausschreibung.html;0;medium;13;entry_fee, registration_status, registration_deadline, start_time, cutoff, elevation, course_info, race_day_info, travel_info, weather_info, statistics, faq, sources;;false;02.06.2026;registration_open
barocklauf-ludwigsburg-2026;BarockLauf Ludwigsburg;10.07.2026;Ludwigsburg;Germany;Running;10 km, 5 km;https://www.barocklauf.de/;0;medium;13;entry_fee, registration_status, registration_deadline, start_time, cutoff, elevation, course_info, race_day_info, travel_info, weather_info, statistics, faq, sources;;false;02.06.2026;registration_open
barenfels-sommertrail-63-km-mit-marathon-halbmarathon-und-11-km-2026;BÄRENFELS SOMMERTRAIL 63-KM mit MARATHON, HALBMARATHON und 11-KM;12.07.2026;Neubrücke;Germany;Ultramarathon;Ultramarathon, Marathon, Halbmarathon, 10 km;https://baerenfelsteam.de/;0;high;13;entry_fee, registration_status, registration_deadline, start_time, cutoff, elevation, course_info, race_day_info, travel_info, weather_info, statistics, faq, sources;;false;02.06.2026;registration_open
bahndammlauf-2026;Bahndammlauf;06.09.2026;53567 Buchholz;Germany;Running;Halbmarathon, 10 km, 5 km;https://bahndammlauf.de/;0;high;13;entry_fee, registration_status, registration_deadline, start_time, cutoff, elevation, course_info, race_day_info, travel_info, weather_info, statistics, faq, sources;;false;02.06.2026;registration_open
benin-benefiz-lauf-2026;Benin Benefiz-Lauf;26.09.2026;Hirzweiler;Germany;Running;10 km;https://www.llgwustweiler.de/veranstaltungen/benin-lauf/;0;medium;13;entry_fee, registration_status, registration_deadline, start_time, cutoff, elevation, course_info, race_day_info, travel_info, weather_info, statistics, faq, sources;;false;02.06.2026;registration_open
benefizlauf-laufend-gutes-tun-2026;Benefizlauf - Laufend Gutes tun;19.06.2026;Wangen im Allgäu;Germany;Running;Marathon, Halbmarathon, 10 km;https://www.sg-niederwangen.de/events/standard-titel/benefizlauf/;0;high;13;entry_fee, registration_status, registration_deadline, start_time, cutoff, elevation, course_info, race_day_info, travel_info, weather_info, statistics, faq, sources;;false;02.06.2026;registration_open
besenbinder-lauf-rund-um-hainrode-2026;Besenbinder Lauf - Rund um Hainrode;27.06.2026;Saxony-Anhalt;Germany;Running;15.5 km, 5 km;https://ladv.de/ausschreibung/detail/45186/1.-Besenbinder-Lauf--Rund-um-Hainrode-S%C3%BCdharz.htm;0;medium;13;entry_fee, registration_status, registration_deadline, start_time, cutoff, elevation, course_info, race_day_info, travel_info, weather_info, statistics, faq, sources;;false;02.06.2026;registration_open
bergisch-gladbacher-stadtlauf-2026;Bergisch Gladbacher Stadtlauf;11.09.2026;Bergisch Gladbach;Germany;Running;10 km;https://www.bergischgladbach.de/stadtlauf.aspx;0;medium;13;entry_fee, registration_status, registration_deadline, start_time, cutoff, elevation, course_info, race_day_info, travel_info, weather_info, statistics, faq, sources;;false;02.06.2026;registration_open
bergdorfmeile-2026;Bergdorfmeile;26.06.2026;Karlsruhe;Germany;Running;8.9 km;https://bergdorfmeile.de/bergdorfmeile/;0;medium;13;entry_fee, registration_status, registration_deadline, start_time, cutoff, elevation, course_info, race_day_info, travel_info, weather_info, statistics, faq, sources;;false;02.06.2026;registration_open
bessunger-merck-lauf-2026;Bessunger Merck-Lauf;19.09.2026;Darmstadt;Germany;Running;10 km;https://www.stadtteillauf.de/;0;medium;13;entry_fee, registration_status, registration_deadline, start_time, cutoff, elevation, course_info, race_day_info, travel_info, weather_info, statistics, faq, sources;;false;02.06.2026;registration_open
berliner-wasserbetriebe-5x5-km-team-staffel-2026;Berliner Wasserbetriebe 5x5 km TEAM-Staffel;04.06.2026;Tiergarten;Germany;Running;5 km;https://www.berliner-teamstaffel.de/;0;medium;13;entry_fee, registration_status, registration_deadline, start_time, cutoff, elevation, course_info, race_day_info, travel_info, weather_info, statistics, faq, sources;;false;02.06.2026;registration_open
bergkloster-lauf-2026;Bergkloster-Lauf;27.09.2026;Hochsauerlandkreis;Germany;Running;Halbmarathon, 10 km, 5 km;https://www.tus-velmede-bestwig.de/bergklosterlauf;0;high;13;entry_fee, registration_status, registration_deadline, start_time, cutoff, elevation, course_info, race_day_info, travel_info, weather_info, statistics, faq, sources;;false;02.06.2026;registration_open
bedburger-citylauf-2026-2026;Bedburger Citylauf 2026;13.09.2026;Bedburg;Germany;Running;10 km, 5 km;https://bedburger-citylauf.de/;0;medium;13;entry_fee, registration_status, registration_deadline, start_time, cutoff, elevation, course_info, race_day_info, travel_info, weather_info, statistics, faq, sources;;false;02.06.2026;registration_open
black-forest-ultra-trail-run-2026;Black Forest ULTRA Trail Run;19.09.2026;Kirchzarten;Germany;Ultramarathon;100 km, 19 km;https://www.ultra-trailrun.de/;0;high;13;entry_fee, registration_status, registration_deadline, start_time, cutoff, elevation, course_info, race_day_info, travel_info, weather_info, statistics, faq, sources;;false;02.06.2026;registration_open
bielebohlauf-2026;Bielebohlauf;23.08.2026;Oppach;Germany;Running;Halbmarathon, 12 km, 5 km;https://oberlausitzer-laeufercup.de/bielebohlauf-oppach/;0;high;13;entry_fee, registration_status, registration_deadline, start_time, cutoff, elevation, course_info, race_day_info, travel_info, weather_info, statistics, faq, sources;;false;02.06.2026;registration_open
birkhahnlauf-2026;Birkhahnlauf;25.10.2026;Neustadt am Rübenberge;Germany;Running;10 km;https://tsv-schneeren.de/birkhahnlauf/;0;medium;13;entry_fee, registration_status, registration_deadline, start_time, cutoff, elevation, course_info, race_day_info, travel_info, weather_info, statistics, faq, sources;;false;02.06.2026;registration_open
bockstiegellauf-2026;Böckstiegellauf;26.09.2026;Bielefeld;Germany;Running;18 km, 10 km;https://boeckstiegellauf.de/;0;medium;13;entry_fee, registration_status, registration_deadline, start_time, cutoff, elevation, course_info, race_day_info, travel_info, weather_info, statistics, faq, sources;;false;08.06.2026;registration_open
birklauf-2026;Birklauf;29.08.2026;Gelting;Germany;Running;Marathon, Halbmarathon, 10 km;"https://www.mtv-gelting-08.de/?view=article&amp;id=169&amp;catid=50";0;high;13;entry_fee, registration_status, registration_deadline, start_time, cutoff, elevation, course_info, race_day_info, travel_info, weather_info, statistics, faq, sources;;false;02.06.2026;registration_open
blankeneser-heldenlauf-2026;Blankeneser Heldenlauf;30.08.2026;Blankeneser Treppenviertel;Germany;Running;Halbmarathon, 10 km, 6.8 km, 6.5 km;https://www.heldenlauf.de/;0;high;13;entry_fee, registration_status, registration_deadline, start_time, cutoff, elevation, course_info, race_day_info, travel_info, weather_info, statistics, faq, sources;;false;02.06.2026;registration_open
bredstedt-cross-2026;Bredstedt-Cross;31.10.2026;Bredstedt;Germany;Running;7.2 km;https://gotrail.run/de/termine/bredstedt-cross;0;medium;13;entry_fee, registration_status, registration_deadline, start_time, cutoff, elevation, course_info, race_day_info, travel_info, weather_info, statistics, faq, sources;;false;02.06.2026;registration_open
buchholzer-stadtlauf-2026;Buchholzer Stadtlauf;21.06.2026;Buchholz in der Nordheide;Germany;Running;Halbmarathon, 10 km;https://buchholzerstadtlauf.de/;0;high;13;entry_fee, registration_status, registration_deadline, start_time, cutoff, elevation, course_info, race_day_info, travel_info, weather_info, statistics, faq, sources;;false;02.06.2026;registration_open
brauerschwender-basaltlauf-2026;Brauerschwender Basaltlauf;27.06.2026;Hesse;Germany;Running;12 km, 6.6 km;https://tv-brauerschwend.de/brauerschwender-basaltlauf/;0;medium;13;entry_fee, registration_status, registration_deadline, start_time, cutoff, elevation, course_info, race_day_info, travel_info, weather_info, statistics, faq, sources;;false;02.06.2026;registration_open
braunschweiger-speed5-2026;Braunschweiger Speed5;08.11.2026;Braunschweig;Germany;Running;5 km;https://www.braunschweiger-laufclub.com/speed5;0;medium;13;entry_fee, registration_status, registration_deadline, start_time, cutoff, elevation, course_info, race_day_info, travel_info, weather_info, statistics, faq, sources;;false;02.06.2026;registration_open
blutenburglauf-2026;Blutenburglauf;26.07.2026;München;Germany;Running;10 km, 5 km;https://blutenburglauf.de/;0;medium;13;entry_fee, registration_status, registration_deadline, start_time, cutoff, elevation, course_info, race_day_info, travel_info, weather_info, statistics, faq, sources;;false;02.06.2026;registration_open
bwm-sommerlochlauf-2026;BWM Sommerlochlauf;04.08.2026;Steinheim an der Murr;Germany;Running;10 km;https://www.laufpix.de/termine/2026/bwm-sommerlochlauf;0;medium;13;entry_fee, registration_status, registration_deadline, start_time, cutoff, elevation, course_info, race_day_info, travel_info, weather_info, statistics, faq, sources;;false;02.06.2026;registration_open
canyon-run-muhlheim-2026;Canyon Run Mühlheim;06.09.2026;Hesse;Germany;Running;Halbmarathon, 10 km, 5 km;https://canyon-run.de/;0;high;13;entry_fee, registration_status, registration_deadline, start_time, cutoff, elevation, course_info, race_day_info, travel_info, weather_info, statistics, faq, sources;;false;02.06.2026;registration_open
burg-lauf-eppstein-2026;Burg-Lauf Eppstein;26.06.2026;Hesse;Germany;Ultramarathon;7.78 km;https://eppsteiner-burglauf.de/;0;high;13;entry_fee, registration_status, registration_deadline, start_time, cutoff, elevation, course_info, race_day_info, travel_info, weather_info, statistics, faq, sources;;false;02.06.2026;registration_open
charity-mega-run-2026;Charity Mega Run;15.08.2026;Bingen am Rhein;Germany;Ultramarathon;50 km, 26 km, 10 km, 5 km;https://cmrbingen.de/;0;high;13;entry_fee, registration_status, registration_deadline, start_time, cutoff, elevation, course_info, race_day_info, travel_info, weather_info, statistics, faq, sources;;false;02.06.2026;registration_open
burscheider-stadtlauf-2026;Burscheider Stadtlauf;11.10.2026;Rheinisch-Bergischer Kreis;Germany;Running;10 km;https://www.stadtsportverband-burscheid.de/index.php/61-stadtlauf;0;medium;13;entry_fee, registration_status, registration_deadline, start_time, cutoff, elevation, course_info, race_day_info, travel_info, weather_info, statistics, faq, sources;;false;02.06.2026;registration_open
darmstadter-stadtlauf-2026;Darmstädter Stadtlauf;24.06.2026;Darmstadt;Germany;Running;Halbmarathon, 10 km, 5 km;https://darmstadt-laeuft.de/darmstadter-stadtlauf/;0;high;13;entry_fee, registration_status, registration_deadline, start_time, cutoff, elevation, course_info, race_day_info, travel_info, weather_info, statistics, faq, sources;;false;02.06.2026;registration_open
citylauf-grevenbroich-2026;Citylauf Grevenbroich;12.06.2026;Grevenbroich;Germany;Running;10 km, 5 km;https://citylauf-grevenbroich.de/;0;medium;13;entry_fee, registration_status, registration_deadline, start_time, cutoff, elevation, course_info, race_day_info, travel_info, weather_info, statistics, faq, sources;;false;02.06.2026;registration_open
crosslauf-fichtenau-2026;Crosslauf Fichtenau;11.07.2026;Fichtenau;Germany;Running;10 km, 5.2 km;https://www.fichtenau.de/freizeit-erlebnis/fichtenauer-momente/crosslauf;0;medium;13;entry_fee, registration_status, registration_deadline, start_time, cutoff, elevation, course_info, race_day_info, travel_info, weather_info, statistics, faq, sources;;false;08.06.2026;registration_open
bremer-firmenlauf-zur-spatschicht-2026;Bremer Firmenlauf zur Spätschicht;25.06.2026;Weserwehr;Germany;Running;5 km;https://bremer-firmenlauf.com/;0;medium;13;entry_fee, registration_status, registration_deadline, start_time, cutoff, elevation, course_info, race_day_info, travel_info, weather_info, statistics, faq, sources;;false;02.06.2026;registration_open
die-10-kilometer-von-durwiss-2026;Die 10 Kilometer von Dürwiß;01.08.2026;Eschweiler;Germany;Running;10 km;https://www.sv-germania-duerwiss.de/;0;medium;13;entry_fee, registration_status, registration_deadline, start_time, cutoff, elevation, course_info, race_day_info, travel_info, weather_info, statistics, faq, sources;;false;02.06.2026;registration_open
burgentrail-unterfrankische-traillaufmeisterschaften-2026;Burgentrail Unterfränkische Traillaufmeisterschaften;03.10.2026;Lower Franconia;Germany;Ultramarathon;Halbmarathon, 5 km;https://sc-ostheim.de/burgentrail/;0;high;13;entry_fee, registration_status, registration_deadline, start_time, cutoff, elevation, course_info, race_day_info, travel_info, weather_info, statistics, faq, sources;;false;02.06.2026;registration_open
christmas-run-to-tree-2026;Christmas Run To Tree;29.11.2026;Forst Klövensteen;Germany;Running;12 km, 5 km;https://christmasrun.de/;0;medium;13;entry_fee, registration_status, registration_deadline, start_time, cutoff, elevation, course_info, race_day_info, travel_info, weather_info, statistics, faq, sources;;false;02.06.2026;registration_open
der-alstertallauf-2026;Der Alstertallauf;23.08.2026;Alsterwanderweg;Germany;Running;Halbmarathon, 10 km, 5 km;https://htb62.de/alstertallauf;0;high;13;entry_fee, registration_status, registration_deadline, start_time, cutoff, elevation, course_info, race_day_info, travel_info, weather_info, statistics, faq, sources;;false;02.06.2026;registration_open
ditzinger-keltenlauf-2026;Ditzinger Keltenlauf;18.10.2026;Ditzingen;Germany;Running;12 km, 5 km;https://keltenlauf.de/;0;medium;13;entry_fee, registration_status, registration_deadline, start_time, cutoff, elevation, course_info, race_day_info, travel_info, weather_info, statistics, faq, sources;;false;02.06.2026;registration_open
die-49-nacht-von-borgholzhausen-2026;Die 49. Nacht von Borgholzhausen;20.06.2026;Borgholzhausen;Germany;Running;10 km, 5 km;https://rsv-borgholzhausen.de/nacht;0;medium;13;entry_fee, registration_status, registration_deadline, start_time, cutoff, elevation, course_info, race_day_info, travel_info, weather_info, statistics, faq, sources;;false;02.06.2026;registration_open
dm-firmenlauf-saarbrucken-2026;dm Firmenlauf Saarbrücken;02.06.2026;Saarbrücken;Germany;Running;5 km;https://firmenlauf-sb.de/;0;medium;13;entry_fee, registration_status, registration_deadline, start_time, cutoff, elevation, course_info, race_day_info, travel_info, weather_info, statistics, faq, sources;;false;02.06.2026;registration_open
deistercrossing-springe-2026;DeisterCrossing Springe;13.09.2026;Hesse;Germany;Running;Marathon, Halbmarathon, 8 km;https://deistercrossing.de/ausschreibung;0;high;13;entry_fee, registration_status, registration_deadline, start_time, cutoff, elevation, course_info, race_day_info, travel_info, weather_info, statistics, faq, sources;;false;02.06.2026;registration_open
dresdenhalf-2026;DresdenHALF;06.09.2026;Dresden;Germany;Running;Halbmarathon;https://dresden-half.com/;0;high;13;entry_fee, registration_status, registration_deadline, start_time, cutoff, elevation, course_info, race_day_info, travel_info, weather_info, statistics, faq, sources;;false;02.06.2026;registration_open
dieburger-stadtlauf-2026;Dieburger Stadtlauf;20.06.2026;Hesse;Germany;Running;10 km;https://dieburger-stadtlauf.de/;0;medium;13;entry_fee, registration_status, registration_deadline, start_time, cutoff, elevation, course_info, race_day_info, travel_info, weather_info, statistics, faq, sources;;false;02.06.2026;registration_open
ehriker-stadtmauerlauf-mit-2-ehriker-burg-ramstein-lauf-2026;Ehriker Stadtmauerlauf mit 2. Ehriker Burg Ramstein Lauf;30.08.2026;Rhineland-Palatinate;Germany;Running;10 km;https://citysport-trier.de/event/5-ehriker-stadtmauerlauf/;0;medium;13;entry_fee, registration_status, registration_deadline, start_time, cutoff, elevation, course_info, race_day_info, travel_info, weather_info, statistics, faq, sources;;false;02.06.2026;registration_open
edge-beyond-x-duracher-lauf-2026;edge beyond x Duracher Lauf;21.06.2026;Oberallgäu;Germany;Running;10 km, 5 km;https://www.edge-beyond.de/duracher-lauf;0;medium;13;entry_fee, registration_status, registration_deadline, start_time, cutoff, elevation, course_info, race_day_info, travel_info, weather_info, statistics, faq, sources;;false;02.06.2026;registration_open
durlacher-turmberglauf-2026;Durlacher Turmberglauf;26.09.2026;Karlsruhe;Germany;Running;10 km;https://www.tsdurlach.de/sportangebot/leichtathletik/turmberglauf.html;0;medium;13;entry_fee, registration_status, registration_deadline, start_time, cutoff, elevation, course_info, race_day_info, travel_info, weather_info, statistics, faq, sources;;false;02.06.2026;registration_open
dunenlauf-2026;Dünenlauf;13.06.2026;Sandhausen;Germany;Running;10 km, 5 km;https://www.duenenlauf-sandhausen.de/startseite.html;0;medium;13;entry_fee, registration_status, registration_deadline, start_time, cutoff, elevation, course_info, race_day_info, travel_info, weather_info, statistics, faq, sources;;false;02.06.2026;registration_open
bonnigheimer-stromberglauf-2026;Bönnigheimer Stromberglauf;21.11.2026;Bönnigheim;Germany;Running;10 km, 5 km;https://lgne-running.de/55/stromberglauf/start;0;medium;13;entry_fee, registration_status, registration_deadline, start_time, cutoff, elevation, course_info, race_day_info, travel_info, weather_info, statistics, faq, sources;;false;02.06.2026;registration_open
edith-lucke-frauenlauf-trier-2026;EDITH LÜCKE-Frauenlauf TRIER;20.09.2026;Rhineland-Palatinate;Germany;Running;5 km;https://silvesterlauf.de/event/frauenlauf/;0;medium;13;entry_fee, registration_status, registration_deadline, start_time, cutoff, elevation, course_info, race_day_info, travel_info, weather_info, statistics, faq, sources;;false;02.06.2026;registration_open
edersee-lauf-2026;Edersee-Lauf;29.08.2026;Hesse;Germany;Running;Halbmarathon, 10 km, 5 km;https://svherzhausen.de/laufcup/;0;high;13;entry_fee, registration_status, registration_deadline, start_time, cutoff, elevation, course_info, race_day_info, travel_info, weather_info, statistics, faq, sources;;false;02.06.2026;registration_open
drachenlauf-2026;Drachenlauf;25.10.2026;Königswinter;Germany;Running;Marathon, Halbmarathon;https://drachenlauf.net/;0;high;13;entry_fee, registration_status, registration_deadline, start_time, cutoff, elevation, course_info, race_day_info, travel_info, weather_info, statistics, faq, sources;;false;02.06.2026;registration_open
ensinger-laufcup-2026;ENSINGER Laufcup;17.10.2026;Vaihingen an der Enz;Germany;Running;10 km, 5 km;https://ensinger-laufcup.de/;0;medium;13;entry_fee, registration_status, registration_deadline, start_time, cutoff, elevation, course_info, race_day_info, travel_info, weather_info, statistics, faq, sources;;false;02.06.2026;registration_open
eschweiler-citylauf-2026-2026;Eschweiler Citylauf 2026;23.08.2026;Eschweiler;Germany;Running;10 km, 5 km;https://mc-eschweiler.de/veranstaltungen/killewittchenlauf/;0;medium;13;entry_fee, registration_status, registration_deadline, start_time, cutoff, elevation, course_info, race_day_info, travel_info, weather_info, statistics, faq, sources;;false;02.06.2026;registration_open
eltviller-familienlauf-2026-2026;Eltviller Familienlauf 2026;20.09.2026;Hesse;Germany;Running;10 km;https://www.eltville.de/freizeit-tourismus/kultur-veranstaltungen/feste-events/eltvillerfamilienlauf/;0;medium;13;entry_fee, registration_status, registration_deadline, start_time, cutoff, elevation, course_info, race_day_info, travel_info, weather_info, statistics, faq, sources;;false;02.06.2026;registration_open
esenser-volksbanklauf-31-stadtlauf-2026;Esenser Volksbanklauf - 31. Stadtlauf;31.07.2026;Friesland;Germany;Running;10 km, 5 km;https://aeu-esens.de/veranstaltungen/2-volksbanklauf-27-esenser-stadtlauf/;0;medium;13;entry_fee, registration_status, registration_deadline, start_time, cutoff, elevation, course_info, race_day_info, travel_info, weather_info, statistics, faq, sources;;false;02.06.2026;registration_open
florsheimer-lebenslauf-2026;Flörsheimer Lebenslauf;29.08.2026;Hochtaunuskreis;Germany;Running;10 km;https://www.djk-floersheim.de/abteilungen/leichtathletik/lebenslauf-2026/;0;medium;13;entry_fee, registration_status, registration_deadline, start_time, cutoff, elevation, course_info, race_day_info, travel_info, weather_info, statistics, faq, sources;;false;02.06.2026;registration_open
firmenlauf-renningen-2026;Firmenlauf Renningen;24.06.2026;Renningen;Germany;Running;5 km;https://renningen.bw-running.de/home;0;medium;13;entry_fee, registration_status, registration_deadline, start_time, cutoff, elevation, course_info, race_day_info, travel_info, weather_info, statistics, faq, sources;;false;02.06.2026;registration_open
braunenberg-lauf-2026;BraunenBerg-Lauf;19.09.2026;Ostalbkreis;Germany;Running;30 km, 8.2 km;https://www.braunenberg-lauf.de/;0;medium;13;entry_fee, registration_status, registration_deadline, start_time, cutoff, elevation, course_info, race_day_info, travel_info, weather_info, statistics, faq, sources;;false;02.06.2026;registration_open
freisinger-sparkassenlauf-2026;Freisinger Sparkassenlauf;08.07.2026;Freising;Germany;Running;10 km, 5 km;https://freising.run/sparkassen-lauf/;0;medium;13;entry_fee, registration_status, registration_deadline, start_time, cutoff, elevation, course_info, race_day_info, travel_info, weather_info, statistics, faq, sources;;false;02.06.2026;registration_open
friedrichshaller-runde-2026;Friedrichshaller Runde;26.09.2026;Bad Friedrichshall;Germany;Running;10 km;https://www.friedrichshall-tourismus.de/fuehrungen-veranstaltungen/veranstaltungen/friedrichshaller-runde.html;0;medium;13;entry_fee, registration_status, registration_deadline, start_time, cutoff, elevation, course_info, race_day_info, travel_info, weather_info, statistics, faq, sources;;false;02.06.2026;registration_open
freiberger-burgerfestlauf-2026;Freiberger Bürgerfestlauf;17.07.2026;Freiberg;Germany;Running;10 km;https://www.buergerfestlauf-freiberg.de/;0;medium;13;entry_fee, registration_status, registration_deadline, start_time, cutoff, elevation, course_info, race_day_info, travel_info, weather_info, statistics, faq, sources;;false;02.06.2026;registration_open
friedrichstaler-waldlauf-2026;Friedrichstaler Waldlauf;25.10.2026;Stutensee;Germany;Running;10 km;https://www.tv-friedrichstal.com/index.php?option=com_content&view=article&id=699&Itemid=357;0;medium;13;entry_fee, registration_status, registration_deadline, start_time, cutoff, elevation, course_info, race_day_info, travel_info, weather_info, statistics, faq, sources;;false;02.06.2026;registration_open
friesencross-2026;FriesenCross;25.07.2026;Friesland;Germany;Running;10 km;https://radio-nordseewelle.de/events/21-friesencross;0;medium;13;entry_fee, registration_status, registration_deadline, start_time, cutoff, elevation, course_info, race_day_info, travel_info, weather_info, statistics, faq, sources;;false;02.06.2026;registration_open
fsv-lauf-2026;FSV-Lauf;25.10.2026;Erlangen;Germany;Running;10 km, 5 km;https://fsvlauf.de/;0;medium;13;entry_fee, registration_status, registration_deadline, start_time, cutoff, elevation, course_info, race_day_info, travel_info, weather_info, statistics, faq, sources;;false;02.06.2026;registration_open
ganseliesellauf-2026;Gänseliesellauf;12.06.2026;Monheim am Rhein;Germany;Running;10 km, 5 km;https://www.monheimmitte.de/veranstaltungen/gaenseliesellauf-2026;0;medium;13;entry_fee, registration_status, registration_deadline, start_time, cutoff, elevation, course_info, race_day_info, travel_info, weather_info, statistics, faq, sources;;false;02.06.2026;registration_open
future-run-ausbildung-in-bewegung-2026;Future Run - Ausbildung in Bewegung;18.09.2026;Buxtehude-Hedendorf;Germany;Running;7 km, 5 km;https://www.ihk.de/elbeweser/aus-und-weiterbildung/future-run;0;medium;13;entry_fee, registration_status, registration_deadline, start_time, cutoff, elevation, course_info, race_day_info, travel_info, weather_info, statistics, faq, sources;;false;08.06.2026;registration_open
fuchsburg-lauf-2026;Fuchsburg Lauf;27.06.2026;Landkreis Pfaffenhofen an der Ilm;Germany;Running;5 km;https://tv-vohburg.de/abteilungen/leichtathletik/fuchsburg-lauf/;0;medium;13;entry_fee, registration_status, registration_deadline, start_time, cutoff, elevation, course_info, race_day_info, travel_info, weather_info, statistics, faq, sources;;false;02.06.2026;registration_open
gaulauf-2026;Gäulauf;03.06.2026;Rhineland-Palatinate;Germany;Running;Halbmarathon, 10 km;https://www.vg-edenkoben.de/leben-und-arbeiten/gaeulauf/;0;high;13;entry_fee, registration_status, registration_deadline, start_time, cutoff, elevation, course_info, race_day_info, travel_info, weather_info, statistics, faq, sources;;false;02.06.2026;registration_open
gosheimer-lemberglauf-2026;Gosheimer Lemberglauf;18.10.2026;Gosheim;Germany;Running;10 km, 6.7 km;http://www.silberdistel-albcup.de/html/body_gosheim.html;0;medium;13;entry_fee, registration_status, registration_deadline, start_time, cutoff, elevation, course_info, race_day_info, travel_info, weather_info, statistics, faq, sources;;false;02.06.2026;registration_open
furstenwaldlauf-2026;Fürstenwaldlauf;19.06.2026;Ochsenhausen;Germany;Running;10 km;https://www.svochsenhausen.de/leichtathletik/fuerstenwaldlauf/;0;medium;13;entry_fee, registration_status, registration_deadline, start_time, cutoff, elevation, course_info, race_day_info, travel_info, weather_info, statistics, faq, sources;;false;02.06.2026;registration_open
freystadter-volksfestlauf-2026;Freystädter Volksfestlauf;07.06.2026;Freystadt;Germany;Running;10 km;https://leichtathletik-freystadt.de/2026/03/20/volksfestlauf/;0;medium;13;entry_fee, registration_status, registration_deadline, start_time, cutoff, elevation, course_info, race_day_info, travel_info, weather_info, statistics, faq, sources;;false;02.06.2026;registration_open
gettorfer-staffelmarathon-2026;Gettorfer Staffelmarathon;23.08.2026;Gettorf;Germany;Running;Marathon;https://gettorfer-tv.de/;0;high;13;entry_fee, registration_status, registration_deadline, start_time, cutoff, elevation, course_info, race_day_info, travel_info, weather_info, statistics, faq, sources;;false;02.06.2026;registration_open
gerolsteiner-stadtlauf-2026;Gerolsteiner Stadtlauf;20.06.2026;Rhineland-Palatinate;Germany;Running;10 km;https://www.sv-gerolstein.de/veranstaltungen/gerolsteiner-stadtlauf/;0;medium;13;entry_fee, registration_status, registration_deadline, start_time, cutoff, elevation, course_info, race_day_info, travel_info, weather_info, statistics, faq, sources;;false;02.06.2026;registration_open
gocher-steintorlauf-2026;Gocher Steintorlauf;04.07.2026;Kleve;Germany;Running;Marathon, Halbmarathon, 10 km, 5 km;https://www.goch.de/kultur-tourismus/veranstaltungen/veranstaltungskalender/30-gocher-steintorlauf;0;high;13;entry_fee, registration_status, registration_deadline, start_time, cutoff, elevation, course_info, race_day_info, travel_info, weather_info, statistics, faq, sources;;false;02.06.2026;registration_open
fischerhuder-sommerlauf-2026;Fischerhuder Sommerlauf;27.06.2026;Osterholz-Scharmbeck;Germany;Running;10 km, 5 km;http://www.sportfreunde-fischerhude.de/;0;medium;13;entry_fee, registration_status, registration_deadline, start_time, cutoff, elevation, course_info, race_day_info, travel_info, weather_info, statistics, faq, sources;;false;02.06.2026;registration_open
grafschaftslauf-2026;Grafschaftslauf;30.08.2026;Rietberg;Germany;Running;28 km, 10 km;https://www.grafschaftslauf.de/web/;0;medium;13;entry_fee, registration_status, registration_deadline, start_time, cutoff, elevation, course_info, race_day_info, travel_info, weather_info, statistics, faq, sources;;false;02.06.2026;registration_open
erftflitzer-lauf-2026;Erftflitzer Lauf;19.06.2026;Neuss;Germany;Running;5 km;https://www.sg-holzheim.de/leichtathletik/erftflitzerlauf/;0;medium;13;entry_fee, registration_status, registration_deadline, start_time, cutoff, elevation, course_info, race_day_info, travel_info, weather_info, statistics, faq, sources;;false;02.06.2026;registration_open
golitztallauf-2026;Gölitztallauf;06.09.2026;Landkreis Zwickau;Germany;Running;17.1 km;https://sg.marktgoelitz.de/goelitztallauf/;0;medium;13;entry_fee, registration_status, registration_deadline, start_time, cutoff, elevation, course_info, race_day_info, travel_info, weather_info, statistics, faq, sources;;false;02.06.2026;registration_open
hahnenkammlauf-2026;Hahnenkammlauf;06.06.2026;Edelsfeld;Germany;Running;8.5 km;https://www.fc-edelsfeld.de/hahnenkammlauf;0;medium;13;entry_fee, registration_status, registration_deadline, start_time, cutoff, elevation, course_info, race_day_info, travel_info, weather_info, statistics, faq, sources;;false;02.06.2026;registration_open
halderner-volkslauf-2026;Halderner Volkslauf;28.06.2026;Rees;Germany;Running;Halbmarathon;https://1516654394.jimdoweb.com/halderner-volkslauf;0;high;13;entry_fee, registration_status, registration_deadline, start_time, cutoff, elevation, course_info, race_day_info, travel_info, weather_info, statistics, faq, sources;;false;02.06.2026;registration_open
gladbecker-sparkassenlauf-2026;Gladbecker Sparkassenlauf;23.08.2026;Gladbeck;Germany;Running;Halbmarathon, 10 km, 5 km;https://www.sparkassenlauf.com/;0;high;13;entry_fee, registration_status, registration_deadline, start_time, cutoff, elevation, course_info, race_day_info, travel_info, weather_info, statistics, faq, sources;;false;02.06.2026;registration_open
h-21-halbmarathon-2026;H/21 Halbmarathon;11.10.2026;Hannover;Germany;Running;Halbmarathon;https://www.halbmarathon-hannover.de/;0;high;13;entry_fee, registration_status, registration_deadline, start_time, cutoff, elevation, course_info, race_day_info, travel_info, weather_info, statistics, faq, sources;;false;02.06.2026;registration_open
hardtwaldlauf-2026-2026;Hardtwaldlauf 2026;28.06.2026;Karlsruhe;Germany;Running;10 km, 5 km;https://www.lsg-ka.de/ausschreibung.html;0;medium;13;entry_fee, registration_status, registration_deadline, start_time, cutoff, elevation, course_info, race_day_info, travel_info, weather_info, statistics, faq, sources;;false;02.06.2026;registration_open
harzgeroder-klippenlauf-2026;Harzgeröder Klippenlauf;07.06.2026;Saxony-Anhalt;Germany;Running;Halbmarathon, 15 km, 5 km;https://www.klippenlauf.de/;0;high;13;entry_fee, registration_status, registration_deadline, start_time, cutoff, elevation, course_info, race_day_info, travel_info, weather_info, statistics, faq, sources;;false;02.06.2026;registration_open
harsefelder-lauf-und-musikfestival-2026;Harsefelder Lauf- und Musikfestival;13.06.2026;Stade;Germany;Running;5 km;https://www.lauf-musik-festival.de/;0;medium;13;entry_fee, registration_status, registration_deadline, start_time, cutoff, elevation, course_info, race_day_info, travel_info, weather_info, statistics, faq, sources;;false;02.06.2026;registration_open
heidekoniginnenpokal-2026;Heideköniginnenpokal;22.08.2026;Amelinghausen;Germany;Running;10 km;https://www.mtv-lauftreff.de/;0;medium;13;entry_fee, registration_status, registration_deadline, start_time, cutoff, elevation, course_info, race_day_info, travel_info, weather_info, statistics, faq, sources;;false;02.06.2026;registration_open
hahner-kitzenhauslauf-2026;Hahner Kitzenhauslauf;14.06.2026;Aachen;Germany;Running;Halbmarathon;https://indehahn.de/;0;high;13;entry_fee, registration_status, registration_deadline, start_time, cutoff, elevation, course_info, race_day_info, travel_info, weather_info, statistics, faq, sources;;false;02.06.2026;registration_open
heider-abend-stadtlauf-2026;Heider Abend-Stadtlauf;05.06.2026;Dithmarschen;Germany;Running;10 km, 5 km;https://www.mtv-heide.de/heider-abendstadtlauf/;0;medium;13;entry_fee, registration_status, registration_deadline, start_time, cutoff, elevation, course_info, race_day_info, travel_info, weather_info, statistics, faq, sources;;false;02.06.2026;registration_open
herner-st-martini-city-lauf-2026;Herner St. Martini City-Lauf;27.09.2026;Herne;Germany;Running;Marathon, Halbmarathon, 5 km;https://www.martinilauf-herne.de/;0;high;13;entry_fee, registration_status, registration_deadline, start_time, cutoff, elevation, course_info, race_day_info, travel_info, weather_info, statistics, faq, sources;;false;02.06.2026;registration_open
herbstlauf-ready4run-niederwangen-2026;Herbstlauf Ready4Run Niederwangen;04.10.2026;Wangen im Allgäu;Germany;Running;10 km, 5 km;https://www.sg-niederwangen.de/events/standard-titel/herbstlauf/;0;medium;13;entry_fee, registration_status, registration_deadline, start_time, cutoff, elevation, course_info, race_day_info, travel_info, weather_info, statistics, faq, sources;;false;02.06.2026;registration_open
heumadener-volkslauf-2026-2026;Heumadener Volkslauf 2026;19.07.2026;Stuttgart-Heumaden;Germany;Running;Halbmarathon, 10 km, 5 km;https://www.tsv-heumaden.de/veranstaltungen/heumadener-volkslauf;0;high;13;entry_fee, registration_status, registration_deadline, start_time, cutoff, elevation, course_info, race_day_info, travel_info, weather_info, statistics, faq, sources;;false;02.06.2026;registration_open
hausener-volks-waldlauf-tgs-hausen-2026;Hausener Volks-Waldlauf (TGS-Hausen);26.07.2026;Hesse;Germany;Running;Halbmarathon, 10 km, 5 km;https://www.tgs-hausen.de/volkslauf;0;high;13;entry_fee, registration_status, registration_deadline, start_time, cutoff, elevation, course_info, race_day_info, travel_info, weather_info, statistics, faq, sources;;false;02.06.2026;registration_open
hockenheimringlauf-2026;Hockenheimringlauf;01.11.2026;Hockenheim;Germany;Running;10 km, 5 km;https://www.asgtria-hockenheim.de/Hockenheimringlauf/;0;medium;13;entry_fee, registration_status, registration_deadline, start_time, cutoff, elevation, course_info, race_day_info, travel_info, weather_info, statistics, faq, sources;;false;02.06.2026;registration_open
globus-theissen-lauf-2026;Globus-Theißen-Lauf;21.06.2026;Theißen;Germany;Running;14 km;https://www.la-club-theissen.de/globus-theissen-lauf/;0;medium;13;entry_fee, registration_status, registration_deadline, start_time, cutoff, elevation, course_info, race_day_info, travel_info, weather_info, statistics, faq, sources;;false;02.06.2026;registration_open
herbstlauf-der-djk-feudenheim-2026;Herbstlauf der DJK Feudenheim;17.10.2026;Mannheim;Germany;Running;Halbmarathon, 10 km, 5 km;https://djk-feudenheim.de/Herbstlauf/;0;high;13;entry_fee, registration_status, registration_deadline, start_time, cutoff, elevation, course_info, race_day_info, travel_info, weather_info, statistics, faq, sources;;false;02.06.2026;registration_open
heuchelheimer-mitternachtslauf-2026;Heuchelheimer Mitternachtslauf;20.06.2026;Hesse;Germany;Running;10 km;https://www.tsf-heuchelheim.de/mitternachtslauf;0;medium;13;entry_fee, registration_status, registration_deadline, start_time, cutoff, elevation, course_info, race_day_info, travel_info, weather_info, statistics, faq, sources;;false;02.06.2026;registration_open
herbstlauf-2026;Herbstlauf;26.09.2026;Ötigheim;Germany;Running;10 km, 5 km;https://www.tgoetigheim.de/veranstaltungen/herbstlauf/;0;medium;13;entry_fee, registration_status, registration_deadline, start_time, cutoff, elevation, course_info, race_day_info, travel_info, weather_info, statistics, faq, sources;;false;02.06.2026;registration_open
hofheimer-volkslauf-2026;Hofheimer Volkslauf;26.09.2026;Hesse;Germany;Running;10 km, 5 km;https://tv1896hofheim.de/hofheimer-volkslauf/;0;medium;13;entry_fee, registration_status, registration_deadline, start_time, cutoff, elevation, course_info, race_day_info, travel_info, weather_info, statistics, faq, sources;;false;02.06.2026;registration_open
hohenlockstedter-pellkartoffellauf-2026;Hohenlockstedter Pellkartoffellauf;26.09.2026;Hohenlockstedt;Germany;Running;10 km, 5 km;https://www.pellkartoffellauf.de/;0;medium;13;entry_fee, registration_status, registration_deadline, start_time, cutoff, elevation, course_info, race_day_info, travel_info, weather_info, statistics, faq, sources;;false;02.06.2026;registration_open
hohenneuffen-berglauf-mit-bw-trail-2026;Hohenneuffen-Berglauf mit BW Trail;14.06.2026;Beuren;Germany;Ultramarathon;10 km;http://www.tsv-beuren.de/HOHENNEUFFEN-BERGLAUF/;0;high;13;entry_fee, registration_status, registration_deadline, start_time, cutoff, elevation, course_info, race_day_info, travel_info, weather_info, statistics, faq, sources;;false;02.06.2026;registration_open
valencia-marathon-trinidad-alfonso-zurich-2026;Valencia Marathon Trinidad Alfonso Zurich;06.12.2026;Valencia;Spain;Running;Marathon / 42.195 km;https://www.valenciaciudaddelrunning.com/en/marathon/;0;high;13;entry_fee, registration_status, registration_deadline, start_time, cutoff, elevation, course_info, race_day_info, travel_info, weather_info, statistics, faq, sources;;false;03.06.2026;sold_out
tcs-amsterdam-marathon-2026;TCS Amsterdam Marathon;18.10.2026;Amsterdam;Netherlands;Running;Marathon / 42.195 km;https://www.tcsamsterdammarathon.eu/;0;high;13;entry_fee, registration_status, registration_deadline, start_time, cutoff, elevation, course_info, race_day_info, travel_info, weather_info, statistics, faq, sources;;false;03.06.2026;registration_open
dnb-oslo-marathon-2026;DNB Oslo Marathon;12.09.2026;Oslo;Norway;Running;10 km / Half Marathon / Marathon / Oslo Triple;https://oslomaraton.no/en/;0;high;13;entry_fee, registration_status, registration_deadline, start_time, cutoff, elevation, course_info, race_day_info, travel_info, weather_info, statistics, faq, sources;;false;03.06.2026;sold_out
estra-firenze-marathon-2026;Estra Firenze Marathon;29.11.2026;Florence;Italy;Running;Marathon / 42.195 km;https://www.firenzemarathon.it/en/marathon/;0;high;13;entry_fee, registration_status, registration_deadline, start_time, cutoff, elevation, course_info, race_day_info, travel_info, weather_info, statistics, faq, sources;;false;05.06.2026;registration_open
wizz-air-milano-marathon-2027;Wizz Air Milano Marathon;04.04.2027;Milan;Italy;Running;Marathon / 42.195 km;https://www.milanomarathon.it/en/;0;high;13;entry_fee, registration_status, registration_deadline, start_time, cutoff, elevation, course_info, race_day_info, travel_info, weather_info, statistics, faq, sources;;false;05.06.2026;registration_open
adidas-stockholm-marathon-2027;adidas Stockholm Marathon;29.05.2027;Stockholm;Sweden;Running;Marathon / 42.195 km;https://www.stockholmmarathon.se/;0;high;13;entry_fee, registration_status, registration_deadline, start_time, cutoff, elevation, course_info, race_day_info, travel_info, weather_info, statistics, faq, sources;;false;05.06.2026;registration_open
edp-porto-marathon-2026;EDP Porto Marathon;08.11.2026;Porto;Portugal;Running;Marathon / 42.195 km / 10 km / 6 km;https://www.porto-marathon.com/en/marathon.html;0;high;13;entry_fee, registration_status, registration_deadline, start_time, cutoff, elevation, course_info, race_day_info, travel_info, weather_info, statistics, faq, sources;;false;05.06.2026;registration_open
edp-lisbon-marathon-2026;EDP Lisbon Marathon;10.10.2026;Lisbon;Portugal;Running;Marathon / Half Marathon / 8 km;https://maratonalisboa.com/;0;high;13;entry_fee, registration_status, registration_deadline, start_time, cutoff, elevation, course_info, race_day_info, travel_info, weather_info, statistics, faq, sources;;false;05.06.2026;registration_open
valencia-half-marathon-trinidad-alfonso-zurich-2026;Valencia Half Marathon Trinidad Alfonso Zurich;25.10.2026;Valencia;Spain;Running;Half Marathon / 21.0975 km;https://www.valenciaciudaddelrunning.com/en/half/;0;high;13;entry_fee, registration_status, registration_deadline, start_time, cutoff, elevation, course_info, race_day_info, travel_info, weather_info, statistics, faq, sources;;false;05.06.2026;sold_out
generali-berlin-half-marathon-2027;Generali Berlin Half Marathon;04.04.2027;Berlin;Germany;Running;Half Marathon / 21.0975 km;https://www.generali-berliner-halbmarathon.de/en/;0;high;13;entry_fee, registration_status, registration_deadline, start_time, cutoff, elevation, course_info, race_day_info, travel_info, weather_info, statistics, faq, sources;;false;05.06.2026;registration_open
hoka-utmb-mont-blanc-2026;HOKA UTMB Mont-Blanc;24.08.2026;Chamonix-Mont-Blanc;France;Ultramarathon;OCC / CCC / TDS / UTMB / multi-distance trail;https://montblanc.utmb.world/;0;high;13;entry_fee, registration_status, registration_deadline, start_time, cutoff, elevation, course_info, race_day_info, travel_info, weather_info, statistics, faq, sources;;false;05.06.2026;sold_out
ironman-copenhagen-2026;IRONMAN Copenhagen;16.08.2026;Copenhagen;Denmark;Triathlon;Full / 3.8 km swim / 180 km bike / 42.2 km run;https://www.ironman.com/races/im-copenhagen;0;high;13;entry_fee, registration_status, registration_deadline, start_time, cutoff, elevation, course_info, race_day_info, travel_info, weather_info, statistics, faq, sources;;false;05.06.2026;sold_out
challenge-almere-amsterdam-2026;Challenge Almere-Amsterdam;12.09.2026;Almere;Netherlands;Triathlon;Full / Long Distance Triathlon;https://challenge-almere.com/challenge-almere-amsterdam/;0;high;13;entry_fee, registration_status, registration_deadline, start_time, cutoff, elevation, course_info, race_day_info, travel_info, weather_info, statistics, faq, sources;;false;05.06.2026;registration_open
challenge-peguera-mallorca-2026;Challenge Peguera Mallorca;17.10.2026;Peguera;Spain;Triathlon;Middle Distance / 1.9 km swim / 90 km bike / 21.1 km run;https://challenge-mallorca.com/;0;high;13;entry_fee, registration_status, registration_deadline, start_time, cutoff, elevation, course_info, race_day_info, travel_info, weather_info, statistics, faq, sources;;false;05.06.2026;registration_open
challenge-kaiserwinkl-walchsee-2026;Challenge Kaiserwinkl-Walchsee;28.06.2026;Walchsee;Austria;Triathlon;Middle Distance / Aquabike / Swim and Run;https://challenge-walchsee.com/;0;high;13;entry_fee, registration_status, registration_deadline, start_time, cutoff, elevation, course_info, race_day_info, travel_info, weather_info, statistics, faq, sources;;false;05.06.2026;registration_open
10-saarschleifenland-lauf-2026;10. SaarschleifenLand-Lauf;06.09.2026;Merzig;Germany;Running;5 km, 10 km, Half Marathon;https://www.merziger-sport-freizeitverein.de/;0;high;13;entry_fee, registration_status, registration_deadline, start_time, cutoff, elevation, course_info, race_day_info, travel_info, weather_info, statistics, faq, sources;;false;2026-06-17;unclear
10-teiche-marathon-2026;10 Teiche Marathon;12.09.2026;Hahnenklee;Germany;Running;5 km, 10 km, Half Marathon, Marathon;https://www.harzer-wanderwochen.de/10-teiche-marathon;0;high;13;entry_fee, registration_status, registration_deadline, start_time, cutoff, elevation, course_info, race_day_info, travel_info, weather_info, statistics, faq, sources;;false;2026-06-17;unclear
12-cross-against-cancer-2026;12. Cross against Cancer;13.09.2026;Homburg;Germany;Running;5 km, 10 km, Half Marathon;https://www.miteinander-gegen-krebs.de/cross-against-cancer;0;high;13;entry_fee, registration_status, registration_deadline, start_time, cutoff, elevation, course_info, race_day_info, travel_info, weather_info, statistics, faq, sources;;false;2026-06-17;unclear
21-wutzseelauf-2026;21. Wutzseelauf;11.10.2026;Lindow;Germany;Running;10 km, Half Marathon;https://www.esab-ausbildung.de/startseite/wutzseelauf-lindow/;0;high;13;entry_fee, registration_status, registration_deadline, start_time, cutoff, elevation, course_info, race_day_info, travel_info, weather_info, statistics, faq, sources;;false;2026-06-17;unclear
25-marner-kohltagelauf-2026;25. Marner Kohltagelauf;27.09.2026;Marne;Germany;Running;5 km, 10 km;https://marner-kohltagelauf.com/;0;medium;13;entry_fee, registration_status, registration_deadline, start_time, cutoff, elevation, course_info, race_day_info, travel_info, weather_info, statistics, faq, sources;;false;2026-06-17;unclear
28-muhlhauser-altstadtlauf-2026;28. Mühlhäuser Altstadtlauf;29.08.2026;Mühlhausen;Germany;Running;5 km, 10 km;https://www.muehlhausen.de/altstadtlauf/;0;medium;13;entry_fee, registration_status, registration_deadline, start_time, cutoff, elevation, course_info, race_day_info, travel_info, weather_info, statistics, faq, sources;;false;2026-06-17;unclear
31-geiseltalseelauf-2026;31. Geiseltalseelauf;03.10.2026;Braunsbedra;Germany;Running;10 km, Half Marathon;https://www.geiseltalseelauf.de/;0;high;13;entry_fee, registration_status, registration_deadline, start_time, cutoff, elevation, course_info, race_day_info, travel_info, weather_info, statistics, faq, sources;;false;2026-06-17;unclear
32-advent-lauf-saarbrucken-2026;32. Advent-Lauf Saarbrücken;29.11.2026;Saarbrücken;Germany;Running;5 km, 10 km;https://saar05-leichtathletik.de/;0;medium;13;entry_fee, registration_status, registration_deadline, start_time, cutoff, elevation, course_info, race_day_info, travel_info, weather_info, statistics, faq, sources;;false;2026-06-17;unclear
32-bismarckturmlauf-2026;32. Bismarckturmlauf;03.10.2026;Neustadt an der Orla;Germany;Running;5 km, 10 km, Half Marathon;https://www.bismarckturmlauf-neustadt.de/;0;high;13;entry_fee, registration_status, registration_deadline, start_time, cutoff, elevation, course_info, race_day_info, travel_info, weather_info, statistics, faq, sources;;false;2026-06-17;unclear
33-dabendorfer-herbstlauf-2026;33. Dabendorfer Herbstlauf;12.09.2026;Dabendorf;Germany;Running;5 km, 10 km;https://www.msvzossen.de/;0;medium;13;entry_fee, registration_status, registration_deadline, start_time, cutoff, elevation, course_info, race_day_info, travel_info, weather_info, statistics, faq, sources;;false;2026-06-17;unclear
34-busumer-volkslauf-2026;34. Büsumer Volkslauf;03.07.2026;Büsum;Germany;Running;10 km;https://www.tsv-buesum.de/;0;medium;13;entry_fee, registration_status, registration_deadline, start_time, cutoff, elevation, course_info, race_day_info, travel_info, weather_info, statistics, faq, sources;;false;2026-06-17;unclear
36-ratzeburger-adventslauf-2026;36. Ratzeburger Adventslauf;29.11.2026;Ratzeburg;Germany;Running;10 km, Half Marathon;https://www.adventslauf.de/;0;high;13;entry_fee, registration_status, registration_deadline, start_time, cutoff, elevation, course_info, race_day_info, travel_info, weather_info, statistics, faq, sources;;false;2026-06-17;unclear
41-levobank-stadtlauf-lebach-2026;41. levoBank Stadtlauf Lebach;26.06.2026;Lebach;Germany;Running;5 km, 10 km;https://www.tv-lebach.de/laufen/levobank-stadtlauf.html;0;medium;13;entry_fee, registration_status, registration_deadline, start_time, cutoff, elevation, course_info, race_day_info, travel_info, weather_info, statistics, faq, sources;;false;2026-06-17;unclear
41-ponitzer-volkslauf-2026;41. Pönitzer Volkslauf;12.07.2026;Pönitz;Germany;Running;5 km, 10 km, Half Marathon;http://svg-poenitz.de/;0;high;13;entry_fee, registration_status, registration_deadline, start_time, cutoff, elevation, course_info, race_day_info, travel_info, weather_info, statistics, faq, sources;;false;2026-06-17;unclear
42-schwarzatallauf-2026;42. Schwarzatallauf;27.06.2026;Bad Blankenburg;Germany;Running;19 km;https://www.tsv-bad-blankenburg.de/;0;medium;13;entry_fee, registration_status, registration_deadline, start_time, cutoff, elevation, course_info, race_day_info, travel_info, weather_info, statistics, faq, sources;;false;2026-06-17;unclear
48-wernigeroder-silvesterlauf-2026;48. Wernigeröder Silvesterlauf;31.12.2026;Wernigerode;Germany;Running;10 km;http://www.hgl-la.de/;0;medium;13;entry_fee, registration_status, registration_deadline, start_time, cutoff, elevation, course_info, race_day_info, travel_info, weather_info, statistics, faq, sources;;false;2026-06-17;unclear
51-hubertuslauf-2026;51. Hubertuslauf;18.10.2026;Neuruppin;Germany;Running;5 km, 10 km;https://www.kreissportbund-opr.de/;0;medium;13;entry_fee, registration_status, registration_deadline, start_time, cutoff, elevation, course_info, race_day_info, travel_info, weather_info, statistics, faq, sources;;false;2026-06-17;unclear
52-internationaler-silvesterlauf-saarbrucken-2026;52. Internationaler Silvesterlauf Saarbrücken;27.12.2026;Saarbrücken;Germany;Running;5 km, 10 km;https://www.silvesterlauf-sb.de/;0;medium;13;entry_fee, registration_status, registration_deadline, start_time, cutoff, elevation, course_info, race_day_info, travel_info, weather_info, statistics, faq, sources;;false;2026-06-17;unclear
7-gebirgsmarathon-2026;7-Gebirgsmarathon;13.12.2026;Bad Honnef;Germany;Running;Half Marathon, Marathon;http://www.siebengebirgsmarathon.de;0;high;13;entry_fee, registration_status, registration_deadline, start_time, cutoff, elevation, course_info, race_day_info, travel_info, weather_info, statistics, faq, sources;;false;2026-06-17;unclear
9-bernburger-halbmarathon-2026;9. Bernburger Halbmarathon;19.09.2026;Bernburg;Germany;Running;5 km, 10 km, Half Marathon;https://lauf.psv-bernburg.de/hm/;0;high;13;entry_fee, registration_status, registration_deadline, start_time, cutoff, elevation, course_info, race_day_info, travel_info, weather_info, statistics, faq, sources;;false;2026-06-17;unclear
adventslauf-lage-2026;Adventslauf Lage;06.12.2026;Lage;Germany;Running;5 km, 10 km;https://www.lg-lippe.de;0;medium;13;entry_fee, registration_status, registration_deadline, start_time, cutoff, elevation, course_info, race_day_info, travel_info, weather_info, statistics, faq, sources;;false;2026-06-17;unclear
barmer-currex-alsterlauf-hamburg-2026;BARMER CURREX Alsterlauf Hamburg;06.09.2026;Hamburg;Germany;Running;5 km, 10 km;https://www.alsterlauf-hamburg.de/;0;medium;13;entry_fee, registration_status, registration_deadline, start_time, cutoff, elevation, course_info, race_day_info, travel_info, weather_info, statistics, faq, sources;;false;2026-06-17;unclear
alstertallauf-hamburg-2026;Alstertallauf Hamburg;25.10.2026;Hamburg;Germany;Running;5 km, 10 km, Half Marathon;https://alstertallauf.de/;0;high;13;entry_fee, registration_status, registration_deadline, start_time, cutoff, elevation, course_info, race_day_info, travel_info, weather_info, statistics, faq, sources;;false;2026-06-17;unclear
aok-firmenlauf-witten-2026;AOK-Firmenlauf Witten;02.07.2026;Witten;Germany;Running;5 km;https://www.aok-firmenlauf.de/;0;medium;13;entry_fee, registration_status, registration_deadline, start_time, cutoff, elevation, course_info, race_day_info, travel_info, weather_info, statistics, faq, sources;;false;2026-06-17;unclear
barther-flughafenlauf-2026;Barther Flughafenlauf;19.07.2026;Barth;Germany;Running;5 km, 10 km, Half Marathon;https://www.flughafenlauf.com/;0;high;13;entry_fee, registration_status, registration_deadline, start_time, cutoff, elevation, course_info, race_day_info, travel_info, weather_info, statistics, faq, sources;;false;2026-06-17;unclear
beetzseelauf-2026;Beetzseelauf;03.10.2026;Brandenburg an der Havel;Germany;Running;5 km, 10 km, Half Marathon;https://vfl-brandenburg.de/;0;high;13;entry_fee, registration_status, registration_deadline, start_time, cutoff, elevation, course_info, race_day_info, travel_info, weather_info, statistics, faq, sources;;false;2026-06-17;unclear
bertlicher-strassenlaufe-2026;Bertlicher Strassenläufe;27.09.2026;Herten;Germany;Running;5 km, 10 km;http://www.sus-bertlich.de/la;0;medium;13;entry_fee, registration_status, registration_deadline, start_time, cutoff, elevation, course_info, race_day_info, travel_info, weather_info, statistics, faq, sources;;false;2026-06-17;unclear
bienwald-marathon-2027;Bienwald Marathon;14.03.2027;Kandel;Germany;Running;Half Marathon, Marathon;https://bienwald-marathon.de;0;high;13;entry_fee, registration_status, registration_deadline, start_time, cutoff, elevation, course_info, race_day_info, travel_info, weather_info, statistics, faq, sources;;false;2026-06-17;unclear
bottwartal-marathon-2026;Bottwartal Marathon;18.10.2026;Steinheim;Germany;Running;10 km, Half Marathon, Marathon;https://www.bottwartal-marathon.de;0;high;13;entry_fee, registration_status, registration_deadline, start_time, cutoff, elevation, course_info, race_day_info, travel_info, weather_info, statistics, faq, sources;;false;2026-06-17;unclear
bremer-bruckenlauf-2026;Bremer Brückenlauf;04.07.2026;Bremen;Germany;Running;5 km, 10 km, Half Marathon;https://bremer-brueckenlauf.de;0;high;13;entry_fee, registration_status, registration_deadline, start_time, cutoff, elevation, course_info, race_day_info, travel_info, weather_info, statistics, faq, sources;;false;2026-06-17;unclear
bremer-kuhcross-qx-2026;Bremer Kuhcross QX;15.11.2026;Bremen;Germany;Running;5 km;https://kuhcross.de/;0;medium;13;entry_fee, registration_status, registration_deadline, start_time, cutoff, elevation, course_info, race_day_info, travel_info, weather_info, statistics, faq, sources;;false;2026-06-17;unclear
brocken-marathon-2026;Brocken Marathon;10.10.2026;Wernigerode;Germany;Running;10 km, Marathon;http://www.harz-gebirgslauf.de;0;high;13;entry_fee, registration_status, registration_deadline, start_time, cutoff, elevation, course_info, race_day_info, travel_info, weather_info, statistics, faq, sources;;false;2026-06-17;unclear
butzower-citylauf-2026;Bützower Citylauf;30.08.2026;Bützow;Germany;Running;10 km;https://www.buetzow.de/;0;medium;13;entry_fee, registration_status, registration_deadline, start_time, cutoff, elevation, course_info, race_day_info, travel_info, weather_info, statistics, faq, sources;;false;2026-06-17;unclear
24-stunden-burginsellauf-delmenhorst-2026;24-Stunden-Burginsellauf Delmenhorst;27.06.2026;Delmenhorst;Germany;Running;24h Ultramarathon;https://www.24-lauf.de/;0;high;13;entry_fee, registration_status, registration_deadline, start_time, cutoff, elevation, course_info, race_day_info, travel_info, weather_info, statistics, faq, sources;;false;2026-06-17;unclear
caputher-seelauf-2027;Caputher Seelauf;10.01.2027;Caputh;Germany;Running;5 km, 10 km;https://www.caputher-sv.de/;0;medium;13;entry_fee, registration_status, registration_deadline, start_time, cutoff, elevation, course_info, race_day_info, travel_info, weather_info, statistics, faq, sources;;false;2026-06-17;unclear
city-marathon-wiesbaden-2026;City Marathon Wiesbaden;20.06.2026;Wiesbaden;Germany;Running;5 km, 10 km, Half Marathon, Marathon;https://sporthilfe-wiesbaden.de;0;high;13;entry_fee, registration_status, registration_deadline, start_time, cutoff, elevation, course_info, race_day_info, travel_info, weather_info, statistics, faq, sources;;false;2026-06-17;unclear
crailsheimer-halbmarathon-2026;Crailsheimer Halbmarathon;27.06.2026;Crailsheim;Germany;Running;Half Marathon;https://syntegon-burgberglauf.de;0;high;13;entry_fee, registration_status, registration_deadline, start_time, cutoff, elevation, course_info, race_day_info, travel_info, weather_info, statistics, faq, sources;;false;2026-06-17;unclear
dak-firmenlauf-cottbus-2026;DAK Firmenlauf Cottbus;10.09.2026;Cottbus;Germany;Running;5 km;https://www.firmenlauf-cottbus.de/;0;medium;13;entry_fee, registration_status, registration_deadline, start_time, cutoff, elevation, course_info, race_day_info, travel_info, weather_info, statistics, faq, sources;;false;2026-06-17;unclear
dessauer-rathaus-center-city-run-2026;Dessauer Rathaus-Center City RUN;13.09.2026;Dessau;Germany;Running;5 km, 10 km;https://anhalt-sport.de/;0;medium;13;entry_fee, registration_status, registration_deadline, start_time, cutoff, elevation, course_info, race_day_info, travel_info, weather_info, statistics, faq, sources;;false;2026-06-17;unclear
dorstener-24-stunden-lauf-2026;Dorstener 24-Stunden-Lauf;10.07.2026;Dorsten;Germany;Ultramarathon;24h Ultramarathon;https://24stundenlaufdorsten.de/;0;high;13;entry_fee, registration_status, registration_deadline, start_time, cutoff, elevation, course_info, race_day_info, travel_info, weather_info, statistics, faq, sources;;false;2026-06-17;unclear
dusseldorfer-silvesterlauf-2026;Düsseldorfer Silvesterlauf;31.12.2026;Düsseldorf;Germany;Running;5 km, 10 km;https://www.duesseldorf.de/sportamt/laufen-in-duesseldorf;0;medium;13;entry_fee, registration_status, registration_deadline, start_time, cutoff, elevation, course_info, race_day_info, travel_info, weather_info, statistics, faq, sources;;false;2026-06-17;unclear
einstein-marathon-ulm-2026;Einstein-Marathon Ulm;22.09.2026;Ulm;Germany;Running;10 km, Half Marathon, Marathon;http://www.einstein-marathon.de;0;high;13;entry_fee, registration_status, registration_deadline, start_time, cutoff, elevation, course_info, race_day_info, travel_info, weather_info, statistics, faq, sources;;false;2026-06-17;unclear
erfurter-nachtlauf-2026;Erfurter Nachtlauf;29.08.2026;Erfurt;Germany;Running;5 km, 10 km, Half Marathon;https://erfurter-laufnacht.de/;0;high;13;entry_fee, registration_status, registration_deadline, start_time, cutoff, elevation, course_info, race_day_info, travel_info, weather_info, statistics, faq, sources;;false;2026-06-17;unclear
fem-run-hannover-2026;fem.RUN Hannover;25.09.2026;Hannover;Germany;Running;5 km, 10 km;https://www.femrun.de;0;medium;13;entry_fee, registration_status, registration_deadline, start_time, cutoff, elevation, course_info, race_day_info, travel_info, weather_info, statistics, faq, sources;;false;2026-06-17;unclear
firmenlauf-chemnitz-2026;Firmenlauf Chemnitz;02.09.2026;Chemnitz;Germany;Running;5 km;https://www.firmenlauf-chemnitz.de/;0;medium;13;entry_fee, registration_status, registration_deadline, start_time, cutoff, elevation, course_info, race_day_info, travel_info, weather_info, statistics, faq, sources;;false;2026-06-17;unclear
fleesenseelauf-2026;Fleesenseelauf;26.09.2026;Göhren-Lebbin;Germany;Running;5 km, 10 km, Half Marathon;https://fleesensee-lauf.de/;0;high;13;entry_fee, registration_status, registration_deadline, start_time, cutoff, elevation, course_info, race_day_info, travel_info, weather_info, statistics, faq, sources;;false;2026-06-17;unclear
frauenlauf-koln-2026;Frauenlauf Köln;13.09.2026;Köln;Germany;Running;5 km, 10 km;https://www.koeln.de;0;medium;13;entry_fee, registration_status, registration_deadline, start_time, cutoff, elevation, course_info, race_day_info, travel_info, weather_info, statistics, faq, sources;;false;2026-06-17;unclear
halloween-run-bremen-2026;Halloween-Run Bremen;31.10.2026;Bremen;Germany;Running;10 km, Marathon;https://halloween-run-bremen.de/;0;high;13;entry_fee, registration_status, registration_deadline, start_time, cutoff, elevation, course_info, race_day_info, travel_info, weather_info, statistics, faq, sources;;false;2026-06-17;unclear
hella-hamburg-halbmarathon-2026;hella hamburg halbmarathon;28.06.2026;Hamburg;Germany;Running;Half Marathon;https://www.hamburg-halbmarathon.de/;0;high;13;entry_fee, registration_status, registration_deadline, start_time, cutoff, elevation, course_info, race_day_info, travel_info, weather_info, statistics, faq, sources;;false;2026-06-17;unclear
hella-marathon-rostock-2026;hella Marathon Rostock;01.08.2026;Rostock;Germany;Running;10 km, Half Marathon, Marathon;https://www.rostocker-marathon-nacht.com;0;high;13;entry_fee, registration_status, registration_deadline, start_time, cutoff, elevation, course_info, race_day_info, travel_info, weather_info, statistics, faq, sources;;false;2026-06-17;unclear
hiltruper-halbmarathon-2026;Hiltruper Halbmarathon;23.08.2026;Münster;Germany;Running;Half Marathon;https://www.tus-hiltrup.de;0;high;13;entry_fee, registration_status, registration_deadline, start_time, cutoff, elevation, course_info, race_day_info, travel_info, weather_info, statistics, faq, sources;;false;2026-06-17;unclear
hornlelauf-konstanz-2026;Hörnlelauf Konstanz;11.10.2026;Konstanz;Germany;Running;5 km, 10 km;https://konstanzer-laeufe.de/hoernlelauf/;0;medium;13;entry_fee, registration_status, registration_deadline, start_time, cutoff, elevation, course_info, race_day_info, travel_info, weather_info, statistics, faq, sources;;false;2026-06-17;unclear
hofmuhl-volksfest-halbmarathon-2026;Hofmühl-Volksfest Halbmarathon;30.08.2026;Eichstätt;Germany;Running;Half Marathon;https://www.sv-marienstein.de;0;high;13;entry_fee, registration_status, registration_deadline, start_time, cutoff, elevation, course_info, race_day_info, travel_info, weather_info, statistics, faq, sources;;false;2026-06-17;unclear
holzlandlauf-2026;Holzlandlauf;12.09.2026;Hermsdorf;Germany;Running;5 km, 10 km, Half Marathon;https://holzlandlauf.info/;0;high;13;entry_fee, registration_status, registration_deadline, start_time, cutoff, elevation, course_info, race_day_info, travel_info, weather_info, statistics, faq, sources;;false;2026-06-17;unclear
insellauf-der-aok-2026;Insellauf der AOK;21.06.2026;Insel Poel;Germany;Running;10 km;https://poelersv.de/;0;medium;13;entry_fee, registration_status, registration_deadline, start_time, cutoff, elevation, course_info, race_day_info, travel_info, weather_info, statistics, faq, sources;;false;2026-06-17;unclear
internationaler-schwarzwald-marathon-2026;Internationaler Schwarzwald-Marathon;11.10.2026;Bräunlingen;Germany;Running;Half Marathon, Marathon;http://www.schwarzwald-marathon.de;0;high;13;entry_fee, registration_status, registration_deadline, start_time, cutoff, elevation, course_info, race_day_info, travel_info, weather_info, statistics, faq, sources;;false;2026-06-17;unclear
internationaler-trierer-stadtlauf-2026;Internationaler Trierer Stadtlauf;28.06.2026;Trier;Germany;Running;10 km, Half Marathon;https://spoferan.com/en/events/40-int-trierer-stadtlauf-2026/;0;high;13;entry_fee, registration_status, registration_deadline, start_time, cutoff, elevation, course_info, race_day_info, travel_info, weather_info, statistics, faq, sources;;false;2026-06-17;unclear
kiel-lauf-2026;Kiel Lauf;13.09.2026;Kiel;Germany;Running;5 km, 10 km, Half Marathon;https://www.kiellauf.de;0;high;13;entry_fee, registration_status, registration_deadline, start_time, cutoff, elevation, course_info, race_day_info, travel_info, weather_info, statistics, faq, sources;;false;2026-06-17;unclear
kieler-forde-marathon-2026;Kieler Förde Marathon;20.09.2026;Kiel;Germany;Running;Marathon;https://www.ltvkiel-ost.de/kieler-förde-marathon;0;high;13;entry_fee, registration_status, registration_deadline, start_time, cutoff, elevation, course_info, race_day_info, travel_info, weather_info, statistics, faq, sources;;false;2026-06-17;unclear
kieler-forde-marathon-2027;Kieler Förde Marathon;19.09.2027;Kiel;Germany;Running;10 km, Half Marathon, Marathon;https://www.kieler-foerde-marathon.de;0;high;13;entry_fee, registration_status, registration_deadline, start_time, cutoff, elevation, course_info, race_day_info, travel_info, weather_info, statistics, faq, sources;;false;2026-06-17;unclear
konigsschlosser-marathon-2026;Königsschlösser Marathon;25.07.2026;Füssen;Germany;Running;10 km, Half Marathon, Marathon;https://www.laufwochenende-fuessen.de;0;high;13;entry_fee, registration_status, registration_deadline, start_time, cutoff, elevation, course_info, race_day_info, travel_info, weather_info, statistics, faq, sources;;false;2026-06-17;unclear
kuhlungsborner-crosslauf-2026;Kühlungsborner CrossLauf;19.09.2026;Kühlungsborn;Germany;Running;5 km, 10 km, Half Marathon;https://www.kuehlungsborn.de/laufveranstaltungen/;0;high;13;entry_fee, registration_status, registration_deadline, start_time, cutoff, elevation, course_info, race_day_info, travel_info, weather_info, statistics, faq, sources;;false;2026-06-17;unclear
l-auf-zur-venus-2026;(L)auf zur Venus;13.09.2026;Bremen;Germany;Running;5 km;https://www.krebsgesellschaft-hb.de/;0;medium;13;entry_fee, registration_status, registration_deadline, start_time, cutoff, elevation, course_info, race_day_info, travel_info, weather_info, statistics, faq, sources;;false;2026-06-17;unclear
lahnparklauf-2026;Lahnparklauf;30.08.2026;Wetzlar;Germany;Running;5 km, 10 km, Half Marathon;https://team-naunheim.com/lahnparklauf;0;high;13;entry_fee, registration_status, registration_deadline, start_time, cutoff, elevation, course_info, race_day_info, travel_info, weather_info, statistics, faq, sources;;false;2026-06-17;unclear
lipperland-marathon-2026;Lipperland Marathon;21.11.2026;Dörentrup;Germany;Running;10 km, Half Marathon, Marathon;https://www.lipperland-marathon.de;0;high;13;entry_fee, registration_status, registration_deadline, start_time, cutoff, elevation, course_info, race_day_info, travel_info, weather_info, statistics, faq, sources;;false;2026-06-17;unclear
ludwigshafener-stadtlauf-2026;Ludwigshafener Stadtlauf;27.06.2026;Ludwigshafen am Rhein;Germany;Running;5 km, 10 km;https://www.ludwigshafener-stadtlauf.de/;0;medium;13;entry_fee, registration_status, registration_deadline, start_time, cutoff, elevation, course_info, race_day_info, travel_info, weather_info, statistics, faq, sources;;false;2026-06-17;unclear
stadtwerke-lubeck-marathon-2026;Stadtwerke Lübeck Marathon;18.10.2026;Lübeck;Germany;Running;2 km, 5 km, 10 km, Half Marathon, Marathon;https://swhl-marathon.de/;0;high;13;entry_fee, registration_status, registration_deadline, start_time, cutoff, elevation, course_info, race_day_info, travel_info, weather_info, statistics, faq, sources;;false;08.07.2026;registration_open
marburger-nacht-marathon-2026;Marburger Nacht-Marathon;03.07.2026;Marburg;Germany;Running;10 km, Half Marathon, Marathon;https://www.nachtmarathon.org;0;high;13;entry_fee, registration_status, registration_deadline, start_time, cutoff, elevation, course_info, race_day_info, travel_info, weather_info, statistics, faq, sources;;false;2026-06-17;unclear
100-meilen-berlin-mauerweglauf-2026;100 Meilen Berlin — Mauerweglauf;15.08.2026;Berlin;Germany;Ultramarathon;100 Miles / 161 km;https://www.100meilen.de;0;high;13;entry_fee, registration_status, registration_deadline, start_time, cutoff, elevation, course_info, race_day_info, travel_info, weather_info, statistics, faq, sources;;false;2026-06-17;unclear
miltenberger-landkreis-lauftag-2026;Miltenberger Landkreis-Lauftag;13.09.2026;Elsenfeld;Germany;Running;5 km, 10 km, Half Marathon;https://lauftag.landkreis-miltenberg.de;0;high;13;entry_fee, registration_status, registration_deadline, start_time, cutoff, elevation, course_info, race_day_info, travel_info, weather_info, statistics, faq, sources;;false;2026-06-17;unclear
mitteldeutscher-marathon-2026;Mitteldeutscher Marathon;04.10.2026;Halle;Germany;Running;10 km, Half Marathon, Marathon;https://www.mitteldeutscher-marathon.de;0;high;13;entry_fee, registration_status, registration_deadline, start_time, cutoff, elevation, course_info, race_day_info, travel_info, weather_info, statistics, faq, sources;;false;2026-06-17;unclear
mittsommernachtslauf-hannover-2026;Mittsommernachtslauf Hannover;26.06.2026;Hannover;Germany;Running;10 km, Half Marathon;https://www.mittsommernachtslauf-hannover.de;0;high;13;entry_fee, registration_status, registration_deadline, start_time, cutoff, elevation, course_info, race_day_info, travel_info, weather_info, statistics, faq, sources;;false;2026-06-17;unclear
muritz-lauf-2026;Müritz-Lauf;27.06.2026;Waren (Müritz);Germany;Ultramarathon;75 km;https://mueritz-lauf.de;0;high;13;entry_fee, registration_status, registration_deadline, start_time, cutoff, elevation, course_info, race_day_info, travel_info, weather_info, statistics, faq, sources;;false;2026-06-17;unclear
nordholzer-windmuhlenlauf-2026;Nordholzer Windmühlenlauf;20.06.2026;Wurster Nordseeküste;Germany;Running;5 km, 10 km, Half Marathon;https://windmuehlenlauf.jimdofree.com;0;high;13;entry_fee, registration_status, registration_deadline, start_time, cutoff, elevation, course_info, race_day_info, travel_info, weather_info, statistics, faq, sources;;false;2026-06-17;unclear
offenbacher-mainuferlauf-2026;Offenbacher Mainuferlauf;11.10.2026;Offenbach am Main;Germany;Running;5 km, 10 km, Half Marathon;https://www.offenbacher-lc.de/;0;high;13;entry_fee, registration_status, registration_deadline, start_time, cutoff, elevation, course_info, race_day_info, travel_info, weather_info, statistics, faq, sources;;false;2026-06-17;unclear
osc-vorsilvesterlauf-2026;OSC Vorsilvesterlauf;27.12.2026;Bremerhaven;Germany;Running;5 km;https://osc-bremerhaven.de/;0;medium;13;entry_fee, registration_status, registration_deadline, start_time, cutoff, elevation, course_info, race_day_info, travel_info, weather_info, statistics, faq, sources;;false;2026-06-17;unclear
ot-bremen-run-2026;OT Bremen Run;13.09.2026;Bremen;Germany;Running;5 km, 10 km;https://ot-bremen-run.bremenracing.online/;0;medium;13;entry_fee, registration_status, registration_deadline, start_time, cutoff, elevation, course_info, race_day_info, travel_info, weather_info, statistics, faq, sources;;false;2026-06-17;unclear
psd-bank-halbmarathon-hamburg-2026;PSD Bank Halbmarathon Hamburg;20.09.2026;Hamburg;Germany;Running;Half Marathon;https://www.halb-marathon.hamburg;0;high;13;entry_fee, registration_status, registration_deadline, start_time, cutoff, elevation, course_info, race_day_info, travel_info, weather_info, statistics, faq, sources;;false;2026-06-17;unclear
reichenau-halbmarathon-2026;Reichenau Halbmarathon;20.09.2026;Reichenau;Germany;Running;10 km, Half Marathon;https://www.sv-reichenau-leichtathletik.de;0;high;13;entry_fee, registration_status, registration_deadline, start_time, cutoff, elevation, course_info, race_day_info, travel_info, weather_info, statistics, faq, sources;;false;2026-06-17;unclear
rostock-10-2026;Rostock 10;03.10.2026;Rostock;Germany;Running;10 km;https://rostock10.de/;0;medium;13;entry_fee, registration_status, registration_deadline, start_time, cutoff, elevation, course_info, race_day_info, travel_info, weather_info, statistics, faq, sources;;false;2026-06-17;unclear
sachsenlauf-coswig-2026;Sachsenlauf-Coswig;21.06.2026;Coswig;Germany;Running;5 km, 10 km, Half Marathon;https://www.sachsenlauf.de;0;high;13;entry_fee, registration_status, registration_deadline, start_time, cutoff, elevation, course_info, race_day_info, travel_info, weather_info, statistics, faq, sources;;false;2026-06-17;unclear
schlossinsellauf-lubben-2026;Schlossinsellauf Lübben;21.06.2026;Lübben;Germany;Running;5 km, 10 km, Half Marathon;https://schlossinsellauf.de;0;high;13;entry_fee, registration_status, registration_deadline, start_time, cutoff, elevation, course_info, race_day_info, travel_info, weather_info, statistics, faq, sources;;false;2026-06-17;unclear
sparkassen-silvesterlauf-werl-soest-2026;Sparkassen Silvesterlauf Werl-Soest;31.12.2026;Werl;Germany;Running;15 km;https://www.silvesterlauf.com;0;medium;13;entry_fee, registration_status, registration_deadline, start_time, cutoff, elevation, course_info, race_day_info, travel_info, weather_info, statistics, faq, sources;;false;2026-06-17;unclear
sparkassen-phoenix-halbmarathon-dortmund-2026;Sparkassen Phoenix-Halbmarathon Dortmund;03.10.2026;Dortmund;Germany;Running;Half Marathon;https://sparkassen-phoenix-halbmarathon.de;0;high;13;entry_fee, registration_status, registration_deadline, start_time, cutoff, elevation, course_info, race_day_info, travel_info, weather_info, statistics, faq, sources;;false;2026-06-17;unclear
sparkassen-rugenbrucken-marathon-2026;Sparkassen Rügenbrücken-Marathon;10.10.2026;Stralsund;Germany;Running;10 km, Half Marathon, Marathon;http://www.ruegenmarathon.de;0;high;13;entry_fee, registration_status, registration_deadline, start_time, cutoff, elevation, course_info, race_day_info, travel_info, weather_info, statistics, faq, sources;;false;2026-06-17;unclear
sparkassen-saarathon-2026;Sparkassen-SAARathon;11.10.2026;Saarbrücken;Germany;Running;5 km, 10 km, Half Marathon, Marathon;https://www.westspangenlauf.de;0;high;13;entry_fee, registration_status, registration_deadline, start_time, cutoff, elevation, course_info, race_day_info, travel_info, weather_info, statistics, faq, sources;;false;2026-06-17;unclear
stadtwerke-europalauf-2026;Stadtwerke-Europalauf;09.08.2026;Neustadt in Holstein;Germany;Running;5 km, 10 km, Half Marathon;https://www.tsv-neustadt-europalauf.de;0;high;13;entry_fee, registration_status, registration_deadline, start_time, cutoff, elevation, course_info, race_day_info, travel_info, weather_info, statistics, faq, sources;;false;2026-06-17;unclear
stolberger-schloss-lauf-2026;Stolberger Schloss-Lauf;29.08.2026;Stolberg;Germany;Running;5 km, 10 km, Half Marathon;https://www.stolberger-schloss-lauf.de/;0;high;13;entry_fee, registration_status, registration_deadline, start_time, cutoff, elevation, course_info, race_day_info, travel_info, weather_info, statistics, faq, sources;;false;2026-06-17;unclear
stuttgart-lauf-2026;Stuttgart-Lauf;21.06.2026;Stuttgart;Germany;Running;5 km, 10 km, Half Marathon;https://www.stuttgart-lauf.de;0;high;13;entry_fee, registration_status, registration_deadline, start_time, cutoff, elevation, course_info, race_day_info, travel_info, weather_info, statistics, faq, sources;;false;2026-06-17;unclear
swp-citylauf-pforzheim-2026;SWP CityLauf Pforzheim;26.06.2026;Pforzheim;Germany;Running;5 km, 10 km;https://www.citylauf-pforzheim.de/;0;medium;13;entry_fee, registration_status, registration_deadline, start_time, cutoff, elevation, course_info, race_day_info, travel_info, weather_info, statistics, faq, sources;;false;2026-06-17;unclear
teltowkanalhalbmarathon-2026;Teltowkanalhalbmarathon;06.12.2026;Teltow;Germany;Running;10 km, Half Marathon;https://www.sc-potsdam.de/leichtathletik/;0;high;13;entry_fee, registration_status, registration_deadline, start_time, cutoff, elevation, course_info, race_day_info, travel_info, weather_info, statistics, faq, sources;;false;2026-06-17;unclear
temnitzer-heide-lauf-2026;Temnitzer Heide-Lauf;05.09.2026;Temnitzquell;Germany;Running;Half Marathon, Marathon;https://www.temnitzer-heide-lauf.de/;0;high;13;entry_fee, registration_status, registration_deadline, start_time, cutoff, elevation, course_info, race_day_info, travel_info, weather_info, statistics, faq, sources;;false;2026-06-17;unclear
tharandter-wald-lauf-2026;Tharandter-Wald-Lauf;30.08.2026;Hartha;Germany;Running;5 km, 10 km, Half Marathon;https://tharandterwaldlauf.wordpress.com;0;high;13;entry_fee, registration_status, registration_deadline, start_time, cutoff, elevation, course_info, race_day_info, travel_info, weather_info, statistics, faq, sources;;false;2026-06-17;unclear
tiergartenlauf-velen-2026;Tiergartenlauf Velen;20.06.2026;Velen;Germany;Running;5 km, 10 km, Half Marathon;https://www.sf-nordvelen.de/tgl;0;high;13;entry_fee, registration_status, registration_deadline, start_time, cutoff, elevation, course_info, race_day_info, travel_info, weather_info, statistics, faq, sources;;false;2026-06-17;unclear
la-hamburg-togethher-silvesterlauf-2026;LA-Hamburg TogetHHer Silvesterlauf;31.12.2026;Hamburg;Germany;Running;7.4 km;https://www.bsv-hamburg.de;0;medium;13;entry_fee, registration_status, registration_deadline, start_time, cutoff, elevation, course_info, race_day_info, travel_info, weather_info, statistics, faq, sources;;false;2026-06-17;unclear
tubinger-erbe-lauf-2026;Tübinger Erbe-Lauf;20.09.2026;Tübingen;Germany;Running;5 km, 10 km;https://www.tuebinger-erbe-lauf.de/;0;medium;13;entry_fee, registration_status, registration_deadline, start_time, cutoff, elevation, course_info, race_day_info, travel_info, weather_info, statistics, faq, sources;;false;2026-06-17;unclear
uno-urban-cross-lauf-2026;UNO Urban Cross Lauf;04.10.2026;Saarbrücken;Germany;Running;5 km, 10 km;https://www.uno-urban-cross.de/;0;medium;13;entry_fee, registration_status, registration_deadline, start_time, cutoff, elevation, course_info, race_day_info, travel_info, weather_info, statistics, faq, sources;;false;2026-06-17;unclear
sv-1860-minden-volkslauf-2026;SV-1860-Minden Volkslauf;29.08.2026;Minden;Germany;Running;5 km, 10 km;https://sv1860minden.de/sportarten/leichtathletik/volkslauf-minden;0;medium;13;entry_fee, registration_status, registration_deadline, start_time, cutoff, elevation, course_info, race_day_info, travel_info, weather_info, statistics, faq, sources;;false;2026-06-17;unclear
wallenstein-halbmarathon-2026;Wallenstein Halbmarathon;26.07.2026;Altdorf;Germany;Running;Half Marathon;https://tv1881altdorf.de;0;high;13;entry_fee, registration_status, registration_deadline, start_time, cutoff, elevation, course_info, race_day_info, travel_info, weather_info, statistics, faq, sources;;false;2026-06-17;unclear
wardenburger-sommerlauf-2026;Wardenburger Sommerlauf;06.09.2026;Wardenburg;Germany;Running;5 km, 10 km;http://www.wardenburger-sommerlauf.de;0;medium;13;entry_fee, registration_status, registration_deadline, start_time, cutoff, elevation, course_info, race_day_info, travel_info, weather_info, statistics, faq, sources;;false;2026-06-17;unclear
warener-sommerlauf-2026;Warener Sommerlauf;20.06.2026;Waren (Müritz);Germany;Running;5 km, 10 km;https://sv-waren-09.de/;0;medium;13;entry_fee, registration_status, registration_deadline, start_time, cutoff, elevation, course_info, race_day_info, travel_info, weather_info, statistics, faq, sources;;false;2026-06-17;unclear
weimarer-stadtlauf-2026;Weimarer Stadtlauf;10.10.2026;Weimar;Germany;Running;11 km;https://www.weimarer-stadtlauf.de/;0;medium;13;entry_fee, registration_status, registration_deadline, start_time, cutoff, elevation, course_info, race_day_info, travel_info, weather_info, statistics, faq, sources;;false;2026-06-17;unclear
wintermarathon-leipzig-2027;Wintermarathon Leipzig;16.01.2027;Leipzig;Germany;Running;Half Marathon, Marathon;https://wintermarathon.de;0;high;13;entry_fee, registration_status, registration_deadline, start_time, cutoff, elevation, course_info, race_day_info, travel_info, weather_info, statistics, faq, sources;;false;2026-06-17;unclear
volksbank-stadtlauf-selm-2026-2026;Volksbank Stadtlauf Selm 2026;18.06.2026;Selm;Germany;Running;10 km, 5 km;https://www.selm.de/service-aktuelles/aktuelle-meldungen/anmeldungen-fuer-4-volksbank-stadtlauf-moeglich.html;0;medium;13;entry_fee, registration_status, registration_deadline, start_time, cutoff, elevation, course_info, race_day_info, travel_info, weather_info, statistics, faq, sources;;false;2026-06-17;unclear
lkz-firmenlauf-2026;LKZ Firmenlauf;17.06.2026;Ludwigsburg;Germany;Running;5 km;https://mtv-ludwigsburg.de/project/lkz-firmenlauf/;0;medium;13;entry_fee, registration_status, registration_deadline, start_time, cutoff, elevation, course_info, race_day_info, travel_info, weather_info, statistics, faq, sources;;false;2026-06-17;unclear
sommernachtslauf-am-hufeisen-2026;Sommernachtslauf am Hufeisen;17.06.2026;Hesse;Germany;Running;5 km;https://www.laufteam-gelnhausen.de/veranstaltungen/sommernachtslauf/;0;medium;13;entry_fee, registration_status, registration_deadline, start_time, cutoff, elevation, course_info, race_day_info, travel_info, weather_info, statistics, faq, sources;;false;2026-06-17;unclear
brunsbuttler-citylauf-2026;Brunsbüttler Citylauf;19.06.2026;Brunsbüttel;Germany;Running;10 km, 5 km;https://trainerday.com/ja/events/de/24-brunsbuttler-citylauf-2026;0;medium;13;entry_fee, registration_status, registration_deadline, start_time, cutoff, elevation, course_info, race_day_info, travel_info, weather_info, statistics, faq, sources;;false;2026-06-17;unclear
jemgumer-dorploop-2026;Jemgumer Dörploop;19.06.2026;Jemgum;Germany;Running;Halbmarathon, 10 km, 5 km;https://lauftreff-sv-ems-jemgum.de/jemgumer-doerploop/;0;high;13;entry_fee, registration_status, registration_deadline, start_time, cutoff, elevation, course_info, race_day_info, travel_info, weather_info, statistics, faq, sources;;false;2026-06-17;unclear
27-midsummer-triathlon-2026;27. Midsummer-Triathlon;18.06.2026;Großensee;Germany;Triathlon;Triathlon;http://www.midsummer-triathlon.de;0;medium;13;entry_fee, registration_status, registration_deadline, start_time, cutoff, elevation, course_info, race_day_info, travel_info, weather_info, statistics, faq, sources;;false;2026-06-17;unclear
4-grunheider-schultriathlon-2026;4. Grünheider Schultriathlon;19.06.2026;Grünheide (Mark);Germany;Triathlon;Triathlon;http://www.multisport-los.de;0;medium;13;entry_fee, registration_status, registration_deadline, start_time, cutoff, elevation, course_info, race_day_info, travel_info, weather_info, statistics, faq, sources;;false;2026-06-17;unclear
memmert-rothsee-triathlon-2026;Memmert Rothsee Triathlon;20.06.2026;Hilpoltstein;Germany;Triathlon;Triathlon;http://www.rothsee-triathlon.de;0;medium;13;entry_fee, registration_status, registration_deadline, start_time, cutoff, elevation, course_info, race_day_info, travel_info, weather_info, statistics, faq, sources;;false;2026-06-17;unclear
29-arendsee-triathlon-2026;29. Arendsee Triathlon;20.06.2026;Arendsee (Altmark);Germany;Triathlon;Triathlon;http://arendsee-triathlon.de/;0;medium;13;entry_fee, registration_status, registration_deadline, start_time, cutoff, elevation, course_info, race_day_info, travel_info, weather_info, statistics, faq, sources;;false;2026-06-17;unclear
35-unterallgauer-triathlon-2026;35. Unterallgäuer Triathlon;27.06.2026;Ottobeuren;Germany;Triathlon;Triathlon;http://www.triathlon-ottobeuren.de;0;medium;13;entry_fee, registration_status, registration_deadline, start_time, cutoff, elevation, course_info, race_day_info, travel_info, weather_info, statistics, faq, sources;;false;2026-06-17;unclear
18-mitteldeutscher-firmenteam-triathlon-2026;18. Mitteldeutscher Firmenteam Triathlon;27.06.2026;Roßbach;Germany;Triathlon;Triathlon;http://www.tc-merseburg.de;0;medium;13;entry_fee, registration_status, registration_deadline, start_time, cutoff, elevation, course_info, race_day_info, travel_info, weather_info, statistics, faq, sources;;false;2026-06-17;unclear
swim-run-vol-13-triathlon-waldfeucht-2026;Swim + Run Vol. 13 / Triathlon Waldfeucht;27.06.2026;Heinsberg - Kirchhoven;Germany;Triathlon;Triathlon;https://dtu.it4sport.de/ta_startpass.html;0;medium;13;entry_fee, registration_status, registration_deadline, start_time, cutoff, elevation, course_info, race_day_info, travel_info, weather_info, statistics, faq, sources;;false;2026-06-17;unclear
triathlon-dierhagen-2026;Triathlon Dierhagen;27.06.2026;Dierhagen;Germany;Triathlon;Triathlon;http://www.polizeisportverein-rdg.de;0;medium;13;entry_fee, registration_status, registration_deadline, start_time, cutoff, elevation, course_info, race_day_info, travel_info, weather_info, statistics, faq, sources;;false;2026-06-17;unclear
28-ewr-triathlon-lampertheim-2026;28. EWR-Triathlon Lampertheim;28.06.2026;Lampertheim;Germany;Triathlon;Triathlon;http://www.triathlon-lampertheim.de;0;medium;13;entry_fee, registration_status, registration_deadline, start_time, cutoff, elevation, course_info, race_day_info, travel_info, weather_info, statistics, faq, sources;;false;2026-06-17;unclear
herbrand-niederrhein-triathlon-n3t-2026;Herbrand Niederrhein Triathlon N3T;28.06.2026;Kalkar;Germany;Triathlon;Triathlon;http://www.niederrhein-triathlon.de/;0;medium;13;entry_fee, registration_status, registration_deadline, start_time, cutoff, elevation, course_info, race_day_info, travel_info, weather_info, statistics, faq, sources;;false;2026-06-17;unclear
erbacher-triathlon-2026;Erbacher Triathlon;28.06.2026;Erbach;Germany;Triathlon;Triathlon;http://www.erbacher-triathlon.de;0;medium;13;entry_fee, registration_status, registration_deadline, start_time, cutoff, elevation, course_info, race_day_info, travel_info, weather_info, statistics, faq, sources;;false;2026-06-17;unclear
9-drachentriathlon-2026;9. Drachentriathlon;28.06.2026;Furth im Wald;Germany;Triathlon;Triathlon;http://www.drachentriathlon.de;0;medium;13;entry_fee, registration_status, registration_deadline, start_time, cutoff, elevation, course_info, race_day_info, travel_info, weather_info, statistics, faq, sources;;false;2026-06-17;unclear
3-triathlon-de-cup-landshut-2026;3. triathlon.de CUP Landshut;28.06.2026;Landshut;Germany;Triathlon;Triathlon;http://www.triathlon-landshut.de;0;medium;13;entry_fee, registration_status, registration_deadline, start_time, cutoff, elevation, course_info, race_day_info, travel_info, weather_info, statistics, faq, sources;;false;2026-06-17;unclear
wemdinger-waldsee-triathlon-2026;Wemdinger Waldsee Triathlon;28.06.2026;Wemding;Germany;Triathlon;Triathlon;http://www.lg-maerchenwald.de/triathlon;0;medium;13;entry_fee, registration_status, registration_deadline, start_time, cutoff, elevation, course_info, race_day_info, travel_info, weather_info, statistics, faq, sources;;false;2026-06-17;unclear
20-entega-heinerman-triathlon-2026;20. ENTEGA Heinerman Triathlon;28.06.2026;Darmstadt;Germany;Triathlon;Triathlon;http://www.heinerman.de;0;medium;13;entry_fee, registration_status, registration_deadline, start_time, cutoff, elevation, course_info, race_day_info, travel_info, weather_info, statistics, faq, sources;;false;2026-06-17;unclear
31-fummelsee-triathlon-2026;31. Fümmelsee-Triathlon;28.06.2026;Wolfenbüttel;Germany;Triathlon;Triathlon;http://www.fuemmelsee-triathlon.de;0;medium;13;entry_fee, registration_status, registration_deadline, start_time, cutoff, elevation, course_info, race_day_info, travel_info, weather_info, statistics, faq, sources;;false;2026-06-17;unclear
8-nordhorner-triathlon-2026;8. Nordhorner Triathlon;28.06.2026;Nordhorn;Germany;Triathlon;Triathlon;http://www.nordhorner-triathlon.de;0;medium;13;entry_fee, registration_status, registration_deadline, start_time, cutoff, elevation, course_info, race_day_info, travel_info, weather_info, statistics, faq, sources;;false;2026-06-17;unclear
kulturstadttriathlon-weimar-2026-2026;Kulturstadttriathlon Weimar 2026;28.06.2026;Weimar;Germany;Triathlon;Triathlon;http://www.kulturstadttriathlon.de;0;medium;13;entry_fee, registration_status, registration_deadline, start_time, cutoff, elevation, course_info, race_day_info, travel_info, weather_info, statistics, faq, sources;;false;2026-06-17;unclear
2-zarrentin-triathlon-2026;2. Zarrentin Triathlon;28.06.2026;Zarrentin;Germany;Triathlon;Triathlon;http://www.tollense-timing.de;0;medium;13;entry_fee, registration_status, registration_deadline, start_time, cutoff, elevation, course_info, race_day_info, travel_info, weather_info, statistics, faq, sources;;false;2026-06-17;unclear
hersbrucker-volkstriathlon-2026-2026;Hersbrucker Volkstriathlon 2026;28.06.2026;Hersbruck;Germany;Triathlon;Triathlon;http://www.volkstriathlon-hersbruck.de;0;medium;13;entry_fee, registration_status, registration_deadline, start_time, cutoff, elevation, course_info, race_day_info, travel_info, weather_info, statistics, faq, sources;;false;2026-06-17;unclear
28-dreikirchener-systemceram-triathlon-2026;28. Dreikirchener systemceram Triathlon;28.06.2026;Dreikirchen;Germany;Triathlon;Triathlon;http://www.SC-Dreikirchen.de;0;medium;13;entry_fee, registration_status, registration_deadline, start_time, cutoff, elevation, course_info, race_day_info, travel_info, weather_info, statistics, faq, sources;;false;2026-06-17;unclear
wedemark-spass-triathlon-2026;Wedemark-Spass-Triathlon;28.06.2026;Wedemark;Germany;Triathlon;Triathlon;http://www.wedemark-spass-triathlon.de;0;medium;13;entry_fee, registration_status, registration_deadline, start_time, cutoff, elevation, course_info, race_day_info, travel_info, weather_info, statistics, faq, sources;;false;2026-06-17;unclear
21-sparkassen-triathlon-braunschweig-2026;21. Sparkassen Triathlon Braunschweig;28.06.2026;Braunschweig;Germany;Triathlon;Triathlon;http://triathlon-team-bs.de/;0;medium;13;entry_fee, registration_status, registration_deadline, start_time, cutoff, elevation, course_info, race_day_info, travel_info, weather_info, statistics, faq, sources;;false;2026-06-17;unclear
19-dtu-triathlon-schultour-2026-2026;19. DTU Triathlon Schultour 2026;01.07.2026;Neubrandenburg;Germany;Triathlon;Triathlon;http://www.sc-neubrandenburg.de;0;medium;13;entry_fee, registration_status, registration_deadline, start_time, cutoff, elevation, course_info, race_day_info, travel_info, weather_info, statistics, faq, sources;;false;2026-06-17;unclear
werbellinseetriathlon-2026;WerbellinseeTriathlon;04.07.2026;Joachimsthal;Germany;Triathlon;Triathlon;http://www.werbellinseetriathlon.de;0;medium;13;entry_fee, registration_status, registration_deadline, start_time, cutoff, elevation, course_info, race_day_info, travel_info, weather_info, statistics, faq, sources;;false;2026-06-17;unclear
sparkassen-triathlon-tag-schopfheim-2026;Sparkassen Triathlon Tag Schopfheim;04.07.2026;Schopfheim;Germany;Triathlon;Triathlon;http://www.tsch-langenau.de;0;medium;13;entry_fee, registration_status, registration_deadline, start_time, cutoff, elevation, course_info, race_day_info, travel_info, weather_info, statistics, faq, sources;;false;2026-06-17;unclear
35-altmuhltriathlon-leutershausen-2026;35. Altmühltriathlon Leutershausen;04.07.2026;Leutershausen;Germany;Triathlon;Olympic Triathlon;http://www.tv-leutershausen.de;0;medium;13;entry_fee, registration_status, registration_deadline, start_time, cutoff, elevation, course_info, race_day_info, travel_info, weather_info, statistics, faq, sources;;false;2026-06-17;unclear
berliner-volkstriathlon-2026;Berliner Volkstriathlon;05.07.2026;Berlin;Germany;Triathlon;Triathlon;http://www.wj-tools.de;0;medium;13;entry_fee, registration_status, registration_deadline, start_time, cutoff, elevation, course_info, race_day_info, travel_info, weather_info, statistics, faq, sources;;false;2026-06-17;unclear
13-wanzleber-sparkassen-triathlon-2026;13. Wanzleber Sparkassen Triathlon;05.07.2026;Wanzleben-Börde;Germany;Triathlon;Triathlon;http://www.triathlon-wanzleben.de;0;medium;13;entry_fee, registration_status, registration_deadline, start_time, cutoff, elevation, course_info, race_day_info, travel_info, weather_info, statistics, faq, sources;;false;2026-06-17;unclear
lexware-freiburg-triathlon-2026-2026;LEXWARE Freiburg-Triathlon 2026;05.07.2026;Freiburg im Breisgau;Germany;Triathlon;Triathlon;http://www.triteamfreiburg.de;0;medium;13;entry_fee, registration_status, registration_deadline, start_time, cutoff, elevation, course_info, race_day_info, travel_info, weather_info, statistics, faq, sources;;false;2026-06-17;unclear
32-poggensee-triathlon-2026;32.Poggensee Triathlon;05.07.2026;Bad Oldesloe;Germany;Triathlon;Triathlon;http://Spiridon-oldesloe.de;0;medium;13;entry_fee, registration_status, registration_deadline, start_time, cutoff, elevation, course_info, race_day_info, travel_info, weather_info, statistics, faq, sources;;false;2026-06-17;unclear
saerbecker-triathlon-2026;Saerbecker Triathlon;05.07.2026;Saerbeck;Germany;Triathlon;Triathlon;http://www.wasser-freizeit.de/veranstaltungen/saerbecker-triathlon/ausschreibung;0;medium;13;entry_fee, registration_status, registration_deadline, start_time, cutoff, elevation, course_info, race_day_info, travel_info, weather_info, statistics, faq, sources;;false;2026-06-17;unclear
scott-tegernsee-triathlon-2026-2026;SCOTT Tegernsee Triathlon 2026;05.07.2026;Gmund a. Tegernsee;Germany;Triathlon;Triathlon;http://www.tegernsee-triathlon.de;0;medium;13;entry_fee, registration_status, registration_deadline, start_time, cutoff, elevation, course_info, race_day_info, travel_info, weather_info, statistics, faq, sources;;false;2026-06-17;unclear
volksbank-schultriathlon-ahlen-2026-2026;Volksbank Schultriathlon Ahlen 2026;09.07.2026;Ahlen;Germany;Triathlon;Triathlon;http://www.asc-ahlen.de;0;medium;13;entry_fee, registration_status, registration_deadline, start_time, cutoff, elevation, course_info, race_day_info, travel_info, weather_info, statistics, faq, sources;;false;2026-06-17;unclear
10-schulmeisterschaft-im-triathlon-2026;10. Schulmeisterschaft im Triathlon;10.07.2026;Deggendorf;Germany;Triathlon;Triathlon;http://www.lv-deggendorf.de;0;medium;13;entry_fee, registration_status, registration_deadline, start_time, cutoff, elevation, course_info, race_day_info, travel_info, weather_info, statistics, faq, sources;;false;2026-06-17;unclear
suzuki-world-triathlon-hamburg-2026-2026;SUZUKI World Triathlon Hamburg 2026;11.07.2026;Hamburg;Germany;Triathlon;Triathlon;http://hamburg.triathlon.org/;0;medium;13;entry_fee, registration_status, registration_deadline, start_time, cutoff, elevation, course_info, race_day_info, travel_info, weather_info, statistics, faq, sources;;false;2026-06-17;unclear
11-wuggi-triathlon-2026;11. Wuggi-Triathlon;11.07.2026;Prackenbach;Germany;Triathlon;Triathlon;http://www.bayronman.com;0;medium;13;entry_fee, registration_status, registration_deadline, start_time, cutoff, elevation, course_info, race_day_info, travel_info, weather_info, statistics, faq, sources;;false;2026-06-17;unclear
schluchsee-triathlon-2026;Schluchsee Triathlon;11.07.2026;Schluchsee;Germany;Triathlon;Triathlon;http://www.triathlon-schluchsee.de;0;medium;13;entry_fee, registration_status, registration_deadline, start_time, cutoff, elevation, course_info, race_day_info, travel_info, weather_info, statistics, faq, sources;;false;2026-06-17;unclear
43-gealan-triathlon-der-ifl-hof-2026;43. GEALAN Triathlon der IfL Hof;11.07.2026;Hof;Germany;Triathlon;Triathlon;http://www.ifl-hof.de/sportarten/gealan-triathlon.html;0;medium;13;entry_fee, registration_status, registration_deadline, start_time, cutoff, elevation, course_info, race_day_info, travel_info, weather_info, statistics, faq, sources;;false;2026-06-17;unclear
26-ammerseetriathlon-2026;26.Ammerseetriathlon;11.07.2026;Dießen am Ammersee;Germany;Triathlon;Triathlon;http://www.triathlon-riederau.de;0;medium;13;entry_fee, registration_status, registration_deadline, start_time, cutoff, elevation, course_info, race_day_info, travel_info, weather_info, statistics, faq, sources;;false;2026-06-17;unclear
14-stadtwerke-dusseldorf-familientriathlon-2026;14. Stadtwerke Düsseldorf Familientriathlon;11.07.2026;Düsseldorf;Germany;Triathlon;Triathlon;http://www.swd-familientriathlon.de;0;medium;13;entry_fee, registration_status, registration_deadline, start_time, cutoff, elevation, course_info, race_day_info, travel_info, weather_info, statistics, faq, sources;;false;2026-06-17;unclear
piratentriathlon-amberg-2026;Piratentriathlon Amberg;11.07.2026;Amberg;Germany;Triathlon;Triathlon;http://www.cis-amberg.de;0;medium;13;entry_fee, registration_status, registration_deadline, start_time, cutoff, elevation, course_info, race_day_info, travel_info, weather_info, statistics, faq, sources;;false;2026-06-17;unclear
raiffeisentriathlon-2026;Raiffeisentriathlon;12.07.2026;Hamm (Sieg);Germany;Triathlon;Triathlon;http://www.raiffeisentriathlon.de/hamm;0;medium;13;entry_fee, registration_status, registration_deadline, start_time, cutoff, elevation, course_info, race_day_info, travel_info, weather_info, statistics, faq, sources;;false;2026-06-17;unclear
5-stadtwerke-bochum-triathlon-2026;5. Stadtwerke-Bochum-Triathlon;12.07.2026;Bochum;Germany;Triathlon;Triathlon;http://www.bwbochum.de;0;medium;13;entry_fee, registration_status, registration_deadline, start_time, cutoff, elevation, course_info, race_day_info, travel_info, weather_info, statistics, faq, sources;;false;2026-06-17;unclear
41-neue-rostocker-wg-triathlon-2026;41. Neue Rostocker WG Triathlon;12.07.2026;Rostock;Germany;Triathlon;Triathlon;http://www.tc-fiko.de/events/rostocker-triathlon/;0;medium;13;entry_fee, registration_status, registration_deadline, start_time, cutoff, elevation, course_info, race_day_info, travel_info, weather_info, statistics, faq, sources;;false;2026-06-17;unclear
hager-papprint-biospharentriathlon-2026;Hager Papprint Biosphärentriathlon;12.07.2026;Gersheim;Germany;Triathlon;Triathlon;http://www.biosphaeren-triathlon.de/;0;medium;13;entry_fee, registration_status, registration_deadline, start_time, cutoff, elevation, course_info, race_day_info, travel_info, weather_info, statistics, faq, sources;;false;2026-06-17;unclear
schlaubetal-triathlon-2026;Schlaubetal- Triathlon;12.07.2026;Müllrose;Germany;Triathlon;Triathlon;http://www.tripoint-ffo.de;0;medium;13;entry_fee, registration_status, registration_deadline, start_time, cutoff, elevation, course_info, race_day_info, travel_info, weather_info, statistics, faq, sources;;false;2026-06-17;unclear
16-hensel-recycling-churfranken-triathlon-2026;16. Hensel Recycling Churfranken Triathlon;12.07.2026;Niedernberg;Germany;Triathlon;Triathlon;http://www.tripaul.de;0;medium;13;entry_fee, registration_status, registration_deadline, start_time, cutoff, elevation, course_info, race_day_info, travel_info, weather_info, statistics, faq, sources;;false;2026-06-17;unclear
iok-triathlon-verl-2026;IOK-Triathlon Verl;12.07.2026;Verl;Germany;Triathlon;Triathlon;http://www.triathlon-verl.de;0;medium;13;entry_fee, registration_status, registration_deadline, start_time, cutoff, elevation, course_info, race_day_info, travel_info, weather_info, statistics, faq, sources;;false;2026-06-17;unclear
38-altmark-triathlon-2026;38. Altmark-Triathlon;12.07.2026;Hassel OT Wischer;Germany;Triathlon;Triathlon;http://altmark-triathlon.com;0;medium;13;entry_fee, registration_status, registration_deadline, start_time, cutoff, elevation, course_info, race_day_info, travel_info, weather_info, statistics, faq, sources;;false;2026-06-17;unclear
offendorf-triathlon-2026;Offendorf-Triathlon;12.07.2026;Ratekau;Germany;Triathlon;Triathlon;http://offendorf-triathlon.de/;0;medium;13;entry_fee, registration_status, registration_deadline, start_time, cutoff, elevation, course_info, race_day_info, travel_info, weather_info, statistics, faq, sources;;false;2026-06-17;unclear
holzland-triathlon-hassmersheim-2026;Holzland Triathlon Haßmersheim;12.07.2026;Haßmersheim;Germany;Triathlon;Triathlon;http://www.holzland-triathlon-hassmersheim.de;0;medium;13;entry_fee, registration_status, registration_deadline, start_time, cutoff, elevation, course_info, race_day_info, travel_info, weather_info, statistics, faq, sources;;false;2026-06-17;unclear
cross-triathlon-tsv-karlstadt-2026;Cross Triathlon TSV Karlstadt;12.07.2026;Karlstadt;Germany;Triathlon;Triathlon;http://www.triathlon-karlstadt.de;0;medium;13;entry_fee, registration_status, registration_deadline, start_time, cutoff, elevation, course_info, race_day_info, travel_info, weather_info, statistics, faq, sources;;false;2026-06-17;unclear
apian-schultriathlon-2026;Apian-Schultriathlon;14.07.2026;85051 Ingolstadt;Germany;Triathlon;Triathlon;http://www.apian.de;0;medium;13;entry_fee, registration_status, registration_deadline, start_time, cutoff, elevation, course_info, race_day_info, travel_info, weather_info, statistics, faq, sources;;false;2026-06-17;unclear
hoglworther-see-triathlon-2026;Höglwörther-See-Triathlon;18.07.2026;Anger;Germany;Triathlon;Triathlon;http://www.sc-anger.de;0;medium;13;entry_fee, registration_status, registration_deadline, start_time, cutoff, elevation, course_info, race_day_info, travel_info, weather_info, statistics, faq, sources;;false;2026-06-17;unclear
mohnesee-triathlon-2026-2026;Möhnesee Triathlon 2026;18.07.2026;Möhnesee;Germany;Triathlon;Triathlon;http://www.moehnesee-triathlon.de;0;medium;13;entry_fee, registration_status, registration_deadline, start_time, cutoff, elevation, course_info, race_day_info, travel_info, weather_info, statistics, faq, sources;;false;2026-06-17;unclear
39-velburger-kirchweihtriathlon-2026;39. Velburger Kirchweihtriathlon;18.07.2026;Velburg;Germany;Triathlon;Triathlon;http://tv-velburg.de;0;medium;13;entry_fee, registration_status, registration_deadline, start_time, cutoff, elevation, course_info, race_day_info, travel_info, weather_info, statistics, faq, sources;;false;2026-06-17;unclear
41-welzheimer-triathlon-2026;41. Welzheimer Triathlon;18.07.2026;Welzheim;Germany;Triathlon;Triathlon;http://www.welzheimer-triathlon.de;0;medium;13;entry_fee, registration_status, registration_deadline, start_time, cutoff, elevation, course_info, race_day_info, travel_info, weather_info, statistics, faq, sources;;false;2026-06-17;unclear
mey-generalbau-triathlon-tubingen-2026;Mey Generalbau Triathlon Tübingen;19.07.2026;Tübingen;Germany;Triathlon;Triathlon;http://www.mey-generalbau-triathlon.com/;0;medium;13;entry_fee, registration_status, registration_deadline, start_time, cutoff, elevation, course_info, race_day_info, travel_info, weather_info, statistics, faq, sources;;false;2026-06-17;unclear
35-kratschmayer-triathlon-2026;35. Kratschmayer Triathlon;19.07.2026;Waldenburg;Germany;Triathlon;Triathlon;http://www.tsg-waldenburg.de;0;medium;13;entry_fee, registration_status, registration_deadline, start_time, cutoff, elevation, course_info, race_day_info, travel_info, weather_info, statistics, faq, sources;;false;2026-06-17;unclear
23-sparkassen-triathlon-dortmund-2026-2026;23. Sparkassen-Triathlon Dortmund 2026;19.07.2026;Dortmund;Germany;Triathlon;Triathlon;http://www.sparkassen-triathlon-dortmund.de/;0;medium;13;entry_fee, registration_status, registration_deadline, start_time, cutoff, elevation, course_info, race_day_info, travel_info, weather_info, statistics, faq, sources;;false;2026-06-17;unclear
19-rheinstetten-triathlon-2026;19. Rheinstetten Triathlon;19.07.2026;Rheinstetten;Germany;Triathlon;Triathlon;http://sportfreunde-forchheim.de;0;medium;13;entry_fee, registration_status, registration_deadline, start_time, cutoff, elevation, course_info, race_day_info, travel_info, weather_info, statistics, faq, sources;;false;2026-06-17;unclear
landkreis-schultriathlon-roth-2026-2026;Landkreis-Schultriathlon Roth 2026;21.07.2026;Roth;Germany;Triathlon;Triathlon;http://schulamt-rh-sc.de/landkreis-schultriathlon;0;medium;13;entry_fee, registration_status, registration_deadline, start_time, cutoff, elevation, course_info, race_day_info, travel_info, weather_info, statistics, faq, sources;;false;2026-06-17;unclear
further-schultriathlon-2026;Fürther Schultriathlon;22.07.2026;Fürth;Germany;Triathlon;Triathlon;http://www.fuerth.de/schultriathlon;0;medium;13;entry_fee, registration_status, registration_deadline, start_time, cutoff, elevation, course_info, race_day_info, travel_info, weather_info, statistics, faq, sources;;false;2026-06-17;unclear
25-schultriathlon-sonnenlugerschule-mengen-2026;25. Schultriathlon Sonnenlugerschule Mengen;22.07.2026;Mengen;Germany;Triathlon;Triathlon;http://www.sonnenluger.sig.schule-bw.de;0;medium;13;entry_fee, registration_status, registration_deadline, start_time, cutoff, elevation, course_info, race_day_info, travel_info, weather_info, statistics, faq, sources;;false;2026-06-17;unclear
die-finals-2026-sprint-triathlon-steinhuder-meer-2026;Die Finals 2026 - Sprint Triathlon Steinhuder Meer;23.07.2026;Wunstorf;Germany;Triathlon;Sprint;http://www.triathlond-events.de/de/triathlon-steinhuder-meer;0;medium;13;entry_fee, registration_status, registration_deadline, start_time, cutoff, elevation, course_info, race_day_info, travel_info, weather_info, statistics, faq, sources;;false;2026-06-17;unclear
33-hofheimer-triathlon-2026;33. Hofheimer Triathlon;25.07.2026;Hofheim i. UFr.;Germany;Triathlon;Triathlon;http://www.tria-hofheim.de;0;medium;13;entry_fee, registration_status, registration_deadline, start_time, cutoff, elevation, course_info, race_day_info, travel_info, weather_info, statistics, faq, sources;;false;2026-06-17;unclear
40-muritz-triathlon-2026;40. Müritz-Triathlon;25.07.2026;Waren (Müritz);Germany;Triathlon;Triathlon;http://www.mueritzsportclub.de;0;medium;13;entry_fee, registration_status, registration_deadline, start_time, cutoff, elevation, course_info, race_day_info, travel_info, weather_info, statistics, faq, sources;;false;2026-06-17;unclear
2-malteser-triathlon-2026;2. Malteser Triathlon;25.07.2026;Heitersheim;Germany;Triathlon;Triathlon;http://www.maltesertriathlon.de;0;medium;13;entry_fee, registration_status, registration_deadline, start_time, cutoff, elevation, course_info, race_day_info, travel_info, weather_info, statistics, faq, sources;;false;2026-06-17;unclear
14-schongau-triathlon-2026;14. Schongau Triathlon;26.07.2026;Schongau;Germany;Triathlon;Triathlon;http://www.schongau-triathlon.de;0;medium;13;entry_fee, registration_status, registration_deadline, start_time, cutoff, elevation, course_info, race_day_info, travel_info, weather_info, statistics, faq, sources;;false;2026-06-17;unclear
35-m-net-erlanger-triathlon-2026;35. M-net Erlanger Triathlon;26.07.2026;Erlangen;Germany;Triathlon;Triathlon;http://www.erlangertriathlon.de;0;medium;13;entry_fee, registration_status, registration_deadline, start_time, cutoff, elevation, course_info, race_day_info, travel_info, weather_info, statistics, faq, sources;;false;2026-06-17;unclear
sparkasse-passau-triathlon-niederbayern-2026-2026;Sparkasse Passau TRIATHLON NIEDERBAYERN 2026;26.07.2026;Pocking;Germany;Triathlon;Triathlon;http://triathlon-niederbayern.de;0;medium;13;entry_fee, registration_status, registration_deadline, start_time, cutoff, elevation, course_info, race_day_info, travel_info, weather_info, statistics, faq, sources;;false;2026-06-17;unclear
40-worthsee-triathlon-2026;40. Wörthsee-Triathlon;26.07.2026;Wörthsee;Germany;Triathlon;Triathlon;http://www.woerthseetriathlon.de;0;medium;13;entry_fee, registration_status, registration_deadline, start_time, cutoff, elevation, course_info, race_day_info, travel_info, weather_info, statistics, faq, sources;;false;2026-06-17;unclear
kindelsberg-triathlon-2026;Kindelsberg Triathlon;26.07.2026;Hilchenbach;Germany;Triathlon;Triathlon;http://www.kindelsberg-triathlon.de;0;medium;13;entry_fee, registration_status, registration_deadline, start_time, cutoff, elevation, course_info, race_day_info, travel_info, weather_info, statistics, faq, sources;;false;2026-06-17;unclear
43-leipziger-triathlon-2026;43. Leipziger Triathlon;26.07.2026;Leipzig;Germany;Triathlon;Triathlon;http://www.leipziger-triathlon.de;0;medium;13;entry_fee, registration_status, registration_deadline, start_time, cutoff, elevation, course_info, race_day_info, travel_info, weather_info, statistics, faq, sources;;false;2026-06-17;unclear
heidelberg-triathlon-2026;Heidelberg Triathlon;26.07.2026;Heidelberg;Germany;Triathlon;Triathlon;http://www.heidelberg-triathlon.de/;0;medium;13;entry_fee, registration_status, registration_deadline, start_time, cutoff, elevation, course_info, race_day_info, travel_info, weather_info, statistics, faq, sources;;false;2026-06-17;unclear
31-swb-silbersee-triathlon-bremen-stuhr-2026;31. swb-Silbersee-Triathlon / Bremen-Stuhr;26.07.2026;Stuhr;Germany;Triathlon;Olympic Triathlon;http://www.swb-silbersee-triathlon.de;0;medium;13;entry_fee, registration_status, registration_deadline, start_time, cutoff, elevation, course_info, race_day_info, travel_info, weather_info, statistics, faq, sources;;false;2026-06-17;unclear
17-eology-mainfrankentriathlon-2026;17. eology Mainfrankentriathlon;01.08.2026;Kitzingen;Germany;Triathlon;Triathlon;http://www.mainfrankentriathlon.de;0;medium;13;entry_fee, registration_status, registration_deadline, start_time, cutoff, elevation, course_info, race_day_info, travel_info, weather_info, statistics, faq, sources;;false;2026-06-17;unclear
41-ravensburger-triathlon-2026;41. Ravensburger Triathlon;01.08.2026;Ravensburg;Germany;Triathlon;Triathlon;http://www.ravensburger-triathlon.de;0;medium;13;entry_fee, registration_status, registration_deadline, start_time, cutoff, elevation, course_info, race_day_info, travel_info, weather_info, statistics, faq, sources;;false;2026-06-17;unclear
38-sassenberger-triathlon-2026-2026;38. Sassenberger Triathlon 2026;02.08.2026;Sassenberg;Germany;Triathlon;Triathlon;http://sassenbergertriathlon.de/de/home;0;medium;13;entry_fee, registration_status, registration_deadline, start_time, cutoff, elevation, course_info, race_day_info, travel_info, weather_info, statistics, faq, sources;;false;2026-06-17;unclear
7-scharmutzelsee-triathlon-2026;7. Scharmützelsee-Triathlon;02.08.2026;Bad Saarow;Germany;Triathlon;Triathlon;http://www.tv-fuerstenwalde.org;0;medium;13;entry_fee, registration_status, registration_deadline, start_time, cutoff, elevation, course_info, race_day_info, travel_info, weather_info, statistics, faq, sources;;false;2026-06-17;unclear
frankfurt-city-triathlon-2026;Frankfurt City Triathlon;02.08.2026;Frankfurt am Main;Germany;Triathlon;Triathlon;http://www.frankfurt-city-triathlon.de;0;medium;13;entry_fee, registration_status, registration_deadline, start_time, cutoff, elevation, course_info, race_day_info, travel_info, weather_info, statistics, faq, sources;;false;2026-06-17;unclear
2-nagler-see-jedermanntriathlon-2026;2. Nagler See Jedermanntriathlon;02.08.2026;Nagel;Germany;Triathlon;Triathlon;http://www.runningconcepts.de;0;medium;13;entry_fee, registration_status, registration_deadline, start_time, cutoff, elevation, course_info, race_day_info, travel_info, weather_info, statistics, faq, sources;;false;2026-06-17;unclear
38-kamener-sparkassentriathlon-2026;38. Kamener Sparkassentriathlon;02.08.2026;Kamen;Germany;Triathlon;Triathlon;http://kamen-triathlon.de/;0;medium;13;entry_fee, registration_status, registration_deadline, start_time, cutoff, elevation, course_info, race_day_info, travel_info, weather_info, statistics, faq, sources;;false;2026-06-17;unclear
oettinger-triathlon-2026;Oettinger Triathlon;02.08.2026;Oettingen i. Bayern;Germany;Triathlon;Triathlon;http://Triathlon-Oettingen.de;0;medium;13;entry_fee, registration_status, registration_deadline, start_time, cutoff, elevation, course_info, race_day_info, travel_info, weather_info, statistics, faq, sources;;false;2026-06-17;unclear
35-regensburger-triathlon-2026;35. Regensburger Triathlon;02.08.2026;Regensburg;Germany;Triathlon;Triathlon;http://www.tristar-regensburg.de;0;medium;13;entry_fee, registration_status, registration_deadline, start_time, cutoff, elevation, course_info, race_day_info, travel_info, weather_info, statistics, faq, sources;;false;2026-06-17;unclear
brawo-triathlon-salgitter-2026;BraWo Triathlon Salgitter;02.08.2026;Salzgitter;Germany;Triathlon;Triathlon;http://www.triathlon-salzgitter.de/;0;medium;13;entry_fee, registration_status, registration_deadline, start_time, cutoff, elevation, course_info, race_day_info, travel_info, weather_info, statistics, faq, sources;;false;2026-06-17;unclear
stadtwerke-borken-triathlon-2026;Stadtwerke Borken Triathlon;08.08.2026;Borken;Germany;Triathlon;Triathlon;http://www.stadtwerke-borken-triathlon.de;0;medium;13;entry_fee, registration_status, registration_deadline, start_time, cutoff, elevation, course_info, race_day_info, travel_info, weather_info, statistics, faq, sources;;false;2026-06-17;unclear
37-bergsee-triathlon-2026;37. Bergsee Triathlon;08.08.2026;Schleusingen;Germany;Triathlon;Triathlon;http://www.triathlonclub-suhl.de;0;medium;13;entry_fee, registration_status, registration_deadline, start_time, cutoff, elevation, course_info, race_day_info, travel_info, weather_info, statistics, faq, sources;;false;2026-06-17;unclear
19-licher-triathlon-2026;19. Licher Triathlon;08.08.2026;Lich;Germany;Triathlon;Triathlon;http://www.licher-triathlon.de;0;medium;13;entry_fee, registration_status, registration_deadline, start_time, cutoff, elevation, course_info, race_day_info, travel_info, weather_info, statistics, faq, sources;;false;2026-06-17;unclear
datagroup-triathlon-nurnberg-2026;DATAGROUP Triathlon Nürnberg;09.08.2026;Nürnberg;Germany;Triathlon;Triathlon;http://www.nuernberg-triathlon.de;0;medium;13;entry_fee, registration_status, registration_deadline, start_time, cutoff, elevation, course_info, race_day_info, travel_info, weather_info, statistics, faq, sources;;false;2026-06-17;unclear
kraichgau-energie-summertime-triathlon-2026;Kraichgau Energie Summertime Triathlon;09.08.2026;Karlsdorf-Neuthard;Germany;Triathlon;Triathlon;http://www.summertime-triathlon.de/;0;medium;13;entry_fee, registration_status, registration_deadline, start_time, cutoff, elevation, course_info, race_day_info, travel_info, weather_info, statistics, faq, sources;;false;2026-06-17;unclear
26-pohler-triathlon-2026;26. Pöhler-Triathlon;09.08.2026;Pöhl;Germany;Triathlon;Triathlon;http://www.poehler-triathlon.de;0;medium;13;entry_fee, registration_status, registration_deadline, start_time, cutoff, elevation, course_info, race_day_info, travel_info, weather_info, statistics, faq, sources;;false;2026-06-17;unclear
14-gewoba-city-triathlon-bremen-2026;14. GEWOBA City Triathlon Bremen;09.08.2026;Bremen;Germany;Triathlon;Triathlon;http://www.gewoba-citytriathlon-bremen.de;0;medium;13;entry_fee, registration_status, registration_deadline, start_time, cutoff, elevation, course_info, race_day_info, travel_info, weather_info, statistics, faq, sources;;false;2026-06-17;unclear
rheiner-channel-triathlon-2026;Rheiner Channel Triathlon;09.08.2026;Rheine;Germany;Triathlon;Triathlon;http://www.sc-altenrheine.de/;0;medium;13;entry_fee, registration_status, registration_deadline, start_time, cutoff, elevation, course_info, race_day_info, travel_info, weather_info, statistics, faq, sources;;false;2026-06-17;unclear
35-maibacher-triathlon-2026;35. Maibacher Triathlon;09.08.2026;Butzbach;Germany;Triathlon;Triathlon;http://www.maibacher-triathlon.de/;0;medium;13;entry_fee, registration_status, registration_deadline, start_time, cutoff, elevation, course_info, race_day_info, travel_info, weather_info, statistics, faq, sources;;false;2026-06-17;unclear
nordschwarzwald-triathlon-2026;Nordschwarzwald Triathlon;15.08.2026;Nagold;Germany;Triathlon;Triathlon;http://www.nordschwarzwald-triathlon.de;0;medium;13;entry_fee, registration_status, registration_deadline, start_time, cutoff, elevation, course_info, race_day_info, travel_info, weather_info, statistics, faq, sources;;false;2026-06-17;unclear
o-see-challenge-dm-cross-triathlon-xterra-2026;O-SEE Challenge/DM Cross Triathlon/XTERRA;15.08.2026;Olbersdorf;Germany;Triathlon;Triathlon;http://www.o-see-challenge.de;0;medium;13;entry_fee, registration_status, registration_deadline, start_time, cutoff, elevation, course_info, race_day_info, travel_info, weather_info, statistics, faq, sources;;false;2026-06-17;unclear
12-altwarmbuchener-triathlon-am-15-16-8-2026-2026;12. Altwarmbüchener Triathlon am 15./16.8.2026;15.08.2026;Hannover;Germany;Triathlon;Triathlon;http://www.sc-altwarmbuechen.de;0;medium;13;entry_fee, registration_status, registration_deadline, start_time, cutoff, elevation, course_info, race_day_info, travel_info, weather_info, statistics, faq, sources;;false;2026-06-17;unclear
bornsdorf-triathlon-2026-2026;Bornsdorf-Triathlon 2026;15.08.2026;Heideblick-Bornsdorf;Germany;Triathlon;Triathlon;http://www.bornsdorf-triathlon.de;0;medium;13;entry_fee, registration_status, registration_deadline, start_time, cutoff, elevation, course_info, race_day_info, travel_info, weather_info, statistics, faq, sources;;false;2026-06-17;unclear
37-kn-forde-triathlon-2026-2026;37. KN Förde Triathlon 2026;16.08.2026;Kiel;Germany;Triathlon;Triathlon;http://www.kiel-triathlon.de;0;medium;13;entry_fee, registration_status, registration_deadline, start_time, cutoff, elevation, course_info, race_day_info, travel_info, weather_info, statistics, faq, sources;;false;2026-06-17;unclear
23-rodgau-triathlon-2026;23. Rodgau Triathlon;16.08.2026;Rodgau;Germany;Triathlon;Triathlon;http://tsv-dudenhofen.de/;0;medium;13;entry_fee, registration_status, registration_deadline, start_time, cutoff, elevation, course_info, race_day_info, travel_info, weather_info, statistics, faq, sources;;false;2026-06-17;unclear
triathlon-festival-rheinhessen-2026;Triathlon Festival Rheinhessen;16.08.2026;Wörrstadt;Germany;Triathlon;Triathlon;http://www.triathlon-festival-rheinhessen.com/;0;medium;13;entry_fee, registration_status, registration_deadline, start_time, cutoff, elevation, course_info, race_day_info, travel_info, weather_info, statistics, faq, sources;;false;2026-06-17;unclear
3-edermunder-triathlon-2026;3. Edermünder Triathlon;16.08.2026;Edermünde;Germany;Triathlon;Triathlon;http://www.sc-edermuende.de;0;medium;13;entry_fee, registration_status, registration_deadline, start_time, cutoff, elevation, course_info, race_day_info, travel_info, weather_info, statistics, faq, sources;;false;2026-06-17;unclear
31-ilmenauer-teamtriathlon-2026-2026;31. Ilmenauer Teamtriathlon 2026;19.08.2026;Ilmenau;Germany;Triathlon;Triathlon;http://www.teamtria.de;0;medium;13;entry_fee, registration_status, registration_deadline, start_time, cutoff, elevation, course_info, race_day_info, travel_info, weather_info, statistics, faq, sources;;false;2026-06-17;unclear
42-viernheimer-v-card-triathlon-2026;42. Viernheimer V-Card-Triathlon;22.08.2026;Viernheim;Germany;Triathlon;Triathlon;http://www.viernheimer-triathlon.de/;0;medium;13;entry_fee, registration_status, registration_deadline, start_time, cutoff, elevation, course_info, race_day_info, travel_info, weather_info, statistics, faq, sources;;false;2026-06-17;unclear
36-elm-lappwald-triathlon-2026;36. Elm-Lappwald Triathlon;22.08.2026;Helmstedt;Germany;Triathlon;Triathlon;http://www.triathlon-helmstedt.de/;0;medium;13;entry_fee, registration_status, registration_deadline, start_time, cutoff, elevation, course_info, race_day_info, travel_info, weather_info, statistics, faq, sources;;false;2026-06-17;unclear
marathoncross-um-den-messerpokal-2026;Marathoncross um den Messerpokal;20.06.2026;Bad Liebenstein;Germany;Ultramarathon;10 km / 21 km / 42 km / 50 km;http://www.pb-sb.de/P_Messerpokal.php;0;high;13;entry_fee, registration_status, registration_deadline, start_time, cutoff, elevation, course_info, race_day_info, travel_info, weather_info, statistics, faq, sources;;false;2026-06-17;unclear
losheimer-trailfest-2026;Losheimer Trailfest;27.06.2026;Losheim am See;Germany;Ultramarathon;12 km / 24 km / 47 km / 77 km;https://trailfest.de/;0;high;13;entry_fee, registration_status, registration_deadline, start_time, cutoff, elevation, course_info, race_day_info, travel_info, weather_info, statistics, faq, sources;;false;2026-06-17;unclear
b-braun-marathon-2026;B. BRAUN Marathon;28.06.2026;Tuttlingen;Germany;Running;5 km / 10 km / 21 km / 42 km;https://www.runundfun.de/wettbewerbe/aesculap-donautal-marathon/;0;high;13;entry_fee, registration_status, registration_deadline, start_time, cutoff, elevation, course_info, race_day_info, travel_info, weather_info, statistics, faq, sources;;false;2026-06-17;unclear
maintal-ultratrail-2026;Maintal Ultratrail;18.07.2026;Veitshöchheim;Germany;Ultramarathon;13 km / 30 km / 64 km;https://www.mtut.de/;0;high;13;entry_fee, registration_status, registration_deadline, start_time, cutoff, elevation, course_info, race_day_info, travel_info, weather_info, statistics, faq, sources;;false;2026-06-17;unclear
sachsenwaldlauf-2026;Sachsenwaldlauf;06.09.2026;Schwarzenbek;Germany;Running;3 km / 5 km / 10 km / 21 km;https://www.sachsenwaldlauf.de/;0;medium;13;entry_fee, registration_status, registration_deadline, start_time, cutoff, elevation, course_info, race_day_info, travel_info, weather_info, statistics, faq, sources;;false;2026-06-17;unclear
sudthuringentrail-2026;Südthüringentrail;12.09.2026;Suhl;Germany;Ultramarathon;17 km / 48 km / 65 km;https://www.suedthueringen-trail.de/;0;high;13;entry_fee, registration_status, registration_deadline, start_time, cutoff, elevation, course_info, race_day_info, travel_info, weather_info, statistics, faq, sources;;false;2026-06-17;unclear
liwa-laufevent-2027;LIWA-LaufEvent;18.04.2027;Lichtenwald-Hegenlohe;Germany;Running;7 km / 10 km / 21 km / 42 km;https://www.liwalauf.tsv-lichtenwald.de/;0;medium;13;entry_fee, registration_status, registration_deadline, start_time, cutoff, elevation, course_info, race_day_info, travel_info, weather_info, statistics, faq, sources;;false;2026-06-17;unclear
meldorfer-bruckenlauf-2027;Meldorfer Brückenlauf;01.05.2027;Meldorf;Germany;Running;6 km / 9 km / 21 km;https://www.meldorfer-brueckenlauf.de/;0;medium;13;entry_fee, registration_status, registration_deadline, start_time, cutoff, elevation, course_info, race_day_info, travel_info, weather_info, statistics, faq, sources;;false;2026-06-17;unclear
vatertagslauf-in-rhaunen-2027;Vatertagslauf in Rhaunen;06.05.2027;Rhaunen;Germany;Running;2 km / 5 km / 10 km;http://www.vatertagslauf.de/;0;medium;13;entry_fee, registration_status, registration_deadline, start_time, cutoff, elevation, course_info, race_day_info, travel_info, weather_info, statistics, faq, sources;;false;2026-06-17;unclear
gutenberg-halbmarathon-mainz-2027;Gutenberg Halbmarathon Mainz;09.05.2027;Mainz;Germany;Running;10 km / 21 km;https://www.halbmarathon-mainz.de/;0;high;13;entry_fee, registration_status, registration_deadline, start_time, cutoff, elevation, course_info, race_day_info, travel_info, weather_info, statistics, faq, sources;;false;2026-06-17;unclear
gerolsteiner-helgoland-marathon-2027;Gerolsteiner Helgoland Marathon;22.05.2027;Helgoland;Germany;Running;5 km / 42 km;https://www.helgoland-marathon.com/;0;high;13;entry_fee, registration_status, registration_deadline, start_time, cutoff, elevation, course_info, race_day_info, travel_info, weather_info, statistics, faq, sources;;false;2026-06-17;unclear
sevilla-marathon-2027;Sevilla Marathon;21.02.2027;Sevilla;Spain;Running;42 km;https://de.zurichmaratonsevilla.es/;0;high;13;entry_fee, registration_status, registration_deadline, start_time, cutoff, elevation, course_info, race_day_info, travel_info, weather_info, statistics, faq, sources;;false;2026-06-17;unclear
malta-marathon-2027;Malta Marathon;28.02.2027;Mdina;Malta;Running;21 km / 42 km;https://www.maltamarathon.com/;0;high;13;entry_fee, registration_status, registration_deadline, start_time, cutoff, elevation, course_info, race_day_info, travel_info, weather_info, statistics, faq, sources;;false;2026-06-17;unclear
barcelona-marathon-2027;Barcelona Marathon;14.03.2027;Barcelona;Spain;Running;42 km;https://www.zurichmaratobarcelona.es/;0;high;13;entry_fee, registration_status, registration_deadline, start_time, cutoff, elevation, course_info, race_day_info, travel_info, weather_info, statistics, faq, sources;;false;2026-06-17;unclear
rome-marathon-2027;Rome Marathon;14.03.2027;Rom;Italy;Running;42 km;https://www.runromethemarathon.com/;0;high;13;entry_fee, registration_status, registration_deadline, start_time, cutoff, elevation, course_info, race_day_info, travel_info, weather_info, statistics, faq, sources;;false;2026-06-17;unclear
linz-donau-marathon-2027;Linz Donau Marathon;11.04.2027;Linz;Austria;Running;5 km / 10 km / 21 km / 42 km;https://www.linzmarathon.at/;0;high;13;entry_fee, registration_status, registration_deadline, start_time, cutoff, elevation, course_info, race_day_info, travel_info, weather_info, statistics, faq, sources;;false;2026-06-17;unclear
madrid-marathon-2027;Madrid Marathon;25.04.2027;Madrid;Spain;Running;10 km / 21 km / 42 km;https://rocknrollmadridrun.com/;0;high;13;entry_fee, registration_status, registration_deadline, start_time, cutoff, elevation, course_info, race_day_info, travel_info, weather_info, statistics, faq, sources;;false;2026-06-17;unclear
london-marathon-2027;London Marathon;25.04.2027;London;UK;Running;42 km;https://www.tcslondonmarathon.com/;0;high;13;entry_fee, registration_status, registration_deadline, start_time, cutoff, elevation, course_info, race_day_info, travel_info, weather_info, statistics, faq, sources;;false;2026-06-17;unclear
innsbruck-alpine-trailrun-2027;Innsbruck Alpine Trailrun;05.05.2027;Innsbruck;Austria;Running;13 km / 25 km / 32 km / 42 km;https://innsbruckalpine.at/;0;medium;13;entry_fee, registration_status, registration_deadline, start_time, cutoff, elevation, course_info, race_day_info, travel_info, weather_info, statistics, faq, sources;;false;2026-06-17;unclear
generali-genf-marathon-2027;Generali Genf Marathon;08.05.2027;Genf;Switzerland;Running;5 km / 10 km / 21 km / 42 km;https://generaligenevemarathon.com/;0;high;13;entry_fee, registration_status, registration_deadline, start_time, cutoff, elevation, course_info, race_day_info, travel_info, weather_info, statistics, faq, sources;;false;2026-06-17;unclear
kopenhagen-marathon-2027;Kopenhagen Marathon;09.05.2027;Kopenhagen;Denmark;Running;42 km;https://copenhagenmarathon.dk/;0;high;13;entry_fee, registration_status, registration_deadline, start_time, cutoff, elevation, course_info, race_day_info, travel_info, weather_info, statistics, faq, sources;;false;2026-06-17;unclear
swiss-irontrail-2026;Swiss Irontrail;27.06.2026;Savognin;Switzerland;Ultramarathon;20 km / 22 km / 55 km / 78 km;https://www.irontrail.ch/;0;high;13;entry_fee, registration_status, registration_deadline, start_time, cutoff, elevation, course_info, race_day_info, travel_info, weather_info, statistics, faq, sources;;false;2026-06-17;unclear
bernina-gletschermarathon-2026;Bernina Gletschermarathon;03.07.2026;Pontresina;Switzerland;Running;42 km;https://bernina.ultraks.com/;0;high;13;entry_fee, registration_status, registration_deadline, start_time, cutoff, elevation, course_info, race_day_info, travel_info, weather_info, statistics, faq, sources;;false;2026-06-17;unclear
silvrettatrailrun-3000-2026;Silvrettatrailrun 3000;10.07.2026;Ischgl;Austria;Running;11 km / 19 km / 30 km / 40 km;https://www.paznaun-ischgl.com/de/Live-Info-Events/Top-Events/Silvrettarun-3000;0;medium;13;entry_fee, registration_status, registration_deadline, start_time, cutoff, elevation, course_info, race_day_info, travel_info, weather_info, statistics, faq, sources;;false;2026-06-17;unclear
gletscher-trailrun-2026;Gletscher Trailrun;16.07.2026;Obergurgl;Austria;Ultramarathon;14 km / 26 km / 42 km / 62 km;https://www.oetztal-trailrunning.at/;0;high;13;entry_fee, registration_status, registration_deadline, start_time, cutoff, elevation, course_info, race_day_info, travel_info, weather_info, statistics, faq, sources;;false;2026-06-17;unclear
grossglockner-ultra-trail-2026;Grossglockner ULTRA-TRAIL;23.07.2026;Kaprun;Austria;Ultramarathon;14 km / 37 km / 57 km / 84 km;https://www.ultratrail.at/;0;high;13;entry_fee, registration_status, registration_deadline, start_time, cutoff, elevation, course_info, race_day_info, travel_info, weather_info, statistics, faq, sources;;false;2026-06-17;unclear
davos-x-trails-2026;Davos X-Trails;24.07.2026;Davos;Switzerland;Ultramarathon;10 km / 23 km / 43 km / 68 km;https://www.davos-xtrails.ch/;0;high;13;entry_fee, registration_status, registration_deadline, start_time, cutoff, elevation, course_info, race_day_info, travel_info, weather_info, statistics, faq, sources;;false;2026-06-17;unclear
gondo-marathon-2026;Gondo Marathon;08.08.2026;Gondo;Switzerland;Ultramarathon;28 km / 42 km / 84 km;https://www.gondo-marathon.ch/de/;0;high;13;entry_fee, registration_status, registration_deadline, start_time, cutoff, elevation, course_info, race_day_info, travel_info, weather_info, statistics, faq, sources;;false;2026-06-17;unclear
helsinki-marathon-2026;Helsinki Marathon;22.08.2026;Helsinki;Finland;Running;10 km / 21 km / 42 km;https://www.helsinkimarathon.fi/;0;high;13;entry_fee, registration_status, registration_deadline, start_time, cutoff, elevation, course_info, race_day_info, travel_info, weather_info, statistics, faq, sources;;false;2026-06-17;unclear
reykjavik-marathon-2026;Reykjavik Marathon;22.08.2026;Reykjavik;Iceland;Running;10 km / 21 km / 42 km;https://www.rmi.is/;0;high;13;entry_fee, registration_status, registration_deadline, start_time, cutoff, elevation, course_info, race_day_info, travel_info, weather_info, statistics, faq, sources;;false;2026-06-17;unclear
kleine-zeitung-worthersee-halbmarathon-2026;Kleine Zeitung Wörthersee Halbmarathon;30.08.2026;Klagenfurt;Austria;Running;10 km / 21 km;https://www.kaerntenlaeuft.at/;0;high;13;entry_fee, registration_status, registration_deadline, start_time, cutoff, elevation, course_info, race_day_info, travel_info, weather_info, statistics, faq, sources;;false;2026-06-17;unclear
torlauf-dachstein-2026;Torlauf Dachstein;05.09.2026;Ramsau am Dachstein;Austria;Running;10 km / 21 km / 42 km;https://www.torlauf-dachstein.info/;0;medium;13;entry_fee, registration_status, registration_deadline, start_time, cutoff, elevation, course_info, race_day_info, travel_info, weather_info, statistics, faq, sources;;false;2026-06-17;unclear
bukarest-marathon-2026;Bukarest Marathon;11.10.2026;Bukarest;Romania;Running;10 km / 21 km / 42 km;https://bucharest-marathon.com/;0;high;13;entry_fee, registration_status, registration_deadline, start_time, cutoff, elevation, course_info, race_day_info, travel_info, weather_info, statistics, faq, sources;;false;2026-06-17;unclear
ascona-locarno-run-2026;Ascona-Locarno Run;11.10.2026;Ascona;Switzerland;Running;5 km / 10 km / 21 km;https://www.ascona-locarno-run.ch/;0;medium;13;entry_fee, registration_status, registration_deadline, start_time, cutoff, elevation, course_info, race_day_info, travel_info, weather_info, statistics, faq, sources;;false;2026-06-17;unclear
budapest-marathon-2026;Budapest Marathon;11.10.2026;Budapest;Hungary;Running;14 km / 30 km / 42 km;https://marathon.runinbudapest.com/;0;high;13;entry_fee, registration_status, registration_deadline, start_time, cutoff, elevation, course_info, race_day_info, travel_info, weather_info, statistics, faq, sources;;false;2026-06-17;unclear
salzkammergut-marathon-2026;Salzkammergut Marathon;17.10.2026;St. Wolfgang;Austria;Running;5 km / 10 km / 27 km / 42 km;http://www.wolfgangseelauf.at/;0;high;13;entry_fee, registration_status, registration_deadline, start_time, cutoff, elevation, course_info, race_day_info, travel_info, weather_info, statistics, faq, sources;;false;2026-06-17;unclear
palma-marathon-2026;Palma Marathon;18.10.2026;Palma de Mallorca;Spain;Running;9 km / 21 km / 42 km;https://www.palmademallorcamarathon.com/;0;high;13;entry_fee, registration_status, registration_deadline, start_time, cutoff, elevation, course_info, race_day_info, travel_info, weather_info, statistics, faq, sources;;false;2026-06-17;unclear
antwerpen-marathon-2026;Antwerpen Marathon;18.10.2026;Antwerpen;Belgium;Running;8 km / 21 km / 42 km;https://antwerpmarathon.com/;0;high;13;entry_fee, registration_status, registration_deadline, start_time, cutoff, elevation, course_info, race_day_info, travel_info, weather_info, statistics, faq, sources;;false;2026-06-17;unclear
dublin-marathon-2026;Dublin Marathon;25.10.2026;Dublin;Ireland;Running;42 km;https://irishlifedublinmarathon.ie/;0;high;13;entry_fee, registration_status, registration_deadline, start_time, cutoff, elevation, course_info, race_day_info, travel_info, weather_info, statistics, faq, sources;;false;2026-06-17;unclear
athen-marathon-2026;Athen Marathon;08.11.2026;Athen;Greece;Running;5 km / 10 km / 42 km;https://www.athensauthenticmarathon.gr/;0;high;13;entry_fee, registration_status, registration_deadline, start_time, cutoff, elevation, course_info, race_day_info, travel_info, weather_info, statistics, faq, sources;;false;2026-06-17;unclear
verona-run-marathon-2026;Verona Run Marathon;15.11.2026;Verona;Italy;Running;10 km / 21 km / 42 km;https://www.veronarunmarathon.it/;0;high;13;entry_fee, registration_status, registration_deadline, start_time, cutoff, elevation, course_info, race_day_info, travel_info, weather_info, statistics, faq, sources;;false;2026-06-17;unclear
welschlauf-sudsteiermark-2027;Welschlauf Südsteiermark;01.05.2027;Ehrenhausen-Wies;Austria;Running;12 km / 21 km / 42 km;https://www.welschlauf.com/;0;medium;13;entry_fee, registration_status, registration_deadline, start_time, cutoff, elevation, course_info, race_day_info, travel_info, weather_info, statistics, faq, sources;;false;2026-06-17;unclear
zugspitz-ultratrail-garmisch-partenkirchen-2026;Zugspitz Ultratrail Garmisch-Partenkirchen;18.06.2026;Garmisch-Partenkirchen;Germany;Ultramarathon;161 km;https://www.zugspitz-ultratrail.com/;0;high;13;entry_fee, registration_status, registration_deadline, start_time, cutoff, elevation, course_info, race_day_info, travel_info, weather_info, statistics, faq, sources;;false;2026-06-17;unclear
vienna-summer-night-race-2026;Vienna Summer Night Race;18.06.2026;Wien;Austria;Running;5 km, 10 km;https://www.lcc-wien.at/;0;medium;13;entry_fee, registration_status, registration_deadline, start_time, cutoff, elevation, course_info, race_day_info, travel_info, weather_info, statistics, faq, sources;;false;2026-06-17;unclear
campus-run-stuttgart-2026;CampUS Run Stuttgart;18.06.2026;Stuttgart;Germany;Running;12 km, 6 km;https://www.hochschulsport.uni-stuttgart.de/event/tk-campus-cup/;0;medium;13;entry_fee, registration_status, registration_deadline, start_time, cutoff, elevation, course_info, race_day_info, travel_info, weather_info, statistics, faq, sources;;false;2026-06-17;unclear
legdener-mittsommernachtslauf-2026;Legdener Mittsommernachtslauf;19.06.2026;Legden;Germany;Running;5 km, 10 km;https://susvolkslauf.chayns.site/;0;medium;13;entry_fee, registration_status, registration_deadline, start_time, cutoff, elevation, course_info, race_day_info, travel_info, weather_info, statistics, faq, sources;;false;2026-06-17;unclear
midsummerrun-hamburg-2026;MidSummerRun Hamburg;19.06.2026;Hamburg;Germany;Running;5 km, 10 km;https://www.lauftreff-alstertal.de/midsummerrun;0;medium;13;entry_fee, registration_status, registration_deadline, start_time, cutoff, elevation, course_info, race_day_info, travel_info, weather_info, statistics, faq, sources;;false;2026-06-17;registration_open
sonnenwendlauf-markkleeberg-winter-edition-2026;Sonnenwendlauf Markkleeberg Winter-Edition;19.06.2026;Markkleeberg;Germany;Running;10 km;https://www.sparkassen-sonnenwendlauf.de/;0;medium;13;entry_fee, registration_status, registration_deadline, start_time, cutoff, elevation, course_info, race_day_info, travel_info, weather_info, statistics, faq, sources;;false;2026-06-17;unclear
altstadtlauf-heppenheim-2026;Altstadtlauf Heppenheim;19.06.2026;Heppenheim;Germany;Running;5 km, 10 km;https://www.altstadtlauf-heppenheim.com/;0;medium;13;entry_fee, registration_status, registration_deadline, start_time, cutoff, elevation, course_info, race_day_info, travel_info, weather_info, statistics, faq, sources;;false;2026-06-17;unclear
wallauer-mittsommerlauf-2026;Wallauer Mittsommerlauf;19.06.2026;Hofheim-Wallau;Germany;Running;10 km;https://www.mittsommerlauf.de/;0;medium;13;entry_fee, registration_status, registration_deadline, start_time, cutoff, elevation, course_info, race_day_info, travel_info, weather_info, statistics, faq, sources;;false;2026-06-17;unclear
seelbach-schwarzwald-sonnwendlauf-2026;Seelbach-Schwarzwald-Sonnwendlauf;19.06.2026;Seelbach;Germany;Running;5 km, 10 km;https://www.sonnwendlauf-seelbach.de/;0;medium;13;entry_fee, registration_status, registration_deadline, start_time, cutoff, elevation, course_info, race_day_info, travel_info, weather_info, statistics, faq, sources;;false;2026-06-17;unclear
burgberglauf-gehrden-2026;Burgberglauf Gehrden;20.06.2026;Gehrden;Germany;Running;10 km;https://www.burgberglauf.de/;0;medium;13;entry_fee, registration_status, registration_deadline, start_time, cutoff, elevation, course_info, race_day_info, travel_info, weather_info, statistics, faq, sources;;false;2026-06-17;unclear
horremer-abendlauf-kerpen-2026;Horremer Abendlauf Kerpen;20.06.2026;Kerpen;Germany;Running;5 km, 10 km;https://www.horremer-abendlauf.de/;0;medium;13;entry_fee, registration_status, registration_deadline, start_time, cutoff, elevation, course_info, race_day_info, travel_info, weather_info, statistics, faq, sources;;false;2026-06-17;unclear
traunsee-halbmarathon-ebensee-gmunden-2026;Traunsee-Halbmarathon Ebensee - Gmunden;20.06.2026;Ebensee am Traunsee;Austria;Running;Half Marathon, Marathon;https://www.traunsee-halbmarathon.at/;0;high;13;entry_fee, registration_status, registration_deadline, start_time, cutoff, elevation, course_info, race_day_info, travel_info, weather_info, statistics, faq, sources;;false;2026-06-17;unclear
muddy-angel-run-dresden-2026;Muddy Angel Run Dresden;20.06.2026;Dresden;Germany;Running;5 km;https://de.muddyangelrun.com/;0;medium;13;entry_fee, registration_status, registration_deadline, start_time, cutoff, elevation, course_info, race_day_info, travel_info, weather_info, statistics, faq, sources;;false;2026-06-17;unclear
rats-run-sulzbach-rosenberg-2026;Rats-Run Sulzbach-Rosenberg;21.06.2026;Sulzbach-Rosenberg;Germany;Running;10 km;https://www.rats-runners.de/;0;medium;13;entry_fee, registration_status, registration_deadline, start_time, cutoff, elevation, course_info, race_day_info, travel_info, weather_info, statistics, faq, sources;;false;2026-06-17;unclear
mittsommerlauf-dusseldorf-2026;Mittsommerlauf Düsseldorf;21.06.2026;Düsseldorf;Germany;Running;6 km, 12 km;https://mittsommerlauf-duesseldorf.de/;0;medium;13;entry_fee, registration_status, registration_deadline, start_time, cutoff, elevation, course_info, race_day_info, travel_info, weather_info, statistics, faq, sources;;false;2026-06-17;unclear
vechtdal-trail-ommen-2026;Vechtdal Trail Ommen;20.06.2026;Ommen;Netherlands;Ultramarathon;50 km;https://vechtdaltrail.nl/;0;high;13;entry_fee, registration_status, registration_deadline, start_time, cutoff, elevation, course_info, race_day_info, travel_info, weather_info, statistics, faq, sources;;false;2026-06-17;unclear
allgau-mittsommer-marsch-sonthofen-2026;Allgäu Mittsommer Marsch Sonthofen;21.06.2026;Sonthofen;Germany;Ultramarathon;64 km;https://www.allgaeu-mittsommer-marsch.de/;0;high;13;entry_fee, registration_status, registration_deadline, start_time, cutoff, elevation, course_info, race_day_info, travel_info, weather_info, statistics, faq, sources;;false;2026-06-17;unclear
indeland-triathlon-eschweiler-2026;Indeland-Triathlon Eschweiler;21.06.2026;Eschweiler;Germany;Running;5 km, 10 km, Half Marathon;https://www.indeland-triathlon.de/;0;high;13;entry_fee, registration_status, registration_deadline, start_time, cutoff, elevation, course_info, race_day_info, travel_info, weather_info, statistics, faq, sources;;false;2026-06-17;unclear
uberlingen-run-2026;Überlingen Run;21.06.2026;Überlingen;Germany;Running;10 km, Half Marathon;https://www.mcd-sportmarketing.de/volksbank-%C3%BCberlingen-run-2026-1/;0;high;13;entry_fee, registration_status, registration_deadline, start_time, cutoff, elevation, course_info, race_day_info, travel_info, weather_info, statistics, faq, sources;;false;2026-06-17;unclear
ratschings-mountain-trails-2026;Ratschings Mountain Trails;21.06.2026;Ratschings;Germany;Running;17.7 km, 27 km;https://www.ratschings-mountaintrail.it/;0;medium;13;entry_fee, registration_status, registration_deadline, start_time, cutoff, elevation, course_info, race_day_info, travel_info, weather_info, statistics, faq, sources;;false;2026-06-17;unclear
campus-run-berlin-2026;Campus Run Berlin;25.06.2026;Berlin;Germany;Running;5 km, 10 km;https://www.campusrun-berlin.de/;0;medium;13;entry_fee, registration_status, registration_deadline, start_time, cutoff, elevation, course_info, race_day_info, travel_info, weather_info, statistics, faq, sources;;false;2026-06-17;unclear
kaiserkrone-trail-scheffau-2026;Kaiserkrone Trail Scheffau;26.06.2026;Scheffau am Wilden Kaiser;Germany;Running;Half Marathon, 56.1 km;https://www.kaiserkrone.run/;0;high;13;entry_fee, registration_status, registration_deadline, start_time, cutoff, elevation, course_info, race_day_info, travel_info, weather_info, statistics, faq, sources;;false;2026-06-17;unclear
midnight-run-reykjavik-104-reykjavik-21-1-km-10-km-5-km-2026;Midnight Run Reykjavík 104 Reykjavík 21,1 km, 10 km, 5 km;25.06.2026;IS 104 Reykjavík;Germany;Running;5 km, 10 km, Half Marathon;https://www.marathon.is/;0;high;13;entry_fee, registration_status, registration_deadline, start_time, cutoff, elevation, course_info, race_day_info, travel_info, weather_info, statistics, faq, sources;;false;2026-06-17;unclear
altstadtfestlauf-lauf-an-der-pegnitz-2026;Altstadtfestlauf Lauf an der Pegnitz;26.06.2026;Lauf an der Pegnitz;Germany;Running;5 km, 10 km;https://www.skiclub-lauf.de/;0;medium;13;entry_fee, registration_status, registration_deadline, start_time, cutoff, elevation, course_info, race_day_info, travel_info, weather_info, statistics, faq, sources;;false;2026-06-17;unclear
steinhuder-meer-triathlon-2026;Steinhuder Meer-Triathlon;25.06.2026;Steinhude;Germany;Running;5 km, Half Marathon;https://www.steinhudermeer-triathlon.de/;0;high;13;entry_fee, registration_status, registration_deadline, start_time, cutoff, elevation, course_info, race_day_info, travel_info, weather_info, statistics, faq, sources;;false;2026-06-17;unclear
xletix-challenge-tirol-2026;Xletix Challenge Tirol;27.06.2026;Kühtai;Germany;Running;18 km, 6 km, 12 km;https://de.xletix.com/;0;medium;13;entry_fee, registration_status, registration_deadline, start_time, cutoff, elevation, course_info, race_day_info, travel_info, weather_info, statistics, faq, sources;;false;2026-06-17;unclear
sauwald-trail-schardenberg-2026;Sauwald Trail Schardenberg;27.06.2026;Schardenberg;Austria;Running;46 km;https://www.sauwaldtrail.at/;0;medium;13;entry_fee, registration_status, registration_deadline, start_time, cutoff, elevation, course_info, race_day_info, travel_info, weather_info, statistics, faq, sources;;false;2026-06-17;unclear
x-trail-breitnau-2026;X-Trail-Breitnau;27.06.2026;Breitnau;Germany;Running;10 km;https://xtrail-breitnau.de/;0;medium;13;entry_fee, registration_status, registration_deadline, start_time, cutoff, elevation, course_info, race_day_info, travel_info, weather_info, statistics, faq, sources;;false;2026-06-17;unclear
sachsentrail-breitenbrunn-2026;SachsenTrail Breitenbrunn;27.06.2026;Breitenbrunn;Germany;Ultramarathon;75 km;https://www.sachsentrail.de/;0;high;13;entry_fee, registration_status, registration_deadline, start_time, cutoff, elevation, course_info, race_day_info, travel_info, weather_info, statistics, faq, sources;;false;2026-06-17;unclear
lungauer-tauern-krone-challenge-tamsweg-2026;Lungauer Tauern Krone Challenge Tamsweg;27.06.2026;Tamsweg;Germany;Running;10 km, Marathon;https://www.tauernkrone-challenge.at/lungauertauernkrone;0;high;13;entry_fee, registration_status, registration_deadline, start_time, cutoff, elevation, course_info, race_day_info, travel_info, weather_info, statistics, faq, sources;;false;2026-06-17;unclear
montafon-arlberg-marathon-st-anton-2026;Montafon-Arlberg-Marathon;27.06.2026;St. Anton;Germany;Running;Marathon;https://www.montafon-arlberg-marathon.com/;0;high;13;entry_fee, registration_status, registration_deadline, start_time, cutoff, elevation, course_info, race_day_info, travel_info, weather_info, statistics, faq, sources;;false;2026-06-17;unclear
bever-lauf-ostbevern-2026;Bever-Lauf Ostbevern;27.06.2026;Ostbevern;Germany;Running;5 km, 10 km, Half Marathon;https://beverlauf.bsv-ostbevern.de/;0;high;13;entry_fee, registration_status, registration_deadline, start_time, cutoff, elevation, course_info, race_day_info, travel_info, weather_info, statistics, faq, sources;;false;2026-06-17;unclear
gettingtough-oberhof-2026;Gettingtough Oberhof;27.06.2026;Oberhof;Germany;Running;5 km, 10 km;https://www.gettingtough-race.de/oberhof;0;medium;13;entry_fee, registration_status, registration_deadline, start_time, cutoff, elevation, course_info, race_day_info, travel_info, weather_info, statistics, faq, sources;;false;2026-06-17;unclear
aletsch-halbmarathon-bettmeralp-2026;Aletsch Halbmarathon Bettmeralp;28.06.2026;Bettmeralp;Germany;Running;Half Marathon;https://www.aletsch-halbmarathon.ch/;0;high;13;entry_fee, registration_status, registration_deadline, start_time, cutoff, elevation, course_info, race_day_info, travel_info, weather_info, statistics, faq, sources;;false;2026-06-17;unclear
sunrise-run-dusseldorf-2026;Sunrise Run Düsseldorf;28.06.2026;Düsseldorf;Germany;Running;5 km, 10 km;https://www.vabali.de/duesseldorf/sunriserun/;0;medium;13;entry_fee, registration_status, registration_deadline, start_time, cutoff, elevation, course_info, race_day_info, travel_info, weather_info, statistics, faq, sources;;false;2026-06-17;unclear
schwalbacher-volkslauf-lauf-gegen-armut-2026;Schwalbacher Volkslauf Lauf gegen Armut;28.06.2026;Schwalbach;Germany;Running;10 km;https://www.tgschwalbach.de/de/volkslauf;0;medium;13;entry_fee, registration_status, registration_deadline, start_time, cutoff, elevation, course_info, race_day_info, travel_info, weather_info, statistics, faq, sources;;false;2026-06-17;unclear
steinwiesenlauf-hamburg-2026;Steinwiesenlauf Hamburg;05.07.2026;Ellerbek;Germany;Running;10 km;https://lauftreff.sve-hamburg.de/6-steinwiesenlauf-ausschreibung/;0;medium;13;entry_fee, registration_status, registration_deadline, start_time, cutoff, elevation, course_info, race_day_info, travel_info, weather_info, statistics, faq, sources;;false;2026-06-17;unclear
esslinger-zeitung-lauf-2026;Eßlinger Zeitung-Lauf;05.07.2026;Esslingen;Germany;Running;10 km;https://www.esslinger-zeitung.de/sport/ez-lauf;0;medium;13;entry_fee, registration_status, registration_deadline, start_time, cutoff, elevation, course_info, race_day_info, travel_info, weather_info, statistics, faq, sources;;false;2026-06-17;unclear
stadionlauf-koln-2026;Stadionlauf Köln;05.07.2026;Köln;Germany;Running;5 km, 10 km, Half Marathon;https://www.stadionlauf-koeln.de/;0;high;13;entry_fee, registration_status, registration_deadline, start_time, cutoff, elevation, course_info, race_day_info, travel_info, weather_info, statistics, faq, sources;;false;2026-06-17;unclear
kraftsolmser-dorflauf-waldsolms-2026;Kraftsolmser Dorflauf Waldsolms;05.07.2026;Waldsolms;Germany;Running;5 km, 10 km;https://www.sfkraftsolms.de/;0;medium;13;entry_fee, registration_status, registration_deadline, start_time, cutoff, elevation, course_info, race_day_info, travel_info, weather_info, statistics, faq, sources;;false;2026-06-17;unclear
seiser-alm-halbmarathon-2026;Seiser-Alm-Halbmarathon;05.07.2026;Kastelruth;Italy;Running;Half Marathon;https://running.seiseralm.it/de/halbmarathon.html;0;high;13;entry_fee, registration_status, registration_deadline, start_time, cutoff, elevation, course_info, race_day_info, travel_info, weather_info, statistics, faq, sources;;false;2026-06-17;unclear
city-run-munster-2026;City Run Münster;05.07.2026;Münster;Germany;Running;5 km, 10 km;https://www.zfs-muenster-city-run.de/;0;medium;13;entry_fee, registration_status, registration_deadline, start_time, cutoff, elevation, course_info, race_day_info, travel_info, weather_info, statistics, faq, sources;;false;2026-06-17;unclear
ultra-trail-val-d-aran-pyrenees-2026;Ultra-Trail Val d'Aran Pyrenees;05.07.2026;Vielha e Mijaran;Spain;Ultramarathon;110 km, 163 km, 55 km;https://valdaran.utmb.world/event/vda;0;high;13;entry_fee, registration_status, registration_deadline, start_time, cutoff, elevation, course_info, race_day_info, travel_info, weather_info, statistics, faq, sources;;false;2026-06-17;unclear
staffelsee-panoramalauf-murnau-2026;Staffelsee-Panoramalauf Murnau;05.07.2026;Murnau;Germany;Running;5 km, 10 km;https://www.lgstaffelseemurnau.run/7-staffelseelauf-2025/;0;medium;13;entry_fee, registration_status, registration_deadline, start_time, cutoff, elevation, course_info, race_day_info, travel_info, weather_info, statistics, faq, sources;;false;2026-06-17;unclear
kirchweihlauf-neuendettelsau-2026;Kirchweihlauf Neuendettelsau;05.07.2026;Neuendettelsau;Germany;Running;10 km;https://leichtathletik.tsc-neuendettelsau.de/veranstaltungen/;0;medium;13;entry_fee, registration_status, registration_deadline, start_time, cutoff, elevation, course_info, race_day_info, travel_info, weather_info, statistics, faq, sources;;false;2026-06-17;unclear
sonthofer-citylauf-2026;Sonthofer Citylauf;10.07.2026;Sonthofen;Germany;Running;5 km;https://www.tsv-sonthofen.de/seite/829330/citylauf.html;0;medium;13;entry_fee, registration_status, registration_deadline, start_time, cutoff, elevation, course_info, race_day_info, travel_info, weather_info, statistics, faq, sources;;false;2026-06-17;unclear
gran-trail-courmayeur-2026;Gran Trail Courmayeur;10.07.2026;Courmayeur;Germany;Ultramarathon;101 km;https://www.gtcourmayeur.com/en/gran-trail-courmayeur/;0;high;13;entry_fee, registration_status, registration_deadline, start_time, cutoff, elevation, course_info, race_day_info, travel_info, weather_info, statistics, faq, sources;;false;2026-06-17;unclear
altstadtlauf-koln-2026;Altstadtlauf Köln;10.07.2026;Köln;Germany;Running;5 km, 10 km;https://www.altstadtlauf-koeln.de/;0;medium;13;entry_fee, registration_status, registration_deadline, start_time, cutoff, elevation, course_info, race_day_info, travel_info, weather_info, statistics, faq, sources;;false;2026-06-17;unclear
burbacher-windecklauf-2026;Burbacher Windecklauf;10.07.2026;Marxzell-Burbach;Germany;Running;5 km, 10 km;https://sv-burbach.de/;0;medium;13;entry_fee, registration_status, registration_deadline, start_time, cutoff, elevation, course_info, race_day_info, travel_info, weather_info, statistics, faq, sources;;false;2026-06-17;unclear
trail-verbier-st-bernard-2026;Trail Verbier St-Bernard;10.07.2026;Verbier;Germany;Ultramarathon;140 km;https://trailvsb.com/;0;high;13;entry_fee, registration_status, registration_deadline, start_time, cutoff, elevation, course_info, race_day_info, travel_info, weather_info, statistics, faq, sources;;false;2026-06-17;unclear
rosengarten-schlern-skymarathon-tiers-2026;Rosengarten Schlern Skymarathon Tiers;11.07.2026;Tiers;Italy;Running;Marathon, 46 km;https://www.skymarathontiers.it/;0;high;13;entry_fee, registration_status, registration_deadline, start_time, cutoff, elevation, course_info, race_day_info, travel_info, weather_info, statistics, faq, sources;;false;2026-06-17;unclear
steinenberger-waldlauf-2026;Steinenberger Waldlauf;12.07.2026;Steinenberg;Germany;Running;Half Marathon;https://www.sportfreunde-steinenberg.de/;0;high;13;entry_fee, registration_status, registration_deadline, start_time, cutoff, elevation, course_info, race_day_info, travel_info, weather_info, statistics, faq, sources;;false;2026-06-17;unclear
stadtlauf-furstenfeldbruck-2026;Stadtlauf Fürstenfeldbruck;12.07.2026;Fürstenfeldbruck;Germany;Running;5 km, 10 km, Half Marathon;https://www.hardys-freizeit.de/hardys-stadtlauf-fuerstenfeldbruck-2026;0;high;13;entry_fee, registration_status, registration_deadline, start_time, cutoff, elevation, course_info, race_day_info, travel_info, weather_info, statistics, faq, sources;;false;2026-06-17;unclear
city-trail-essen-2026;City Trail Essen;12.07.2026;Essen;Germany;Running;10 km;https://www.essen-city-trail.de/;0;medium;13;entry_fee, registration_status, registration_deadline, start_time, cutoff, elevation, course_info, race_day_info, travel_info, weather_info, statistics, faq, sources;;false;2026-06-17;unclear
stadtlauf-duren-2026;Stadtlauf Düren;12.07.2026;Düren;Germany;Running;5 km, 10 km;https://stadtlauf-dueren.de/;0;medium;13;entry_fee, registration_status, registration_deadline, start_time, cutoff, elevation, course_info, race_day_info, travel_info, weather_info, statistics, faq, sources;;false;2026-06-17;unclear
eiger-ultra-trail-grindelwald-2026;Eiger Ultra Trail Grindelwald;15.07.2026;Grindelwald;Switzerland;Ultramarathon;250 km;https://www.eigerultratrail.ch/;0;high;13;entry_fee, registration_status, registration_deadline, start_time, cutoff, elevation, course_info, race_day_info, travel_info, weather_info, statistics, faq, sources;;false;2026-06-17;unclear
altstadtlauf-reutlingen-2026;Altstadtlauf Reutlingen;17.07.2026;Reutlingen;Germany;Running;5 km, 10 km;https://www.igl-reutlingen.de/;0;medium;13;entry_fee, registration_status, registration_deadline, start_time, cutoff, elevation, course_info, race_day_info, travel_info, weather_info, statistics, faq, sources;;false;2026-06-17;unclear
engadin-ultra-trail-2026;Engadin Ultra Trail;17.07.2026;Samedan;Germany;Ultramarathon;102 km;https://www.engadinultratrail.ch/;0;high;13;entry_fee, registration_status, registration_deadline, start_time, cutoff, elevation, course_info, race_day_info, travel_info, weather_info, statistics, faq, sources;;false;2026-06-17;unclear
volkslauf-rund-um-geislar-2026;Volkslauf Rund um Geislar;17.07.2026;Bonn;Germany;Running;5 km, 10 km;https://www.tv-geislar.de/;0;medium;13;entry_fee, registration_status, registration_deadline, start_time, cutoff, elevation, course_info, race_day_info, travel_info, weather_info, statistics, faq, sources;;false;2026-06-17;unclear
lousberglauf-aachen-2026;Lousberglauf Aachen;01.07.2026;Aachen;Germany;Running;5.5 km;https://www.hochschulsport.rwth-aachen.de/;0;medium;13;entry_fee, registration_status, registration_deadline, start_time, cutoff, elevation, course_info, race_day_info, travel_info, weather_info, statistics, faq, sources;;false;2026-06-17;unclear
forster-rosen-pokal-lauf-2026;Forster Rosen-Pokal-Lauf;03.07.2026;Forst;Germany;Running;5 km, 10 km;https://ltsv.de/ausdauercup-spree-neisse/termine/;0;medium;13;entry_fee, registration_status, registration_deadline, start_time, cutoff, elevation, course_info, race_day_info, travel_info, weather_info, statistics, faq, sources;;false;2026-06-17;unclear
brunnenfestlauf-reute-2026;Brunnenfestlauf Reute;03.07.2026;Bad Waldsee;Germany;Running;5 km, 10 km;https://www.tsv-reute.de/;0;medium;13;entry_fee, registration_status, registration_deadline, start_time, cutoff, elevation, course_info, race_day_info, travel_info, weather_info, statistics, faq, sources;;false;2026-06-17;unclear
stubai-ultratrail-neustift-2026;Stubai Ultratrail Neustift;03.07.2026;Neustift;Germany;Ultramarathon;100 km;https://www.stubai.at/ultra-trail/;0;high;13;entry_fee, registration_status, registration_deadline, start_time, cutoff, elevation, course_info, race_day_info, travel_info, weather_info, statistics, faq, sources;;false;2026-06-17;unclear
wielemer-viertele-salem-mittelstenweiler-2026;Wielemer Viertele Salem-Mittelstenweiler;03.07.2026;Salem-Mittelstenweiler;Germany;Running;5 km, 10 km;https://wielemer-viertele.de/;0;medium;13;entry_fee, registration_status, registration_deadline, start_time, cutoff, elevation, course_info, race_day_info, travel_info, weather_info, statistics, faq, sources;;false;2026-06-17;unclear
drevenacker-abendlauf-2026;Drevenacker Abendlauf;03.07.2026;Hünxe-Drevenack;Germany;Running;5 km, 10 km;https://tusdrevenack.de/laufveranstaltung-abendlauf-drevenack-huenxe/;0;medium;13;entry_fee, registration_status, registration_deadline, start_time, cutoff, elevation, course_info, race_day_info, travel_info, weather_info, statistics, faq, sources;;false;2026-06-17;unclear
mittsommerlauf-heitersheim-2026;Mittsommerlauf Heitersheim;04.07.2026;Heitersheim;Germany;Running;5 km, 10 km;https://www.mittsommerlauf-heitersheim.de/;0;medium;13;entry_fee, registration_status, registration_deadline, start_time, cutoff, elevation, course_info, race_day_info, travel_info, weather_info, statistics, faq, sources;;false;2026-06-17;unclear
bobbahnrun-winterberg-2026;BobbahnRun Winterberg;04.07.2026;Winterberg;Germany;Running;5 km;https://www.veltins-eisarena.de/bobbahnrun/;0;medium;13;entry_fee, registration_status, registration_deadline, start_time, cutoff, elevation, course_info, race_day_info, travel_info, weather_info, statistics, faq, sources;;false;2026-06-17;unclear
s-kay-run-erlenbach-2026;S´Kay Run Erlenbach;04.07.2026;Erlenbach;Germany;Running;12 km, 7 km;https://www.skayrun.de/;0;medium;13;entry_fee, registration_status, registration_deadline, start_time, cutoff, elevation, course_info, race_day_info, travel_info, weather_info, statistics, faq, sources;;false;2026-06-17;unclear
montafon-totale-trail-silvretta-2026;Montafon Totale Trail Silvretta;04.07.2026;Schruns;Germany;Running;10 km, 47 km;https://www.silvretta-montafon.at/de/events-erlebnisse/alle-events;0;medium;13;entry_fee, registration_status, registration_deadline, start_time, cutoff, elevation, course_info, race_day_info, travel_info, weather_info, statistics, faq, sources;;false;2026-06-17;unclear
traunsee-bergmarathon-gmunden-2026;Traunsee Bergmarathon Gmunden;04.07.2026;Gmunden;Germany;Ultramarathon;Marathon, 63 km;https://traunsee-bergmarathon.com/;0;high;13;entry_fee, registration_status, registration_deadline, start_time, cutoff, elevation, course_info, race_day_info, travel_info, weather_info, statistics, faq, sources;;false;2026-06-17;unclear
schneekopflauf-schmiedefeld-2026;Schneekopflauf Schmiedefeld;04.07.2026;Schmiedefeld am Rennsteig;Germany;Running;10 km, Half Marathon;https://schneekopflauf.de/;0;high;13;entry_fee, registration_status, registration_deadline, start_time, cutoff, elevation, course_info, race_day_info, travel_info, weather_info, statistics, faq, sources;;false;2026-06-17;unclear
panoramalauf-rothenberg-2026;Panoramalauf Rothenberg;05.07.2026;Oberzent-Rothenberg;Germany;Running;5 km, 10 km, Half Marathon;https://www.panorama-lauf.de/;0;high;13;entry_fee, registration_status, registration_deadline, start_time, cutoff, elevation, course_info, race_day_info, travel_info, weather_info, statistics, faq, sources;;false;2026-06-17;unclear
lauf-rund-um-die-veste-coburg-2026;Lauf Rund um die Veste Coburg;05.07.2026;Coburg;Germany;Running;10 km;https://www.veste-lauf.de/;0;medium;13;entry_fee, registration_status, registration_deadline, start_time, cutoff, elevation, course_info, race_day_info, travel_info, weather_info, statistics, faq, sources;;false;2026-06-17;unclear
stilfserjoch-stelvio-trail-run-2026;Stilfserjoch Stelvio Trail Run;18.07.2026;Prad am Stilfserjoch;Germany;Running;Half Marathon;https://www.stelviomarathon.it/;0;high;13;entry_fee, registration_status, registration_deadline, start_time, cutoff, elevation, course_info, race_day_info, travel_info, weather_info, statistics, faq, sources;;false;2026-06-17;unclear
hanse-citylauf-wesel-2026;Hanse-Citylauf Wesel;18.07.2026;Wesel;Germany;Running;5 km, 10 km;https://www.hanse-citylauf.de/;0;medium;13;entry_fee, registration_status, registration_deadline, start_time, cutoff, elevation, course_info, race_day_info, travel_info, weather_info, statistics, faq, sources;;false;2026-06-17;unclear
north-pole-marathon-spitzbergen-spitzbergen-42-195-km-2026;North Pole Marathon Spitzbergen - Spitzbergen 42,195 km;19.07.2026;Longyearbyen;Norway;Ultramarathon;Marathon;https://www.npmarathon.com/;0;high;13;entry_fee, registration_status, registration_deadline, start_time, cutoff, elevation, course_info, race_day_info, travel_info, weather_info, statistics, faq, sources;;false;2026-06-17;unclear
muppberg-trailrun-neustadt-2026;Muppberg-Trailrun Neustadt;19.07.2026;Neustadt;Germany;Running;10 km;https://www.alpenverein-neustadt.de/;0;medium;13;entry_fee, registration_status, registration_deadline, start_time, cutoff, elevation, course_info, race_day_info, travel_info, weather_info, statistics, faq, sources;;false;2026-06-17;unclear
wild-and-run-oberkollbach-2026;Wild & Run Oberkollbach;22.07.2026;Oberreichenbach;Germany;Running;7.5 km, 13 km;https://www.sportverein-oberkollbach.de/wildandrun/;0;medium;13;entry_fee, registration_status, registration_deadline, start_time, cutoff, elevation, course_info, race_day_info, travel_info, weather_info, statistics, faq, sources;;false;2026-06-17;unclear
urban-trail-run-munchen-2026;Urban Trail Run München;24.07.2026;München;Germany;Running;5 km, 10 km;https://www.intersport.de/d/content/events/urban-trail-run;0;medium;13;entry_fee, registration_status, registration_deadline, start_time, cutoff, elevation, course_info, race_day_info, travel_info, weather_info, statistics, faq, sources;;false;2026-06-17;unclear
rock-the-race-cross-hindernislauf-wurzburg-2026;Rock the Race Cross-Hindernislauf Würzburg;26.07.2026;Würzburg;Germany;Running;15 km, 7 km;https://www.rocktherace.de/;0;medium;13;entry_fee, registration_status, registration_deadline, start_time, cutoff, elevation, course_info, race_day_info, travel_info, weather_info, statistics, faq, sources;;false;2026-06-17;unclear
pitz-alpine-glacier-trail-2026;Pitz Alpine Glacier Trail;31.07.2026;Mandarfen;Austria;Ultramarathon;62 km, 105 km, 90 km;https://www.pitz-alpine.at/;0;high;13;entry_fee, registration_status, registration_deadline, start_time, cutoff, elevation, course_info, race_day_info, travel_info, weather_info, statistics, faq, sources;;false;2026-06-17;unclear
sudwestpark-funrun-nurnberg-2026;SüdwestPark FunRun - Nürnberg;18.06.2026;Nürnberg;Germany;Running;5 km, 10 km;https://www.funrunsuedwest.de/;0;medium;13;entry_fee, registration_status, registration_deadline, start_time, cutoff, elevation, course_info, race_day_info, travel_info, weather_info, statistics, faq, sources;;false;2026-06-17;unclear
hogl-berglauf-ainring-2026;Högl-Berglauf - Ainring;19.06.2026;Ainring;Germany;Running;10 km;https://sc-ainring.de/hoegl-lauf/;0;medium;13;entry_fee, registration_status, registration_deadline, start_time, cutoff, elevation, course_info, race_day_info, travel_info, weather_info, statistics, faq, sources;;false;2026-06-17;unclear
laatzen-leinelauf-2026;Laatzen Leinelauf;19.06.2026;Laatzen;Germany;Running;10 km;https://leinelauf.de/;0;medium;13;entry_fee, registration_status, registration_deadline, start_time, cutoff, elevation, course_info, race_day_info, travel_info, weather_info, statistics, faq, sources;;false;2026-06-17;unclear
brunsbutteler-citylauf-2026;Brunsbütteler Citylauf;19.06.2026;Brunsbüttel;Germany;Running;5 km, 10 km;https://www.stgk.de/Veranstaltung_Detail.asp?Code=40;0;medium;13;entry_fee, registration_status, registration_deadline, start_time, cutoff, elevation, course_info, race_day_info, travel_info, weather_info, statistics, faq, sources;;false;2026-06-17;unclear
bargstedter-mittsommernachtslauf-2026;Bargstedter Mittsommernachtslauf;19.06.2026;Bargstedt;Germany;Running;5 km, 10 km;https://tus-bargstedt.de/23-mittsommernachtslauf/;0;medium;13;entry_fee, registration_status, registration_deadline, start_time, cutoff, elevation, course_info, race_day_info, travel_info, weather_info, statistics, faq, sources;;false;2026-06-17;unclear
sielmanns-heidelauf-dallgow-doberitz-2026;Sielmanns Heidelauf - Dallgow-Döberitz;20.06.2026;Dallgow-Döberitz;Germany;Ultramarathon;5 km, 10 km, Half Marathon;https://sportverein-dallgow.de/heidelauf/;0;high;13;entry_fee, registration_status, registration_deadline, start_time, cutoff, elevation, course_info, race_day_info, travel_info, weather_info, statistics, faq, sources;;false;2026-06-17;unclear
bln-10k-berlin-2026;BLN 10k - Berlin;20.06.2026;Berlin;Germany;Running;10 km;https://berlin10k.com/;0;medium;13;entry_fee, registration_status, registration_deadline, start_time, cutoff, elevation, course_info, race_day_info, travel_info, weather_info, statistics, faq, sources;;false;2026-06-17;unclear
wald-und-wiesenlauf-hassel-2026;Wald- und Wiesenlauf Hassel;20.06.2026;Hassel;Germany;Running;10 km;https://www.elbe-ohre-cup.de/veranstaltungen/21-wald-und-wiesenlauf-hassel/;0;medium;13;entry_fee, registration_status, registration_deadline, start_time, cutoff, elevation, course_info, race_day_info, travel_info, weather_info, statistics, faq, sources;;false;2026-06-17;unclear
empor-lauf-dahme-mark-2026;Empor Lauf - Dahme/Mark;20.06.2026;Dahme/Mark;Germany;Running;5 km, 10 km;https://www.berlin-timing.de/Empor-Lauf;0;medium;13;entry_fee, registration_status, registration_deadline, start_time, cutoff, elevation, course_info, race_day_info, travel_info, weather_info, statistics, faq, sources;;false;2026-06-17;unclear
fiderepasslauf-oberstdorf-2026;Fiderepasslauf - Oberstdorf;20.06.2026;Oberstdorf;Germany;Ultramarathon;5 km;https://alpenverein-oberstdorf.de/aktuelles/events;0;high;13;entry_fee, registration_status, registration_deadline, start_time, cutoff, elevation, course_info, race_day_info, travel_info, weather_info, statistics, faq, sources;;false;2026-06-17;unclear
samstagslauf-grossenmeer-ovelgonne-2026;Samstagslauf Großenmeer - Ovelgönne;20.06.2026;Ovelgönne;Germany;Running;5 km, 10 km;https://www.gtv-grossenmeer.de/wordpress/;0;medium;13;entry_fee, registration_status, registration_deadline, start_time, cutoff, elevation, course_info, race_day_info, travel_info, weather_info, statistics, faq, sources;;false;2026-06-17;unclear
podbielski-lauf-karstadt-2026;Podbielski Lauf - Karstädt;20.06.2026;Karstädt;Germany;Running;7 km, 13 km;https://podbielskilauf.com/;0;medium;13;entry_fee, registration_status, registration_deadline, start_time, cutoff, elevation, course_info, race_day_info, travel_info, weather_info, statistics, faq, sources;;false;2026-06-17;unclear
abendlauf-baunatal-rennt-ksv-baunatal-2026;"Abendlauf ""Baunatal rennt"" KSV Baunatal";20.06.2026;Baunatal;Germany;Running;5 km, 10 km;https://www.ksv-baunatal.de/Marathon/Veranstaltungen/Baunatal%20rennt%20am%2020.06.2026;0;medium;13;entry_fee, registration_status, registration_deadline, start_time, cutoff, elevation, course_info, race_day_info, travel_info, weather_info, statistics, faq, sources;;false;2026-06-17;unclear
trail-rund-um-die-sporkenburg-neuhausel-2026;"Trail ""Rund Um Die Sporkenburg"" - Neuhäusel";20.06.2026;Neuhäusel;Germany;Ultramarathon;10 km;https://www.tveitelborn.de/veranstaltungen/traillauf/;0;high;13;entry_fee, registration_status, registration_deadline, start_time, cutoff, elevation, course_info, race_day_info, travel_info, weather_info, statistics, faq, sources;;false;2026-06-17;unclear
zweigkanal-brucken-marathon-wallenhorst-2026;Zweigkanal-Brücken-Marathon - Wallenhorst;20.06.2026;Wallenhorst;Germany;Running;Marathon;https://lg-lottehalen.jimdofree.com/zweigkanal-brücken-marathon-20-6/;0;high;13;entry_fee, registration_status, registration_deadline, start_time, cutoff, elevation, course_info, race_day_info, travel_info, weather_info, statistics, faq, sources;;false;2026-06-17;unclear
altmuhlfrankenlauf-weissenburg-in-bayern-2026;Altmühlfrankenlauf - Weißenburg in Bayern;20.06.2026;Weißenburg in Bayern;Germany;Running;Marathon;https://www.altmuehlfranken.de/af-leben/kultur-und-freizeit/altmuehlfrankenlauf/;0;high;13;entry_fee, registration_status, registration_deadline, start_time, cutoff, elevation, course_info, race_day_info, travel_info, weather_info, statistics, faq, sources;;false;2026-06-17;unclear
cross-and-quer-in-oberbrugge-halver-2026;Cross & Quer in Oberbrügge - Halver;20.06.2026;Halver;Germany;Running;10 km;https://www.tus-oberbruegge.de/home/cross-quer/;0;medium;13;entry_fee, registration_status, registration_deadline, start_time, cutoff, elevation, course_info, race_day_info, travel_info, weather_info, statistics, faq, sources;;false;2026-06-17;unclear
marienloher-volkslauf-paderborn-2026;Marienloher Volkslauf - Paderborn;20.06.2026;Paderborn;Germany;Running;5 km, 10 km, Half Marathon;https://www.sv-marienloh.de/lauf-und-walkingtreff/;0;high;13;entry_fee, registration_status, registration_deadline, start_time, cutoff, elevation, course_info, race_day_info, travel_info, weather_info, statistics, faq, sources;;false;2026-06-17;unclear
angermunder-wiesel-strandbadlauf-am-wolletzsee-2026;Angermünder Wiesel Strandbadlauf am Wolletzsee;20.06.2026;Angermünde;Germany;Running;5 km, 10 km;https://xn--angermnder-wiesel-72b.de/Strandbadlauf-2026/;0;medium;13;entry_fee, registration_status, registration_deadline, start_time, cutoff, elevation, course_info, race_day_info, travel_info, weather_info, statistics, faq, sources;;false;2026-06-17;unclear
lauf-in-die-sonne-leutenbach-2026;Lauf in die Sonne - Leutenbach;21.06.2026;Leutenbach;Germany;Running;10 km;https://www.lauf-in-die-sonne.de/index.php;0;medium;13;entry_fee, registration_status, registration_deadline, start_time, cutoff, elevation, course_info, race_day_info, travel_info, weather_info, statistics, faq, sources;;false;2026-06-17;unclear
hunsruck-trail-morschied-2026;Hunsrück-Trail - Mörschied;21.06.2026;Mörschied;Germany;Ultramarathon;25 km, 13 km;https://www.xn--hunsrck-trail-0ob.de/;0;high;13;entry_fee, registration_status, registration_deadline, start_time, cutoff, elevation, course_info, race_day_info, travel_info, weather_info, statistics, faq, sources;;false;2026-06-17;unclear
der-rigolator-riegel-am-kaiserstuhl-2026;Der Rigolator - Riegel am Kaiserstuhl;21.06.2026;Riegel am Kaiserstuhl;Germany;Triathlon;Sprint Triathlon;https://www.rigolator.com/;0;medium;13;entry_fee, registration_status, registration_deadline, start_time, cutoff, elevation, course_info, race_day_info, travel_info, weather_info, statistics, faq, sources;;false;2026-06-17;unclear
eichberglauf-glottertal-2026;Eichberglauf Glottertal;21.06.2026;Glottertal;Germany;Ultramarathon;10 km;https://eichberglauf.de/;0;high;13;entry_fee, registration_status, registration_deadline, start_time, cutoff, elevation, course_info, race_day_info, travel_info, weather_info, statistics, faq, sources;;false;2026-06-17;unclear
apfellauf-der-kelterei-heil-weilmunster-2026;Apfellauf der Kelterei-Heil - Weilmünster;21.06.2026;Weilmünster;Germany;Running;5 km, 10 km;https://kelterei-heil.de/aktion/apfellauf;0;medium;13;entry_fee, registration_status, registration_deadline, start_time, cutoff, elevation, course_info, race_day_info, travel_info, weather_info, statistics, faq, sources;;false;2026-06-17;unclear
topfermarktlauf-burgel-2026;Töpfermarktlauf Bürgel;21.06.2026;Bürgel;Germany;Running;12 km, 6 km;https://runtix.com/sts/10021/3139;0;medium;13;entry_fee, registration_status, registration_deadline, start_time, cutoff, elevation, course_info, race_day_info, travel_info, weather_info, statistics, faq, sources;;false;2026-06-17;unclear
wildes-wendland-trailrunning-kusten-2026;Wildes Wendland Trailrunning - Küsten;21.06.2026;Küsten;Germany;Ultramarathon;Marathon;https://www.igaswendland.de/docs/2026/ausschreibg/AusTrailWildesWendland2026.pdf;0;high;13;entry_fee, registration_status, registration_deadline, start_time, cutoff, elevation, course_info, race_day_info, travel_info, weather_info, statistics, faq, sources;;false;2026-06-17;unclear
ksc-schlossparklauf-karlsruhe-2026;KSC-Schlossparklauf - Karlsruhe;21.06.2026;Karlsruhe;Germany;Running;10 km;https://ev.ksc.de/abteilungen/leichtathletik-und-freizeitsport/schlossparklauf;0;medium;13;entry_fee, registration_status, registration_deadline, start_time, cutoff, elevation, course_info, race_day_info, travel_info, weather_info, statistics, faq, sources;;false;2026-06-17;unclear
pro-kids-lauf-emmerich-am-rhein-2026;pro kids Lauf - Emmerich am Rhein;21.06.2026;Emmerich am Rhein;Germany;Running;5 km;https://tvelten.de/pro-kids-lauf/;0;medium;13;entry_fee, registration_status, registration_deadline, start_time, cutoff, elevation, course_info, race_day_info, travel_info, weather_info, statistics, faq, sources;;false;2026-06-17;unclear
meerathon-meerane-2026;Meerathon - Meerane;21.06.2026;Meerane;Germany;Ultramarathon;5 km;https://www.meerathon.com/;0;high;13;entry_fee, registration_status, registration_deadline, start_time, cutoff, elevation, course_info, race_day_info, travel_info, weather_info, statistics, faq, sources;;false;2026-06-17;unclear
stormthaler-seelauf-grossposna-2026;Störmthaler Seelauf - Großpösna;21.06.2026;Großpösna;Germany;Running;5 km, 10 km;https://lfv-oberholz.de/cms/ssl/;0;medium;13;entry_fee, registration_status, registration_deadline, start_time, cutoff, elevation, course_info, race_day_info, travel_info, weather_info, statistics, faq, sources;;false;2026-06-17;unclear
grevesmuhlener-stadtlauf-2026;Grevesmühlener Stadtlauf;21.06.2026;Grevesmühlen;Germany;Running;10 km;https://www.stadtlauf-grevesmuehlen.de/ausschreibung.html;0;medium;13;entry_fee, registration_status, registration_deadline, start_time, cutoff, elevation, course_info, race_day_info, travel_info, weather_info, statistics, faq, sources;;false;2026-06-17;unclear
erfurter-campuslauf-2026;Erfurter Campuslauf;24.06.2026;Erfurt;Germany;Running;10 km;https://www.uni-erfurt.de/universitaet/aktuelles/veranstaltungsreihen/campuslauf;0;medium;13;entry_fee, registration_status, registration_deadline, start_time, cutoff, elevation, course_info, race_day_info, travel_info, weather_info, statistics, faq, sources;;false;2026-06-17;unclear
kirschfestlauf-naumburg-saale-2026;Kirschfestlauf - Naumburg (Saale);24.06.2026;Naumburg (Saale);Germany;Running;5 km;https://zpn-timing.de/a/846;0;medium;13;entry_fee, registration_status, registration_deadline, start_time, cutoff, elevation, course_info, race_day_info, travel_info, weather_info, statistics, faq, sources;;false;2026-06-17;unclear
campus-run-berlin-krumme-lanke-2026;Campus Run Berlin - Krumme Lanke;25.06.2026;Krumme Lanke;Germany;Running;5 km, 10 km;https://blogs.fu-berlin.de/campusrun/;0;medium;13;entry_fee, registration_status, registration_deadline, start_time, cutoff, elevation, course_info, race_day_info, travel_info, weather_info, statistics, faq, sources;;false;2026-06-17;unclear
retzbachlauf-gaimersheim-2026;Retzbachlauf Gaimersheim;26.06.2026;Gaimersheim;Germany;Running;10 km;https://www.radsport-gaimersheim.de/retzbachlauf;0;medium;13;entry_fee, registration_status, registration_deadline, start_time, cutoff, elevation, course_info, race_day_info, travel_info, weather_info, statistics, faq, sources;;false;2026-06-17;unclear
sonnwendlauf-oy-mittelberg-2026;Sonnwendlauf Oy-Mittelberg;26.06.2026;Oy-Mittelberg;Germany;Running;10 km, Half Marathon, Marathon;https://www.tv-oy.de/https/-/www-sonnwendlauf-de/home-html/;0;high;13;entry_fee, registration_status, registration_deadline, start_time, cutoff, elevation, course_info, race_day_info, travel_info, weather_info, statistics, faq, sources;;false;2026-06-17;unclear
osterronfelder-moorlauf-2026;Osterrönfelder Moorlauf;26.06.2026;Osterrönfeld;Germany;Running;5 km, 10 km;http://www.moorlauf.wetzstopp.de/;0;medium;13;entry_fee, registration_status, registration_deadline, start_time, cutoff, elevation, course_info, race_day_info, travel_info, weather_info, statistics, faq, sources;;false;2026-06-17;unclear
geiersberglauf-waigolshausen-2026;Geiersberglauf Waigolshausen;26.06.2026;Waigolshausen;Germany;Running;6 km, 12 km;https://www.tsv-waigolshausen.de/seite/504344/laufsport--geiersberglauf.html;0;medium;13;entry_fee, registration_status, registration_deadline, start_time, cutoff, elevation, course_info, race_day_info, travel_info, weather_info, statistics, faq, sources;;false;2026-06-17;unclear
bietigheimer-fackellauf-bietigheim-bissingen-2026;Bietigheimer Fackellauf - Bietigheim-Bissingen;26.06.2026;Bietigheim-Bissingen;Germany;Running;10 km;https://fackellauf.info;0;medium;13;entry_fee, registration_status, registration_deadline, start_time, cutoff, elevation, course_info, race_day_info, travel_info, weather_info, statistics, faq, sources;;false;2026-06-17;unclear
bergischer-6-stunden-lauf-remscheid-2026;Bergischer 6 Stunden Lauf - Remscheid;27.06.2026;Remscheid;Germany;Running;Marathon;https://www.feinerlauf.de/bergischer-6-stunden-lauf/;0;high;13;entry_fee, registration_status, registration_deadline, start_time, cutoff, elevation, course_info, race_day_info, travel_info, weather_info, statistics, faq, sources;;false;2026-06-17;unclear
deadly-dozen-wolfsburg-2026;Deadly Dozen Wolfsburg;27.06.2026;Wolfsburg;Germany;Running;5 km;https://www.deadlydozen.de/event/wolfsburg;0;medium;13;entry_fee, registration_status, registration_deadline, start_time, cutoff, elevation, course_info, race_day_info, travel_info, weather_info, statistics, faq, sources;;false;2026-06-17;unclear
oberlichtenauer-sommerlauf-pulsnitz-2026;Oberlichtenauer Sommerlauf - Pulsnitz;27.06.2026;Pulsnitz;Germany;Running;5 km;https://www.sg-oberlichtenau.de/Oberlichtenauer_Sommerlauf.html;0;medium;13;entry_fee, registration_status, registration_deadline, start_time, cutoff, elevation, course_info, race_day_info, travel_info, weather_info, statistics, faq, sources;;false;2026-06-17;unclear
cherryman-witzenhausen-2026;CherryMan - Witzenhausen;27.06.2026;Witzenhausen;Germany;Triathlon;Triathlon;https://www.cherry-man.de/;0;medium;13;entry_fee, registration_status, registration_deadline, start_time, cutoff, elevation, course_info, race_day_info, travel_info, weather_info, statistics, faq, sources;;false;2026-06-17;unclear
hohenschonhausener-gartenlauf-berlin-2026;Hohenschönhausener Gartenlauf - Berlin;27.06.2026;Berlin;Germany;Running;10 km;https://www.hohenschoenhausener-gartenlauf.de/bludit/;0;medium;13;entry_fee, registration_status, registration_deadline, start_time, cutoff, elevation, course_info, race_day_info, travel_info, weather_info, statistics, faq, sources;;false;2026-06-17;unclear
landkreislauf-schwandorf-2026;Landkreislauf Schwandorf;27.06.2026;Schwandorf;Germany;Ultramarathon;49.5 km, 50 km;https://www.partner-sad.de/2026/02/10/landkreislauf-2026-27-juni-2026/;0;high;13;entry_fee, registration_status, registration_deadline, start_time, cutoff, elevation, course_info, race_day_info, travel_info, weather_info, statistics, faq, sources;;false;2026-06-17;unclear
delligser-hilskammlauf-delligsen-2026;Delligser Hilskammlauf - Delligsen;27.06.2026;Delligsen;Germany;Running;5 km, 10 km, Half Marathon;https://delligser-sport-club.de/index.php?content=59;0;high;13;entry_fee, registration_status, registration_deadline, start_time, cutoff, elevation, course_info, race_day_info, travel_info, weather_info, statistics, faq, sources;;false;2026-06-17;unclear
internationaler-eggelauf-marsberg-2026;Internationaler Eggelauf - Marsberg;27.06.2026;Marsberg;Germany;Running;5 km, 10 km, Half Marathon;https://www.bc23meerhof.de/leichtathletik/eggelauf/index.html;0;high;13;entry_fee, registration_status, registration_deadline, start_time, cutoff, elevation, course_info, race_day_info, travel_info, weather_info, statistics, faq, sources;;false;2026-06-17;unclear
running-paule-marathon-bad-munder-am-deister-2026;Running Paule Marathon - Bad Münder am Deister;27.06.2026;Bad Münder am Deister;Germany;Running;Half Marathon, Marathon;https://running-paule.de/rp-marathon/;0;high;13;entry_fee, registration_status, registration_deadline, start_time, cutoff, elevation, course_info, race_day_info, travel_info, weather_info, statistics, faq, sources;;false;2026-06-17;unclear
bikenavy-run-wurster-nordseekuste-2026;BikeNavy Run - Wurster Nordseeküste;28.06.2026;Wurster Nordseeküste;Germany;Ultramarathon;5 km, 10 km;https://bike-navy.de/bikenavy-run/;0;high;13;entry_fee, registration_status, registration_deadline, start_time, cutoff, elevation, course_info, race_day_info, travel_info, weather_info, statistics, faq, sources;;false;2026-06-17;unclear
eschelbronner-schreinerdorflauf-2026;Eschelbronner Schreinerdorflauf;28.06.2026;Eschelbronn;Germany;Running;10 km;https://www.turnverein-eschelbronn.de/schreinerdorflauf/;0;medium;13;entry_fee, registration_status, registration_deadline, start_time, cutoff, elevation, course_info, race_day_info, travel_info, weather_info, statistics, faq, sources;;false;2026-06-17;unclear
trailrun-stammbach-2026;Trailrun Stammbach;28.06.2026;Stammbach;Germany;Ultramarathon;10 km;https://time2win.at/event/1038;0;high;13;entry_fee, registration_status, registration_deadline, start_time, cutoff, elevation, course_info, race_day_info, travel_info, weather_info, statistics, faq, sources;;false;2026-06-17;unclear
sonnwendlauf-grossostheim-2026;Sonnwendlauf Großostheim;28.06.2026;Großostheim;Germany;Running;10 km;https://sonnwendlauf-grossostheim.de/;0;medium;13;entry_fee, registration_status, registration_deadline, start_time, cutoff, elevation, course_info, race_day_info, travel_info, weather_info, statistics, faq, sources;;false;2026-06-17;unclear
hohner-see-lauf-2026;Hohner See Lauf;01.07.2026;Hohn;Germany;Running;10 km;https://www.hohner-see-lauf.de/;0;medium;13;entry_fee, registration_status, registration_deadline, start_time, cutoff, elevation, course_info, race_day_info, travel_info, weather_info, statistics, faq, sources;;false;2026-06-17;unclear
stadtlauf-saarburg-2026;Stadtlauf Saarburg;03.07.2026;Saarburg;Germany;Running;5 km, 10 km;https://stadtlauf-saarburg.de/;0;medium;13;entry_fee, registration_status, registration_deadline, start_time, cutoff, elevation, course_info, race_day_info, travel_info, weather_info, statistics, faq, sources;;false;2026-06-17;unclear
heuchelberg-trail-leingarten-2026;Heuchelberg Trail - Leingarten;04.07.2026;Leingarten;Germany;Ultramarathon;50 km;http://www.heuchelbergtrail.de;0;high;13;entry_fee, registration_status, registration_deadline, start_time, cutoff, elevation, course_info, race_day_info, travel_info, weather_info, statistics, faq, sources;;false;2026-06-17;unclear
kit-meisterschaft-karlsruhe-2026;Kit Meisterschaft - Karlsruhe;04.07.2026;Karlsruhe;Germany;Running;10 km;https://www.kitsc.de/leichtathletik/kit-meisterschaft/;0;medium;13;entry_fee, registration_status, registration_deadline, start_time, cutoff, elevation, course_info, race_day_info, travel_info, weather_info, statistics, faq, sources;;false;2026-06-17;unclear
attler-lauf-wasserburg-wasserburg-am-inn-2026;Attler Lauf Wasserburg - Wasserburg am Inn;04.07.2026;Wasserburg am Inn;Germany;Running;5 km, 10 km;https://www.stiftung.attl.de/attler-lauf/;0;medium;13;entry_fee, registration_status, registration_deadline, start_time, cutoff, elevation, course_info, race_day_info, travel_info, weather_info, statistics, faq, sources;;false;2026-06-17;unclear
happe-run-n-roll-delbruck-2026;Happe Run 'n' Roll - Delbrück;04.07.2026;Delbrück;Germany;Running;10 km, Marathon;https://www.delbrueck-sport.de/;0;high;13;entry_fee, registration_status, registration_deadline, start_time, cutoff, elevation, course_info, race_day_info, travel_info, weather_info, statistics, faq, sources;;false;2026-06-17;unclear
kinzigcross-gengenbach-2026;KinzigCross - Gengenbach;04.07.2026;Gengenbach;Germany;Running;5 km, 10 km;https://kinzigcross.de/ausschreibung;0;medium;13;entry_fee, registration_status, registration_deadline, start_time, cutoff, elevation, course_info, race_day_info, travel_info, weather_info, statistics, faq, sources;;false;2026-06-17;unclear
sportivo-orne-lauf-titisee-neustadt-2026;Sportivo Orne Lauf - Titisee-Neustadt;04.07.2026;Titisee-Neustadt;Germany;Running;10 km;https://sportivo-orne-lauf.de/;0;medium;13;entry_fee, registration_status, registration_deadline, start_time, cutoff, elevation, course_info, race_day_info, travel_info, weather_info, statistics, faq, sources;;false;2026-06-17;unclear
heckenlauf-eicherscheid-simmerath-2026;Heckenlauf Eicherscheid - Simmerath;04.07.2026;Simmerath;Germany;Running;5 km, 10 km, Half Marathon;https://germania-eicherscheid.de/volkslauf/heckenlauf-2026/;0;high;13;entry_fee, registration_status, registration_deadline, start_time, cutoff, elevation, course_info, race_day_info, travel_info, weather_info, statistics, faq, sources;;false;2026-06-17;unclear
oberstdorfer-nebelhornberglauf-2026;Oberstdorfer Nebelhornberglauf;05.07.2026;Oberstdorf;Germany;Running;10 km;https://nebelhornlauf.ar-events.run/;0;medium;13;entry_fee, registration_status, registration_deadline, start_time, cutoff, elevation, course_info, race_day_info, travel_info, weather_info, statistics, faq, sources;;false;2026-06-17;unclear
petersberg-berg-crosslauf-marktbergel-2026;Petersberg Berg-Crosslauf - Marktbergel;05.07.2026;Marktbergel;Germany;Ultramarathon;5 km, 10 km;https://petersberglauf.de/;0;high;13;entry_fee, registration_status, registration_deadline, start_time, cutoff, elevation, course_info, race_day_info, travel_info, weather_info, statistics, faq, sources;;false;2026-06-17;unclear
inschildesche-lauf-bielefeld-2026;InSchildesche Lauf - Bielefeld;05.07.2026;Bielefeld;Germany;Running;5 km, 10 km;https://inschildesche.de/inschildeschelauf/;0;medium;13;entry_fee, registration_status, registration_deadline, start_time, cutoff, elevation, course_info, race_day_info, travel_info, weather_info, statistics, faq, sources;;false;2026-06-17;unclear
berlin-running-festival-half-marathon-2026;Berlin Running Festival Half Marathon;05.07.2026;Berlin;Germany;Running;5 km, 10 km, Half Marathon, Marathon;https://www.runthrough.co.uk/event/runthrough-europe-berlin-running-festival-july-2026;0;high;13;entry_fee, registration_status, registration_deadline, start_time, cutoff, elevation, course_info, race_day_info, travel_info, weather_info, statistics, faq, sources;;false;2026-06-17;unclear
dorfener-stadtlauf-2026;Dorfener Stadtlauf;05.07.2026;Dorfen;Germany;Running;5 km, 10 km, Half Marathon;https://www.foerderkreis-dorfen.de/aktionen/stadtlauf-dorfen;0;high;13;entry_fee, registration_status, registration_deadline, start_time, cutoff, elevation, course_info, race_day_info, travel_info, weather_info, statistics, faq, sources;;false;2026-06-17;unclear
rats-run-mockmuhl-2026;Rats-Run - Möckmühl;05.07.2026;Möckmühl;Germany;Running;10 km;https://v2.rats-runners.de/moeckmuehl-event/;0;medium;13;entry_fee, registration_status, registration_deadline, start_time, cutoff, elevation, course_info, race_day_info, travel_info, weather_info, statistics, faq, sources;;false;2026-06-17;unclear
bieg-bez-granic-frankfurt-oder-2026;Bieg bez Granic - Frankfurt (Oder);08.07.2026;Frankfurt (Oder);Germany;Running;5 km, 10 km;https://panel.maratonczykpomiarczasu.pl/bieg-bez-granic;0;medium;13;entry_fee, registration_status, registration_deadline, start_time, cutoff, elevation, course_info, race_day_info, travel_info, weather_info, statistics, faq, sources;;false;2026-06-17;unclear
lauf-um-den-wolfsberg-ochsenburg-2026;Lauf um den Wolfsberg - Ochsenburg;09.07.2026;Ochsenburg;Germany;Running;5 km, 10 km;https://www.zeitgemaess.info/event.php?ACCESSCODE=202607092;0;medium;13;entry_fee, registration_status, registration_deadline, start_time, cutoff, elevation, course_info, race_day_info, travel_info, weather_info, statistics, faq, sources;;false;2026-06-17;unclear
taubertaltrail-rothenburg-ob-der-tauber-2026;Taubertaltrail - Rothenburg ob der Tauber;11.07.2026;Rothenburg ob der Tauber;Germany;Ultramarathon;5 km, 60 km;https://www.taubertal-trail.de/;0;high;13;entry_fee, registration_status, registration_deadline, start_time, cutoff, elevation, course_info, race_day_info, travel_info, weather_info, statistics, faq, sources;;false;2026-06-17;unclear
wertachxrun-schwabmunchen-2026;WertachXrun - Schwabmünchen;11.07.2026;Schwabmünchen;Germany;Running;10 km;https://www.time2run.org/events/7-time2run-wertachxrun-in-schwabmuenchen/;0;medium;13;entry_fee, registration_status, registration_deadline, start_time, cutoff, elevation, course_info, race_day_info, travel_info, weather_info, statistics, faq, sources;;false;2026-06-17;unclear
lauf10-wolnzach-2026;Lauf10 - Wolnzach;11.07.2026;Wolnzach;Germany;Running;10 km;https://www.wolnzach-blog.de/category/lauf10/;0;medium;13;entry_fee, registration_status, registration_deadline, start_time, cutoff, elevation, course_info, race_day_info, travel_info, weather_info, statistics, faq, sources;;false;2026-06-17;unclear
rhon-grabfeld-cup-hausen-fladungen-2026;Rhön-Grabfeld-Cup – Hausen - Fladungen;11.07.2026;Fladungen;Germany;Running;5 km, 10 km;https://rhoengrabfeldcup.de/event/hausen/;0;medium;13;entry_fee, registration_status, registration_deadline, start_time, cutoff, elevation, course_info, race_day_info, travel_info, weather_info, statistics, faq, sources;;false;2026-06-17;unclear
tanzenhaider-weiherlauf-oberreichenbach-2026;Tanzenhaider-Weiherlauf - Oberreichenbach;11.07.2026;Oberreichenbach;Germany;Running;10 km;https://www.sc-oberreichenbach.de/weiherlauf/;0;medium;13;entry_fee, registration_status, registration_deadline, start_time, cutoff, elevation, course_info, race_day_info, travel_info, weather_info, statistics, faq, sources;;false;2026-06-17;unclear
teufelstisch-trail-hinterweidenthal-2026;Teufelstisch-Trail - Hinterweidenthal;11.07.2026;Hinterweidenthal;Germany;Ultramarathon;10 km;https://www.teufelstischtrail.de/;0;high;13;entry_fee, registration_status, registration_deadline, start_time, cutoff, elevation, course_info, race_day_info, travel_info, weather_info, statistics, faq, sources;;false;2026-06-17;unclear
monzinger-wingertslauf-monzingen-2026;Monzinger Wingertslauf - Monzingen;12.07.2026;Monzingen;Germany;Running;Marathon;https://www.wingertslauf.de/;0;high;13;entry_fee, registration_status, registration_deadline, start_time, cutoff, elevation, course_info, race_day_info, travel_info, weather_info, statistics, faq, sources;;false;2026-06-17;unclear
plankenfelser-waldlauf-2026;Plankenfelser Waldlauf;12.07.2026;Plankenfels;Germany;Ultramarathon;10 km, Half Marathon;https://www.plankenfelser-waldlauf.de/;0;high;13;entry_fee, registration_status, registration_deadline, start_time, cutoff, elevation, course_info, race_day_info, travel_info, weather_info, statistics, faq, sources;;false;2026-06-17;unclear
brezelfestlauf-speyer-2026;Brezelfestlauf Speyer;12.07.2026;Speyer;Germany;Running;10 km;https://www.rsv-speyer.de/brezelfestlauf-2026/;0;medium;13;entry_fee, registration_status, registration_deadline, start_time, cutoff, elevation, course_info, race_day_info, travel_info, weather_info, statistics, faq, sources;;false;2026-06-17;unclear
glaserner-monch-lauf-langenstein-2026;Gläserner Mönch Lauf - Langenstein;12.07.2026;Langenstein;Germany;Ultramarathon;6 km, 12 km, 18 km;https://glaeserner-moench-lauf.de/;0;high;13;entry_fee, registration_status, registration_deadline, start_time, cutoff, elevation, course_info, race_day_info, travel_info, weather_info, statistics, faq, sources;;false;2026-06-17;unclear
havellauf-berlin-2026;Havellauf Berlin;12.07.2026;Berlin;Germany;Running;5 km;https://anmeldung.laufauswertung.com/Anmeldung/index.php?VID=0EA7841FDB;0;medium;13;entry_fee, registration_status, registration_deadline, start_time, cutoff, elevation, course_info, race_day_info, travel_info, weather_info, statistics, faq, sources;;false;2026-06-17;unclear
gibacht-berglauf-furth-im-wald-2026;Gibacht Berglauf Furth im Wald;12.07.2026;Furth im Wald;Germany;Running;10 km;https://skiclub-furth.de/gibacht-berglauf-und-kinderlauf-am-12-juli/;0;medium;13;entry_fee, registration_status, registration_deadline, start_time, cutoff, elevation, course_info, race_day_info, travel_info, weather_info, statistics, faq, sources;;false;2026-06-17;unclear
sc-luchow-langstrecken-auf-der-bahn-2026;SC Lüchow – Langstrecken auf der Bahn;13.07.2026;Lüchow;Germany;Running;5 km;https://www.sc-luechow.de/de/sportangebot/sportangebote-und-abteilungen/leichtathletik/sportkalender/;0;medium;13;entry_fee, registration_status, registration_deadline, start_time, cutoff, elevation, course_info, race_day_info, travel_info, weather_info, statistics, faq, sources;;false;2026-06-17;unclear
schwanberglauf-iphofen-2026;Schwanberglauf Iphofen;17.07.2026;Iphofen;Germany;Running;10 km;https://www.sas-online.net/eventportal_bs/819/;0;medium;13;entry_fee, registration_status, registration_deadline, start_time, cutoff, elevation, course_info, race_day_info, travel_info, weather_info, statistics, faq, sources;;false;2026-06-17;unclear
kolner-zoolauf-2026;Kölner Zoolauf;17.07.2026;Köln;Germany;Running;5 km, 10 km;https://koelner-zoolauf.de;0;medium;13;entry_fee, registration_status, registration_deadline, start_time, cutoff, elevation, course_info, race_day_info, travel_info, weather_info, statistics, faq, sources;;false;2026-06-17;unclear
hembser-drei-dorfer-lauf-brakel-2026;Hembser Drei-Dörfer-Lauf - Brakel;17.07.2026;Brakel;Germany;Running;5 km, 10 km;https://hembsen.de/veranstaltungen/20-hembser-3-doerfer-lauf/;0;medium;13;entry_fee, registration_status, registration_deadline, start_time, cutoff, elevation, course_info, race_day_info, travel_info, weather_info, statistics, faq, sources;;false;2026-06-17;unclear
wiesenlauf-klein-meckelsen-2026;Wiesenlauf - Klein Meckelsen;18.07.2026;Klein Meckelsen;Germany;Running;5 km, 10 km;http://www.tus-klein-meckelsen.de/seite/505164/wiesenlauf.html;0;medium;13;entry_fee, registration_status, registration_deadline, start_time, cutoff, elevation, course_info, race_day_info, travel_info, weather_info, statistics, faq, sources;;false;2026-06-17;unclear
hakro-stadtlauf-schrozberg-2026;Hakro-Stadtlauf - Schrozberg;18.07.2026;Schrozberg;Germany;Running;10 km;https://laufgemeinschaft-tauberfranken.de/21-hakro-stadtlauf/;0;medium;13;entry_fee, registration_status, registration_deadline, start_time, cutoff, elevation, course_info, race_day_info, travel_info, weather_info, statistics, faq, sources;;false;2026-06-17;unclear
neusitz-lauf-2026;Neusitz Lauf;18.07.2026;Neusitz;Germany;Running;5 km;https://neusitz.de/sportplatzfest-neusitz/;0;medium;13;entry_fee, registration_status, registration_deadline, start_time, cutoff, elevation, course_info, race_day_info, travel_info, weather_info, statistics, faq, sources;;false;2026-06-17;unclear
karlsfelder-triathlon-2026;Karlsfelder Triathlon;19.07.2026;Karlsfeld;Germany;Triathlon;Olympic Triathlon;https://www.karlsfelder-triathlon.org;0;medium;13;entry_fee, registration_status, registration_deadline, start_time, cutoff, elevation, course_info, race_day_info, travel_info, weather_info, statistics, faq, sources;;false;2026-06-17;unclear
barbarossa-lauf-erlenbach-am-main-2026;Barbarossa Lauf - Erlenbach am Main;19.07.2026;Erlenbach am Main;Germany;Running;5 km, 10 km;https://barbarossalauf.de/;0;medium;13;entry_fee, registration_status, registration_deadline, start_time, cutoff, elevation, course_info, race_day_info, travel_info, weather_info, statistics, faq, sources;;false;2026-06-17;unclear
mittsommer-lauf-berlin-2026;Mittsommer-Lauf Berlin;19.07.2026;Berlin;Germany;Running;5 km, 10 km;https://mittsommer-lauf.de/;0;medium;13;entry_fee, registration_status, registration_deadline, start_time, cutoff, elevation, course_info, race_day_info, travel_info, weather_info, statistics, faq, sources;;false;2026-06-17;unclear
sommernachtslauf-munchen-2026;Sommernachtslauf München;22.07.2026;München;Germany;Running;5 km, 10 km;https://citylauf-muenchen.de/;0;medium;13;entry_fee, registration_status, registration_deadline, start_time, cutoff, elevation, course_info, race_day_info, travel_info, weather_info, statistics, faq, sources;;false;2026-06-17;unclear
bokeler-windmuhlenlauf-2026;Bokeler Windmühlenlauf;24.07.2026;Bokel;Germany;Running;5 km, 10 km;https://www.windmuehlenlauf.de/start.htm;0;medium;13;entry_fee, registration_status, registration_deadline, start_time, cutoff, elevation, course_info, race_day_info, travel_info, weather_info, statistics, faq, sources;;false;2026-06-17;unclear
towerman-stoibermuhlsee-2026;Towerman - Stoibermühlsee;24.07.2026;Stoibermühlsee;Germany;Triathlon;Triathlon;https://www.wasserwacht-freising.de/Towerman/;0;medium;13;entry_fee, registration_status, registration_deadline, start_time, cutoff, elevation, course_info, race_day_info, travel_info, weather_info, statistics, faq, sources;;false;2026-06-17;unclear
klettgaulauf-2026;Klettgaulauf;24.07.2026;Klettgau;Germany;Running;10 km;https://klettgaulauf.com;0;medium;13;entry_fee, registration_status, registration_deadline, start_time, cutoff, elevation, course_info, race_day_info, travel_info, weather_info, statistics, faq, sources;;false;2026-06-17;unclear
norderney-meine-insel-lauf-2026;Norderney - Meine Insel Lauf;25.07.2026;Norderney;Germany;Running;5 km, 10 km, Half Marathon;https://www.meine-insel-lauf-norderney.de/;0;high;13;entry_fee, registration_status, registration_deadline, start_time, cutoff, elevation, course_info, race_day_info, travel_info, weather_info, statistics, faq, sources;;false;2026-06-17;unclear
crazy-runners-frankenwald-trail-geroldsgrun-2026;Crazy Runners Frankenwald Trail - Geroldsgrün;25.07.2026;Geroldsgrün;Germany;Ultramarathon;52 km;https://www.crazyrunners-frankenwaldtrail.de/;0;high;13;entry_fee, registration_status, registration_deadline, start_time, cutoff, elevation, course_info, race_day_info, travel_info, weather_info, statistics, faq, sources;;false;2026-06-17;unclear
friesencross-wangerland-2026;Friesencross - Wangerland;25.07.2026;Wangerland;Germany;Running;5 km, Marathon;https://mtv-hohenkirchen.de/friesencross;0;high;13;entry_fee, registration_status, registration_deadline, start_time, cutoff, elevation, course_info, race_day_info, travel_info, weather_info, statistics, faq, sources;;false;2026-06-17;unclear
triathlon-bundesliga-hannover-steinhude-steinhuder-meer-2026;Triathlon Bundesliga Hannover Steinhude - Steinhuder Meer;25.07.2026;Steinhuder Meer;Germany;Triathlon;Sprint Triathlon;https://www.triathlonbundesliga.de/events/2026/hannover-steinhude;0;medium;13;entry_fee, registration_status, registration_deadline, start_time, cutoff, elevation, course_info, race_day_info, travel_info, weather_info, statistics, faq, sources;;false;2026-06-17;unclear
hasborner-freundschaftslauf-2026;Hasborner Freundschaftslauf;25.07.2026;Hasborn;Germany;Running;5 km, 10 km, Half Marathon;https://www.chiplauf.de/de/events/16-hasborner-freundschaftslauf-2026;0;high;13;entry_fee, registration_status, registration_deadline, start_time, cutoff, elevation, course_info, race_day_info, travel_info, weather_info, statistics, faq, sources;;false;2026-06-17;unclear
augsburger-nachtlauf-siebentischwald-2026;Augsburger Nachtlauf - Siebentischwald;25.07.2026;Siebentischwald;Germany;Running;5 km;https://www.lew-kuhseetriathlon.de/nachtlauf-infos.html;0;medium;13;entry_fee, registration_status, registration_deadline, start_time, cutoff, elevation, course_info, race_day_info, travel_info, weather_info, statistics, faq, sources;;false;2026-06-17;unclear
boblingen-stadtlauf-sindelfingen-2026;Böblingen Stadtlauf - Sindelfingen;26.07.2026;Sindelfingen;Germany;Running;5 km, 10 km;https://www.eventservice-stahl.de/veranstaltungen/mercaden-b%C3%B6blingen-stadtlauf/;0;medium;13;entry_fee, registration_status, registration_deadline, start_time, cutoff, elevation, course_info, race_day_info, travel_info, weather_info, statistics, faq, sources;;false;2026-06-17;unclear
weinheim-trails-2026;Weinheim Trails;26.07.2026;Weinheim;Germany;Running;5 km;https://www.weinheimtrails.de/;0;medium;13;entry_fee, registration_status, registration_deadline, start_time, cutoff, elevation, course_info, race_day_info, travel_info, weather_info, statistics, faq, sources;;false;2026-06-17;unclear
ruckenwindlauf-garching-bei-munchen-2026;Rückenwindlauf - Garching bei München;26.07.2026;Garching bei München;Germany;Running;5 km, 10 km;https://www.rueckenwindlauf.de/;0;medium;13;entry_fee, registration_status, registration_deadline, start_time, cutoff, elevation, course_info, race_day_info, travel_info, weather_info, statistics, faq, sources;;false;2026-06-17;unclear
pobershauer-schwarzwassertallauf-marienberg-2026;Pobershauer Schwarzwassertallauf - Marienberg;26.07.2026;Marienberg;Germany;Running;5 km, 10 km, Half Marathon;https://www.trans-miriquidi.de/modx/schwarzwassertallauf.html;0;high;13;entry_fee, registration_status, registration_deadline, start_time, cutoff, elevation, course_info, race_day_info, travel_info, weather_info, statistics, faq, sources;;false;2026-06-17;unclear
esenser-volksbanklauf-2026;Esenser Volksbanklauf;31.07.2026;Esens;Germany;Running;5 km, 10 km;https://www.lt-schafhauserwald.de/esenser-volksbanklauf/;0;medium;13;entry_fee, registration_status, registration_deadline, start_time, cutoff, elevation, course_info, race_day_info, travel_info, weather_info, statistics, faq, sources;;false;2026-06-17;unclear
swe-halbmarathon-ettlingen-2026;SWE Halbmarathon Ettlingen;01.08.2026;Ettlingen;Germany;Running;Half Marathon;https://ssv-ettlingen.de/swe-halbmarathon-ettlingen/;0;high;13;entry_fee, registration_status, registration_deadline, start_time, cutoff, elevation, course_info, race_day_info, travel_info, weather_info, statistics, faq, sources;;false;2026-06-17;unclear
schwindegger-schlosslauf-2026;Schwindegger Schlosslauf;01.08.2026;Schwindegg;Germany;Running;5 km;https://laufsport.sv-schwindegg.de/schlosslauf/;0;medium;13;entry_fee, registration_status, registration_deadline, start_time, cutoff, elevation, course_info, race_day_info, travel_info, weather_info, statistics, faq, sources;;false;2026-06-17;unclear
mehrstetter-crosslauf-mehrstetten-2026;Mehrstetter Crosslauf - Mehrstetten;01.08.2026;Mehrstetten;Germany;Running;10 km;https://www.wsv-mehrstetten.de/index.php/wsv-veranstaltungen/crosslauf;0;medium;13;entry_fee, registration_status, registration_deadline, start_time, cutoff, elevation, course_info, race_day_info, travel_info, weather_info, statistics, faq, sources;;false;2026-06-17;unclear
nordkirchener-halbmarathon-2026;Nordkirchener Halbmarathon;02.08.2026;Nordkirchen;Germany;Running;10 km, Half Marathon;https://fc-nordkirchen.de/halbmarathon/;0;high;13;entry_fee, registration_status, registration_deadline, start_time, cutoff, elevation, course_info, race_day_info, travel_info, weather_info, statistics, faq, sources;;false;2026-06-17;unclear
wyker-stadtlauf-wyk-auf-fohr-2026;Wyker Stadtlauf - Wyk auf Föhr;02.08.2026;Wyk auf Föhr;Germany;Running;5 km, 10 km;https://www.foehr.de/stadtlauf;0;medium;13;entry_fee, registration_status, registration_deadline, start_time, cutoff, elevation, course_info, race_day_info, travel_info, weather_info, statistics, faq, sources;;false;2026-06-17;unclear
tegelberglauf-schwangau-2026;Tegelberglauf - Schwangau;02.08.2026;Schwangau;Germany;Running;5 km;https://www2.tsv-schwangau.de/tegelberglauf/;0;medium;13;entry_fee, registration_status, registration_deadline, start_time, cutoff, elevation, course_info, race_day_info, travel_info, weather_info, statistics, faq, sources;;false;2026-06-17;unclear
barenkopplauf-waldbreitbach-2026;Bärenkopplauf - Waldbreitbach;07.08.2026;Waldbreitbach;Germany;Running;10 km;https://baerenkopplauf.de;0;medium;13;entry_fee, registration_status, registration_deadline, start_time, cutoff, elevation, course_info, race_day_info, travel_info, weather_info, statistics, faq, sources;;false;2026-06-17;unclear
stauseelauf-bad-worishofer-bad-worishofen-2026;Stauseelauf Bad Wörishofer - Bad Wörishofen;07.08.2026;Bad Wörishofen;Germany;Running;5 km, 10 km;https://www.tsv-bw.de/abteilungen/leichtathletik/stauseelauf/;0;medium;13;entry_fee, registration_status, registration_deadline, start_time, cutoff, elevation, course_info, race_day_info, travel_info, weather_info, statistics, faq, sources;;false;2026-06-17;unclear
fockbeker-dorflauf-2026;Fockbeker Dorflauf;07.08.2026;Fockbek;Germany;Running;5 km, 10 km;https://sv-fockbek.de/dorflauf/;0;medium;13;entry_fee, registration_status, registration_deadline, start_time, cutoff, elevation, course_info, race_day_info, travel_info, weather_info, statistics, faq, sources;;false;2026-06-17;unclear
schierker-sommerlauf-wernigerode-2026;Schierker Sommerlauf - Wernigerode;08.08.2026;Wernigerode;Germany;Running;16 km, 8 km;http://www.schierker-sommerlauf.de;0;medium;13;entry_fee, registration_status, registration_deadline, start_time, cutoff, elevation, course_info, race_day_info, travel_info, weather_info, statistics, faq, sources;;false;2026-06-17;unclear
nacht-der-zehner-hamburg-2026;Nacht der Zehner - Hamburg;08.08.2026;Hamburg;Germany;Running;10 km;https://www.nachtderzehner.de/;0;medium;13;entry_fee, registration_status, registration_deadline, start_time, cutoff, elevation, course_info, race_day_info, travel_info, weather_info, statistics, faq, sources;;false;2026-06-17;unclear
shoe-workers-hard-trail-run-hauenstein-2026;Shoe Workers Hard Trail-Run - Hauenstein;08.08.2026;Hauenstein;Germany;Running;5 km, 10 km;https://hauenstein.de/shoe-workers-trail-hauenstein/;0;medium;13;entry_fee, registration_status, registration_deadline, start_time, cutoff, elevation, course_info, race_day_info, travel_info, weather_info, statistics, faq, sources;;false;2026-06-17;unclear
licher-cross-triathlon-2026;Licher Cross-Triathlon;08.08.2026;Lich;Germany;Triathlon;Triathlon;https://www.maxx-timing.de/anmeldung;0;medium;13;entry_fee, registration_status, registration_deadline, start_time, cutoff, elevation, course_info, race_day_info, travel_info, weather_info, statistics, faq, sources;;false;2026-06-17;unclear
stefan-andres-freundschaftslauf-schweich-2026;Stefan Andres Freundschaftslauf - Schweich;09.08.2026;Schweich;Germany;Running;12 km, 18 km, 26 km;https://lauftreff-schweich.de/stefan-andres-freundschaftslauf/;0;medium;13;entry_fee, registration_status, registration_deadline, start_time, cutoff, elevation, course_info, race_day_info, travel_info, weather_info, statistics, faq, sources;;false;2026-06-17;unclear
the-last-light-backyard-ultra-frankfurt-oder-2026;The Last Light Backyard Ultra - Frankfurt (Oder);14.08.2026;Frankfurt (Oder);Germany;Ultramarathon;6.7 km, 25 km, 7 km;https://thelastlight.phexora.ai/;0;high;13;entry_fee, registration_status, registration_deadline, start_time, cutoff, elevation, course_info, race_day_info, travel_info, weather_info, statistics, faq, sources;;false;2026-06-17;unclear
josef-kaderhandt-waldlauf-menden-sauerland-2026;Josef-Kaderhandt Waldlauf - Menden (Sauerland);15.08.2026;Menden (Sauerland);Germany;Ultramarathon;Half Marathon, Marathon, 50 km;https://www.menden-waldlauf.de/;0;high;13;entry_fee, registration_status, registration_deadline, start_time, cutoff, elevation, course_info, race_day_info, travel_info, weather_info, statistics, faq, sources;;false;2026-06-17;unclear
gapa-everesting-festival-garmisch-partenkirchen-2026;GaPa Everesting-Festival - Garmisch-Partenkirchen;15.08.2026;Garmisch-Partenkirchen;Germany;Ultramarathon;59 km;https://www.everesting-festival.com/;0;high;13;entry_fee, registration_status, registration_deadline, start_time, cutoff, elevation, course_info, race_day_info, travel_info, weather_info, statistics, faq, sources;;false;2026-06-17;unclear
detmolder-residenzlauf-2026;Detmolder Residenzlauf;15.08.2026;Detmold;Germany;Running;5 km, 10 km;https://www.detmolder-residenzlauf.de;0;medium;13;entry_fee, registration_status, registration_deadline, start_time, cutoff, elevation, course_info, race_day_info, travel_info, weather_info, statistics, faq, sources;;false;2026-06-17;unclear
stadtlauf-in-gedern-2026;Stadtlauf in Gedern;15.08.2026;Gedern;Germany;Running;5 km, 10 km;https://www.oberhessencup.de/kopie-von-nidda;0;medium;13;entry_fee, registration_status, registration_deadline, start_time, cutoff, elevation, course_info, race_day_info, travel_info, weather_info, statistics, faq, sources;;false;2026-06-17;unclear
kelheimer-volksfestlauf-2026;Kelheimer Volksfestlauf;15.08.2026;Kelheim;Germany;Running;5 km, 10 km;https://www.runandbike.info/volksfestlauf.html;0;medium;13;entry_fee, registration_status, registration_deadline, start_time, cutoff, elevation, course_info, race_day_info, travel_info, weather_info, statistics, faq, sources;;false;2026-06-17;unclear
kerwelauf-huttenfeld-lampertheim-2026;Kerwelauf Hüttenfeld - Lampertheim;15.08.2026;Lampertheim;Germany;Running;10 km, Half Marathon;https://www.sg-huettenfeld.de/kerwelauf/;0;high;13;entry_fee, registration_status, registration_deadline, start_time, cutoff, elevation, course_info, race_day_info, travel_info, weather_info, statistics, faq, sources;;false;2026-06-17;unclear
hunsbuckeltrail-hubut-laubach-hunsruck-2026;Hunsbuckeltrail (HuBuT) - Laubach, Hunsrück;16.08.2026;Laubach;Germany;Running;47 km;https://hunsbuckel-trail.de/;0;medium;13;entry_fee, registration_status, registration_deadline, start_time, cutoff, elevation, course_info, race_day_info, travel_info, weather_info, statistics, faq, sources;;false;2026-06-17;unclear
sengbach-talsperrenlauf-leichlingen-rheinland-2026;Sengbach-Talsperrenlauf - Leichlingen (Rheinland);16.08.2026;Leichlingen (Rheinland);Germany;Running;10 km, Half Marathon, Marathon;https://sengbachlauf.de/;0;high;13;entry_fee, registration_status, registration_deadline, start_time, cutoff, elevation, course_info, race_day_info, travel_info, weather_info, statistics, faq, sources;;false;2026-06-17;unclear
wossner-halbmarathon-unterwossen-2026;Wössner Halbmarathon - Unterwössen;16.08.2026;Unterwössen;Germany;Running;Half Marathon;https://svunterwoessen.de/woessner-halbmarathon/;0;high;13;entry_fee, registration_status, registration_deadline, start_time, cutoff, elevation, course_info, race_day_info, travel_info, weather_info, statistics, faq, sources;;false;2026-06-17;unclear
wohler-lauf-rund-um-die-aabachtalsperre-bad-wunnenberg-2026;"Wöhler-Lauf ""Rund um die Aabachtalsperre"" - Bad Wünnenberg";16.08.2026;Bad Wünnenberg;Germany;Running;5 km, 10 km, Half Marathon;https://www.tus-bw.de/volkslauf/;0;high;13;entry_fee, registration_status, registration_deadline, start_time, cutoff, elevation, course_info, race_day_info, travel_info, weather_info, statistics, faq, sources;;false;2026-06-17;unclear
stadtwerke-halle-triathlon-halle-saale-2026;Stadtwerke Halle Triathlon - Halle (Saale);16.08.2026;Halle (Saale);Germany;Triathlon;Sprint Triathlon;https://triathlon-halle.de/halle-triathlon/;0;medium;13;entry_fee, registration_status, registration_deadline, start_time, cutoff, elevation, course_info, race_day_info, travel_info, weather_info, statistics, faq, sources;;false;2026-06-17;unclear
wohldenberger-waldlauf-holle-2026;Wohldenberger Waldlauf - Holle;16.08.2026;Holle;Germany;Running;10 km, Half Marathon;http://www.rw-wohldenberg.de/waldlauf/;0;high;13;entry_fee, registration_status, registration_deadline, start_time, cutoff, elevation, course_info, race_day_info, travel_info, weather_info, statistics, faq, sources;;false;2026-06-17;unclear
volkslauf-rund-um-zehnhausen-landau-in-der-pfalz-2026;Volkslauf rund um Zehnhausen - Landau in der Pfalz;21.08.2026;Landau in der Pfalz;Germany;Running;5 km, 10 km;https://www.ergebnisliste.de/wlc-laufveranstaltungen/volkslauf-zehnhausen;0;medium;13;entry_fee, registration_status, registration_deadline, start_time, cutoff, elevation, course_info, race_day_info, travel_info, weather_info, statistics, faq, sources;;false;2026-06-17;unclear
herxheimer-abendstrassenlauf-mit-pfalzmeisterschaften-10k-herxheim-bei-landau-pfalz-2026;Herxheimer Abendstraßenlauf mit Pfalzmeisterschaften 10k - Herxheim bei Landau (Pfalz);21.08.2026;Herxheim bei Landau (Pfalz);Germany;Running;5 km, 10 km;https://www.tv-herxheim.de/veranstaltungen/abendstrassenlauf/;0;medium;13;entry_fee, registration_status, registration_deadline, start_time, cutoff, elevation, course_info, race_day_info, travel_info, weather_info, statistics, faq, sources;;false;2026-06-17;unclear
ahnepark-lauf-der-laufgemeinschaft-vellmar-2026;Ahnepark-Lauf der Laufgemeinschaft Vellmar;21.08.2026;Vellmar;Germany;Running;5 km, 10 km;https://lauftreff-hofgeismar.de/termine/6-ahnepark-lauf-der-laufgemeinschaft-vellmar/;0;medium;13;entry_fee, registration_status, registration_deadline, start_time, cutoff, elevation, course_info, race_day_info, travel_info, weather_info, statistics, faq, sources;;false;2026-06-17;unclear
lemgoer-hanselauf-2026;Lemgoer Hanselauf;21.08.2026;Lemgo;Germany;Running;10 km;https://www.tv-lemgo.de/events/hanselauf/;0;medium;13;entry_fee, registration_status, registration_deadline, start_time, cutoff, elevation, course_info, race_day_info, travel_info, weather_info, statistics, faq, sources;;false;2026-06-17;unclear
exter-flexrun-vlotho-2026;Exter FlexRun - Vlotho;22.08.2026;Vlotho;Germany;Running;5 km, 10 km, Half Marathon, Marathon;http://www.exterflexrun.de/;0;high;13;entry_fee, registration_status, registration_deadline, start_time, cutoff, elevation, course_info, race_day_info, travel_info, weather_info, statistics, faq, sources;;false;2026-06-17;unclear
emder-vielfaltslauf-emden-2026;Emder Vielfaltslauf - Emden;22.08.2026;Emden;Germany;Running;5 km, 10 km;https://obw-emden.de/die-obw/middenmang-loop/;0;medium;13;entry_fee, registration_status, registration_deadline, start_time, cutoff, elevation, course_info, race_day_info, travel_info, weather_info, statistics, faq, sources;;false;2026-06-17;unclear
stadtwerkelauf-delitzsch-2026;Stadtwerkelauf Delitzsch;22.08.2026;Delitzsch;Germany;Running;10 km;https://stadtwerkelauf-delitzsch.de/;0;medium;13;entry_fee, registration_status, registration_deadline, start_time, cutoff, elevation, course_info, race_day_info, travel_info, weather_info, statistics, faq, sources;;false;2026-06-17;unclear
seven-summits-siegen-2026;Seven Summits Siegen;22.08.2026;Siegen;Germany;Ultramarathon;50 km;https://www.seven-summits-siegen.de/;0;high;13;entry_fee, registration_status, registration_deadline, start_time, cutoff, elevation, course_info, race_day_info, travel_info, weather_info, statistics, faq, sources;;false;2026-06-17;unclear
jedermanntriathlon-neustrelitz-2026;Jedermanntriathlon - Neustrelitz;22.08.2026;Neustrelitz;Germany;Triathlon;Sprint Triathlon;https://jedermann-triathlon.de/;0;medium;13;entry_fee, registration_status, registration_deadline, start_time, cutoff, elevation, course_info, race_day_info, travel_info, weather_info, statistics, faq, sources;;false;2026-06-17;unclear
gebirgsmarathon-immenstadt-immenstadt-im-allgau-2026;Gebirgsmarathon Immenstadt - Immenstadt im Allgäu;22.08.2026;Immenstadt im Allgäu;Germany;Running;Marathon;https://www.gebirgsmarathon.com/;0;high;13;entry_fee, registration_status, registration_deadline, start_time, cutoff, elevation, course_info, race_day_info, travel_info, weather_info, statistics, faq, sources;;false;2026-06-17;unclear
michelsmarktlauf-reichelsheim-odenwald-2026;Michelsmarktlauf - Reichelsheim (Odenwald);22.08.2026;Reichelsheim (Odenwald);Germany;Running;10 km;https://www.ksv-reichelsheim.de/abteilungen/leichtathletik/michelsmarktlauf/;0;medium;13;entry_fee, registration_status, registration_deadline, start_time, cutoff, elevation, course_info, race_day_info, travel_info, weather_info, statistics, faq, sources;;false;2026-06-17;unclear
muldental-triathlon-grimma-2026;Muldental-Triathlon - Grimma;23.08.2026;Grimma;Germany;Triathlon;Olympic Triathlon;https://muldental-triathlon.de/;0;medium;13;entry_fee, registration_status, registration_deadline, start_time, cutoff, elevation, course_info, race_day_info, travel_info, weather_info, statistics, faq, sources;;false;2026-06-17;unclear
hachede-triathlon-geesthacht-2026;Hachede-Triathlon - Geesthacht;23.08.2026;Geesthacht;Germany;Triathlon;Olympic Triathlon;https://hachede-triathlon.de/;0;medium;13;entry_fee, registration_status, registration_deadline, start_time, cutoff, elevation, course_info, race_day_info, travel_info, weather_info, statistics, faq, sources;;false;2026-06-17;unclear
rag-hartfussler-trail-saarbrucken-2026;Rag Hartfüssler Trail - Saarbrücken;23.08.2026;Saarbrücken;Germany;Ultramarathon;Marathon, 58 km;https://www.hartfuesslertrail.de/;0;high;13;entry_fee, registration_status, registration_deadline, start_time, cutoff, elevation, course_info, race_day_info, travel_info, weather_info, statistics, faq, sources;;false;2026-06-17;unclear
berliner-strassenlauf-die-generalprobe-2026;Berliner Straßenlauf - Die Generalprobe;23.08.2026;Berlin;Germany;Running;10 km, Half Marathon, Marathon;https://www.berliner-generalprobe.de/;0;high;13;entry_fee, registration_status, registration_deadline, start_time, cutoff, elevation, course_info, race_day_info, travel_info, weather_info, statistics, faq, sources;;false;2026-06-17;unclear
breisgau-triathlon-malterdingen-2026;Breisgau Triathlon - Malterdingen;23.08.2026;Malterdingen;Germany;Triathlon;Triathlon;https://www.breisgau-triathlon.de/;0;medium;13;entry_fee, registration_status, registration_deadline, start_time, cutoff, elevation, course_info, race_day_info, travel_info, weather_info, statistics, faq, sources;;false;2026-06-17;unclear
breitunger-plesslauf-breitungen-werra-2026;Breitunger Pleßlauf - Breitungen/Werra;23.08.2026;Breitungen/Werra;Germany;Running;30 km;https://www.plesslauf.de/;0;medium;13;entry_fee, registration_status, registration_deadline, start_time, cutoff, elevation, course_info, race_day_info, travel_info, weather_info, statistics, faq, sources;;false;2026-06-17;unclear
viernheimer-triathlon-2026;Viernheimer Triathlon;23.08.2026;Viernheim;Germany;Triathlon;Olympic Triathlon;https://triathlonviernheim.de/viernheimer-triathlon/infos/ausschreibungen/;0;medium;13;entry_fee, registration_status, registration_deadline, start_time, cutoff, elevation, course_info, race_day_info, travel_info, weather_info, statistics, faq, sources;;false;2026-06-17;unclear
burostadtlauf-frankfurt-frankfurt-am-main-2026;Bürostadtlauf Frankfurt - Frankfurt am Main;27.08.2026;Frankfurt am Main;Germany;Ultramarathon;5 km, 10 km, 50 km;https://buerostadtlauf.de/;0;high;13;entry_fee, registration_status, registration_deadline, start_time, cutoff, elevation, course_info, race_day_info, travel_info, weather_info, statistics, faq, sources;;false;2026-06-17;unclear
ibbenburener-aaseelauf-2026;Ibbenbürener Aaseelauf;28.08.2026;Ibbenbüren;Germany;Running;5 km, 10 km, Marathon;https://www.marathon-ibbenbueren.de/aaseelauf;0;high;13;entry_fee, registration_status, registration_deadline, start_time, cutoff, elevation, course_info, race_day_info, travel_info, weather_info, statistics, faq, sources;;false;2026-06-17;unclear
sommerabendlauf-des-tus-koln-2026;Sommerabendlauf des TuS Köln;28.08.2026;Köln;Germany;Running;5 km, 10 km;https://www.tuskoeln.de/sommerabendlauf;0;medium;13;entry_fee, registration_status, registration_deadline, start_time, cutoff, elevation, course_info, race_day_info, travel_info, weather_info, statistics, faq, sources;;false;2026-06-17;unclear
strassenlauf-rund-um-den-holtenauer-leuchtturm-kiel-2026;"Straßenlauf ""Rund um den Holtenauer Leuchtturm"" - Kiel";28.08.2026;Kiel;Germany;Running;5 km, 10 km;https://www.davengo.com/event/overview/31-strassenlauf-rund-um-den-holtenauer-leuchtturm-2026;0;medium;13;entry_fee, registration_status, registration_deadline, start_time, cutoff, elevation, course_info, race_day_info, travel_info, weather_info, statistics, faq, sources;;false;2026-06-17;unclear
panoramalauf-rund-um-die-burg-are-altenahr-2026;Panoramalauf Rund Um Die Burg Are - Altenahr;29.08.2026;Altenahr;Germany;Ultramarathon;57 km;https://www.selbstlaeufer-altenahr.de/panoramalauf-ausschreibung.html;0;high;13;entry_fee, registration_status, registration_deadline, start_time, cutoff, elevation, course_info, race_day_info, travel_info, weather_info, statistics, faq, sources;;false;2026-06-17;unclear
rww-ruhrauenlauf-mulheim-an-der-ruhr-2026;RWW-Ruhrauenlauf - Mülheim an der Ruhr;29.08.2026;Mülheim an der Ruhr;Germany;Running;5 km, 10 km;https://www.rww.de/news/ruhrauenlauf;0;medium;13;entry_fee, registration_status, registration_deadline, start_time, cutoff, elevation, course_info, race_day_info, travel_info, weather_info, statistics, faq, sources;;false;2026-06-17;unclear
beuchaer-triathlon-day-brandis-2026;Beuchaer Triathlon Day - Brandis;29.08.2026;Brandis;Germany;Triathlon;Triathlon;https://www.beuchaer-triathlon.de/;0;medium;13;entry_fee, registration_status, registration_deadline, start_time, cutoff, elevation, course_info, race_day_info, travel_info, weather_info, statistics, faq, sources;;false;2026-06-17;unclear
lebacher-12-stunden-lionslauf-2026;Lebacher 12 Stunden Lionslauf;29.08.2026;Lebach;Germany;Ultramarathon;Marathon, 150 km;https://www.ltf-theeltal.de/veranstaltungen/lionslauf/;0;high;13;entry_fee, registration_status, registration_deadline, start_time, cutoff, elevation, course_info, race_day_info, travel_info, weather_info, statistics, faq, sources;;false;2026-06-17;unclear
limlauf-kirkel-2026;Limlauf Kirkel;29.08.2026;Kirkel;Germany;Running;5 km, 10 km, Half Marathon;https://tv-limbach.de/limlauf;0;high;13;entry_fee, registration_status, registration_deadline, start_time, cutoff, elevation, course_info, race_day_info, travel_info, weather_info, statistics, faq, sources;;false;2026-06-18;unclear
altenhainer-weissbiermeile-frankenberg-sa-2026;Altenhainer Weißbiermeile - Frankenberg/Sa.;29.08.2026;Frankenberg/Sa.;Germany;Running;10 km;https://weissbierfreun.de/weissbiermeile-zwergenmeile/;0;medium;13;entry_fee, registration_status, registration_deadline, start_time, cutoff, elevation, course_info, race_day_info, travel_info, weather_info, statistics, faq, sources;;false;2026-06-18;unclear
sprint-triathlon-in-ingelheim-ingelheim-am-rhein-2026;Sprint Triathlon in Ingelheim - Ingelheim am Rhein;30.08.2026;Ingelheim am Rhein;Germany;Triathlon;Sprint Triathlon;https://www.derkleinekarl.de/;0;medium;13;entry_fee, registration_status, registration_deadline, start_time, cutoff, elevation, course_info, race_day_info, travel_info, weather_info, statistics, faq, sources;;false;2026-06-18;unclear
kallinchen-triathlon-zossen-2026;Kallinchen Triathlon - Zossen;30.08.2026;Zossen;Germany;Triathlon;Olympic Triathlon;https://kallinchentriathlon.de/Wettkampf/Ausschreibung/;0;medium;13;entry_fee, registration_status, registration_deadline, start_time, cutoff, elevation, course_info, race_day_info, travel_info, weather_info, statistics, faq, sources;;false;2026-06-18;unclear
otterndorf-triathlon-2026;Otterndorf Triathlon;30.08.2026;Otterndorf;Germany;Triathlon;Olympic Triathlon;https://otterndorf-triathlon.de/;0;medium;13;entry_fee, registration_status, registration_deadline, start_time, cutoff, elevation, course_info, race_day_info, travel_info, weather_info, statistics, faq, sources;;false;2026-06-18;unclear
covestro-triathlon-krefeld-2026;Covestro Triathlon - Krefeld;30.08.2026;Krefeld;Germany;Triathlon;Olympic Triathlon;https://www.krefeld05.de/de/eventlocation/events/covestro-triathlon/;0;medium;13;entry_fee, registration_status, registration_deadline, start_time, cutoff, elevation, course_info, race_day_info, travel_info, weather_info, statistics, faq, sources;;false;2026-06-18;unclear
sechtemer-burgenlauf-bornheim-2026;Sechtemer Burgenlauf - Bornheim;30.08.2026;Bornheim;Germany;Running;5 km, 10 km;http://graue-burggeister.de/Sechtemer-Burgenlauf;0;medium;13;entry_fee, registration_status, registration_deadline, start_time, cutoff, elevation, course_info, race_day_info, travel_info, weather_info, statistics, faq, sources;;false;2026-06-18;unclear
elbe-triathlon-hamburg-2026;Elbe-Triathlon Hamburg;30.08.2026;Hamburg;Germany;Triathlon;Triathlon;https://www.elbetriathlon.de/;0;medium;13;entry_fee, registration_status, registration_deadline, start_time, cutoff, elevation, course_info, race_day_info, travel_info, weather_info, statistics, faq, sources;;false;2026-06-18;unclear
brombachseetriathlon-pleinfeld-2026;Brombachseetriathlon - Pleinfeld;30.08.2026;Pleinfeld;Germany;Triathlon;Triathlon;https://brombachseetriathlon.com/;0;medium;13;entry_fee, registration_status, registration_deadline, start_time, cutoff, elevation, course_info, race_day_info, travel_info, weather_info, statistics, faq, sources;;false;2026-06-18;unclear
windmuhlenberglauf-wolfsburg-2026;Windmühlenberglauf - Wolfsburg;30.08.2026;Wolfsburg;Germany;Running;Marathon / Half Marathon / 10 km;https://www.vfb-fallersleben.de/abteilungen/leichtathletik/veranstaltungen/windmuehlenberglauf/;0;high;13;entry_fee, registration_status, registration_deadline, start_time, cutoff, elevation, course_info, race_day_info, travel_info, weather_info, statistics, faq, sources;;false;2026-06-18;unclear
gochness-triathlon-2026;GochNESS-TRIathlon;30.08.2026;Goch;Germany;Triathlon;Triathlon;https://www.nesstri.de/;0;medium;13;entry_fee, registration_status, registration_deadline, start_time, cutoff, elevation, course_info, race_day_info, travel_info, weather_info, statistics, faq, sources;;false;2026-06-18;unclear
freiburger-laufveranstaltung-freiburg-elbe-2026;Freiburger Laufveranstaltung - Freiburg (Elbe);30.08.2026;Freiburg (Elbe);Germany;Running;5 km, 10 km, Half Marathon;https://www.mtv-freiburg.de/newpage;0;high;13;entry_fee, registration_status, registration_deadline, start_time, cutoff, elevation, course_info, race_day_info, travel_info, weather_info, statistics, faq, sources;;false;2026-06-18;unclear
riesenbecker-triathlon-horstel-2026;Riesenbecker Triathlon - Hörstel;30.08.2026;Hörstel;Germany;Triathlon;Olympic Triathlon;https://www.riesenbecker-triathlon.de/riesenbecker-polyvlies-triathlon/;0;medium;13;entry_fee, registration_status, registration_deadline, start_time, cutoff, elevation, course_info, race_day_info, travel_info, weather_info, statistics, faq, sources;;false;2026-06-18;unclear
cross-fun-run-natur-freizeitlauf-fur-alle-ahrensburg-2026;Cross Fun Run Natur-Freizeitlauf für Alle - Ahrensburg;30.08.2026;Ahrensburg;Germany;Running;5 km;https://www.wearecyclocross.com/crossfunrun-30.08.2026/;0;medium;13;entry_fee, registration_status, registration_deadline, start_time, cutoff, elevation, course_info, race_day_info, travel_info, weather_info, statistics, faq, sources;;false;2026-06-18;unclear
okorun-in-wachtersbach-2026;Ökorun in Wächtersbach;30.08.2026;Wächtersbach;Germany;Running;5 km, 10 km;https://oeko-run.de/;0;medium;13;entry_fee, registration_status, registration_deadline, start_time, cutoff, elevation, course_info, race_day_info, travel_info, weather_info, statistics, faq, sources;;false;2026-06-18;unclear
gerhard-hamann-gedenklauf-crosslauf-krostitz-2026;Gerhard-Hamann-Gedenklauf-Crosslauf - Krostitz;30.08.2026;Krostitz;Germany;Running;5 km;https://lac-krostitz.de/gerhard-hamann-gedenklauf-crosslauf/;0;medium;13;entry_fee, registration_status, registration_deadline, start_time, cutoff, elevation, course_info, race_day_info, travel_info, weather_info, statistics, faq, sources;;false;2026-06-18;unclear
team-magenta-lauf-munster-2026;"Team Magenta Lauf ""Münster""";03.09.2026;Münster;Germany;Running;10 km;https://afterjobrun.de/Muenster-03-09-26/Ausschreibung;0;medium;13;entry_fee, registration_status, registration_deadline, start_time, cutoff, elevation, course_info, race_day_info, travel_info, weather_info, statistics, faq, sources;;false;2026-06-18;unclear
weikersheimer-karwelauf-2026;Weikersheimer Kärwelauf;04.09.2026;Weikersheim;Germany;Running;5 km, 10 km;https://www.xn--weikersheimer-krwelauf-f5b.de/;0;medium;13;entry_fee, registration_status, registration_deadline, start_time, cutoff, elevation, course_info, race_day_info, travel_info, weather_info, statistics, faq, sources;;false;2026-06-18;unclear
hoinger-heidelauf-ense-2026;Höinger Heidelauf - Ense;04.09.2026;Ense;Germany;Running;5 km, 10 km, Half Marathon;https://www.hoeinger-sv.de/heidelauf/;0;high;13;entry_fee, registration_status, registration_deadline, start_time, cutoff, elevation, course_info, race_day_info, travel_info, weather_info, statistics, faq, sources;;false;2026-06-18;unclear
weidatalcross-weissendorf-2026;Weidatalcross - Weißendorf;05.09.2026;Weißendorf;Germany;Running;10 km;https://weidatalcross.jimdofree.com/;0;medium;13;entry_fee, registration_status, registration_deadline, start_time, cutoff, elevation, course_info, race_day_info, travel_info, weather_info, statistics, faq, sources;;false;2026-06-18;unclear
wildman-harz-wildemann-2026;WILDMAN Harz - Wildemann;05.09.2026;Wildemann;Germany;Ultramarathon;Half Marathon, 55 km;https://wildman-harz.de/;0;high;13;entry_fee, registration_status, registration_deadline, start_time, cutoff, elevation, course_info, race_day_info, travel_info, weather_info, statistics, faq, sources;;false;2026-06-18;unclear
kurstadtlauf-heilbad-heiligenstadt-2026;Kurstadtlauf - Heilbad Heiligenstadt;05.09.2026;Heilbad Heiligenstadt;Germany;Running;5 km, 10 km;https://vrbankmitte-kurstadtlauf.de/;0;medium;13;entry_fee, registration_status, registration_deadline, start_time, cutoff, elevation, course_info, race_day_info, travel_info, weather_info, statistics, faq, sources;;false;2026-06-18;unclear
sparkassenlauf-aurich-2026;Sparkassenlauf Aurich;05.09.2026;Aurich;Germany;Running;5 km, 10 km;https://www.citylauf-aurich.de/;0;medium;13;entry_fee, registration_status, registration_deadline, start_time, cutoff, elevation, course_info, race_day_info, travel_info, weather_info, statistics, faq, sources;;false;2026-06-18;unclear
brockenlauf-ilsenburg-ilsenburg-harz-2026;Brockenlauf Ilsenburg - Ilsenburg (Harz);05.09.2026;Ilsenburg (Harz);Germany;Running;10 km;https://brockenlauf.de/brockenlauf;0;medium;13;entry_fee, registration_status, registration_deadline, start_time, cutoff, elevation, course_info, race_day_info, travel_info, weather_info, statistics, faq, sources;;false;2026-06-18;unclear
cottbuser-triathlon-2026;Cottbuser Triathlon;05.09.2026;Cottbus;Germany;Triathlon;Triathlon;https://baer-service.de/veranstaltung/CTR/;0;medium;13;entry_fee, registration_status, registration_deadline, start_time, cutoff, elevation, course_info, race_day_info, travel_info, weather_info, statistics, faq, sources;;false;2026-06-18;unclear
herbstwaldlauf-des-ski-club-fretter-finnentrop-2026;Herbstwaldlauf des Ski-Club Fretter - Finnentrop;05.09.2026;Finnentrop;Germany;Running;10 km, Half Marathon;https://www.lac-veltins-hochsauerland.de/de/veranstaltungen/termine/62-Herbstwaldlauf.php?splitId=3&from=2026-09-05 14:30:00&to=2026-09-05 16:00:00;0;high;13;entry_fee, registration_status, registration_deadline, start_time, cutoff, elevation, course_info, race_day_info, travel_info, weather_info, statistics, faq, sources;;false;2026-06-18;unclear
zehn-freunde-team-triathlon-darmstadt-2026;Zehn Freunde Team Triathlon Darmstadt;06.09.2026;Darmstadt;Germany;Triathlon;Triathlon;https://zehnfreunde-triathlon.de/triathlon-darmstadt;0;medium;13;entry_fee, registration_status, registration_deadline, start_time, cutoff, elevation, course_info, race_day_info, travel_info, weather_info, statistics, faq, sources;;false;2026-06-18;unclear
rostocker-frauenlauf-2026;Rostocker Frauenlauf;06.09.2026;Rostock;Germany;Running;5 km, 10 km;https://rostocker-frauenlauf.de/;0;medium;13;entry_fee, registration_status, registration_deadline, start_time, cutoff, elevation, course_info, race_day_info, travel_info, weather_info, statistics, faq, sources;;false;2026-06-18;unclear
top-race-germany-bostalsee-2026;Top Race Germany - Bostalsee;06.09.2026;Bostalsee;Germany;Triathlon;Olympic Triathlon;https://www.topracegermany.de;0;medium;13;entry_fee, registration_status, registration_deadline, start_time, cutoff, elevation, course_info, race_day_info, travel_info, weather_info, statistics, faq, sources;;false;2026-06-18;unclear
hochheimer-weinbergslauf-hochheim-am-main-2026;Hochheimer Weinbergslauf - Hochheim am Main;06.09.2026;Hochheim am Main;Germany;Running;Half Marathon;https://www.weinbergslauf-hochheim.de/;0;high;13;entry_fee, registration_status, registration_deadline, start_time, cutoff, elevation, course_info, race_day_info, travel_info, weather_info, statistics, faq, sources;;false;2026-06-18;unclear
ko-meile-dusseldorf-2026;Kö Meile Düsseldorf;06.09.2026;Düsseldorf;Germany;Running;5 km;https://www.diekoemeile.de/;0;medium;13;entry_fee, registration_status, registration_deadline, start_time, cutoff, elevation, course_info, race_day_info, travel_info, weather_info, statistics, faq, sources;;false;2026-06-18;unclear
eintracht-mainsprint-triathlon-neu-isenburg-2026;Eintracht MainSprint Triathlon - Neu-Isenburg;06.09.2026;Neu-Isenburg;Germany;Triathlon;Sprint Triathlon;https://triathlon.eintracht.de/wettkaempfe/eintracht-mainsprint-triathlon/;0;medium;13;entry_fee, registration_status, registration_deadline, start_time, cutoff, elevation, course_info, race_day_info, travel_info, weather_info, statistics, faq, sources;;false;2026-06-18;unclear
bismarckturmlauf-herford-2026;Bismarckturmlauf - Herford;06.09.2026;Herford;Germany;Running;5 km, 10 km;https://tgherford.de/tgh/turmlauf/;0;medium;13;entry_fee, registration_status, registration_deadline, start_time, cutoff, elevation, course_info, race_day_info, travel_info, weather_info, statistics, faq, sources;;false;2026-06-18;unclear
bsv-sommer-cup-hamburg-2026;BSV Sommer-Cup - Hamburg;09.09.2026;Hamburg;Germany;Running;10 km;https://athleticon.bsvhh.de/public/;0;medium;13;entry_fee, registration_status, registration_deadline, start_time, cutoff, elevation, course_info, race_day_info, travel_info, weather_info, statistics, faq, sources;;false;2026-06-18;unclear
kolner-gastrunomie-lauf-2026;Kölner gastRUNomie Lauf;10.09.2026;Köln;Germany;Running;10 km;https://time-and-voice.com/de/running/gastrunomie-2026;0;medium;13;entry_fee, registration_status, registration_deadline, start_time, cutoff, elevation, course_info, race_day_info, travel_info, weather_info, statistics, faq, sources;;false;2026-06-18;unclear
10-teiche-marathon-goslar-2026;10-Teiche-Marathon - Goslar;12.09.2026;Goslar;Germany;Running;5 km, 10 km, Half Marathon, Marathon;https://www.hahnenklee.de/spass/harzerwanderwochen;0;high;13;entry_fee, registration_status, registration_deadline, start_time, cutoff, elevation, course_info, race_day_info, travel_info, weather_info, statistics, faq, sources;;false;2026-06-18;unclear
weitersburg-halbmarathon-2026;Weitersburg Halbmarathon;12.09.2026;Weitersburg;Germany;Running;5 km, 10 km, Half Marathon;https://www.lauftreff-svweitersburg.de/info.html;0;high;13;entry_fee, registration_status, registration_deadline, start_time, cutoff, elevation, course_info, race_day_info, travel_info, weather_info, statistics, faq, sources;;false;2026-06-18;unclear
rudelsburglauf-bad-kosen-naumburg-saale-2026;Rudelsburglauf - Bad Kösen - Naumburg (Saale);12.09.2026;Naumburg (Saale);Germany;Running;10 km;https://www.lg-rudelsburg.de/?page_id=60;0;medium;13;entry_fee, registration_status, registration_deadline, start_time, cutoff, elevation, course_info, race_day_info, travel_info, weather_info, statistics, faq, sources;;false;2026-06-18;unclear
deutsche-ultramarathon-meisterschaften-100km-orankesee-2026;Deutsche Ultramarathon Meisterschaften 100km - Orankesee;12.09.2026;Orankesee;Germany;Ultramarathon;5 km, 10 km, Marathon, 100 km;https://www.lgnord.de/100km2026/informationen-zur-dm;0;high;13;entry_fee, registration_status, registration_deadline, start_time, cutoff, elevation, course_info, race_day_info, travel_info, weather_info, statistics, faq, sources;;false;2026-06-18;unclear
klosterlauf-wiedenbruck-rheda-wiedenbruck-2026;Klosterlauf Wiedenbrück - Rheda-Wiedenbrück;12.09.2026;Rheda-Wiedenbrück;Germany;Running;5 km, 10 km;https://kloster-wiedenbrueck.de/;0;medium;13;entry_fee, registration_status, registration_deadline, start_time, cutoff, elevation, course_info, race_day_info, travel_info, weather_info, statistics, faq, sources;;false;2026-06-18;unclear
zooparklauf-erfurt-2026;Zooparklauf Erfurt;12.09.2026;Erfurt;Germany;Running;10 km;https://www.zooparklauf.de/;0;medium;13;entry_fee, registration_status, registration_deadline, start_time, cutoff, elevation, course_info, race_day_info, travel_info, weather_info, statistics, faq, sources;;false;2026-06-18;unclear
drk-hospizlauf-neustrelitz-2026;DRK-Hospizlauf - Neustrelitz;12.09.2026;Neustrelitz;Germany;Ultramarathon;Half Marathon, Marathon, 50.5 km, 51 km;https://www.drk-msp.de/sportlichesengagement/drk-hospizlauf.html;0;high;13;entry_fee, registration_status, registration_deadline, start_time, cutoff, elevation, course_info, race_day_info, travel_info, weather_info, statistics, faq, sources;;false;2026-06-18;unclear
nordhorner-meile-2026;Nordhorner Meile;12.09.2026;Nordhorn;Germany;Running;5 km, 10 km;https://nordhorner-meile.de/;0;medium;13;entry_fee, registration_status, registration_deadline, start_time, cutoff, elevation, course_info, race_day_info, travel_info, weather_info, statistics, faq, sources;;false;2026-06-18;unclear
sportmeilen-run-rosstal-2026;Sportmeilen Run Rosstal;12.09.2026;Roßtal;Germany;Running;10 km;https://tsv-rosstal.de/blog/2026/05/13/sportmeilen-run/;0;medium;13;entry_fee, registration_status, registration_deadline, start_time, cutoff, elevation, course_info, race_day_info, travel_info, weather_info, statistics, faq, sources;;false;2026-06-18;unclear
zeuthener-jedermannslauf-eichwalde-2026;Zeuthener Jedermannslauf - Eichwalde;13.09.2026;Eichwalde;Germany;Running;5 km, 10 km;https://asv-zeuthen.de/jedermannslauf/;0;medium;13;entry_fee, registration_status, registration_deadline, start_time, cutoff, elevation, course_info, race_day_info, travel_info, weather_info, statistics, faq, sources;;false;2026-06-18;unclear
brooks-ruhr-trail-run-hagen-2026;Brooks Ruhr Trail Run - Hagen;13.09.2026;Hagen;Germany;Running;10 km;https://brooks-ruhr-trail-run.de/;0;medium;13;entry_fee, registration_status, registration_deadline, start_time, cutoff, elevation, course_info, race_day_info, travel_info, weather_info, statistics, faq, sources;;false;2026-06-18;unclear
zwickau-triathlon-2026;Zwickau Triathlon;13.09.2026;Zwickau;Germany;Triathlon;Middle Distance Triathlon;https://zwickau-triathlon.de/;0;medium;13;entry_fee, registration_status, registration_deadline, start_time, cutoff, elevation, course_info, race_day_info, travel_info, weather_info, statistics, faq, sources;;false;2026-06-18;unclear
bruckenlauf-halbmarathon-des-asv-koln-2026;Brückenlauf Halbmarathon des ASV Köln;13.09.2026;Köln;Germany;Running;10 km, Half Marathon;https://www.asv-koeln.de/events/bruckenlauf;0;high;13;entry_fee, registration_status, registration_deadline, start_time, cutoff, elevation, course_info, race_day_info, travel_info, weather_info, statistics, faq, sources;;false;2026-06-18;unclear
weplauf-huckelhoven-2026;Weplauf Hückelhoven;13.09.2026;Hückelhoven;Germany;Running;5 km, 10 km, Half Marathon, Marathon;https://www.wep-lauf.de/;0;high;13;entry_fee, registration_status, registration_deadline, start_time, cutoff, elevation, course_info, race_day_info, travel_info, weather_info, statistics, faq, sources;;false;2026-06-18;unclear
algemarin-sv3sathlon-muhltal-2026;Algemarin SV3sathlon - Mühltal;13.09.2026;Mühltal;Germany;Triathlon;Triathlon;https://sv3sathlon.de/;0;medium;13;entry_fee, registration_status, registration_deadline, start_time, cutoff, elevation, course_info, race_day_info, travel_info, weather_info, statistics, faq, sources;;false;2026-06-18;unclear
laufend-glauben-laufwallfahrt-werl-2026;Laufend Glauben Laufwallfahrt - Werl;13.09.2026;Werl;Germany;Running;5 km;https://djk-werl.de/kalender/erste-laufwallfahrt-in-nrw/;0;medium;13;entry_fee, registration_status, registration_deadline, start_time, cutoff, elevation, course_info, race_day_info, travel_info, weather_info, statistics, faq, sources;;false;2026-06-18;unclear
kreuzberger-viertelmarathon-berlin-2026;Kreuzberger Viertelmarathon - Berlin;13.09.2026;Berlin;Germany;Running;5 km, 10 km, Marathon;https://tib1848ev.de/verein/events/40-kreuzberger-viertelmarathon/;0;high;13;entry_fee, registration_status, registration_deadline, start_time, cutoff, elevation, course_info, race_day_info, travel_info, weather_info, statistics, faq, sources;;false;2026-06-18;unclear
bitburger-stadtlauf-2026;Bitburger Stadtlauf;13.09.2026;Bitburg;Germany;Running;5 km, 10 km;http://www.stadtlauf-bitburg.de/;0;medium;13;entry_fee, registration_status, registration_deadline, start_time, cutoff, elevation, course_info, race_day_info, travel_info, weather_info, statistics, faq, sources;;false;2026-06-18;unclear
city-move-bielefeld-2026;City Move Bielefeld;13.09.2026;Bielefeld;Germany;Running;10 km;https://www.bielefeld.jetzt/citymove;0;medium;13;entry_fee, registration_status, registration_deadline, start_time, cutoff, elevation, course_info, race_day_info, travel_info, weather_info, statistics, faq, sources;;false;2026-06-18;unclear
werner-bunger-gedenklauf-havelland-2026;Werner-Bünger-Gedenklauf - Havelland;13.09.2026;Havelland;Germany;Running;5 km;https://www.rathenow.de/kultur-tourismus/veranstaltungskalender/alle-events-im-ueberblick/veranstaltung/detail/werner-buenger-gedenklauf/;0;medium;13;entry_fee, registration_status, registration_deadline, start_time, cutoff, elevation, course_info, race_day_info, travel_info, weather_info, statistics, faq, sources;;false;2026-06-18;unclear
womens-run-siegen-2026;Womens-Run-Siegen;13.09.2026;Siegen;Germany;Running;10 km;https://www.siegener-womensrun.de/;0;medium;13;entry_fee, registration_status, registration_deadline, start_time, cutoff, elevation, course_info, race_day_info, travel_info, weather_info, statistics, faq, sources;;false;2026-06-18;unclear
herbstkammlauf-klingenthal-2026;Herbstkammlauf - Klingenthal;13.09.2026;Klingenthal;Germany;Running;5 km, 10 km;https://vsc-klingenthal.de/veranstaltungen/36-herbstkammlauf-2-copy/;0;medium;13;entry_fee, registration_status, registration_deadline, start_time, cutoff, elevation, course_info, race_day_info, travel_info, weather_info, statistics, faq, sources;;false;2026-06-18;unclear
forderturmlauf-essen-2026;Förderturmlauf - Essen;17.09.2026;Essen;Germany;Running;5 km;https://foerderturmlauf.de/;0;medium;13;entry_fee, registration_status, registration_deadline, start_time, cutoff, elevation, course_info, race_day_info, travel_info, weather_info, statistics, faq, sources;;false;2026-06-18;unclear
delbrucker-katharinenlauf-2026;Delbrücker Katharinenlauf;18.09.2026;Delbrück;Germany;Running;5 km, 10 km;https://www.rw-bentfeld.de/katharinenlauf/;0;medium;13;entry_fee, registration_status, registration_deadline, start_time, cutoff, elevation, course_info, race_day_info, travel_info, weather_info, statistics, faq, sources;;false;2026-06-18;unclear
ladage-lauf-wennigsen-deister-2026;Ladage Lauf - Wennigsen (Deister);19.09.2026;Wennigsen (Deister);Germany;Running;5 km, 10 km;https://lauf.edeka-ladage.de;0;medium;13;entry_fee, registration_status, registration_deadline, start_time, cutoff, elevation, course_info, race_day_info, travel_info, weather_info, statistics, faq, sources;;false;2026-06-18;unclear
hochhausmarathon-koln-2026;Hochhausmarathon Köln;19.09.2026;Köln;Germany;Running;Marathon;https://hochhausmarathon-koeln.de/;0;high;13;entry_fee, registration_status, registration_deadline, start_time, cutoff, elevation, course_info, race_day_info, travel_info, weather_info, statistics, faq, sources;;false;2026-06-18;unclear
center-run-posna-park-grossposna-2026;Center Run - Pösna Park - Großpösna;19.09.2026;Großpösna;Germany;Running;5 km, 10 km;https://center-run.de/;0;medium;13;entry_fee, registration_status, registration_deadline, start_time, cutoff, elevation, course_info, race_day_info, travel_info, weather_info, statistics, faq, sources;;false;2026-06-18;unclear
muhlenlauf-in-laar-2026;Mühlenlauf in Laar;19.09.2026;Laar;Germany;Running;5 km, 10 km;https://sv-grenzland.de/muehlenlauf;0;medium;13;entry_fee, registration_status, registration_deadline, start_time, cutoff, elevation, course_info, race_day_info, travel_info, weather_info, statistics, faq, sources;;false;2026-06-18;unclear
arberland-ultra-trail-bodenmais-2026;Arberland Ultra Trail - Bodenmais;19.09.2026;Bodenmais;Germany;Ultramarathon;Half Marathon, Marathon, 102 km, 66 km, 47 km;https://www.woidlaeufer.de/;0;high;13;entry_fee, registration_status, registration_deadline, start_time, cutoff, elevation, course_info, race_day_info, travel_info, weather_info, statistics, faq, sources;;false;2026-06-18;unclear
messelauf-lauda-konigshofen-2026;Messelauf Lauda-Königshofen;19.09.2026;Lauda-Königshofen;Germany;Running;5 km, 10 km;https://www.messelauf.de/;0;medium;13;entry_fee, registration_status, registration_deadline, start_time, cutoff, elevation, course_info, race_day_info, travel_info, weather_info, statistics, faq, sources;;false;2026-06-18;unclear
stadtparklauf-sondershausen-2026;Stadtparklauf Sondershausen;19.09.2026;Sondershausen;Germany;Running;5 km, 10 km;https://www.glueckauf-sondershausen.de/stadtparklauf;0;medium;13;entry_fee, registration_status, registration_deadline, start_time, cutoff, elevation, course_info, race_day_info, travel_info, weather_info, statistics, faq, sources;;false;2026-06-18;unclear
obernzenner-seelauf-2026;Obernzenner Seelauf;19.09.2026;Obernzenn;Germany;Running;10 km;https://www.tsvobernzenn.de/abteilungen/seelauf/;0;medium;13;entry_fee, registration_status, registration_deadline, start_time, cutoff, elevation, course_info, race_day_info, travel_info, weather_info, statistics, faq, sources;;false;2026-06-18;unclear
freimarktslauf-garrel-2026;Freimarktslauf Garrel;19.09.2026;Garrel;Germany;Running;5 km, 10 km;https://freimarktslauf.de/;0;medium;13;entry_fee, registration_status, registration_deadline, start_time, cutoff, elevation, course_info, race_day_info, travel_info, weather_info, statistics, faq, sources;;false;2026-06-18;unclear
klausdorfer-kranichlauf-2026;Klausdorfer Kranichlauf;19.09.2026;Klausdorf;Germany;Running;10 km;https://www.klausdorfer-sc.de/kranichlauf/;0;medium;13;entry_fee, registration_status, registration_deadline, start_time, cutoff, elevation, course_info, race_day_info, travel_info, weather_info, statistics, faq, sources;;false;2026-06-18;unclear
belchen-berglauf-schonau-im-schwarzwald-2026;Belchen-Berglauf - Schönau im Schwarzwald;19.09.2026;Schönau im Schwarzwald;Germany;Running;10 km;http://www.belchenberglauf.tus-schoenau.de/;0;medium;13;entry_fee, registration_status, registration_deadline, start_time, cutoff, elevation, course_info, race_day_info, travel_info, weather_info, statistics, faq, sources;;false;2026-06-18;unclear
stadtwald-cross-in-lutherstadt-wittenberg-2026;Stadtwald-Cross in Lutherstadt Wittenberg;19.09.2026;Lutherstadt Wittenberg;Germany;Running;10 km;https://www.stadtwald-wittenberg.de/stadtwald-cross;0;medium;13;entry_fee, registration_status, registration_deadline, start_time, cutoff, elevation, course_info, race_day_info, travel_info, weather_info, statistics, faq, sources;;false;2026-06-18;unclear
lauf-in-die-monau-erlangen-2026;Lauf in die Mönau - Erlangen;19.09.2026;Erlangen;Germany;Running;5 km;https://www.tv48-erlangen.de/de/Veranstaltungen-Geselligkeit/lauf-in-die-moenau/;0;medium;13;entry_fee, registration_status, registration_deadline, start_time, cutoff, elevation, course_info, race_day_info, travel_info, weather_info, statistics, faq, sources;;false;2026-06-18;unclear
duinger-berglauf-duingen-2026;Duinger Berglauf - Duingen;19.09.2026;Duingen;Germany;Running;5 km, 10 km;https://www.sportclub-duingen.com/berglauf;0;medium;13;entry_fee, registration_status, registration_deadline, start_time, cutoff, elevation, course_info, race_day_info, travel_info, weather_info, statistics, faq, sources;;false;2026-06-18;unclear
heidener-teufelslauf-2026;Heidener Teufelslauf;19.09.2026;Heiden;Germany;Running;5 km, 10 km;https://www.teufelslauf-heiden.de;0;medium;13;entry_fee, registration_status, registration_deadline, start_time, cutoff, elevation, course_info, race_day_info, travel_info, weather_info, statistics, faq, sources;;false;2026-06-18;unclear
baaber-heidelauf-2026;Baaber Heidelauf;19.09.2026;Baabe;Germany;Running;10 km;http://www.laufteam-ruegen.de/seite/765941/baaber-heidelauf.html;0;medium;13;entry_fee, registration_status, registration_deadline, start_time, cutoff, elevation, course_info, race_day_info, travel_info, weather_info, statistics, faq, sources;;false;2026-06-18;unclear
dresden-frauenlauf-2026;Dresden Frauenlauf;19.09.2026;Dresden;Germany;Running;5 km, Marathon;https://www.dresden-frauenlauf.com/;0;high;13;entry_fee, registration_status, registration_deadline, start_time, cutoff, elevation, course_info, race_day_info, travel_info, weather_info, statistics, faq, sources;;false;2026-06-18;unclear
hermannslauf-bielefeld-2026;Hermannslauf Bielefeld;26.04.2026;Detmold;Germany;Trail Running;31.1 km;https://hermannslauf.de/;0;high;13;entry_fee, registration_status, registration_deadline, start_time, cutoff, elevation, course_info, race_day_info, travel_info, weather_info, statistics, faq, sources;;false;18.06.2026;date_expected
nn-marathon-rotterdam-2026;NN Marathon Rotterdam;12.04.2026;Rotterdam;Netherlands;Running;Marathon / 42.195 km;https://nnmarathonrotterdam.nl/en/;0;high;13;entry_fee, registration_status, registration_deadline, start_time, cutoff, elevation, course_info, race_day_info, travel_info, weather_info, statistics, faq, sources;;false;18.06.2026;date_expected
schneider-electric-marathon-de-paris-2026;Schneider Electric Marathon de Paris;12.04.2026;Paris;France;Running;Marathon / 42.195 km;https://www.schneiderelectricparismarathon.com/en;0;high;13;entry_fee, registration_status, registration_deadline, start_time, cutoff, elevation, course_info, race_day_info, travel_info, weather_info, statistics, faq, sources;;false;18.06.2026;date_expected
vodafone-prague-marathon-2026;Vodafone Prague Marathon;03.05.2026;Prague;Czech Republic;Running;Marathon / 42.195 km;https://www.runczech.com/en/events/vodafone-prague-marathon-2026;0;high;13;entry_fee, registration_status, registration_deadline, start_time, cutoff, elevation, course_info, race_day_info, travel_info, weather_info, statistics, faq, sources;;false;18.06.2026;date_expected
mozart-100-by-utmb-2027;Mozart 100 by UTMB;05.06.2027;Salzburg;Austria;Ultramarathon;119 km / 72 km / 44 km / 28 km;https://mozart.utmb.world/;0;high;13;entry_fee, registration_status, registration_deadline, start_time, cutoff, elevation, course_info, race_day_info, travel_info, weather_info, statistics, faq, sources;;false;2026-06-27;date_expected
transvulcania-2027;Transvulcania;08.05.2027;Fuencaliente de La Palma;Spain;Ultramarathon;Ultramarathon / Marathon / Half Marathon / Vertical KM;https://transvulcania.com/;0;high;13;entry_fee, registration_status, registration_deadline, start_time, cutoff, elevation, course_info, race_day_info, travel_info, weather_info, statistics, faq, sources;;false;18.06.2026;registration_open
paderborner-osterlauf-2026;Paderborner Osterlauf;04.04.2026;Paderborn;Germany;Running;5 km / 10 km / Half Marathon;https://www.paderborner-osterlauf.de/;0;high;13;entry_fee, registration_status, registration_deadline, start_time, cutoff, elevation, course_info, race_day_info, travel_info, weather_info, statistics, faq, sources;;false;18.06.2026;date_expected
