event_name;sport;date;city;country;address;latitude;longitude;distance;description;event_url;data_source;image
Köln Marathon;Running;04.10.2026;Köln;Germany;L111, 50679 Köln;50.940133;6.974559;Marathon;Generali Köln Marathon;https://generali-koeln-marathon.de/anmeldung/;Google Suche;image
BMW Berlin Marathon;Running;27.09.2026;Berlin;Germany;Berlin, Germany;52.5173885;13.3951309;42 km;Imported from marathon.de running calendar. Source listing: https://www.marathon.de/laufevent/berlin-marathon/;https://www.bmw-berlin-marathon.com/;marathon.de;https://www.marathon.de/logos/berlin-marathon.jpg
Köln Triathlon;Triathlon;06.09.2026;Köln;Germany;Rheinparkweg 1, 50679 Köln;50.9458861;6.9704153;Sprint, Olympic, Middle;Köln Triathlon;https://www.koeln-triathlon.com/;Google Suche;
Ironman Hamburg;Triathlon;07.06.2026;Hamburg;Germany;Jungfernstieg 53, 20354 Hamburg;53.553482;9.992181;Full;IRONMAN Hamburg European Championship;https://www.ironman.com/races/im-hamburg;Google Suche;
Sörmlands 100;Ultramarathon;12.11.2026;Nykoping;Sweden;Öster-Malma, 611 91 Björnlunda, Sweden;58.953481;17.155667;100 km;Sörmlands 100km Trail Ultra;https://www.sormlands100.com/;Google Suche;
Münster Marathon;Running;13.09.2026;Münster;Germany;Schlosspl. 2, 48149 Münster;51.963572;7.616127;Marathon;Volksbank Münster Marathon;https://www.volksbank-muenster-marathon.de/_rubric/index.php?rubric=Home%20DE;Google Suche;
Hamburg Marathon;Running;25.04.2027;Hamburg;Germany;Hamburg, Germany;53.5501721;10.0013165;21 km / 42 km;Imported from marathon.de running calendar. Source listing: https://www.marathon.de/laufevent/hamburg-marathon/;https://haspa-marathon-hamburg.de/;marathon.de;https://www.marathon.de/logos/hamburg-marathon.jpg
Frankfurt Marathon;Running;25.10.2026;Frankfurt am Main;Germany;Frankfurt am Main, Germany;50.1106444;8.6820917;42 km;Imported from marathon.de running calendar. Source listing: https://www.marathon.de/laufevent/frankfurt-marathon/;https://www.frankfurt-marathon.com/;marathon.de;https://www.marathon.de/logos/frankfurt-marathon.jpg
München Marathon;Running;11.10.2026;München;Germany;Spiridon-Louis-Ring 21, 80809 München;48.171222;11.546133;Marathon;GENERALI München Marathon;https://www.generalimuenchenmarathon.de;Chat-GPT Daten;
Düsseldorf Marathon;Running;26.04.2026;Düsseldorf;Germany;Joseph-Beuys-Ufer, 40479 Düsseldorf;51.233334;6.772222;Marathon;Düsseldorf Marathon;https://www.duesseldorfmarathon.de;Chat-GPT Daten;
Hannover Marathon;Running;19.04.2026;Hannover;Germany;Friedrichswall 1, 30159 Hannover;52.367593;9.733222;Marathon;ADAC Marathon Hannover;https://www.marathon-hannover.de;Chat-GPT Daten;
Leipzig Marathon;Running;19.04.2026;Leipzig;Germany;Am Sportforum 2, 04105 Leipzig;51.345556;12.348056;Marathon;Leipzig Marathon;https://leipzigmarathon.de/;Chat-GPT Daten;
Bonn Marathon;Running;19.04.2026;Bonn;Germany;Rathenauufer, 53113 Bonn;50.73743;7.098207;Marathon;Deutsche Post Marathon Bonn;https://www.deutschepostmarathonbonn.de/;Chat-GPT Daten;
Freiburg Marathon;Running;12.04.2026;Freiburg;Germany;Messe Freiburg, 79108 Freiburg;47.997791;7.842609;Marathon;MEIN FREIBURG MARATHON;https://www.mein-freiburgmarathon.de;Chat-GPT Daten;
Dresden Marathon;Running;25.10.2026;Dresden;Germany;Ostra-Ufer 2, 01067 Dresden;51.054732;13.726249;Marathon;Dresden Marathon;https://www.dresden-marathon.com;Chat-GPT Daten;
Bremen Marathon;Running;04.10.2026;Bremen;Germany;Bürgerweide, 28209 Bremen;53.081944;8.813889;Marathon;swb Marathon Bremen;https://www.swb-marathon.de;Chat-GPT Daten;
Regensburg Marathon;Running;17.05.2026;Regensburg;Germany;D.-Martin-Luther-Straße 2, 93047 Regensburg;49.013432;12.101624;Marathon;Regensburg Marathon;https://www.regensburg-marathon.de;Chat-GPT Daten;
Ulm Marathon;Running;27.09.2026;Ulm;Germany;Münsterplatz, 89073 Ulm;48.39841;9.99155;Marathon;Einstein Marathon Ulm;https://www.einsteinmarathon.de;Chat-GPT Daten;
Kiel Marathon;Running;01.03.2026;Kiel;Germany;Kiellinie 70, 24105 Kiel;54.338253;10.145374;Marathon;Kiel Marathon;https://www.kiel-marathon.de;Chat-GPT Daten;
Ruhr Marathon;Running;10.05.2026;Gelsenkirchen;Germany;Parkallee 1, 45891 Gelsenkirchen;51.554722;7.067222;Marathon;Vivawest-Marathon Ruhr;https://www.vivawest-marathon.de;Chat-GPT Daten;
Potsdam Lauf;Running;07.06.2026;Potsdam;Germany;Luisenplatz, 14471 Potsdam;52.398861;13.048861;Half Marathon;Potsdamer Schlösserlauf Halbmarathon;https://www.schlösserlauf.de;Chat-GPT Daten;
Halbmarathon Berlin;Running;29.03.2026;Berlin;Germany;Karl-Marx-Allee, 10178 Berlin;52.521918;13.413215;Half Marathon;Generali Berliner Halbmarathon;https://www.generali-berliner-halbmarathon.de;Chat-GPT Daten;
Hamburg Halbmarathon;Running;28.06.2026;Hamburg;Germany;Reeperbahn, 20359 Hamburg;53.550278;9.966111;Half Marathon;Hella Halbmarathon Hamburg;https://www.hella-hamburg-halbmarathon.de;Chat-GPT Daten;
Köln Halbmarathon;Running;04.10.2026;Köln;Germany;Ottoplatz, 50679 Köln;50.942278;6.958281;Half Marathon;Generali Köln Halbmarathon;https://www.koeln-marathon.de;Chat-GPT Daten;
Stuttgart Lauf;Running;21.06.2026;Stuttgart;Germany;Mercedesstraße 87, 70372 Stuttgart;48.792222;9.232778;Half Marathon;Stuttgart-Lauf Halbmarathon;https://www.stuttgart-lauf.de;Chat-GPT Daten;
GutsMuths Rennsteiglauf;Ultramarathon;22.05.2027;Schmiedefeld;Germany;Schmiedefeld, Germany;50.5333;11.2167;17 km / 21 km / 42 km / 74 km;Imported from marathon.de running calendar. Source listing: https://www.marathon.de/laufevent/gutsmuths-rennsteiglauf/;https://www.rennsteiglauf.de/;marathon.de;https://www.marathon.de/logos/gutsmuths-rennsteiglauf.jpg
Zugspitz Ultratrail;Ultramarathon;20.06.2026;Garmisch-Partenkirchen;Germany;Richard-Strauss-Platz 1, 82467 Garmisch-Partenkirchen;47.4925;11.095556;107, 86 km, 69 km, 44 km, 29 km;Salomon Zugspitz Ultratrail;https://www.zugspitz-ultratrail.com;Chat-GPT Daten;
Alb Marathon;Ultramarathon;25.10.2026;Schwäbisch Gmünd;Germany;Marktplatz, 73525 Schwäbisch Gmünd;48.800833;9.798611;50 km, 25 km;Alb Marathon Schwäbisch Gmünd;https://www.albmarathon.de;Chat-GPT Daten;
Thüringen Ultra;Ultramarathon;04.07.2026;Fröttstädt;Germany;Bahnhofstraße 1, 99880 Hörsel;50.945;10.565278;100 km;Thüringen Ultra;http://www.thueringenultra.de/startseite/index.php;Chat-GPT Daten;
Challenge Roth;Triathlon;05.07.2026;Roth;Germany;Otto-Schrimpff-Straße 12, 91154 Roth;49.2475;11.091111;Full;DATEV Challenge Roth;https://www.challenge-roth.com;Chat-GPT Daten;
Ironman Frankfurt;Triathlon;28.06.2026;Frankfurt am Main;Germany;Mainkai, 60311 Frankfurt;50.110278;8.682222;Full;Ironman European Championship Frankfurt;https://www.ironman.com/im-frankfurt;Chat-GPT Daten;
Ironman 70.3 Duisburg;Triathlon;30.08.2026;Duisburg;Germany;Kruppstraße 30, 47055 Duisburg;51.426389;6.776389;Middle;Ironman 70.3 Duisburg;https://www.ironman.com/im703-duisburg;Chat-GPT Daten;
Allgäu Triathlon;Triathlon;16.08.2026;Immenstadt;Germany;Seepromenade, 87509 Immenstadt;47.560833;10.220833;Middle;Allgäu Triathlon Mitteldistanz;https://www.allgaeu-triathlon.de;Chat-GPT Daten;
Ostseeman;Triathlon;02.08.2026;Glücksburg;Germany;Sandwigstraße 1, 24960 Glücksburg;54.834444;9.548056;Middle , Full;Ostseeman Triathlon;https://www.ostseeman.de;Chat-GPT Daten;
Berlin Triathlon;Triathlon;06.06.2026;Berlin;Germany;Straße am Borsigturm, 13507 Berlin;52.576944;13.287222;Sprint, Olympic, Middle;Berlin Triathlon;https://www.berlin-triathlon.de;Chat-GPT Daten;
Spreewald Marathon;Running;15.04.2027;Burg (Spreewald);Germany;Hauptstraße 1, 03096 Burg;51.834444;14.148333;10km, Half Marathon, Marathon;Spreewald Marathon;https://www.spreewaldmarathon.de/;Chat-GPT Daten;
Kassel Marathon;Running;20.09.2026;Kassel;Germany;Damaschkestraße 35, 34121 Kassel;51.312778;9.479722;10km, Half Marathon, Marathon;Kassel Marathon;https://www.kassel-marathon.de;Chat-GPT Daten;
Chemnitz Marathon;Running;17.05.2026;Chemnitz;Germany;Theaterplatz, 09111 Chemnitz;50.832222;12.925278;10km, Half Marathon, Marathon;Chemnitz Marathon;https://www.chemnitz-marathon.de;Chat-GPT Daten;
Oberelbe Marathon;Running;25.04.2027;Königstein;Germany;Elbufer 1, 01824 Königstein;50.9175;14.0725;10km, Half Marathon, Marathon;Oberelbe Marathon;https://www.oberelbe-marathon.de/;Chat-GPT Daten;
Magdeburg Marathon;Running;04.10.2026;Magdeburg;Germany;Magdeburg, Germany;52.1314783;11.6400789;4 km / 10 km / 21 km / 42 km;Imported from marathon.de running calendar. Source listing: https://www.marathon.de/laufevent/magdeburg-marathon/;https://magdeburg-marathon.eu/;marathon.de;https://www.marathon.de/logos/magdeburg-marathon.jpg
Salt Lake City Marathon;Running;24.04.2027;Salt Lake City;United States;451 S 200 E, Salt Lake City, UT, United States;40.7639411;-111.885371;Marathon;Voted Utah’s “ Best Running Event ” and “ Best Half Marathon ,” the University of Utah Health Salt Lake City Marathon Presented by Bank of America returns for its 24th annual event on April 24, 2027— where urban meets the mountains . Starting at the Olympic Legacy Bridge, this stunning course delivers sweeping views of the Wasatch Mountains while guiding runners through some of Salt Lake City’s most iconic neighborhoods, before finishing in the heart of downtown. Cross the finish line, soak in;https://runsignup.com/Race/UT/SaltLakeCity/saltlakecitymarathon;RunSignup;
Salt Lake City Marathon - Salt Lake City Half Marathon;Running;24.04.2027;Salt Lake City;United States;451 S 200 E, Salt Lake City, UT, United States;40.7639411;-111.885371;Half Marathon;Voted Utah’s “ Best Running Event ” and “ Best Half Marathon ,” the University of Utah Health Salt Lake City Marathon Presented by Bank of America returns for its 24th annual event on April 24, 2027— where urban meets the mountains . Starting at the Olympic Legacy Bridge, this stunning course delivers sweeping views of the Wasatch Mountains while guiding runners through some of Salt Lake City’s most iconic neighborhoods, before finishing in the heart of downtown. Cross the finish line, soak in;https://runsignup.com/Race/UT/SaltLakeCity/saltlakecitymarathon;RunSignup;
7AAA Test - Cross Country;Running;18.08.2026;minneapolis;United States;3020 E 25th Street, minneapolis, MN, United States;44.9575709;-93.2273481;5K;;https://runsignup.com/Race/MN/minneapolis/7AAATest;RunSignup;
Running 4 Clean Water-PLUS - 5K Run;Running;17.10.2026;Garland;United States;LON WYNNE PARK, Garland, TX, United States;32.8740555;-96.6348677;5K;5 K Run (Chip Timed)/1 Mile Fun Run (New this year is the option of running virtually) Our continuing goal is to provide clean and safe drinking water f or the rural regions of Sierra Leone. Dirty water threatens lives and destroys livelihoods on a devastating scale. Additionally, severe issues with farming due to localized drought and soil erosion has caused short supplies of needed food to the villages. Proceeds from this 5K Run and 1 Mile Fun Run will go toward maintaining the clean water in;https://runsignup.com/Race/TX/Garland/R4CW;RunSignup;
Kingwood Christmas Cookie Dash - 2026 Cookie Dash 10K;Running;12.12.2026;Kingwood;United States;4360 Kingwood Dr, Kingwood, TX, United States;30.0487778;-95.1860561;10K;Rad Racing Company proudly presents... the 2nd Annual Kingwood Christmas Cookie Dash !! Featuring a 5k/10k/10k-Relay/Kids Dash in partnership with Dirty Dough of Kingwood and along the beautiful Kingwood Greenbelt Trails - sign up NOW and don t miss this one of a kind event!! So, lace-up your pikes, put on your best Christmas gear and come join us for the most wonderful time of the year!! This event is coupled with the Kingwood Christmas Market – featuring food, vendors, train rides, music and;https://runsignup.com/Race/TX/Kingwood/KingwoodChristmasCookieDash;RunSignup;
Kingwood Christmas Cookie Dash - 2026 Cookie Dash 5K;Running;12.12.2026;Kingwood;United States;4360 Kingwood Dr, Kingwood, TX, United States;30.0487778;-95.1860561;5K;Rad Racing Company proudly presents... the 2nd Annual Kingwood Christmas Cookie Dash !! Featuring a 5k/10k/10k-Relay/Kids Dash in partnership with Dirty Dough of Kingwood and along the beautiful Kingwood Greenbelt Trails - sign up NOW and don t miss this one of a kind event!! So, lace-up your pikes, put on your best Christmas gear and come join us for the most wonderful time of the year!! This event is coupled with the Kingwood Christmas Market – featuring food, vendors, train rides, music and;https://runsignup.com/Race/TX/Kingwood/KingwoodChristmasCookieDash;RunSignup;
Laps of Love 2026- Presented by Make Lemon Aide Foundation for Cerebral Palsy - ADULT 5K RUN;Running;07.06.2026;Buffalo;United States;901 Fuhrmann Blvd, Buffalo, NY, United States;42.8556046;-78.8679826;5K;WELCOME FRIENDS!! It is time to LOVE BOLD! Please join The Make Lemon Aide Foundation for CP at our annual 5K and One Mile honorary CP Walk/Run/Roll on Sunday, June 7th! Join the foundation in amplifying the message of hope and strength, as we are making the event bigger and better - Let s LOVE BOLD together. We are excited to share that we have been providing a decade of support to Children and Adults living with Cerebral Palsy! We are back again this year and beautiful Terminal B at the Outer;https://runsignup.com/Race/NY/Buffalo/LapsofLoveWalkRunRoll;RunSignup;
Three Lakes Triathlons and Kings Market San Juan Island Runs - Olympic;Triathlon;20.06.2026;Friday Harbor;United States;4313 Roche Harbor Road, Friday Harbor, WA, United States;48.5433121;-123.0246054;31.4 Miles;This all-sport weekend is sure to please. Nestled in the heart of San Juan Island, Lakedale Resort s family friendly atmosphere is the perfect location for an event! Both the Triathlon and the Runs occur on the same day, and some of the courses are similar. A triathlon on an island and not just any island, San Juan Island, WA! An Island with breathtaking views, natures finest, hills and numerous times on top 10 island lists! Where else have you had the chance to see Orca Whales on the Olympic b;https://runsignup.com/Race/WA/FridayHarbor/ThreeLakesTriathlonAtLakedale;RunSignup;
Three Lakes Triathlons and Kings Market San Juan Island Runs - Sprint;Triathlon;20.06.2026;Friday Harbor;United States;4313 Roche Harbor Road, Friday Harbor, WA, United States;48.5433121;-123.0246054;15.7 Miles;This all-sport weekend is sure to please. Nestled in the heart of San Juan Island, Lakedale Resort s family friendly atmosphere is the perfect location for an event! Both the Triathlon and the Runs occur on the same day, and some of the courses are similar. A triathlon on an island and not just any island, San Juan Island, WA! An Island with breathtaking views, natures finest, hills and numerous times on top 10 island lists! Where else have you had the chance to see Orca Whales on the Olympic b;https://runsignup.com/Race/WA/FridayHarbor/ThreeLakesTriathlonAtLakedale;RunSignup;
Three Lakes Triathlons and Kings Market San Juan Island Runs - Half Marathon;Triathlon;20.06.2026;Friday Harbor;United States;4313 Roche Harbor Road, Friday Harbor, WA, United States;48.5433121;-123.0246054;Half Marathon;This all-sport weekend is sure to please. Nestled in the heart of San Juan Island, Lakedale Resort s family friendly atmosphere is the perfect location for an event! Both the Triathlon and the Runs occur on the same day, and some of the courses are similar. A triathlon on an island and not just any island, San Juan Island, WA! An Island with breathtaking views, natures finest, hills and numerous times on top 10 island lists! Where else have you had the chance to see Orca Whales on the Olympic b;https://runsignup.com/Race/WA/FridayHarbor/ThreeLakesTriathlonAtLakedale;RunSignup;
Three Lakes Triathlons and Kings Market San Juan Island Runs - 10K;Triathlon;20.06.2026;Friday Harbor;United States;4313 Roche Harbor Road, Friday Harbor, WA, United States;48.5433121;-123.0246054;10 km;This all-sport weekend is sure to please. Nestled in the heart of San Juan Island, Lakedale Resort s family friendly atmosphere is the perfect location for an event! Both the Triathlon and the Runs occur on the same day, and some of the courses are similar. A triathlon on an island and not just any island, San Juan Island, WA! An Island with breathtaking views, natures finest, hills and numerous times on top 10 island lists! Where else have you had the chance to see Orca Whales on the Olympic b;https://runsignup.com/Race/WA/FridayHarbor/ThreeLakesTriathlonAtLakedale;RunSignup;
Three Lakes Triathlons and Kings Market San Juan Island Runs - 5K;Triathlon;20.06.2026;Friday Harbor;United States;4313 Roche Harbor Road, Friday Harbor, WA, United States;48.5433121;-123.0246054;5K;This all-sport weekend is sure to please. Nestled in the heart of San Juan Island, Lakedale Resort s family friendly atmosphere is the perfect location for an event! Both the Triathlon and the Runs occur on the same day, and some of the courses are similar. A triathlon on an island and not just any island, San Juan Island, WA! An Island with breathtaking views, natures finest, hills and numerous times on top 10 island lists! Where else have you had the chance to see Orca Whales on the Olympic b;https://runsignup.com/Race/WA/FridayHarbor/ThreeLakesTriathlonAtLakedale;RunSignup;
Hickory 5K Series - Lightning Bug Boogie 5K;Running;14.08.2026;Hickory;United States;1451 8th Street Drive NE, Hickory, NC, United States;35.7492884;-81.3162611;5K;Included Events : Easter Egg Scramble 5K - Hickory Riverwalk Trail (Hickory City Park, 1581 12th St. Dr. NW) Saturday March 28, 9 am start, 2026 Aviation 5K - L.P. Frans Stadium/Winkler Park, 2500 Clement Blvd. NW, Hickory, NC Saturday May 23, 9 am start, 2026 Lightning Bug Boogie 5K Night Trail Run - Hickory City Park, 1581 12th St. Dr. NW, Hickory, NC Friday August 14, 9 pm start , 2026 Ruff, Ruff, Run 5K (Dog Festival) - L.P. Frans Stadium/Winkler Park, 2500 Clement Blvd. NW, Hickory, NC Sat;https://runsignup.com/Race/NC/Hickory/HickoryKSeries;RunSignup;
Hickory 5K Series - Ruff, Ruff, Run 5K & Dog Festival;Running;26.09.2026;Hickory;United States;1451 8th Street Drive NE, Hickory, NC, United States;35.7492884;-81.3162611;5K;Included Events : Easter Egg Scramble 5K - Hickory Riverwalk Trail (Hickory City Park, 1581 12th St. Dr. NW) Saturday March 28, 9 am start, 2026 Aviation 5K - L.P. Frans Stadium/Winkler Park, 2500 Clement Blvd. NW, Hickory, NC Saturday May 23, 9 am start, 2026 Lightning Bug Boogie 5K Night Trail Run - Hickory City Park, 1581 12th St. Dr. NW, Hickory, NC Friday August 14, 9 pm start , 2026 Ruff, Ruff, Run 5K (Dog Festival) - L.P. Frans Stadium/Winkler Park, 2500 Clement Blvd. NW, Hickory, NC Sat;https://runsignup.com/Race/NC/Hickory/HickoryKSeries;RunSignup;
Hickory 5K Series - Trick or Trot 5K;Running;31.10.2026;Hickory;United States;1451 8th Street Drive NE, Hickory, NC, United States;35.7492884;-81.3162611;5K;Included Events : Easter Egg Scramble 5K - Hickory Riverwalk Trail (Hickory City Park, 1581 12th St. Dr. NW) Saturday March 28, 9 am start, 2026 Aviation 5K - L.P. Frans Stadium/Winkler Park, 2500 Clement Blvd. NW, Hickory, NC Saturday May 23, 9 am start, 2026 Lightning Bug Boogie 5K Night Trail Run - Hickory City Park, 1581 12th St. Dr. NW, Hickory, NC Friday August 14, 9 pm start , 2026 Ruff, Ruff, Run 5K (Dog Festival) - L.P. Frans Stadium/Winkler Park, 2500 Clement Blvd. NW, Hickory, NC Sat;https://runsignup.com/Race/NC/Hickory/HickoryKSeries;RunSignup;
Spa Running Festival - Summit2Summit Half Marathon;Running;14.11.2026;Hot Springs;United States;134 Convention Boulevard, Hot Springs, AR, United States;34.5095395;-93.0498306;Half Marathon;The Spa Running Festival presented by Window Mart - Half Marathon, 10K, 5K & Squirt Race Come Run With Us, November 14th, through beautiful Hot Springs National Park! The Spa Running Festival is an event for everyone .... kids, beginners to elite runners and those that like a challenge! The Squirt Race is for kids 2 - 10 years of age. The 5K is a fast and flat course! The 10K, now celebrating its 45th year, and runners enjoy the beauty of running West Mountain. This will be the 11th running of;https://runsignup.com/Race/AR/HotSprings/Spa10k;RunSignup;
Spa Running Festival - Spa 10K;Running;14.11.2026;Hot Springs;United States;134 Convention Boulevard, Hot Springs, AR, United States;34.5095395;-93.0498306;10 km;The Spa Running Festival presented by Window Mart - Half Marathon, 10K, 5K & Squirt Race Come Run With Us, November 14th, through beautiful Hot Springs National Park! The Spa Running Festival is an event for everyone .... kids, beginners to elite runners and those that like a challenge! The Squirt Race is for kids 2 - 10 years of age. The 5K is a fast and flat course! The 10K, now celebrating its 45th year, and runners enjoy the beauty of running West Mountain. This will be the 11th running of;https://runsignup.com/Race/AR/HotSprings/Spa10k;RunSignup;
Spa Running Festival - 5K Run;Running;14.11.2026;Hot Springs;United States;134 Convention Boulevard, Hot Springs, AR, United States;34.5095395;-93.0498306;5 km;The Spa Running Festival presented by Window Mart - Half Marathon, 10K, 5K & Squirt Race Come Run With Us, November 14th, through beautiful Hot Springs National Park! The Spa Running Festival is an event for everyone .... kids, beginners to elite runners and those that like a challenge! The Squirt Race is for kids 2 - 10 years of age. The 5K is a fast and flat course! The 10K, now celebrating its 45th year, and runners enjoy the beauty of running West Mountain. This will be the 11th running of;https://runsignup.com/Race/AR/HotSprings/Spa10k;RunSignup;
HANSON'S RUNNING SHOP WEDNESDAY NIGHT 5K SERIES - WEDNESDAY NIGHT 5K | JUNE;Running;03.06.2026;Utica;United States;Hanson's Running Shop - Utica, Utica, MI, United States;42.6262436;-83.028007;5 km;Run one or all in this mid-week 5K series that spans the first Wednesday of each month from March through October. First timers and seasoned veterans are WELCOME to join in the fun, fit and friendly run/walk. WHAT S INCLUDED SERIES includes all Wednesday night 5K runs March-October, Bill Roney Memorial 5K, 2 Hanson Friday night cross country runs, Peach Festival 5K & 10K, Egg Nog Jog (10 races) SERIES includes all Wednesday night 5K runs March-October, 2 Hanson Friday night cross country runs,;https://runsignup.com/Race/MI/Utica/HANSONSRUNNINGSHOPWEDNESDAYNIGHTKSERIES;RunSignup;
HANSON'S RUNNING SHOP WEDNESDAY NIGHT 5K SERIES - WEDNESDAY NIGHT 5K | JULY;Running;01.07.2026;Utica;United States;Hanson's Running Shop - Utica, Utica, MI, United States;42.6262436;-83.028007;5 km;Run one or all in this mid-week 5K series that spans the first Wednesday of each month from March through October. First timers and seasoned veterans are WELCOME to join in the fun, fit and friendly run/walk. WHAT S INCLUDED SERIES includes all Wednesday night 5K runs March-October, Bill Roney Memorial 5K, 2 Hanson Friday night cross country runs, Peach Festival 5K & 10K, Egg Nog Jog (10 races) SERIES includes all Wednesday night 5K runs March-October, 2 Hanson Friday night cross country runs,;https://runsignup.com/Race/MI/Utica/HANSONSRUNNINGSHOPWEDNESDAYNIGHTKSERIES;RunSignup;
HANSON'S RUNNING SHOP WEDNESDAY NIGHT 5K SERIES - WEDNESDAY NIGHT 5K | AUGUST;Running;05.08.2026;Utica;United States;Hanson's Running Shop - Utica, Utica, MI, United States;42.6262436;-83.028007;5 km;Run one or all in this mid-week 5K series that spans the first Wednesday of each month from March through October. First timers and seasoned veterans are WELCOME to join in the fun, fit and friendly run/walk. WHAT S INCLUDED SERIES includes all Wednesday night 5K runs March-October, Bill Roney Memorial 5K, 2 Hanson Friday night cross country runs, Peach Festival 5K & 10K, Egg Nog Jog (10 races) SERIES includes all Wednesday night 5K runs March-October, 2 Hanson Friday night cross country runs,;https://runsignup.com/Race/MI/Utica/HANSONSRUNNINGSHOPWEDNESDAYNIGHTKSERIES;RunSignup;
HANSON'S RUNNING SHOP WEDNESDAY NIGHT 5K SERIES - WEDNESDAY NIGHT 5K | OCTOBER;Running;07.10.2026;Utica;United States;Hanson's Running Shop - Utica, Utica, MI, United States;42.6262436;-83.028007;5 km;Run one or all in this mid-week 5K series that spans the first Wednesday of each month from March through October. First timers and seasoned veterans are WELCOME to join in the fun, fit and friendly run/walk. WHAT S INCLUDED SERIES includes all Wednesday night 5K runs March-October, Bill Roney Memorial 5K, 2 Hanson Friday night cross country runs, Peach Festival 5K & 10K, Egg Nog Jog (10 races) SERIES includes all Wednesday night 5K runs March-October, 2 Hanson Friday night cross country runs,;https://runsignup.com/Race/MI/Utica/HANSONSRUNNINGSHOPWEDNESDAYNIGHTKSERIES;RunSignup;
Swiss Canyon Trail;Ultramarathon;29.05.2026;Couvet;Switzerland;Couvet, Switzerland;46.9261639;6.6343244;31 km / 51 km / 81 km / 111 km;Imported from marathon.de running calendar. Source listing: https://www.marathon.de/laufevent/swiss-canyon-trail/;https://swisscanyontrail.com/de/;marathon.de;https://www.marathon.de/logos/swiss-canyon-trail.jpg
Lauf zwischen den Meeren;Ultramarathon;30.05.2026;Husum;Germany;Husum, Germany;54.4854137;9.0537941;97 km;Imported from marathon.de running calendar. Source listing: https://www.marathon.de/laufevent/lauf-zwischen-den-meeren/;https://www.lauf-zwischen-den-meeren.de/;marathon.de;https://www.marathon.de/kategorien/b8921e67a0.jpg
Seen-Lauf Tannheimer Tal;Running;30.05.2026;Tannheim;Austria;Tannheim, Austria;47.4866791;10.5100002;10 km / 23 km / 30 km;Imported from marathon.de running calendar. Source listing: https://www.marathon.de/laufevent/seen-lauf-tannheimer-tal/;https://www.seen-lauf.com/;marathon.de;https://www.marathon.de/logos/seen-lauf-tannheimer-tal.jpg
adidas Stockholm Marathon;Running;30.05.2026;Stockholm;Sweden;Stockholm, Sweden;59.3251172;18.0710935;42 km;Imported from marathon.de running calendar. Source listing: https://www.marathon.de/laufevent/stockholm-marathon/;https://www.stockholmmarathon.se/;marathon.de;https://www.marathon.de/logos/stockholm-marathon.jpg
Steinberger Wald-Volkslauf;Running;30.05.2026;Dietzenbach-Steinberg;Germany;Dietzenbach-Steinberg, Germany;50.0260116;8.7929611;5 km / 10 km / 21 km;Imported from marathon.de running calendar. Source listing: https://www.marathon.de/laufevent/steinberger-wald-volkslauf/;http://sc-steinberg-langlauf.de/;marathon.de;https://www.marathon.de/kategorien/2232d51c55.jpg
Mützenicher VENNLAUF;Running;30.05.2026;Monschau-Mützenich;Germany;Monschau-Mützenich, Germany;50.5665982;6.2176988;4 km / 10 km / 12 km / 21 km;Imported from marathon.de running calendar. Source listing: https://www.marathon.de/laufevent/muetzenicher-vennlauf/;https://www.vennlauf.de/;marathon.de;https://www.marathon.de/kategorien/2232d51c55.jpg
Kyffhäuser Bergmarathon;Running;31.05.2026;Bad Frankenhausen;Germany;Bad Frankenhausen, Germany;51.3560142;11.1005235;6 km / 15 km / 21 km / 42 km;Imported from marathon.de running calendar. Source listing: https://www.marathon.de/laufevent/kyffhaeuser-bergmarathon/;https://www.kyffhaeuser-berglauf.de/;marathon.de;https://www.marathon.de/kategorien/9df6b59342.jpg
Ingelheimer Halbe;Running;31.05.2026;Ingelheim;Germany;Ingelheim, Germany;49.9752749;8.0547274;5 km / 10 km / 21 km;Imported from marathon.de running calendar. Source listing: https://www.marathon.de/laufevent/sebastian-muenster-stadtlauf/;https://www.der-ingelheimer-halbe.de/;marathon.de;https://www.marathon.de/kategorien/2232d51c55.jpg
Elsterlauf;Running;31.05.2026;Bad Liebenwerda;Germany;Bad Liebenwerda, Germany;51.5158115;13.39272;7 km / 11 km / 21 km;Imported from marathon.de running calendar. Source listing: https://www.marathon.de/laufevent/elsterlauf/;https://www.elsterlauf.de/;marathon.de;https://www.marathon.de/kategorien/2232d51c55.jpg
Bieler Lauftage;Ultramarathon;05.06.2026;Biel;Switzerland;Biel, Switzerland;47.1402077;7.2439029;11 km / 21 km / 100 km;Imported from marathon.de running calendar. Source listing: https://www.marathon.de/laufevent/bieler-lauftage/;https://www.100km.ch/;marathon.de;https://www.marathon.de/logos/bieler-lauftage.jpg
Deichlauf Hohnstorf;Running;06.06.2026;Hohnstorf Elbe;Germany;Hohnstorf Elbe, Germany;53.3667008;10.5499985;6 km / 10 km / 21 km;Imported from marathon.de running calendar. Source listing: https://www.marathon.de/laufevent/deichlauf-hohnstorf/;https://www.tus-hohnstorf-elbe.de/;marathon.de;https://www.marathon.de/kategorien/2232d51c55.jpg
Finkenwerder Insellauf;Running;06.06.2026;Hamburg;Germany;Hamburg, Germany;53.5501721;10.0013165;5 km / 10 km / 20 km;Imported from marathon.de running calendar. Source listing: https://www.marathon.de/laufevent/finkenwerder-insellauf/;https://www.finkenwerder-insellauf.de/;marathon.de;https://www.marathon.de/kategorien/9d67eb951b.jpg
Salzkotten Marathon;Running;07.06.2026;Salzkotten;Germany;Salzkotten, Germany;51.6717596;8.6068636;5 km / 10 km / 21 km / 42 km;Imported from marathon.de running calendar.;https://salzkotten-marathon.de/;marathon.de;https://www.marathon.de/kategorien/9df6b59342.jpg
Europamarathon Görlitz;Running;07.06.2026;Görlitz;Germany;Görlitz, Germany;51.1563185;14.991018;5 km / 10 km / 21 km / 42 km;Imported from marathon.de running calendar.;https://www.europamarathon.de/;marathon.de;https://www.marathon.de/logos/europamarathon.jpg
ProPotsdam Schlösserlauf;Running;07.06.2026;Potsdam;Germany;Potsdam, Germany;52.4009309;13.0591397;10 km / 21 km;Imported from marathon.de running calendar. Source listing: https://www.marathon.de/laufevent/propotsdam-schloesserlauf/;https://www.potsdam-schloesserlauf.de/;marathon.de;https://www.marathon.de/kategorien/2232d51c55.jpg
Fischland Darss-Zingst Ultramarathon;Ultramarathon;13.06.2026;Ribnitz-Damgarten;Germany;Ribnitz-Damgarten, Germany;54.2433326;12.4319733;100 km / 115 km;Imported from marathon.de running calendar. Source listing: https://www.marathon.de/laufevent/fischland-darss-zingst-ultramarathon/;https://www.fischland-darss-zingst-ultramarathon.eu/;marathon.de;https://www.marathon.de/kategorien/b8921e67a0.jpg
Tollenseseelauf;Running;13.06.2026;Neubrandenburg;Germany;Neubrandenburg, Germany;53.5574458;13.2602781;10 km / 21 km / 42 km;Imported from marathon.de running calendar. Source listing: https://www.marathon.de/laufevent/tollenseseelauf/;https://tollenseseelauf.de/;marathon.de;https://www.marathon.de/kategorien/9df6b59342.jpg
Himmelswegelauf;Running;13.06.2026;Nebra;Germany;Nebra, Germany;51.2873083;11.5787877;10 km / 21 km / 42 km;Imported from marathon.de running calendar. Source listing: https://www.marathon.de/laufevent/himmelswegelauf/;https://www.himmelswegelauf.de/;marathon.de;https://www.marathon.de/kategorien/9df6b59342.jpg
Tschirgant Sky Run;Ultramarathon;13.06.2026;Imst;Austria;Imst, Austria;47.2381536;10.7406982;17 km / 27 km / 43 km / 53 km;Imported from marathon.de running calendar. Source listing: https://www.marathon.de/laufevent/tschirgant-sky-run/;https://www.tschirgant-sky.run/;marathon.de;https://www.marathon.de/logos/tschirgant-sky-run.jpg
Ebbser Koasamarsch;Ultramarathon;13.06.2026;Ebbs;Austria;Ebbs, Austria;47.630874;12.2154318;20 km / 33 km / 44 km;Imported from marathon.de running calendar. Source listing: https://www.marathon.de/laufevent/ebbser-koasamarsch/;https://www.koasamarsch.at/;marathon.de;https://www.marathon.de/kategorien/06527d7ce5.jpg
LGT Alpin Marathon Liechtenstein;Running;13.06.2026;Bendern;Liechtenstein;Bendern, Liechtenstein;47.2122144;9.5062136;10 km / 21 km / 42 km;Imported from marathon.de running calendar. Source listing: https://www.marathon.de/laufevent/alpin-marathon-liechtenstein/;https://www.lgt-alpin-marathon.li/;marathon.de;https://www.marathon.de/logos/alpin-marathon-liechtenstein.jpg
Panorama-Baumwipfel-Lauf;Running;13.06.2026;Oberschwarzach;Germany;Oberschwarzach, Germany;49.8537347;10.4192342;6 km / 12 km / 21 km;Imported from marathon.de running calendar. Source listing: https://www.marathon.de/laufevent/panorama-baumwipfel-lauf/;https://panorama-baumwipfel-lauf.de/;marathon.de;https://www.marathon.de/kategorien/2232d51c55.jpg
Himmelgeister Brückenlauf;Running;13.06.2026;Düsseldorf;Germany;Düsseldorf, Germany;51.2254018;6.7763137;11 km / 21 km;Imported from marathon.de running calendar. Source listing: https://www.marathon.de/laufevent/himmelgeister-brueckenlauf/;https://himmelgeister-brueckenlauf.de/;marathon.de;https://www.marathon.de/kategorien/2232d51c55.jpg
Skatstadtmarathon;Running;13.06.2026;Altenburg;Germany;Altenburg, Germany;50.9852411;12.4340988;5 km / 13 km / 21 km / 42 km;Imported from marathon.de running calendar.;https://www.skatstadtmarathon.de/;marathon.de;https://www.marathon.de/logos/skatstadtmarathon.jpg
Drebber Marathon;Running;13.06.2026;Drebber;Germany;Drebber, Germany;52.652437;8.4199322;5 km / 10 km / 21 km / 42 km;Imported from marathon.de running calendar.;https://www.marathon.de/laufevent/drebber-marathon/;marathon.de;https://www.marathon.de/kategorien/9df6b59342.jpg
Ahrathon Erlebnislauf;Running;13.06.2026;Bad Neuenahr-Ahrweiler;Germany;Bad Neuenahr-Ahrweiler, Germany;50.5444551;7.1186671;5 km / 12 km / 21 km / 42 km;Imported from marathon.de running calendar. Source listing: https://www.marathon.de/laufevent/ahrathon-erlebnislauf/;https://ahrathon.de/;marathon.de;https://www.marathon.de/kategorien/9df6b59342.jpg
GlückLauf;Running;13.06.2026;Salzgitter;Germany;Salzgitter, Germany;52.1503721;10.3593147;5 km / 10 km / 21 km;Imported from marathon.de running calendar. Source listing: https://www.marathon.de/laufevent/gluecklauf/;https://www.xn--glcklauf-75a.de/;marathon.de;https://www.marathon.de/logos/gluecklauf.jpg
Eschathlon - Der Eschborner Halbmarathon;Running;14.06.2026;Eschborn;Germany;Eschborn, Germany;50.1504737;8.5607767;3 km / 10 km / 21 km;Imported from marathon.de running calendar. Source listing: https://www.marathon.de/laufevent/eschathlon/;https://www.eschathlon.de/;marathon.de;https://www.marathon.de/kategorien/2232d51c55.jpg
Eifelmarathon;Running;14.06.2026;Waxweiler;Germany;Waxweiler, Germany;50.0922679;6.3658809;10 km / 21 km / 26 km / 42 km;Imported from marathon.de running calendar. Source listing: https://www.marathon.de/laufevent/eifelmarathon/;https://www.eifelmarathon.com/;marathon.de;https://www.marathon.de/logos/eifelmarathon.jpg
Sparkassen Metropolmarathon;Running;14.06.2026;Fürth;Germany;Fürth, Germany;49.4885711;10.9587203;10 km / 21 km / 42 km;Imported from marathon.de running calendar.;https://metropolmarathon.de/;marathon.de;https://www.marathon.de/logos/metropolmarathon-fuerth.jpg
Mendener Citylauf mit Halbmarathon;Running;14.06.2026;Menden;Germany;Menden, Germany;51.43779;7.7953822;5 km / 10 km / 21 km;Imported from marathon.de running calendar. Source listing: https://www.marathon.de/laufevent/mendener-citylauf/;https://www.menden-citylauf.de/;marathon.de;https://www.marathon.de/kategorien/2232d51c55.jpg
EVL Halbmarathon Leverkusen;Running;14.06.2026;Leverkusen;Germany;Leverkusen, Germany;51.0324743;6.9881194;5 km / 10 km / 21 km;Imported from marathon.de running calendar.;https://www.evl-halbmarathon.de/;marathon.de;https://www.marathon.de/kategorien/2232d51c55.jpg
Gorch-Fock-Lauf;Running;14.06.2026;Wilhelmshaven;Germany;Wilhelmshaven, Germany;53.5278793;8.106301;5 km / 10 km / 21 km / 42 km;Imported from marathon.de running calendar. Source listing: https://www.marathon.de/laufevent/gorch-fock-lauf/;https://gorch-fock-lauf.de/;marathon.de;https://www.marathon.de/logos/gorch-fock-lauf.jpg
Herzogstadtlauf Straubing;Running;14.06.2026;Straubing;Germany;Straubing, Germany;48.8839157;12.5955773;2 km / 5 km / 10 km / 20 km;Imported from marathon.de running calendar. Source listing: https://www.marathon.de/laufevent/herzogstadtlauf-straubing/;https://www.herzogstadtlauf.de/;marathon.de;https://www.marathon.de/kategorien/2232d51c55.jpg
Heidenheimer Sparkassen-Stadtlauf;Running;14.06.2026;Heidenheim;Germany;Heidenheim, Germany;48.6767637;10.152923;5 km / 10 km / 21 km;Imported from marathon.de running calendar. Source listing: https://www.marathon.de/laufevent/heidenheimer-sparkassen-stadtlauf/;https://heidenheimer-stadtlauf.de/;marathon.de;https://www.marathon.de/kategorien/2232d51c55.jpg
Barmstedter Stadtlauf;Running;14.06.2026;Barmstedt;Germany;Barmstedt, Germany;53.7889203;9.7703927;5 km / 10 km / 21 km;Imported from marathon.de running calendar. Source listing: https://www.marathon.de/laufevent/barmstedter-stadtlauf/;https://bmtv.de/sportangebote/veranstaltungen/stadtlauf;marathon.de;https://www.marathon.de/kategorien/2232d51c55.jpg
Melibokuslauf;Running;14.06.2026;Alsbach-Hähnlein;Germany;Alsbach-Hähnlein, Germany;49.7383506;8.5950049;10 km / 20 km;Imported from marathon.de running calendar. Source listing: https://www.marathon.de/laufevent/melibokuslauf/;https://tv-alsbach.de/melibokuslauf/;marathon.de;https://www.marathon.de/kategorien/06527d7ce5.jpg
saarBRÜCKENlauf;Running;14.06.2026;Saarbrücken;Germany;Saarbrücken, Germany;49.234362;6.996379;10 km / 20 km;Imported from marathon.de running calendar. Source listing: https://www.marathon.de/laufevent/saarbrueckenlauf/;https://www.saarbrueckenlauf.de/;marathon.de;https://www.marathon.de/kategorien/2232d51c55.jpg
Zugspitz Ultratrail;Ultramarathon;18.06.2026;Garmisch-Partenkirchen;Germany;Garmisch-Partenkirchen, Germany;47.4923741;11.0962815;16 km / 29 km / 44 km / 68 km;Imported from marathon.de running calendar. Source listing: https://www.marathon.de/laufevent/zugspitz-ultratrail/;https://zugspitz-ultratrail.com/;marathon.de;https://www.marathon.de/logos/zugspitz-ultratrail.jpg
Tiergartenlauf Velen;Running;20.06.2026;Velen;Germany;Velen, Germany;51.8957136;6.9839073;5 km / 8 km / 10 km / 21 km;Imported from marathon.de running calendar. Source listing: https://www.marathon.de/laufevent/tiergartenlauf/;https://www.sf-nordvelen.de/tgl/;marathon.de;https://www.marathon.de/kategorien/2232d51c55.jpg
Flechtkulturlauf Obermain;Running;20.06.2026;Lichtenfels;Germany;Lichtenfels, Germany;50.1315263;11.0839299;5 km / 10 km;Imported from marathon.de running calendar. Source listing: https://www.marathon.de/laufevent/flechtkulturlauf-obermain/;https://www.flechtkulturlauf.de/;marathon.de;https://www.marathon.de/kategorien/2232d51c55.jpg
City Marathon Wiesbaden;Running;20.06.2026;Wiesbaden;Germany;Wiesbaden, Germany;50.0820384;8.2416556;5 km / 10 km / 21 km / 42 km;Imported from marathon.de running calendar. Source listing: https://www.marathon.de/laufevent/city-marathon-wiesbaden/;https://sporthilfe-wiesbaden.de/;marathon.de;https://www.marathon.de/logos/wiesbaden-marathon.jpg
Hennefer Europalauf;Running;20.06.2026;Hennef;Germany;Hennef, Germany;50.7754417;7.2847945;4 km / 7 km / 10 km / 21 km;Imported from marathon.de running calendar. Source listing: https://www.marathon.de/laufevent/hennefer-europalauf/;https://europalauf.eu/;marathon.de;https://www.marathon.de/kategorien/2232d51c55.jpg
Rennsteig Staffellauf;Ultramarathon;20.06.2026;Hörschel;Germany;Hörschel, Germany;51.0054262;10.230899;170 km;Imported from marathon.de running calendar. Source listing: https://www.marathon.de/laufevent/rennsteig-staffellauf/;https://www.rennsteig-staffellauf.de/;marathon.de;https://www.marathon.de/logos/gutsmuths-rennsteiglauf.jpg
Marathoncross um den Messerpokal;Ultramarathon;20.06.2026;Bad Liebenstein;Germany;Bad Liebenstein, Germany;50.824612;10.3591339;10 km / 21 km / 42 km / 50 km;Imported from marathon.de running calendar. Source listing: https://www.marathon.de/laufevent/marathoncross-um-den-messerpokal/;http://www.pb-sb.de/P_Messerpokal.php;marathon.de;https://www.marathon.de/logos/marathoncross-um-den-messerpokal.jpg
Nordholzer Windmühlenlauf;Running;20.06.2026;Wurster Nordseeküste;Germany;Wurster Nordseeküste, Germany;53.7044885;8.568845;5 km / 10 km / 21 km;Imported from marathon.de running calendar. Source listing: https://www.marathon.de/laufevent/nordholzer-windmuehlenlauf/;https://windmuehlenlauf.jimdofree.com/;marathon.de;https://www.marathon.de/kategorien/2232d51c55.jpg
Sachsenlauf-Coswig;Running;21.06.2026;Coswig;Germany;Coswig, Germany;51.1267305;13.5783983;5 km / 12 km / 21 km;Imported from marathon.de running calendar. Source listing: https://www.marathon.de/laufevent/sachsenlauf-coswig/;https://www.sachsenlauf.de/;marathon.de;https://www.marathon.de/kategorien/2232d51c55.jpg
Buchholzer Stadtlauf;Running;21.06.2026;Buchholz;Germany;Buchholz, Germany;53.2759502;12.6459399;5 km / 21 km;Imported from marathon.de running calendar. Source listing: https://www.marathon.de/laufevent/buchholzer-stadtlauf/;https://buchholzerstadtlauf.de/;marathon.de;https://www.marathon.de/kategorien/2232d51c55.jpg
Draisinenlauf Altenglan;Running;21.06.2026;Altenglan;Germany;Altenglan, Germany;49.5536508;7.4610041;21 km;Imported from marathon.de running calendar. Source listing: https://www.marathon.de/laufevent/draisinenlauf-altenglan/;https://lsc-kusel.de/draisinenlauf/;marathon.de;https://www.marathon.de/kategorien/2232d51c55.jpg
Schlossinsellauf Lübben;Running;21.06.2026;Lübben;Germany;Lübben, Germany;51.9418987;13.8963805;5 km / 10 km / 21 km;Imported from marathon.de running calendar. Source listing: https://www.marathon.de/laufevent/schlossinsellauf-luebben/;https://schlossinsellauf.de/;marathon.de;https://www.marathon.de/kategorien/2232d51c55.jpg
Sababurger Tierparklauf;Running;21.06.2026;Hofgeismar-Sababurg;Germany;Hofgeismar-Sababurg, Germany;51.4972178;9.4280731;5 km / 10 km / 21 km;Imported from marathon.de running calendar. Source listing: https://www.marathon.de/laufevent/sababurger-tierparklauf/;https://www.tierparklauf.de/;marathon.de;https://www.marathon.de/kategorien/2232d51c55.jpg
Mittsommernachtslauf Hannover;Running;26.06.2026;Hannover;Germany;Hannover, Germany;52.3744779;9.7385532;8 km / 21 km / 23 km;Imported from marathon.de running calendar. Source listing: https://www.marathon.de/laufevent/mittsommernachtslauf-hannover/;https://www.mittsommernachtslauf-hannover.de/;marathon.de;https://www.marathon.de/kategorien/2232d51c55.jpg
Montafon Arlberg Marathon;Running;27.06.2026;St. Anton am Arlberg;Austria;St. Anton am Arlberg, Austria;47.1288996;10.2663669;15 km / 33 km / 42 km;Imported from marathon.de running calendar. Source listing: https://www.marathon.de/laufevent/montafon-arlberg-marathon/;https://www.montafon.at/montafon-arlberg-marathon/de;marathon.de;https://www.marathon.de/logos/montafon-arlberg-marathon.jpg
Swiss Irontrail;Ultramarathon;27.06.2026;Savognin;Switzerland;Savognin, Switzerland;46.5969026;9.5980124;20 km / 22 km / 55 km / 78 km;Imported from marathon.de running calendar. Source listing: https://www.marathon.de/laufevent/swiss-irontrail/;https://www.irontrail.ch/;marathon.de;https://www.marathon.de/logos/swiss-irontrail.jpg
Remmers-Hasetal Marathon;Running;27.06.2026;Löningen;Germany;Löningen, Germany;52.7363493;7.7570655;5 km / 10 km / 21 km / 42 km;Imported from marathon.de running calendar.;https://www.hasetal-marathon.de/;marathon.de;https://www.marathon.de/logos/remmers-hasetal-marathon.jpg
Losheimer Trailfest;Ultramarathon;27.06.2026;Losheim am See;Germany;Losheim am See, Germany;49.5082531;6.7447054;12 km / 24 km / 47 km / 77 km;Imported from marathon.de running calendar. Source listing: https://www.marathon.de/laufevent/losheimer-trailfest/;https://trailfest.de/;marathon.de;https://www.marathon.de/logos/losheimer-trailfest.jpg
Crailsheimer Halbmarathon;Running;27.06.2026;Crailsheim;Germany;Crailsheim, Germany;49.1365626;10.0720195;11 km / 21 km;Imported from marathon.de running calendar. Source listing: https://www.marathon.de/laufevent/crailsheimer-halbmarathon/;https://syntegon-burgberglauf.de/;marathon.de;https://www.marathon.de/kategorien/2232d51c55.jpg
B. BRAUN Marathon;Running;28.06.2026;Tuttlingen;Germany;Tuttlingen, Germany;47.9844315;8.8186606;5 km / 10 km / 21 km / 42 km;Imported from marathon.de running calendar. Source listing: https://www.marathon.de/laufevent/donautal-marathon/;https://www.runundfun.de/wettbewerbe/aesculap-donautal-marathon/;marathon.de;https://www.marathon.de/kategorien/9df6b59342.jpg
Marburger Nachtmarathon;Running;03.07.2026;Marburg;Germany;Marburg, Germany;50.8090106;8.7704695;21 km / 42 km;Imported from marathon.de running calendar. Source listing: https://www.marathon.de/laufevent/marburger-nachtmarathon/;https://www.ultra-marburg.de/nachtmarathon;marathon.de;https://www.marathon.de/kategorien/9df6b59342.jpg
Bernina Gletschermarathon;Running;03.07.2026;Pontresina;Switzerland;Pontresina, Switzerland;46.489993;9.9042965;42 km;Imported from marathon.de running calendar. Source listing: https://www.marathon.de/laufevent/bernina-gletschermarathon/;https://bernina.ultraks.com/;marathon.de;https://www.marathon.de/logos/bernina-ultraks.jpg
Gornergrat Zermatt Marathon;Ultramarathon;04.07.2026;St. Niklaus;Switzerland;St. Niklaus, Switzerland;46.177002;7.802516;21 km / 22 km / 42 km / 46 km;Imported from marathon.de running calendar. Source listing: https://www.marathon.de/laufevent/zermatt-marathon/;https://www.zermattmarathon.ch/;marathon.de;https://www.marathon.de/logos/zermatt-marathon.jpg
Bremer Brückenlauf;Running;04.07.2026;Bremen;Germany;Bremen, Germany;53.0758196;8.8071646;5 km / 10 km / 21 km;Imported from marathon.de running calendar. Source listing: https://www.marathon.de/laufevent/bremer-brueckenlauf/;https://bremer-brueckenlauf.de/;marathon.de;https://www.marathon.de/kategorien/2232d51c55.jpg
Fichtelgebirgsmarathon;Running;04.07.2026;Bad Alexandersbad;Germany;Bad Alexandersbad, Germany;50.0110866;12.0241501;10 km / 21 km / 42 km;Imported from marathon.de running calendar.;https://www.marathon.de/laufevent/fichtelgebirgsmarathon/;marathon.de;https://www.marathon.de/logos/fichtelgebirgsmarathon.jpg
Schweriner Fünf-Seen-Lauf;Running;04.07.2026;Schwerin;Germany;Schwerin, Germany;53.6288297;11.4148038;5 km / 10 km / 15 km / 21 km;Imported from marathon.de running calendar. Source listing: https://www.marathon.de/laufevent/schweriner-fuenf-seen-lauf/;https://www.fuenf-seen-lauf.de/;marathon.de;https://www.marathon.de/kategorien/2232d51c55.jpg
Küstenkanallauf;Running;04.07.2026;Friesoythe/Kampe;Germany;Friesoythe/Kampe, Germany;53.0847318;7.854147;6 km / 11 km / 22 km;Imported from marathon.de running calendar. Source listing: https://www.marathon.de/laufevent/kuestenkanallauf/;https://www.kc-ikenbruegge.de/;marathon.de;https://www.marathon.de/kategorien/2232d51c55.jpg
Wilhelmsfelder Kerwelauf;Running;05.07.2026;Wilhelmsfeld;Germany;Wilhelmsfeld, Germany;49.4626013;8.7632568;6 km / 10 km / 21 km;Imported from marathon.de running calendar. Source listing: https://www.marathon.de/laufevent/wilhelmsfelder-kerwelauf/;https://kerwelauf.de/;marathon.de;https://www.marathon.de/kategorien/2232d51c55.jpg
SportScheck RUN München;Running;05.07.2026;München;Germany;München, Germany;48.1371079;11.5753822;5 km / 10 km / 21 km;Imported from marathon.de running calendar. Source listing: https://www.marathon.de/laufevent/sportscheck-run-muenchen/;https://www.sportscheck.com/erlebnisse/run/;marathon.de;https://www.marathon.de/logos/sportscheck-run-muenchen.jpg
Gletschermarathon Pitztal;Running;05.07.2026;St. Leonhard;Austria;St. Leonhard, Austria;47.0682874;15.4563438;6 km / 21 km / 42 km;Imported from marathon.de running calendar. Source listing: https://www.marathon.de/laufevent/gletschermarathon-pitztal/;http://gletschermarathon.at/;marathon.de;https://www.marathon.de/logos/gletschermarathon-pitztal.jpg
Eselsburger-Tal-Lauf;Running;05.07.2026;Herbrechtingen;Germany;Herbrechtingen, Germany;48.6226932;10.1761696;5 km / 10 km / 21 km;Imported from marathon.de running calendar. Source listing: https://www.marathon.de/laufevent/eselsburger-tal-lauf/;https://www.lauftreff-herbrechtingen.de/;marathon.de;https://www.marathon.de/kategorien/2232d51c55.jpg
Roruper Abendlauf;Running;10.07.2026;Dülmen-Rorup;Germany;Dülmen-Rorup, Germany;51.8283677;7.2791406;3 km / 10 km / 21 km;Imported from marathon.de running calendar. Source listing: https://www.marathon.de/laufevent/roruper-abendlauf/;https://www.rorup.net/lauftreff/;marathon.de;https://www.marathon.de/kategorien/2232d51c55.jpg
Silvrettatrailrun 3000;Running;10.07.2026;Ischgl;Austria;Ischgl, Austria;47.0120228;10.2913166;11 km / 19 km / 30 km / 40 km;Imported from marathon.de running calendar. Source listing: https://www.marathon.de/laufevent/silvrettarun/;https://www.paznaun-ischgl.com/de/Live-Info-Events/Top-Events/Silvrettarun-3000;marathon.de;https://www.marathon.de/kategorien/06527d7ce5.jpg
Bad Buchauer Stadtlauf mit Halbmarathon;Running;11.07.2026;Bad Buchau;Germany;Bad Buchau, Germany;48.0655836;9.6097541;5 km / 8 km / 21 km;Imported from marathon.de running calendar. Source listing: https://www.marathon.de/laufevent/stadtlauf-bad-buchau/;https://www.svbadbuchau.de/stadtlauf/;marathon.de;https://www.marathon.de/kategorien/2232d51c55.jpg
Ermstal-Marathon;Running;12.07.2026;Metzingen;Germany;Metzingen, Germany;48.5397247;9.2831201;8 km / 10 km / 21 km / 42 km;Imported from marathon.de running calendar.;https://www.marathon.de/laufevent/ermstal-marathon/;marathon.de;https://www.marathon.de/kategorien/9df6b59342.jpg
Gletscher Trailrun;Ultramarathon;16.07.2026;Obergurgl;Austria;Obergurgl, Austria;46.8711626;11.0282497;14 km / 26 km / 42 km / 62 km;Imported from marathon.de running calendar. Source listing: https://www.marathon.de/laufevent/gletscher-trailrun/;https://www.oetztal-trailrunning.at/;marathon.de;https://www.marathon.de/logos/oetztal-trailrunning.jpg
Heizomat Altmühlseelauf;Running;18.07.2026;Gunzenhausen;Germany;Gunzenhausen, Germany;49.1161362;10.7406852;7 km / 21 km;Imported from marathon.de running calendar. Source listing: https://www.marathon.de/laufevent/altmuehlseelauf/;https://www.altmuehlseelauf.de/;marathon.de;https://www.marathon.de/kategorien/2232d51c55.jpg
Maintal Ultratrail;Ultramarathon;18.07.2026;Veitshöchheim;Germany;Veitshöchheim, Germany;49.8408582;9.8889132;13 km / 30 km / 64 km;Imported from marathon.de running calendar. Source listing: https://www.marathon.de/laufevent/maintal-ultratrail/;https://www.mtut.de/;marathon.de;https://www.marathon.de/logos/maintal-ultratrail.jpg
Heumadener Volkslauf;Running;19.07.2026;Stuttgart;Germany;Stuttgart, Germany;48.7784485;9.1800132;6 km / 10 km / 21 km;Imported from marathon.de running calendar. Source listing: https://www.marathon.de/laufevent/heumadener-volkslauf/;https://www.tsv-heumaden.de/veranstaltungen/heumadener-volkslauf;marathon.de;https://www.marathon.de/kategorien/2232d51c55.jpg
Grossglockner ULTRA-TRAIL;Ultramarathon;23.07.2026;Kaprun;Austria;Kaprun, Austria;47.2713898;12.7573679;14 km / 37 km / 57 km / 84 km;Imported from marathon.de running calendar. Source listing: https://www.marathon.de/laufevent/grossglockner-ultra-trail/;https://www.ultratrail.at/;marathon.de;https://www.marathon.de/kategorien/06527d7ce5.jpg
Davos X-Trails;Ultramarathon;24.07.2026;Davos;Switzerland;Davos, Switzerland;46.796198;9.8236892;10 km / 23 km / 43 km / 68 km;Imported from marathon.de running calendar. Source listing: https://www.marathon.de/laufevent/davos-x-trails/;https://www.davos-xtrails.ch/;marathon.de;https://www.marathon.de/logos/davos-xtrails.jpg
Königsschlösser Marathon;Running;25.07.2026;Füssen;Germany;Füssen, Germany;47.5675998;10.6993217;10 km / 21 km / 42 km;Imported from marathon.de running calendar. Source listing: https://www.marathon.de/laufevent/koenigsschloesser-marathon/;https://www.laufwochenende-fuessen.de/;marathon.de;https://www.marathon.de/kategorien/9df6b59342.jpg
Rheingauer Halbmarathon;Running;26.07.2026;Oestrich-Winkel;Germany;Oestrich-Winkel, Germany;50.0071863;8.0167585;5 km / 10 km / 21 km;Imported from marathon.de running calendar. Source listing: https://www.marathon.de/laufevent/rheingauer-halbmarathon/;https://www.rieslinglauf.de/;marathon.de;https://www.marathon.de/kategorien/2232d51c55.jpg
Altmühl-Jura Halbmarathon;Running;26.07.2026;Greding;Germany;Greding, Germany;49.0666571;11.3398301;5 km / 10 km / 21 km;Imported from marathon.de running calendar. Source listing: https://www.marathon.de/laufevent/altmuehl-jura-halbmarathon/;https://www.greding.de/aj-halbmarathon/;marathon.de;https://www.marathon.de/kategorien/2232d51c55.jpg
Wallenstein Halbmarathon;Running;26.07.2026;Altdorf;Germany;Altdorf, Germany;49.2863021;8.2164153;12 km / 21 km;Imported from marathon.de running calendar. Source listing: https://www.marathon.de/laufevent/wallenstein-halbmarathon/;https://tv1881altdorf.de/;marathon.de;https://www.marathon.de/kategorien/2232d51c55.jpg
Ottonenlauf;Ultramarathon;01.08.2026;Alexisbad;Germany;Alexisbad, Germany;51.6499442;11.1165337;26 km / 45 km / 69 km;Imported from marathon.de running calendar. Source listing: https://www.marathon.de/laufevent/ottonenlauf/;https://www.ottonenlauf.info/;marathon.de;https://www.marathon.de/kategorien/b8921e67a0.jpg
hella Marathon Rostock;Running;01.08.2026;Rostock;Germany;Rostock, Germany;54.0886707;12.1400211;7 km / 21 km / 42 km;Imported from marathon.de running calendar. Source listing: https://www.marathon.de/laufevent/marathon-rostock/;https://www.rostocker-marathon-nacht.com/;marathon.de;https://www.marathon.de/logos/hella-marathon.jpg
Kapellenlauf Vorra;Running;02.08.2026;Frensdorf;Germany;Frensdorf, Germany;49.8091858;10.8699018;10 km / 21 km;Imported from marathon.de running calendar. Source listing: https://www.marathon.de/laufevent/kapellenlauf-vorra/;https://www.laufclub-vorra.de/;marathon.de;https://www.marathon.de/kategorien/2232d51c55.jpg
Marathon rund um Wellen;Running;02.08.2026;Wellen;Germany;Wellen, Germany;49.6692928;6.4334568;5 km / 11 km / 21 km / 42 km;Imported from marathon.de running calendar.;https://www.marathon.de/laufevent/marathon-rund-um-wellen/;marathon.de;https://www.marathon.de/kategorien/9df6b59342.jpg
Monschau Marathon;Ultramarathon;07.08.2026;Konzen;Germany;Konzen, Germany;50.5857941;6.2548231;42 km / 56 km / 70 km;Imported from marathon.de running calendar.;https://www.monschau-marathon.de/;marathon.de;https://www.marathon.de/logos/monschau-marathon.jpg
Gondo Marathon;Ultramarathon;08.08.2026;Gondo;Switzerland;Gondo, Switzerland;46.1958512;8.1399499;28 km / 42 km / 84 km;Imported from marathon.de running calendar. Source listing: https://www.marathon.de/laufevent/gondo-marathon/;https://www.gondo-marathon.ch/de/;marathon.de;https://www.marathon.de/logos/gondo-marathon.jpg
Allgäuer Panorama Marathon;Running;09.08.2026;Sonthofen;Germany;Sonthofen, Germany;47.5056059;10.2994096;5 km / 18 km / 21 km / 42 km;Imported from marathon.de running calendar.;https://www.allgaeuer-panorama-marathon.de/;marathon.de;https://www.marathon.de/logos/allgaeu-panorama-marathon.jpg
Stadtwerke-Europalauf;Running;09.08.2026;Neustadt in Holstein;Germany;Neustadt in Holstein, Germany;54.1029898;10.8186738;5 km / 10 km / 21 km;Imported from marathon.de running calendar. Source listing: https://www.marathon.de/laufevent/stadtwerke-europalauf/;https://www.tsv-neustadt-europalauf.de/;marathon.de;https://www.marathon.de/kategorien/2232d51c55.jpg
Helsinki Marathon;Running;22.08.2026;Helsinki;Finland;Helsinki, Finland;60.1666204;24.9435408;10 km / 21 km / 42 km;Imported from marathon.de running calendar. Source listing: https://www.marathon.de/laufevent/helsinki-marathon/;https://www.helsinkimarathon.fi/;marathon.de;https://www.marathon.de/logos/helsinki-marathon.jpg
Reykjavik Marathon;Running;22.08.2026;Reykjavik;Iceland;Reykjavik, Iceland;64.145981;-21.9422367;10 km / 21 km / 42 km;Imported from marathon.de running calendar. Source listing: https://www.marathon.de/laufevent/reykjavik-marathon/;https://www.rmi.is/;marathon.de;https://www.marathon.de/kategorien/9df6b59342.jpg
Hiltruper Halbmarathon;Running;23.08.2026;Münster;Germany;Münster, Germany;51.9625101;7.6251879;21 km;Imported from marathon.de running calendar. Source listing: https://www.marathon.de/laufevent/hiltruper-halbmarathon/;https://www.tus-hiltrup.de/;marathon.de;https://www.marathon.de/kategorien/2232d51c55.jpg
FlorSTADT Halbmarathon;Running;23.08.2026;Florstadt;Germany;Florstadt, Germany;50.3200881;8.9050064;5 km / 10 km / 21 km;Imported from marathon.de running calendar. Source listing: https://www.marathon.de/laufevent/florstadt-halbmarathon/;https://ltflorstadt.de/halbmarathon;marathon.de;https://www.marathon.de/kategorien/2232d51c55.jpg
Rosengartenlauf;Ultramarathon;23.08.2026;Rosengarten-Vahrendorf;Germany;Rosengarten-Vahrendorf, Germany;53.3983771;9.9048979;5 km / 10 km / 21 km / 50 km;Imported from marathon.de running calendar. Source listing: https://www.marathon.de/laufevent/rosengartenlauf/;https://rosengartenlauf.de/;marathon.de;https://www.marathon.de/kategorien/2232d51c55.jpg
Hofmühl-Volksfest Halbmarathon;Running;30.08.2026;Eichstätt;Germany;Eichstätt, Germany;48.8863328;11.1989396;11 km / 21 km;Imported from marathon.de running calendar. Source listing: https://www.marathon.de/laufevent/hofmuehl-volksfest-halbmarathon/;https://www.sv-marienstein.de/;marathon.de;https://www.marathon.de/kategorien/2232d51c55.jpg
Burgwald Märchen Marathon;Running;30.08.2026;Rauschenberg;Germany;Rauschenberg, Germany;50.9089878;8.8864674;5 km / 10 km / 21 km / 32 km;Imported from marathon.de running calendar. Source listing: https://www.marathon.de/laufevent/burgwald-maerchen-marathon/;https://bmm-rauschenberg.de/;marathon.de;https://www.marathon.de/kategorien/9df6b59342.jpg
Kleine Zeitung Wörthersee Halbmarathon;Running;30.08.2026;Klagenfurt;Austria;Klagenfurt, Austria;46.623943;14.3075976;10 km / 21 km;Imported from marathon.de running calendar. Source listing: https://www.marathon.de/laufevent/woerthersee-halbmarathon/;https://www.kaerntenlaeuft.at/;marathon.de;https://www.marathon.de/logos/woerthersee-halbmarathon.jpg
Lahnparklauf;Running;30.08.2026;Wetzlar;Germany;Wetzlar, Germany;50.570561;8.531245;5 km / 10 km / 21 km / 30 km;Imported from marathon.de running calendar. Source listing: https://www.marathon.de/laufevent/lahnparklauf/;https://team-naunheim.com/lahnparklauf/;marathon.de;https://www.marathon.de/kategorien/2232d51c55.jpg
Tharandter-Wald-Lauf;Running;30.08.2026;Hartha;Germany;Hartha, Germany;51.0984539;12.9715576;5 km / 10 km / 21 km / 30 km;Imported from marathon.de running calendar. Source listing: https://www.marathon.de/laufevent/tharandter-wald-lauf/;https://tharandterwaldlauf.wordpress.com/;marathon.de;https://www.marathon.de/kategorien/2232d51c55.jpg
Eilenriederennen Hannover;Running;30.08.2026;Hannover;Germany;Hannover, Germany;52.3744779;9.7385532;5 km / 10 km / 21 km;Imported from marathon.de running calendar. Source listing: https://www.marathon.de/laufevent/eilenriederennen-hannover/;https://www.eilenriederennen.de/;marathon.de;https://www.marathon.de/kategorien/2232d51c55.jpg
Koberstädter Waldmarathon;Running;30.08.2026;Egelsbach;Germany;Egelsbach, Germany;49.9668352;8.6659289;10 km / 21 km;Imported from marathon.de running calendar.;https://www.marathon.de/laufevent/koberstaedter-waldmarathon/;marathon.de;https://www.marathon.de/logos/koberstaedter-waldmarathon.jpg
Jungfrau Marathon;Running;04.09.2026;Interlaken;Switzerland;Interlaken, Switzerland;46.6855231;7.8585139;42 km;Imported from marathon.de running calendar. Source listing: https://www.marathon.de/laufevent/jungfrau-marathon/;https://www.jungfrau-marathon.ch/de/index.html;marathon.de;https://www.marathon.de/logos/jungfrau-marathon.jpg
Fehmarn Marathon;Running;05.09.2026;Fehmarn;Germany;Fehmarn, Germany;54.4685201;11.1342465;5 km / 11 km / 21 km / 42 km;Imported from marathon.de running calendar.;https://www.fehmarn-marathon.de/;marathon.de;https://www.marathon.de/kategorien/9df6b59342.jpg
Torlauf Dachstein;Running;05.09.2026;Ramsau am Dachstein;Austria;Ramsau am Dachstein, Austria;47.4217532;13.6531171;10 km / 21 km / 42 km;Imported from marathon.de running calendar. Source listing: https://www.marathon.de/laufevent/torlauf-dachstein/;https://www.torlauf-dachstein.info/;marathon.de;https://www.marathon.de/logos/torlauf-dachstein.jpg
Borkumer Meilenlauf;Running;05.09.2026;Borkum;Germany;Borkum, Germany;53.5862669;6.6917449;5 km / 10 km;Imported from marathon.de running calendar. Source listing: https://www.marathon.de/laufevent/borkumer-meilenlauf/;https://www.borkumer-meilenlauf.de/;marathon.de;https://www.marathon.de/kategorien/9d67eb951b.jpg
Usedom Marathon;Running;05.09.2026;Wolgast;Germany;Wolgast, Germany;54.0536473;13.7757809;21 km / 42 km;Imported from marathon.de running calendar. Source listing: https://www.marathon.de/laufevent/usedom-marathon/;https://usedom-marathon.com/;marathon.de;https://www.marathon.de/logos/usedom-marathon.jpg
Steinhuder-Meer-Lauf;Running;05.09.2026;Neustadt am Rübenberge;Germany;Neustadt am Rübenberge, Germany;52.5045772;9.4616921;5 km / 10 km / 21 km;Imported from marathon.de running calendar. Source listing: https://www.marathon.de/laufevent/steinhuder-meer-lauf/;http://www.tsv-poggenhagen1946.de/;marathon.de;https://www.marathon.de/kategorien/2232d51c55.jpg
Stadtwerke Halbmarathon Bochum;Running;06.09.2026;Bochum;Germany;Bochum, Germany;51.4818111;7.2196635;5 km / 10 km / 21 km;Imported from marathon.de running calendar.;https://www.stadtwerke-halbmarathon.de/;marathon.de;https://www.marathon.de/kategorien/2232d51c55.jpg
BORSIG Halbmarathon;Running;06.09.2026;Berlin;Germany;Berlin, Germany;52.5173885;13.3951309;5 km / 10 km / 21 km;Imported from marathon.de running calendar.;https://www.marathon.de/laufevent/berlin-halbmarathon/;marathon.de;https://www.marathon.de/kategorien/2232d51c55.jpg
Wardenburger Sommerlauf;Running;06.09.2026;Wardenburg;Germany;Wardenburg, Germany;53.0645396;8.1925341;5 km / 10 km;Imported from marathon.de running calendar. Source listing: https://www.marathon.de/laufevent/wardenburger-sommerlauf/;http://www.wardenburger-sommerlauf.de/;marathon.de;https://www.marathon.de/kategorien/9d67eb951b.jpg
Flensburg liebt dich Marathon;Running;06.09.2026;Flensburg;Germany;Flensburg, Germany;54.7833021;9.4333264;5 km / 10 km / 21 km / 42 km;Imported from marathon.de running calendar.;https://www.flensburg-marathon.de/;marathon.de;https://www.marathon.de/logos/flensburg-marathon.jpg
Fränkische Schweiz Marathon;Running;06.09.2026;Ebermannstadt;Germany;Ebermannstadt, Germany;49.7802113;11.1875112;10 km / 21 km / 42 km;Imported from marathon.de running calendar.;https://www.fs-marathon.de/;marathon.de;https://www.marathon.de/logos/fraenkische-schweiz-marathon.jpg
City Marathon Bremerhaven;Running;06.09.2026;Bremerhaven;Germany;Bremerhaven, Germany;53.5505392;8.5851945;7 km / 10 km / 21 km / 42 km;Imported from marathon.de running calendar.;https://www.bremerhaven-marathon.de/;marathon.de;https://www.marathon.de/kategorien/9df6b59342.jpg
Schapener Volkslauf;Running;06.09.2026;Braunschweig;Germany;Braunschweig, Germany;52.2646577;10.5236066;6 km / 10 km / 21 km;Imported from marathon.de running calendar. Source listing: https://www.marathon.de/laufevent/schapener-volkslauf/;https://www.volkslauf-schapen.de/;marathon.de;https://www.marathon.de/kategorien/2232d51c55.jpg
Fulda Marathon;Running;06.09.2026;Fulda;Germany;Fulda, Germany;50.5514658;9.6762161;5 km / 10 km / 21 km;Imported from marathon.de running calendar.;https://www.marathon.de/laufevent/fulda-marathon/;marathon.de;https://www.marathon.de/logos/fulda-marathon.jpg
Sachsenwaldlauf;Running;06.09.2026;Schwarzenbek;Germany;Schwarzenbek, Germany;53.503122;10.4785643;3 km / 5 km / 10 km / 21 km;Imported from marathon.de running calendar. Source listing: https://www.marathon.de/laufevent/sachsenwaldlauf/;https://www.sachsenwaldlauf.de/;marathon.de;https://www.marathon.de/kategorien/2232d51c55.jpg
10 Teiche Marathon;Running;12.09.2026;Hahnenklee;Germany;Hahnenklee, Germany;51.8602508;10.3384485;5 km / 11 km / 21 km / 42 km;Imported from marathon.de running calendar. Source listing: https://www.marathon.de/laufevent/10-teiche-marathon/;https://www.harzer-wanderwochen.de/10-teiche-marathon;marathon.de;https://www.marathon.de/kategorien/9df6b59342.jpg
Südthüringentrail;Ultramarathon;12.09.2026;Suhl;Germany;Suhl, Germany;50.6086518;10.6926437;17 km / 48 km / 65 km;Imported from marathon.de running calendar. Source listing: https://www.marathon.de/laufevent/suedthueringentrail/;https://www.suedthueringen-trail.de/;marathon.de;https://www.marathon.de/kategorien/06527d7ce5.jpg
Erfurt Marathon;Running;12.09.2026;Erfurt;Germany;Erfurt, Germany;50.9777974;11.0287364;21 km / 42 km;Imported from marathon.de running calendar.;https://www.erfurt-marathon.de/;marathon.de;https://www.marathon.de/kategorien/9df6b59342.jpg
Pfälzerwald Marathon;Running;12.09.2026;Pirmasens;Germany;Pirmasens, Germany;49.1996961;7.6087847;21 km / 42 km;Imported from marathon.de running calendar.;https://www.pfaelzerwald-marathon.de/;marathon.de;https://www.marathon.de/kategorien/9df6b59342.jpg
swb Bremen Marathon;Running;13.09.2026;Bremen;Germany;Bremen, Germany;53.0758196;8.8071646;10 km / 21 km / 42 km;Imported from marathon.de running calendar. Source listing: https://www.marathon.de/laufevent/bremen-marathon/;https://swb-marathon.com/;marathon.de;https://www.marathon.de/kategorien/9df6b59342.jpg
Kiel Lauf;Running;13.09.2026;Kiel;Germany;Kiel, Germany;54.3227085;10.135555;5 km / 10 km / 21 km;Imported from marathon.de running calendar. Source listing: https://www.marathon.de/laufevent/kiel-lauf/;https://www.kiellauf.de/;marathon.de;https://www.marathon.de/kategorien/2232d51c55.jpg
Friedberger Halbmarathon;Running;13.09.2026;Friedberg i.Bayern;Germany;Friedberg i.Bayern, Germany;48.3551962;10.9786498;21 km;Imported from marathon.de running calendar. Source listing: https://www.marathon.de/laufevent/friedberger-halbmarathon/;https://www.halbmarathon-friedberg.de/;marathon.de;https://www.marathon.de/logos/friedberger-halbmarathon.jpg
Wormser Nibelungenlauf;Running;13.09.2026;Worms;Germany;Worms, Germany;49.6302618;8.3620898;5 km / 10 km / 21 km;Imported from marathon.de running calendar. Source listing: https://www.marathon.de/laufevent/wormser-nibelungenlauf/;https://nibelungenlauf.de/;marathon.de;https://www.marathon.de/kategorien/2232d51c55.jpg
ebm-papst Marathon;Running;13.09.2026;Niedernhall;Germany;Niedernhall, Germany;49.294729;9.61617;5 km / 10 km / 21 km / 42 km;Imported from marathon.de running calendar.;https://www.ebmpapst-marathon.de/;marathon.de;https://www.marathon.de/logos/ebm-papst-marathon.jpg
wep-Strom Lauf;Running;13.09.2026;Hückelhoven;Germany;Hückelhoven, Germany;51.0552368;6.2247322;5 km / 10 km / 21 km / 42 km;Imported from marathon.de running calendar. Source listing: https://www.marathon.de/laufevent/wep-strom-lauf/;http://www.wepstrom-lauf.de/;marathon.de;https://www.marathon.de/kategorien/9df6b59342.jpg
Miltenberger Landkreis-Lauftag;Running;13.09.2026;Elsenfeld;Germany;Elsenfeld, Germany;49.8473123;9.1618537;3 km / 10 km / 21 km;Imported from marathon.de running calendar. Source listing: https://www.marathon.de/laufevent/miltenberger-landkreis-lauftag/;https://lauftag.landkreis-miltenberg.de/;marathon.de;https://www.marathon.de/kategorien/2232d51c55.jpg
Wachau Marathon;Running;13.09.2026;Krems;Austria;Krems, Austria;48.4108382;15.6003717;11 km / 21 km / 42 km;Imported from marathon.de running calendar. Source listing: https://www.marathon.de/laufevent/wachau-marathon/;https://www.wachaumarathon.com/;marathon.de;https://www.marathon.de/logos/wachau-marathon.jpg
Kassel Marathon;Running;18.09.2026;Kassel;Germany;Kassel, Germany;51.3157833;9.4978479;21 km / 42 km;Imported from marathon.de running calendar.;https://www.marathon.de/laufevent/kassel-marathon/;marathon.de;https://www.marathon.de/logos/kassel-marathon.jpg
Brauereienlauf;Running;19.09.2026;Litzendorf;Germany;Litzendorf, Germany;49.9123064;11.0096505;10 km / 21 km;Imported from marathon.de running calendar. Source listing: https://www.marathon.de/laufevent/brauereienlauf/;https://brauereienlauf.de/;marathon.de;https://www.marathon.de/kategorien/2232d51c55.jpg
Bodensee Marathon;Running;19.09.2026;Kressbronn;Germany;Kressbronn, Germany;49.0655511;10.1378705;10 km / 21 km / 42 km;Imported from marathon.de running calendar.;https://www.bodensee-marathon.de/;marathon.de;https://www.marathon.de/logos/bodensee-marathon.jpg
Seenlandmarathon;Running;19.09.2026;Pleinfeld;Germany;Pleinfeld, Germany;49.1053751;10.98564;5 km / 21 km / 42 km;Imported from marathon.de running calendar.;https://www.seenlandmarathon.de/;marathon.de;https://www.marathon.de/logos/seenlandmarathon.jpg
Drei-Talsperren Marathon;Running;19.09.2026;Eibenstock;Germany;Eibenstock, Germany;50.4725811;12.6117135;8 km / 21 km / 42 km;Imported from marathon.de running calendar.;https://www.marathon.de/laufevent/drei-talsperren-marathon/;marathon.de;https://www.marathon.de/kategorien/9df6b59342.jpg
Sparkassen - Küstenmarathon;Running;20.09.2026;Otterndorf;Germany;Otterndorf, Germany;53.8073939;8.8956836;5 km / 10 km / 25 km / 42 km;Imported from marathon.de running calendar.;https://www.marathon.de/laufevent/kuestenmarathon/;marathon.de;https://www.marathon.de/kategorien/9df6b59342.jpg
PSD Bank Halbmarathon Hamburg;Running;20.09.2026;Hamburg;Germany;Hamburg, Germany;53.5501721;10.0013165;21 km;Imported from marathon.de running calendar. Source listing: https://www.marathon.de/laufevent/halbmarathon-hamburg/;https://www.halb-marathon.hamburg/;marathon.de;https://www.marathon.de/logos/hamburg-halbmarathon.jpg
Halbmarathon Altötting;Running;20.09.2026;Altötting;Germany;Altötting, Germany;48.2268085;12.6757914;6 km / 21 km;Imported from marathon.de running calendar.;https://www.marathon.de/laufevent/halbmarathon-altoettingen/;marathon.de;https://www.marathon.de/logos/halbmarathon-altoetting.jpg
Reichenau Halbmarathon;Running;20.09.2026;Reichenau;Germany;Reichenau, Germany;47.6956373;9.0592022;10 km / 21 km;Imported from marathon.de running calendar. Source listing: https://www.marathon.de/laufevent/reichenau-halbmarathon/;https://www.sv-reichenau-leichtathletik.de/;marathon.de;https://www.marathon.de/kategorien/2232d51c55.jpg
Baden Marathon Karlsruhe;Running;20.09.2026;Karlsruhe;Germany;Karlsruhe, Germany;49.0068705;8.4034195;14 km / 21 km / 42 km;Imported from marathon.de running calendar.;https://www.badenmarathon.de/;marathon.de;https://www.marathon.de/logos/baden-marathon.jpg
Schuster Tegernseelauf;Running;20.09.2026;Gmund am Tegernsee;Germany;Gmund am Tegernsee, Germany;47.750822;11.738955;5 km / 10 km / 21 km;Imported from marathon.de running calendar. Source listing: https://www.marathon.de/laufevent/tegernseelauf/;https://www.tegernseelauf.de/;marathon.de;https://www.marathon.de/kategorien/2232d51c55.jpg
Kieler Förde Marathon;Running;20.09.2026;Kiel;Germany;Kiel, Germany;54.3227085;10.135555;42 km;Imported from marathon.de running calendar. Source listing: https://www.marathon.de/laufevent/kieler-foerde-marathon/;https://www.ltvkiel-ost.de/kieler-f%C3%B6rde-marathon;marathon.de;https://www.marathon.de/logos/kieler-foerde-marathon.jpg
Trail Marathon Heidelberg;Ultramarathon;20.09.2026;Heidelberg;Germany;Heidelberg, Germany;49.4093582;8.694724;20 km / 30 km / 45 km;Imported from marathon.de running calendar. Source listing: https://www.marathon.de/laufevent/trail-marathon-heidelberg/;https://www.trailmarathon-heidelberg.de/;marathon.de;https://www.marathon.de/kategorien/06527d7ce5.jpg
Altstadtlauf Salzwedel;Running;20.09.2026;Salzwedel;Germany;Salzwedel, Germany;52.8528456;11.1539699;5 km / 10 km / 21 km;Imported from marathon.de running calendar. Source listing: https://www.marathon.de/laufevent/altstadtlauf-salzwedel/;https://www.altstadtlauf-salzwedel.de/;marathon.de;https://www.marathon.de/kategorien/2232d51c55.jpg
Bertlicher Strassenläufe;Running;27.09.2026;Herten-Bertlich;Germany;Herten-Bertlich, Germany;51.6149787;7.0680101;5 km / 8 km / 10 km / 15 km;Imported from marathon.de running calendar. Source listing: https://www.marathon.de/laufevent/bertlicher-strassenlaeufe/;http://www.sus-bertlich.de/la/;marathon.de;https://www.marathon.de/kategorien/9df6b59342.jpg
Einstein Marathon;Running;27.09.2026;Ulm;Germany;Ulm, Germany;48.3984968;9.9912458;5 km / 10 km / 21 km / 42 km;Imported from marathon.de running calendar.;https://www.einsteinmarathon.de/;marathon.de;https://www.marathon.de/logos/einstein-marathon.jpg
Kärntner Marathon;Ultramarathon;27.09.2026;Feldkirchen;Austria;Feldkirchen, Austria;46.7284183;14.0906473;11 km / 21 km / 42 km / 50 km;Imported from marathon.de running calendar. Source listing: https://www.marathon.de/laufevent/kaerntner-marathon/;https://www.internationaler-kaernten-marathon.at/;marathon.de;https://www.marathon.de/logos/kaerntner-marathon.jpg
Sparkassen Phoenix-Halbmarathon Dortmund;Running;03.10.2026;Dortmund;Germany;Dortmund, Germany;51.5142273;7.4652789;21 km;Imported from marathon.de running calendar.;https://www.marathon.de/laufevent/dortmund-halbmarathon/;marathon.de;https://www.marathon.de/logos/dortmund-halbmarathon.jpg
Taubertal 100;Ultramarathon;03.10.2026;Rothenburg ob der Tauber;Germany;Rothenburg ob der Tauber, Germany;49.3658042;10.1629182;50 km / 70 km / 100 km;Imported from marathon.de running calendar. Source listing: https://www.marathon.de/laufevent/taubertal100/;https://www.taubertal100.de/;marathon.de;https://www.marathon.de/kategorien/b8921e67a0.jpg
Aschaffenburger Sparkassen Halbmarathon;Running;04.10.2026;Aschaffenburg;Germany;Aschaffenburg, Germany;49.9706701;9.1384857;21 km;Imported from marathon.de running calendar. Source listing: https://www.marathon.de/laufevent/aschaffenburger-halbmarathon/;https://halbmarathon-aschaffenburg.de/;marathon.de;https://www.marathon.de/kategorien/2232d51c55.jpg
Mitteldeutscher Marathon;Running;04.10.2026;Halle;Germany;Halle, Germany;51.4824354;11.9712985;10 km / 21 km / 42 km;Imported from marathon.de running calendar.;https://www.mitteldeutscher-marathon.de/;marathon.de;https://www.marathon.de/logos/mitteldeutscher-marathon.jpg
Rügenbrücken Marathon;Running;10.10.2026;Stralsund;Germany;Stralsund, Germany;54.3096314;13.0820846;3 km / 6 km / 10 km / 21 km;Imported from marathon.de running calendar.;https://www.ruegenbrueckenmarathon.de/;marathon.de;https://www.marathon.de/logos/ruegenbruecken-marathon.jpg
Brocken Marathon;Running;10.10.2026;Wernigerode;Germany;Wernigerode, Germany;51.8344172;10.7862526;5 km / 11 km / 21 km / 25 km;Imported from marathon.de running calendar. Source listing: https://www.marathon.de/laufevent/brocken-marathon/;http://www.harz-gebirgslauf.de/;marathon.de;https://www.marathon.de/kategorien/9df6b59342.jpg
Schwarzwald Marathon;Running;10.10.2026;Bräunlingen;Germany;Bräunlingen, Germany;47.9300645;8.448329;5 km / 10 km / 21 km / 42 km;Imported from marathon.de running calendar.;https://www.schwarzwaldmarathon.de/;marathon.de;https://www.marathon.de/kategorien/9df6b59342.jpg
Lissabon Marathon;Running;10.10.2026;Lissabon;Portugal;Lissabon, Portugal;38.7077507;-9.1365919;8 km / 21 km / 42 km;Imported from marathon.de running calendar. Source listing: https://www.marathon.de/laufevent/lissabon-marathon/;https://maratonalisboa.com/;marathon.de;https://www.marathon.de/logos/lissabon-marathon.jpg
Kaisermarathon;Running;10.10.2026;Söll;Austria;Söll, Austria;47.5037676;12.1914903;42 km;Imported from marathon.de running calendar. Source listing: https://www.marathon.de/laufevent/kaisermarathon/;https://www.tourdetirol.com/;marathon.de;https://www.marathon.de/kategorien/9df6b59342.jpg
RIBE Citylauf Schwabach;Running;11.10.2026;Schwabach;Germany;Schwabach, Germany;49.3290521;11.0207677;5 km / 10 km / 21 km;Imported from marathon.de running calendar. Source listing: https://www.marathon.de/laufevent/citylauf-schwabach/;https://schwabacher-citylauf.de/;marathon.de;https://www.marathon.de/kategorien/2232d51c55.jpg
Bukarest Marathon;Running;11.10.2026;Bukarest;Romania;Bukarest, Romania;44.4361414;26.102684;10 km / 21 km / 42 km;Imported from marathon.de running calendar. Source listing: https://www.marathon.de/laufevent/bukarest-marathon/;https://bucharest-marathon.com/;marathon.de;https://www.marathon.de/kategorien/9df6b59342.jpg
Ascona-Locarno Run;Running;11.10.2026;Ascona;Switzerland;Ascona, Switzerland;46.1554222;8.7707865;5 km / 10 km / 21 km;Imported from marathon.de running calendar. Source listing: https://www.marathon.de/laufevent/ascona-locarno-run/;https://www.ascona-locarno-run.ch/;marathon.de;https://www.marathon.de/logos/ascona-halbmarathon.jpg
Eindhoven Marathon;Running;11.10.2026;Eindhoven;Netherlands;Eindhoven, Netherlands;51.4392648;5.478633;5 km / 10 km / 21 km / 42 km;Imported from marathon.de running calendar. Source listing: https://www.marathon.de/laufevent/eindhoven-marathon/;https://www.marathoneindhoven.org/;marathon.de;https://www.marathon.de/logos/eindhoven-marathon.jpg
Leipzig RUN;Running;11.10.2026;Leipzig;Germany;Leipzig, Germany;51.3406321;12.3747329;10 km / 21 km;Imported from marathon.de running calendar. Source listing: https://www.marathon.de/laufevent/leipzig-run/;https://www.maximalpuls.com/events/leipzig-run/;marathon.de;https://www.marathon.de/kategorien/2232d51c55.jpg
3-Länder Marathon;Running;11.10.2026;Bregenz;Austria;Bregenz, Austria;47.5025779;9.7472924;11 km / 21 km / 42 km;Imported from marathon.de running calendar. Source listing: https://www.marathon.de/laufevent/drei-laender-marathon/;https://www.sparkasse-3-laender-marathon.at/;marathon.de;https://www.marathon.de/logos/drei-laender-marathon.jpg
Budapest Marathon;Running;11.10.2026;Budapest;Hungary;Budapest, Hungary;47.4813896;19.1457723;14 km / 30 km / 42 km;Imported from marathon.de running calendar. Source listing: https://www.marathon.de/laufevent/budapest-marathon/;https://marathon.runinbudapest.com/;marathon.de;https://www.marathon.de/logos/budapest-marathon.jpg
Graz Marathon;Running;11.10.2026;Graz;Austria;Graz, Austria;47.0708678;15.4382786;10 km / 21 km / 42 km;Imported from marathon.de running calendar. Source listing: https://www.marathon.de/laufevent/graz-marathon/;https://www.grazmarathon.at/;marathon.de;https://www.marathon.de/logos/graz-marathon.jpg
Westenergie Marathon;Running;11.10.2026;Essen;Germany;Essen, Germany;51.4582235;7.0158171;17 km / 42 km;Imported from marathon.de running calendar.;https://www.marathon.de/laufevent/westenergie-marathon/;marathon.de;https://www.marathon.de/kategorien/9df6b59342.jpg
Marathon München by Brooks;Running;11.10.2026;München;Germany;München, Germany;48.1371079;11.5753822;10 km / 21 km / 42 km;Imported from marathon.de running calendar. Source listing: https://www.marathon.de/laufevent/muenchen-marathon/;https://marathonmuenchen.org/;marathon.de;https://www.marathon.de/kategorien/9df6b59342.jpg
Sparkassen-SAARathon;Running;11.10.2026;Saarbrücken;Germany;Saarbrücken, Germany;49.234362;6.996379;5 km / 10 km / 21 km / 42 km;Imported from marathon.de running calendar. Source listing: https://www.marathon.de/laufevent/saarbruecker-westspangenlauf/;https://www.westspangenlauf.de/;marathon.de;https://www.marathon.de/kategorien/9df6b59342.jpg
Falke Rothaarsteig Marathon;Running;17.10.2026;Fleckenberg;Germany;Fleckenberg, Germany;51.1325162;8.2623868;12 km / 21 km / 22 km / 42 km;Imported from marathon.de running calendar.;https://www.marathon.de/laufevent/rothaarsteig-marathon/;marathon.de;https://www.marathon.de/kategorien/9df6b59342.jpg
Hachenburg Löwen Marathon;Running;17.10.2026;Hachenburg;Germany;Hachenburg, Germany;50.6627538;7.8253173;6 km / 11 km / 21 km;Imported from marathon.de running calendar. Source listing: https://www.marathon.de/laufevent/hachenburg-loewen-marathon/;https://www.loewenlauf-hachenburg.de/;marathon.de;https://www.marathon.de/kategorien/2232d51c55.jpg
Salzkammergut Marathon;Running;17.10.2026;St. Wolfgang;Austria;St. Wolfgang, Austria;47.6104372;15.9973675;5 km / 10 km / 27 km / 42 km;Imported from marathon.de running calendar. Source listing: https://www.marathon.de/laufevent/salzkammergut-marathon/;http://www.wolfgangseelauf.at/;marathon.de;https://www.marathon.de/logos/salzkammergut-marathon.jpg
Palma Marathon;Running;18.10.2026;Palma de Mallorca;Spain;Palma de Mallorca, Spain;39.5695818;2.6500745;9 km / 21 km / 42 km;Imported from marathon.de running calendar. Source listing: https://www.marathon.de/laufevent/palma-marathon/;https://www.palmademallorcamarathon.com/;marathon.de;https://www.marathon.de/logos/palma-marathon.jpg
Lübeck Marathon;Running;18.10.2026;Lübeck;Germany;Lübeck, Germany;53.866444;10.684738;2 km / 4 km / 10 km / 21 km;Imported from marathon.de running calendar.;https://www.luebeck-marathon.de/;marathon.de;https://www.marathon.de/logos/luebeck-marathon.jpg
Bottwartal Marathon;Ultramarathon;18.10.2026;Steinheim;Germany;Steinheim, Germany;51.8660478;9.0942767;10 km / 21 km / 42 km / 54 km;Imported from marathon.de running calendar.;https://www.bottwartal-marathon.de/;marathon.de;https://www.marathon.de/logos/bottwartal-marathon.jpg
Filderstadt-Halbmarathon;Running;18.10.2026;Filderstadt;Germany;Filderstadt, Germany;48.6664;9.2199647;10 km / 21 km;Imported from marathon.de running calendar.;https://www.marathon.de/laufevent/filderstadt-halbmarathon/;marathon.de;https://www.marathon.de/kategorien/2232d51c55.jpg
Antwerpen Marathon;Running;18.10.2026;Antwerpen;Belgium;Antwerpen, Belgium;51.2211097;4.3997081;8 km / 21 km / 42 km;Imported from marathon.de running calendar. Source listing: https://www.marathon.de/laufevent/antwerpen-marathon/;https://antwerpmarathon.com/;marathon.de;https://www.marathon.de/kategorien/9df6b59342.jpg
Chiemgau Trail Run;Ultramarathon;24.10.2026;Marquartstein;Germany;Marquartstein, Germany;47.7608226;12.4604809;10 km / 21 km / 42 km / 60 km;Imported from marathon.de running calendar. Source listing: https://www.marathon.de/laufevent/chiemgau-trail-run/;https://chiemgau-trail-run.de/;marathon.de;https://www.marathon.de/kategorien/06527d7ce5.jpg
TCS Amsterdam Marathon;Running;25.10.2026;Amsterdam;Netherlands;Amsterdam, Netherlands;52.3730796;4.8924534;8 km / 21 km / 42 km;Imported from marathon.de running calendar. Source listing: https://www.marathon.de/laufevent/amsterdam-marathon/;https://www.tcsamsterdammarathon.eu/;marathon.de;https://www.marathon.de/logos/amsterdam-marathon.jpg
Swiss City Marathon Lucerne;Running;25.10.2026;Luzern;Switzerland;Luzern, Switzerland;47.052144;8.3058123;10 km / 21 km / 42 km;Imported from marathon.de running calendar. Source listing: https://www.marathon.de/laufevent/swiss-city-marathon-lucerne/;https://www.swisscitymarathon.ch/;marathon.de;https://www.marathon.de/logos/swiss-city-marathon-lucerne.jpg
Lausanne Marathon;Running;25.10.2026;Lausanne;Switzerland;Lausanne, Switzerland;46.5218269;6.6327025;10 km / 21 km / 42 km;Imported from marathon.de running calendar. Source listing: https://www.marathon.de/laufevent/lausanne-marathon/;https://de.lausanne-marathon.com/;marathon.de;https://www.marathon.de/logos/lausanne-marathon.jpg
Braunschweiger Lauftage;Running;25.10.2026;Braunschweig;Germany;Braunschweig, Germany;52.2646577;10.5236066;5 km / 10 km / 21 km;Imported from marathon.de running calendar. Source listing: https://www.marathon.de/laufevent/braunschweiger-lauftage/;http://www.braunschweiger-lauftage.de/;marathon.de;https://www.marathon.de/kategorien/2232d51c55.jpg
SportScheck RUN Nürnberg;Running;25.10.2026;Nürnberg;Germany;Nürnberg, Germany;49.453872;11.077298;6 km / 10 km / 21 km;Imported from marathon.de running calendar. Source listing: https://www.marathon.de/laufevent/sportscheck-run-nuernberg/;https://www.sportscheck.com/erlebnisse/run/;marathon.de;https://www.marathon.de/logos/sportscheck-run-nuernberg.jpg
Dresdner Marathon;Running;25.10.2026;Dresden;Germany;Dresden, Germany;51.0493286;13.7381437;4 km / 10 km / 21 km / 42 km;Imported from marathon.de running calendar. Source listing: https://www.marathon.de/laufevent/dresdner-marathon/;https://www.dresden-marathon.com/;marathon.de;https://www.marathon.de/logos/dresdner-marathon.jpg
Dublin Marathon;Running;25.10.2026;Dublin;Ireland;Dublin, Ireland;53.3493795;-6.2605593;42 km;Imported from marathon.de running calendar. Source listing: https://www.marathon.de/laufevent/dublin-marathon/;https://irishlifedublinmarathon.ie/;marathon.de;https://www.marathon.de/logos/dublin-marathon.jpg
Oldenburg Marathon;Running;25.10.2026;Edewecht;Germany;Edewecht, Germany;53.1283992;7.9855044;5 km / 10 km / 21 km / 42 km;Imported from marathon.de running calendar.;https://www.oldenburg-marathon.de/;marathon.de;https://www.marathon.de/logos/oldenburg-marathon.jpg
Röntgenlauf;Running;25.10.2026;Remscheid;Germany;Remscheid, Germany;51.1798706;7.1943544;5 km / 10 km / 21 km / 42 km;Imported from marathon.de running calendar. Source listing: https://www.marathon.de/laufevent/roentgenlauf/;https://www.roentgenlauf.de/;marathon.de;https://www.marathon.de/kategorien/9df6b59342.jpg
Athen Marathon;Running;08.11.2026;Athen;Greece;Athen, Greece;37.9755648;23.7348324;5 km / 10 km / 42 km;Imported from marathon.de running calendar. Source listing: https://www.marathon.de/laufevent/athen-marathon/;https://www.athensauthenticmarathon.gr/;marathon.de;https://www.marathon.de/kategorien/9df6b59342.jpg
Rursee Marathon;Ultramarathon;08.11.2026;Simmerath;Germany;Simmerath, Germany;50.6072499;6.3005267;17 km / 42 km / 52 km;Imported from marathon.de running calendar.;https://www.rursee-marathon.de/;marathon.de;https://www.marathon.de/logos/rursee-marathon.jpg
Karneval Marathon Köln;Running;11.11.2026;Köln;Germany;Köln, Germany;50.938361;6.959974;42 km;Imported from marathon.de running calendar.;https://www.marathon.de/laufevent/karneval-marathon-koeln/;marathon.de;https://www.marathon.de/kategorien/9df6b59342.jpg
Frauenfelder Marathon;Running;15.11.2026;Frauenfeld;Switzerland;Frauenfeld, Switzerland;47.5561915;8.8963347;21 km / 42 km;Imported from marathon.de running calendar. Source listing: https://www.marathon.de/laufevent/frauenfelder-marathon/;https://www.der-frauenfelder.ch/;marathon.de;https://www.marathon.de/logos/frauenfelder-marathon.jpg
Verona Run Marathon;Running;15.11.2026;Verona;Italy;Verona, Italy;45.4424977;10.9857377;10 km / 21 km / 42 km;Imported from marathon.de running calendar. Source listing: https://www.marathon.de/laufevent/verona-run-marathon/;https://www.veronarunmarathon.it/;marathon.de;https://www.marathon.de/kategorien/9df6b59342.jpg
Lipperland Marathon;Running;21.11.2026;Dörentrup;Germany;Dörentrup, Germany;52.0408142;9.0033681;10 km / 21 km / 42 km;Imported from marathon.de running calendar.;https://www.marathon.de/laufevent/lipperland-marathon/;marathon.de;https://www.marathon.de/kategorien/9df6b59342.jpg
Ring Running Series;Running;21.11.2026;Hockenheim;Germany;Hockenheim, Germany;49.3188892;8.5475467;21 km / 42 km;Imported from marathon.de running calendar. Source listing: https://www.marathon.de/laufevent/ring-running-series/;https://ringrunningseries.com/;marathon.de;https://www.marathon.de/kategorien/9df6b59342.jpg
Schloss Marienburg Marathon;Running;21.11.2026;Nordstemmen-Adensen;Germany;Nordstemmen-Adensen, Germany;52.1763239;9.729259;21 km / 42 km;Imported from marathon.de running calendar.;https://www.marathon.de/laufevent/schloss-marienburg-marathon/;marathon.de;https://www.marathon.de/kategorien/9df6b59342.jpg
Siebengebirgsmarathon;Running;06.12.2026;Bad Honnef;Germany;Bad Honnef, Germany;50.6448582;7.2272534;21 km / 42 km;Imported from marathon.de running calendar. Source listing: https://www.marathon.de/laufevent/siebengebirgsmarathon/;https://siebengebirgsmarathon.net/;marathon.de;https://www.marathon.de/kategorien/9df6b59342.jpg
Valencia Marathon;Running;06.12.2026;Valencia;Spain;Valencia, Spain;39.4697065;-0.3763353;21 km / 42 km;Imported from marathon.de running calendar. Source listing: https://www.marathon.de/laufevent/valencia-marathon/;https://www.valenciaciudaddelrunning.com/;marathon.de;https://www.marathon.de/kategorien/9df6b59342.jpg
Wintermarathon Leipzig;Running;16.01.2027;Leipzig;Germany;Leipzig, Germany;51.3406321;12.3747329;21 km / 42 km;Imported from marathon.de running calendar.;https://www.marathon.de/laufevent/wintermarathon-leipzig/;marathon.de;https://www.marathon.de/kategorien/9df6b59342.jpg
Winterstaffel Pulheim;Running;31.01.2027;Pulheim;Germany;Pulheim, Germany;50.9979888;6.8025409;5 km / 10 km / 21 km / 42 km;Imported from marathon.de running calendar. Source listing: https://www.marathon.de/laufevent/winterstaffel-pulheim/;https://www.winterstaffel.de/;marathon.de;https://www.marathon.de/kategorien/9df6b59342.jpg
Sevilla Marathon;Running;21.02.2027;Sevilla;Spain;Sevilla, Spain;37.3886303;-5.9953403;42 km;Imported from marathon.de running calendar. Source listing: https://www.marathon.de/laufevent/sevilla-marathon/;https://de.zurichmaratonsevilla.es/;marathon.de;https://www.marathon.de/kategorien/9df6b59342.jpg
Malta Marathon;Running;28.02.2027;Mdina;Malta;Mdina, Malta;35.8858923;14.4025288;21 km / 42 km;Imported from marathon.de running calendar. Source listing: https://www.marathon.de/laufevent/malta-marathon/;https://www.maltamarathon.com/;marathon.de;https://www.marathon.de/logos/malta-marathon.jpg
Königsforst Marathon;Ultramarathon;14.03.2027;Bensberg;Germany;Bensberg, Germany;51.2323776;9.3541143;21 km / 42 km / 63 km;Imported from marathon.de running calendar.;https://www.koenigsforst-marathon.de/;marathon.de;https://www.marathon.de/kategorien/9df6b59342.jpg
Bienwald Marathon;Running;14.03.2027;Kandel;Germany;Kandel, Germany;49.0809754;8.1970699;21 km / 42 km;Imported from marathon.de running calendar.;https://www.bienwald-marathon.de/;marathon.de;https://www.marathon.de/logos/bienwald-marathon.jpg
Rome Marathon;Running;14.03.2027;Rom;Italy;Rom, Italy;41.8933203;12.4829321;42 km;Imported from marathon.de running calendar. Source listing: https://www.marathon.de/laufevent/rome-marathon/;https://www.runromethemarathon.com/;marathon.de;https://www.marathon.de/logos/rome-marathon.jpg
Barcelona Marathon;Running;14.03.2027;Barcelona;Spain;Barcelona, Spain;41.3825802;2.177073;42 km;Imported from marathon.de running calendar. Source listing: https://www.marathon.de/laufevent/barcelona-marathon/;https://www.zurichmaratobarcelona.es/;marathon.de;https://www.marathon.de/logos/barcelona-marathon.jpg
Würzburger Gedächtnislauf;Ultramarathon;20.03.2027;Würzburg;Germany;Würzburg, Germany;49.7780356;9.9434769;10 km / 21 km / 28 km / 44 km;Imported from marathon.de running calendar.;https://www.marathon.de/laufevent/wuerzburger-gedaechtnislauf/;marathon.de;https://www.marathon.de/kategorien/9df6b59342.jpg
Generali Berliner Halbmarathon;Running;04.04.2027;Berlin;Germany;Berlin, Germany;52.5173885;13.3951309;21 km;Imported from marathon.de running calendar.;https://www.generali-berliner-halbmarathon.de/;marathon.de;https://www.marathon.de/logos/halbmarathon-berlin.jpg
Mein Freiburg Marathon;Running;04.04.2027;Freiburg;Germany;Freiburg, Germany;47.9960901;7.8494005;3 km / 10 km / 21 km / 42 km;Imported from marathon.de running calendar.;https://www.mein-freiburgmarathon.de/;marathon.de;https://www.marathon.de/logos/mein-freiburg-marathon.jpg
Saaletal Marathon;Running;10.04.2027;Ramsthal;Germany;Ramsthal, Germany;50.1398945;10.0692744;10 km / 21 km / 33 km / 42 km;Imported from marathon.de running calendar.;https://www.marathon.de/laufevent/saaletal-marathon/;marathon.de;https://www.marathon.de/logos/saaletal-marathon.jpg
Zürich Marathon;Running;11.04.2027;Zürich;Switzerland;Zürich, Switzerland;47.3744489;8.5410422;10 km / 21 km / 42 km;Imported from marathon.de running calendar. Source listing: https://www.marathon.de/laufevent/zuerich-marathon/;https://www.zuerichmarathon.ch/;marathon.de;https://www.marathon.de/logos/zuerich-marathon.jpg
Hannover Marathon;Running;11.04.2027;Hannover;Germany;Hannover, Germany;52.3744779;9.7385532;10 km / 21 km / 42 km;Imported from marathon.de running calendar. Source listing: https://www.marathon.de/laufevent/hannover-marathon/;https://www.marathon-hannover.de/;marathon.de;https://www.marathon.de/logos/hannover-marathon.jpg
Obermain Marathon;Running;11.04.2027;Bad Staffelstein;Germany;Bad Staffelstein, Germany;50.1028339;10.999159;13 km / 21 km / 42 km;Imported from marathon.de running calendar.;https://www.marathon.de/laufevent/obermain-marathon/;marathon.de;https://www.marathon.de/kategorien/9df6b59342.jpg
Linz Donau Marathon;Running;11.04.2027;Linz;Austria;Linz, Austria;48.3059078;14.286198;5 km / 10 km / 21 km / 42 km;Imported from marathon.de running calendar. Source listing: https://www.marathon.de/laufevent/linz-donau-marathon/;https://www.linzmarathon.at/;marathon.de;https://www.marathon.de/logos/linz-donau-marathon.jpg
uniper Marathon Düsseldorf;Running;18.04.2027;Düsseldorf;Germany;Düsseldorf, Germany;51.2254018;6.7763137;21 km / 42 km;Imported from marathon.de running calendar.;https://www.uniper-duesseldorfmarathon.de/;marathon.de;https://www.marathon.de/logos/duesseldorf-marathon.jpg
LIWA-LaufEvent;Running;18.04.2027;Lichtenwald-Hegenlohe;Germany;Lichtenwald-Hegenlohe, Germany;48.7347463;9.4759266;7 km / 10 km / 21 km / 42 km;Imported from marathon.de running calendar. Source listing: https://www.marathon.de/laufevent/schurwald-marathon/;https://www.liwalauf.tsv-lichtenwald.de/;marathon.de;https://www.marathon.de/kategorien/9df6b59342.jpg
Tangermünder Elbdeichmarathon;Running;18.04.2027;Tangermünde;Germany;Tangermünde, Germany;52.5431104;11.9722524;10 km / 21 km / 42 km;Imported from marathon.de running calendar.;https://www.marathon.de/laufevent/tangermuender-elbdeichmarathon/;marathon.de;https://www.marathon.de/logos/tangermuender-elbdeichmarathon.jpg
Vienna City Marathon;Running;18.04.2027;Wien;Austria;Wien, Austria;48.2083537;16.3725042;21 km / 42 km;Imported from marathon.de running calendar. Source listing: https://www.marathon.de/laufevent/vienna-city-marathon/;https://www.vienna-marathon.com/;marathon.de;https://www.marathon.de/logos/vienna-marathon.jpg
Leipzig Marathon;Running;18.04.2027;Leipzig;Germany;Leipzig, Germany;51.3406321;12.3747329;4 km / 10 km / 21 km / 42 km;Imported from marathon.de running calendar.;https://leipzigmarathon.de/;marathon.de;https://www.marathon.de/logos/leipzig-marathon.jpg
Salvus-Teekottenlauf;Running;23.04.2027;Emsdetten;Germany;Emsdetten, Germany;52.174687;7.5301756;5 km / 10 km / 21 km;Imported from marathon.de running calendar. Source listing: https://www.marathon.de/laufevent/teekottenlauf/;https://www.salvus-teekottenlauf.de/;marathon.de;https://www.marathon.de/kategorien/2232d51c55.jpg
Darß Marathon;Running;24.04.2027;Wieck a. Darß;Germany;Wieck a. Darß, Germany;54.4100179;12.5827902;10 km / 21 km / 42 km;Imported from marathon.de running calendar.;https://www.marathon.de/laufevent/darss-marathon/;marathon.de;https://www.marathon.de/logos/drass-marathon.jpg
Oberelbe Marathon;Running;25.04.2027;Dresden;Germany;Dresden, Germany;51.0493286;13.7381437;5 km / 10 km / 21 km / 42 km;Imported from marathon.de running calendar.;https://www.oberelbe-marathon.de/;marathon.de;https://www.marathon.de/logos/oberelbe-marathon.jpg
Heilbronner Trollinger Marathon;Running;25.04.2027;Heilbronn;Germany;Heilbronn, Germany;49.142291;9.218655;10 km / 21 km / 42 km;Imported from marathon.de running calendar.;https://www.trollinger-marathon.de/;marathon.de;https://www.marathon.de/logos/heilbronner-trollinger-marathon.jpg
Madrid Marathon;Running;25.04.2027;Madrid;Spain;Madrid, Spain;40.416782;-3.703507;10 km / 21 km / 42 km;Imported from marathon.de running calendar. Source listing: https://www.marathon.de/laufevent/madrid-marathon/;https://rocknrollmadridrun.com/;marathon.de;https://www.marathon.de/logos/madrid-marathon.jpg
London Marathon;Running;25.04.2027;London;United Kingdom;London, United Kingdom;51.5074456;-0.1277653;42 km;Imported from marathon.de running calendar. Source listing: https://www.marathon.de/laufevent/london-marathon/;https://www.tcslondonmarathon.com/;marathon.de;https://www.marathon.de/logos/london-marathon.jpg
Spreewald Marathon;Running;25.04.2027;Burg;Germany;Burg, Germany;49.9600346;6.3512069;10 km / 21 km / 42 km;Imported from marathon.de running calendar.;https://www.spreewaldmarathon.de/;marathon.de;https://www.marathon.de/kategorien/9df6b59342.jpg
Welschlauf Südsteiermark;Running;01.05.2027;Ehrenhausen-Wies;Austria;Ehrenhausen-Wies, Austria;46.725492;15.5847781;12 km / 21 km / 42 km;Imported from marathon.de running calendar. Source listing: https://www.marathon.de/laufevent/welschlauf-suedsteiermark/;https://www.welschlauf.com/;marathon.de;https://www.marathon.de/logos/welschlauf-suedsteiermark.jpg
Meldorfer Brückenlauf;Running;01.05.2027;Meldorf;Germany;Meldorf, Germany;54.08988;9.070633;6 km / 9 km / 21 km;Imported from marathon.de running calendar. Source listing: https://www.marathon.de/laufevent/meldorfer-brueckenlauf/;https://www.meldorfer-brueckenlauf.de/;marathon.de;https://www.marathon.de/kategorien/2232d51c55.jpg
Cuxhaven Marathon;Running;02.05.2027;Cuxhaven;Germany;Cuxhaven, Germany;53.86878;8.698286;6 km / 10 km / 21 km / 32 km;Imported from marathon.de running calendar.;https://www.cuxhaven-marathon.de/;marathon.de;https://www.marathon.de/logos/cuxhaven-marathon.jpg
Innsbruck Alpine Trailrun;Running;05.05.2027;Innsbruck;Austria;Innsbruck, Austria;47.2654296;11.3927685;13 km / 25 km / 32 km / 42 km;Imported from marathon.de running calendar. Source listing: https://www.marathon.de/laufevent/innsbruck-alpine-trailrun/;https://innsbruckalpine.at/;marathon.de;https://www.marathon.de/logos/innsbruck-alpine-trailrun.jpg
Vatertagslauf in Rhaunen;Running;06.05.2027;Rhaunen;Germany;Rhaunen, Germany;49.8642489;7.3442701;2 km / 5 km / 10 km;Imported from marathon.de running calendar. Source listing: https://www.marathon.de/laufevent/vatertagslauf-fuer-jedermann/;http://www.vatertagslauf.de/;marathon.de;https://www.marathon.de/kategorien/9d67eb951b.jpg
Generali Genf Marathon;Running;08.05.2027;Genf;Switzerland;Genf, Switzerland;46.2017559;6.1466014;5 km / 10 km / 21 km / 42 km;Imported from marathon.de running calendar. Source listing: https://www.marathon.de/laufevent/genf-marathon/;https://generaligenevemarathon.com/;marathon.de;https://www.marathon.de/logos/genf-marathon.jpg
Kopenhagen Marathon;Running;09.05.2027;Kopenhagen;Denmark;Kopenhagen, Denmark;55.6867243;12.5700724;42 km;Imported from marathon.de running calendar. Source listing: https://www.marathon.de/laufevent/kopenhagen-marathon/;https://copenhagenmarathon.dk/;marathon.de;https://www.marathon.de/logos/kopenhagen-marathon.jpg
Gutenberg Halbmarathon Mainz;Running;09.05.2027;Mainz;Germany;Mainz, Germany;49.9995205;8.2736253;10 km / 21 km;Imported from marathon.de running calendar. Source listing: https://www.marathon.de/laufevent/marathon-mainz/;https://www.halbmarathon-mainz.de/;marathon.de;https://www.marathon.de/logos/mainz-marathon.jpg
Gerolsteiner Helgoland Marathon;Running;22.05.2027;Helgoland;Germany;Helgoland, Germany;54.1800453;7.8853621;5 km / 42 km;Imported from marathon.de running calendar. Source listing: https://www.marathon.de/laufevent/helgoland-marathon/;https://www.helgoland-marathon.com/;marathon.de;https://www.marathon.de/kategorien/9df6b59342.jpg
WVV Würzburg Marathon;Running;23.05.2027;Würzburg;Germany;Würzburg, Germany;49.7780356;9.9434769;10 km / 21 km / 42 km;Imported from marathon.de running calendar.;https://www.wuerzburg-marathon.de/;marathon.de;https://www.marathon.de/logos/wuerzburg-marathon.jpg
PUMA Salzburg Marathon;Running;23.05.2027;Salzburg;Austria;Salzburg, Austria;47.7981346;13.0464806;5 km / 7 km / 10 km / 21 km;Imported from marathon.de running calendar. Source listing: https://www.marathon.de/laufevent/salzburg-marathon/;https://www.salzburg-marathon.at/;marathon.de;https://www.marathon.de/logos/salzburg-marathon.jpg
Marathon Deutsche Weinstraße;Running;02.04.2028;Bockenheim;Germany;Bockenheim, Germany;50.1233115;8.6460563;21 km / 42 km;Imported from marathon.de running calendar. Source listing: https://www.marathon.de/laufevent/marathon-deutsche-weinstrasse/;https://www.marathon-deutsche-weinstrasse.de/;marathon.de;https://www.marathon.de/kategorien/9df6b59342.jpg
adidas Stockholm Marathon;Running;30.05.2026;Stockholm;Schweden;Stockholm, Schweden;59.3251172;18.0710935;42 km;Imported from marathon.de Laufkalender. Source listing: https://www.marathon.de/laufevent/stockholm-marathon/;https://www.stockholmmarathon.se/;marathon.de;https://www.marathon.de/logos/stockholm-marathon.jpg
Helsinki Marathon;Running;22.08.2026;Helsinki;Finnland;Helsinki, Finnland;60.1666204;24.9435408;10 km / 21 km / 42 km;Imported from marathon.de Laufkalender. Source listing: https://www.marathon.de/laufevent/helsinki-marathon/;https://www.helsinkimarathon.fi/;marathon.de;https://www.marathon.de/logos/helsinki-marathon.jpg
Reykjavik Marathon;Running;22.08.2026;Reykjavik;Island;Reykjavik, Island;64.145981;-21.9422367;10 km / 21 km / 42 km;Imported from marathon.de Laufkalender. Source listing: https://www.marathon.de/laufevent/reykjavik-marathon/;https://www.rmi.is/;marathon.de;https://www.marathon.de/kategorien/9df6b59342.jpg
Bukarest Marathon;Running;11.10.2026;Bukarest;Rumänien;Bukarest, Rumänien;44.4361414;26.102684;10 km / 21 km / 42 km;Imported from marathon.de Laufkalender. Source listing: https://www.marathon.de/laufevent/bukarest-marathon/;https://bucharest-marathon.com/;marathon.de;https://www.marathon.de/kategorien/9df6b59342.jpg
Budapest Marathon;Running;11.10.2026;Budapest;Ungarn;Budapest, Ungarn;47.4978789;19.0402383;14 km / 30 km / 42 km;Imported from marathon.de Laufkalender. Source listing: https://www.marathon.de/laufevent/budapest-marathon/;https://marathon.runinbudapest.com/;marathon.de;https://www.marathon.de/logos/budapest-marathon.jpg
Antwerpen Marathon;Running;18.10.2026;Antwerpen;Belgien;Antwerpen, Belgien;51.2211097;4.3997081;8 km / 21 km / 42 km;Imported from marathon.de Laufkalender. Source listing: https://www.marathon.de/laufevent/antwerpen-marathon/;https://antwerpmarathon.com/;marathon.de;https://www.marathon.de/kategorien/9df6b59342.jpg
Dublin Marathon;Running;25.10.2026;Dublin;Irland;Dublin, Irland;53.3493795;-6.2605593;42 km;Imported from marathon.de Laufkalender. Source listing: https://www.marathon.de/laufevent/dublin-marathon/;https://irishlifedublinmarathon.ie/;marathon.de;https://www.marathon.de/logos/dublin-marathon.jpg
Athen Marathon;Running;08.11.2026;Athen;Griechenland;Athen, Griechenland;37.9755648;23.7348324;5 km / 10 km / 42 km;Imported from marathon.de Laufkalender. Source listing: https://www.marathon.de/laufevent/athen-marathon/;https://www.athensauthenticmarathon.gr/;marathon.de;https://www.marathon.de/kategorien/9df6b59342.jpg
London Marathon;Running;25.04.2027;London;UK;London, UK;51.5074456;-0.1277653;42 km;Imported from marathon.de Laufkalender. Source listing: https://www.marathon.de/laufevent/london-marathon/;https://www.tcslondonmarathon.com/;marathon.de;https://www.marathon.de/logos/london-marathon.jpg
Kopenhagen Marathon;Running;09.05.2027;Kopenhagen;Dänemark;Kopenhagen, Dänemark;55.6867243;12.5700724;42 km;Imported from marathon.de Laufkalender. Source listing: https://www.marathon.de/laufevent/kopenhagen-marathon/;https://copenhagenmarathon.dk/;marathon.de;https://www.marathon.de/logos/kopenhagen-marathon.jpg
