event_name;sport;date;city;country;address;latitude;longitude;distance;description;event_url;data_source;image
Köln Marathon;Running;04.10.2026;Köln;Germany;L111, 50679 Köln;50.940133;6.974559;Half Marathon, Marathon;Generali Köln Marathon;https://generali-koeln-marathon.de/anmeldung/;Google Suche + Chat-GPT Daten;image
BMW Berlin Marathon;Running;27.09.2026;Berlin;Germany;Berlin, Germany;52.5173885;13.3951309;42 km;Imported from marathon.de running calendar. Source listing: https://www.marathon.de/laufevent/berlin-marathon/;https://www.bmw-berlin-marathon.com/;marathon.de;https://www.marathon.de/logos/berlin-marathon.jpg
Köln Triathlon;Triathlon;06.09.2026;Köln;Germany;Rheinparkweg 1, 50679 Köln;50.9458861;6.9704153;Sprint, Olympic, Middle;Köln Triathlon;https://www.koeln-triathlon.com/;Google Suche;
Ironman Hamburg;Triathlon;07.06.2026;Hamburg;Germany;Jungfernstieg 53, 20354 Hamburg;53.553482;9.992181;Full;IRONMAN Hamburg European Championship;https://www.ironman.com/races/im-hamburg;Google Suche;
Sörmlands 100;Ultramarathon;12.11.2026;Nykoping;Sweden;Öster-Malma, 611 91 Björnlunda, Sweden;58.953481;17.155667;100 km;Sörmlands 100km Trail Ultra;https://www.sormlands100.com/;Google Suche;
Münster Marathon;Running;13.09.2026;Münster;Germany;Schlosspl. 2, 48149 Münster;51.963572;7.616127;Marathon;Volksbank Münster Marathon;https://www.volksbank-muenster-marathon.de/_rubric/index.php?rubric=Home%20DE;Google Suche;
Hamburg Marathon;Running;25.04.2027;Hamburg;Germany;Hamburg, Germany;53.5501721;10.0013165;21 km / 42 km;Imported from marathon.de running calendar. Source listing: https://www.marathon.de/laufevent/hamburg-marathon/;https://haspa-marathon-hamburg.de/;marathon.de;https://www.marathon.de/logos/hamburg-marathon.jpg
Frankfurt Marathon;Running;25.10.2026;Frankfurt am Main;Germany;Frankfurt am Main, Germany;50.1106444;8.6820917;42 km;Imported from marathon.de running calendar. Source listing: https://www.marathon.de/laufevent/frankfurt-marathon/;https://www.frankfurt-marathon.com/;marathon.de;https://www.marathon.de/logos/frankfurt-marathon.jpg
München Marathon;Running;11.10.2026;München;Germany;Spiridon-Louis-Ring 21, 80809 München;48.171222;11.546133;Marathon;GENERALI München Marathon;https://www.generalimuenchenmarathon.de;Chat-GPT Daten;
Uniper Düsseldorf Marathon;Running;26.04.2026;Düsseldorf;Germany;Düsseldorf, Germany;51.2254018;6.7763137;Half Marathon, Marathon;Official local running event in Düsseldorf. Distances: Half Marathon, Marathon. Discovered via Kilometerliebe and linked to the official event website.;https://www.uniper-duesseldorfmarathon.de/;Kilometerliebe Discovery;
Hannover Marathon;Running;19.04.2026;Hannover;Germany;Friedrichswall 1, 30159 Hannover;52.367593;9.733222;Marathon;ADAC Marathon Hannover;https://www.marathon-hannover.de;Chat-GPT Daten;
Leipzig Marathon;Running;19.04.2026;Leipzig;Germany;Leipzig, Germany;51.3406321;12.3747329;5 km, 10 km, Half Marathon, Marathon;Official local running event in Leipzig. Distances: 5 km, 10 km, Half Marathon, Marathon. Discovered via Kilometerliebe and linked to the official event website.;https://www.leipzigmarathon.de;Kilometerliebe Discovery;
Bonn Marathon;Running;19.04.2026;Bonn;Germany;Rathenauufer, 53113 Bonn;50.73743;7.098207;Marathon;Deutsche Post Marathon Bonn;https://www.deutschepostmarathonbonn.de/;Chat-GPT Daten;
Freiburg Marathon;Running;12.04.2026;Freiburg;Germany;Messe Freiburg, 79108 Freiburg;47.997791;7.842609;Marathon;MEIN FREIBURG MARATHON;https://www.mein-freiburgmarathon.de;Chat-GPT Daten;
Dresden Marathon;Running;25.10.2026;Dresden;Germany;Ostra-Ufer 2, 01067 Dresden;51.054732;13.726249;Marathon;Dresden Marathon;https://www.dresden-marathon.com;Chat-GPT Daten;
Bremen Marathon;Running;04.10.2026;Bremen;Germany;Bürgerweide, 28209 Bremen;53.081944;8.813889;Marathon;swb Marathon Bremen;https://www.swb-marathon.de;Chat-GPT Daten;
Regensburg Marathon;Running;17.05.2026;Regensburg;Germany;Regensburg, Germany;49.0195333;12.0974869;10 km, Half Marathon, Marathon;Official local running event in Regensburg. Distances: 10 km, Half Marathon, Marathon. Discovered via Kilometerliebe and linked to the official event website.;https://www.llc-marathon-regensburg.de;Kilometerliebe Discovery;
Ulm Marathon;Running;27.09.2026;Ulm;Germany;Münsterplatz, 89073 Ulm;48.39841;9.99155;Marathon;Einstein Marathon Ulm;https://www.einsteinmarathon.de;Chat-GPT Daten;
Kiel Marathon;Running;01.03.2026;Kiel;Germany;Kiellinie 70, 24105 Kiel;54.338253;10.145374;Marathon;Kiel Marathon;https://www.kiel-marathon.de;Chat-GPT Daten;
Ruhr Marathon;Running;10.05.2026;Gelsenkirchen;Germany;Parkallee 1, 45891 Gelsenkirchen;51.554722;7.067222;Marathon;Vivawest-Marathon Ruhr;https://www.vivawest-marathon.de;Chat-GPT Daten;
Potsdam Lauf;Running;07.06.2026;Potsdam;Germany;Luisenplatz, 14471 Potsdam;52.398861;13.048861;Half Marathon;Potsdamer Schlösserlauf Halbmarathon;https://www.schlösserlauf.de;Chat-GPT Daten;
Halbmarathon Berlin;Running;29.03.2026;Berlin;Germany;Karl-Marx-Allee, 10178 Berlin;52.521918;13.413215;Half Marathon;Generali Berliner Halbmarathon;https://www.generali-berliner-halbmarathon.de;Chat-GPT Daten;
Hamburg Halbmarathon;Running;28.06.2026;Hamburg;Germany;Reeperbahn, 20359 Hamburg;53.550278;9.966111;Half Marathon;Hella Halbmarathon Hamburg;https://www.hella-hamburg-halbmarathon.de;Chat-GPT Daten;
Stuttgart Lauf;Running;21.06.2026;Stuttgart;Germany;Mercedesstraße 87, 70372 Stuttgart;48.792222;9.232778;Half Marathon;Stuttgart-Lauf Halbmarathon;https://www.stuttgart-lauf.de;Chat-GPT Daten;
GutsMuths Rennsteiglauf;Ultramarathon;22.05.2027;Schmiedefeld;Germany;Schmiedefeld, Germany;50.5333;11.2167;17 km / 21 km / 42 km / 74 km;Imported from marathon.de running calendar. Source listing: https://www.marathon.de/laufevent/gutsmuths-rennsteiglauf/;https://www.rennsteiglauf.de/;marathon.de;https://www.marathon.de/logos/gutsmuths-rennsteiglauf.jpg
Zugspitz Ultratrail;Ultramarathon;20.06.2026;Garmisch-Partenkirchen;Germany;Richard-Strauss-Platz 1, 82467 Garmisch-Partenkirchen;47.4925;11.095556;107, 86 km, 69 km, 44 km, 29 km;Salomon Zugspitz Ultratrail;https://www.zugspitz-ultratrail.com;Chat-GPT Daten;
Alb Marathon;Ultramarathon;25.10.2026;Schwäbisch Gmünd;Germany;Marktplatz, 73525 Schwäbisch Gmünd;48.800833;9.798611;50 km, 25 km;Alb Marathon Schwäbisch Gmünd;https://www.albmarathon.de;Chat-GPT Daten;
Thüringen Ultra;Ultramarathon;04.07.2026;Fröttstädt;Germany;Bahnhofstraße 1, 99880 Hörsel;50.945;10.565278;100 km;Thüringen Ultra;http://www.thueringenultra.de/startseite/index.php;Chat-GPT Daten;
Challenge Roth;Triathlon;05.07.2026;Roth;Germany;Otto-Schrimpff-Straße 12, 91154 Roth;49.2475;11.091111;Full;DATEV Challenge Roth;https://www.challenge-roth.com;Chat-GPT Daten;
Ironman Frankfurt;Triathlon;28.06.2026;Frankfurt am Main;Germany;Mainkai, 60311 Frankfurt;50.110278;8.682222;Full;Ironman European Championship Frankfurt;https://www.ironman.com/im-frankfurt;Chat-GPT Daten;
Ironman 70.3 Duisburg;Triathlon;30.08.2026;Duisburg;Germany;Kruppstraße 30, 47055 Duisburg;51.426389;6.776389;Middle;Ironman 70.3 Duisburg;https://www.ironman.com/im703-duisburg;Chat-GPT Daten;
Allgäu Triathlon;Triathlon;16.08.2026;Immenstadt;Germany;Seepromenade, 87509 Immenstadt;47.560833;10.220833;Middle;Allgäu Triathlon Mitteldistanz;https://www.allgaeu-triathlon.de;Chat-GPT Daten;
Ostseeman;Triathlon;02.08.2026;Glücksburg;Germany;Sandwigstraße 1, 24960 Glücksburg;54.834444;9.548056;Middle , Full;Ostseeman Triathlon;https://www.ostseeman.de;Chat-GPT Daten;
Berlin Triathlon;Triathlon;06.06.2026;Berlin;Germany;Straße am Borsigturm, 13507 Berlin;52.576944;13.287222;Sprint, Olympic, Middle;Berlin Triathlon;https://www.berlin-triathlon.de;Chat-GPT Daten + DTU Veranstaltungskalender;
Spreewald Marathon;Running;15.04.2027;Burg (Spreewald);Germany;Hauptstraße 1, 03096 Burg;51.834444;14.148333;10km, Half Marathon, Marathon;Spreewald Marathon;https://www.spreewaldmarathon.de/;Chat-GPT Daten;
Kassel Marathon;Running;20.09.2026;Kassel;Germany;Kassel, Germany;51.3157833;9.4978479;10 km, Half Marathon, Marathon;Official local running event in Kassel. Distances: 10 km, Half Marathon, Marathon. Discovered via Kilometerliebe and linked to the official event website.;http://www.kassel-marathon.de;Kilometerliebe Discovery;
Chemnitz Marathon;Running;17.05.2026;Chemnitz;Germany;Theaterplatz, 09111 Chemnitz;50.832222;12.925278;10km, Half Marathon, Marathon;Chemnitz Marathon;https://www.chemnitz-marathon.de;Chat-GPT Daten;
Oberelbe Marathon;Running;25.04.2027;Königstein;Germany;Elbufer 1, 01824 Königstein;50.9175;14.0725;10km, Half Marathon, Marathon;Oberelbe Marathon;https://www.oberelbe-marathon.de/;Chat-GPT Daten;
Magdeburg Marathon;Running;04.10.2026;Magdeburg;Germany;Magdeburg, Germany;52.1314783;11.6400789;4 km / 10 km / 21 km / 42 km;Imported from marathon.de running calendar. Source listing: https://www.marathon.de/laufevent/magdeburg-marathon/;https://magdeburg-marathon.eu/;marathon.de;https://www.marathon.de/logos/magdeburg-marathon.jpg
Swiss Canyon Trail;Ultramarathon;29.05.2026;Couvet;Switzerland;Couvet, Switzerland;46.9261639;6.6343244;31 km / 51 km / 81 km / 111 km;Imported from marathon.de running calendar. Source listing: https://www.marathon.de/laufevent/swiss-canyon-trail/;https://swisscanyontrail.com/de/;marathon.de;https://www.marathon.de/logos/swiss-canyon-trail.jpg
Lauf zwischen den Meeren;Ultramarathon;30.05.2026;Husum;Germany;Husum, Germany;54.4854137;9.0537941;97 km;Imported from marathon.de running calendar. Source listing: https://www.marathon.de/laufevent/lauf-zwischen-den-meeren/;https://www.lauf-zwischen-den-meeren.de/;marathon.de;https://www.marathon.de/kategorien/b8921e67a0.jpg
Seen-Lauf Tannheimer Tal;Running;30.05.2026;Tannheim;Austria;Tannheim, Austria;47.4866791;10.5100002;10 km / 23 km / 30 km;Imported from marathon.de running calendar. Source listing: https://www.marathon.de/laufevent/seen-lauf-tannheimer-tal/;https://www.seen-lauf.com/;marathon.de;https://www.marathon.de/logos/seen-lauf-tannheimer-tal.jpg
adidas Stockholm Marathon;Running;30.05.2026;Stockholm;Sweden;Stockholm, Sweden;59.3251172;18.0710935;42 km;Imported from marathon.de running calendar. Source listing: https://www.marathon.de/laufevent/stockholm-marathon/;https://www.stockholmmarathon.se/;marathon.de;https://www.marathon.de/logos/stockholm-marathon.jpg
Steinberger Wald-Volkslauf;Running;30.05.2026;Dietzenbach-Steinberg;Germany;Dietzenbach-Steinberg, Germany;50.0260116;8.7929611;5 km / 10 km / 21 km;Imported from marathon.de running calendar. Source listing: https://www.marathon.de/laufevent/steinberger-wald-volkslauf/;http://sc-steinberg-langlauf.de/;marathon.de;https://www.marathon.de/kategorien/2232d51c55.jpg
Mützenicher VENNLAUF;Running;30.05.2026;Monschau-Mützenich;Germany;Monschau-Mützenich, Germany;50.5665982;6.2176988;4 km / 10 km / 12 km / 21 km;Imported from marathon.de running calendar. Source listing: https://www.marathon.de/laufevent/muetzenicher-vennlauf/;https://www.vennlauf.de/;marathon.de;https://www.marathon.de/kategorien/2232d51c55.jpg
Kyffhäuser Bergmarathon;Running;31.05.2026;Bad Frankenhausen;Germany;Bad Frankenhausen, Germany;51.3560142;11.1005235;6 km / 15 km / 21 km / 42 km;Imported from marathon.de running calendar. Source listing: https://www.marathon.de/laufevent/kyffhaeuser-bergmarathon/;https://www.kyffhaeuser-berglauf.de/;marathon.de;https://www.marathon.de/kategorien/9df6b59342.jpg
Ingelheimer Halbe;Running;31.05.2026;Ingelheim;Germany;Ingelheim, Germany;49.9752749;8.0547274;5 km / 10 km / 21 km;Imported from marathon.de running calendar. Source listing: https://www.marathon.de/laufevent/sebastian-muenster-stadtlauf/;https://www.der-ingelheimer-halbe.de/;marathon.de;https://www.marathon.de/kategorien/2232d51c55.jpg
Elsterlauf;Running;31.05.2026;Bad Liebenwerda;Germany;Bad Liebenwerda, Germany;51.5158115;13.39272;7 km / 11 km / 21 km;Imported from marathon.de running calendar. Source listing: https://www.marathon.de/laufevent/elsterlauf/;https://www.elsterlauf.de/;marathon.de;https://www.marathon.de/kategorien/2232d51c55.jpg
Bieler Lauftage;Ultramarathon;05.06.2026;Biel;Switzerland;Biel, Switzerland;47.1402077;7.2439029;11 km / 21 km / 100 km;Imported from marathon.de running calendar. Source listing: https://www.marathon.de/laufevent/bieler-lauftage/;https://www.100km.ch/;marathon.de;https://www.marathon.de/logos/bieler-lauftage.jpg
Deichlauf Hohnstorf;Running;06.06.2026;Hohnstorf Elbe;Germany;Hohnstorf Elbe, Germany;53.3667008;10.5499985;6 km / 10 km / 21 km;Imported from marathon.de running calendar. Source listing: https://www.marathon.de/laufevent/deichlauf-hohnstorf/;https://www.tus-hohnstorf-elbe.de/;marathon.de;https://www.marathon.de/kategorien/2232d51c55.jpg
Finkenwerder Insellauf;Running;06.06.2026;Hamburg;Germany;Hamburg, Germany;53.5501721;10.0013165;5 km / 10 km / 20 km;Imported from marathon.de running calendar. Source listing: https://www.marathon.de/laufevent/finkenwerder-insellauf/;https://www.finkenwerder-insellauf.de/;marathon.de;https://www.marathon.de/kategorien/9d67eb951b.jpg
Salzkotten Marathon;Running;07.06.2026;Salzkotten;Germany;Salzkotten, Germany;51.6717596;8.6068636;5 km / 10 km / 21 km / 42 km;Imported from marathon.de running calendar.;https://salzkotten-marathon.de/;marathon.de;https://www.marathon.de/kategorien/9df6b59342.jpg
Europamarathon Görlitz;Running;07.06.2026;Görlitz;Germany;Görlitz, Germany;51.1563185;14.991018;5 km / 10 km / 21 km / 42 km;Imported from marathon.de running calendar.;https://www.europamarathon.de/;marathon.de;https://www.marathon.de/logos/europamarathon.jpg
ProPotsdam Schlösserlauf;Running;07.06.2026;Potsdam;Germany;Potsdam, Germany;52.4009309;13.0591397;10 km / 21 km;Imported from marathon.de running calendar. Source listing: https://www.marathon.de/laufevent/propotsdam-schloesserlauf/;https://www.potsdam-schloesserlauf.de/;marathon.de;https://www.marathon.de/kategorien/2232d51c55.jpg
Fischland Darss-Zingst Ultramarathon;Ultramarathon;13.06.2026;Ribnitz-Damgarten;Germany;Ribnitz-Damgarten, Germany;54.2433326;12.4319733;100 km / 115 km;Imported from marathon.de running calendar. Source listing: https://www.marathon.de/laufevent/fischland-darss-zingst-ultramarathon/;https://www.fischland-darss-zingst-ultramarathon.eu/;marathon.de;https://www.marathon.de/kategorien/b8921e67a0.jpg
Tollenseseelauf;Running;13.06.2026;Neubrandenburg;Germany;Neubrandenburg, Germany;53.5574458;13.2602781;10 km / 21 km / 42 km;Imported from marathon.de running calendar. Source listing: https://www.marathon.de/laufevent/tollenseseelauf/;https://tollenseseelauf.de/;marathon.de;https://www.marathon.de/kategorien/9df6b59342.jpg
Himmelswegelauf;Running;13.06.2026;Nebra;Germany;Nebra, Germany;51.2873083;11.5787877;10 km / 21 km / 42 km;Imported from marathon.de running calendar. Source listing: https://www.marathon.de/laufevent/himmelswegelauf/;https://www.himmelswegelauf.de/;marathon.de;https://www.marathon.de/kategorien/9df6b59342.jpg
Tschirgant Sky Run;Ultramarathon;13.06.2026;Imst;Austria;Imst, Austria;47.2381536;10.7406982;17 km / 27 km / 43 km / 53 km;Imported from marathon.de running calendar. Source listing: https://www.marathon.de/laufevent/tschirgant-sky-run/;https://www.tschirgant-sky.run/;marathon.de;https://www.marathon.de/logos/tschirgant-sky-run.jpg
Ebbser Koasamarsch;Ultramarathon;13.06.2026;Ebbs;Austria;Ebbs, Austria;47.630874;12.2154318;20 km / 33 km / 44 km;Imported from marathon.de running calendar. Source listing: https://www.marathon.de/laufevent/ebbser-koasamarsch/;https://www.koasamarsch.at/;marathon.de;https://www.marathon.de/kategorien/06527d7ce5.jpg
LGT Alpin Marathon Liechtenstein;Running;13.06.2026;Bendern;Liechtenstein;Bendern, Liechtenstein;47.2122144;9.5062136;10 km / 21 km / 42 km;Imported from marathon.de running calendar. Source listing: https://www.marathon.de/laufevent/alpin-marathon-liechtenstein/;https://www.lgt-alpin-marathon.li/;marathon.de;https://www.marathon.de/logos/alpin-marathon-liechtenstein.jpg
Panorama-Baumwipfel-Lauf;Running;13.06.2026;Oberschwarzach;Germany;Oberschwarzach, Germany;49.8537347;10.4192342;6 km / 12 km / 21 km;Imported from marathon.de running calendar. Source listing: https://www.marathon.de/laufevent/panorama-baumwipfel-lauf/;https://panorama-baumwipfel-lauf.de/;marathon.de;https://www.marathon.de/kategorien/2232d51c55.jpg
Himmelgeister Brückenlauf;Running;13.06.2026;Düsseldorf;Germany;Düsseldorf, Germany;51.2254018;6.7763137;11 km / 21 km;Imported from marathon.de running calendar. Source listing: https://www.marathon.de/laufevent/himmelgeister-brueckenlauf/;https://himmelgeister-brueckenlauf.de/;marathon.de;https://www.marathon.de/kategorien/2232d51c55.jpg
Skatstadtmarathon;Running;13.06.2026;Altenburg;Germany;Altenburg, Germany;50.9852411;12.4340988;5 km / 13 km / 21 km / 42 km;Imported from marathon.de running calendar.;https://www.skatstadtmarathon.de/;marathon.de;https://www.marathon.de/logos/skatstadtmarathon.jpg
Drebber Marathon;Running;13.06.2026;Drebber;Germany;Drebber, Germany;52.652437;8.4199322;5 km / 10 km / 21 km / 42 km;Imported from marathon.de running calendar.;http://drebber-marathon.de/;marathon.de;https://www.marathon.de/kategorien/9df6b59342.jpg
Ahrathon Erlebnislauf;Running;13.06.2026;Bad Neuenahr-Ahrweiler;Germany;Bad Neuenahr-Ahrweiler, Germany;50.5444551;7.1186671;5 km / 12 km / 21 km / 42 km;Imported from marathon.de running calendar. Source listing: https://www.marathon.de/laufevent/ahrathon-erlebnislauf/;https://ahrathon.de/;marathon.de;https://www.marathon.de/kategorien/9df6b59342.jpg
GlückLauf;Running;13.06.2026;Salzgitter;Germany;Salzgitter, Germany;52.1503721;10.3593147;5 km / 10 km / 21 km;Imported from marathon.de running calendar. Source listing: https://www.marathon.de/laufevent/gluecklauf/;https://www.xn--glcklauf-75a.de/;marathon.de;https://www.marathon.de/logos/gluecklauf.jpg
Eschathlon - Der Eschborner Halbmarathon;Running;14.06.2026;Eschborn;Germany;Eschborn, Germany;50.1504737;8.5607767;3 km / 10 km / 21 km;Imported from marathon.de running calendar. Source listing: https://www.marathon.de/laufevent/eschathlon/;https://www.eschathlon.de/;marathon.de;https://www.marathon.de/kategorien/2232d51c55.jpg
Eifelmarathon;Running;14.06.2026;Waxweiler;Germany;Waxweiler, Germany;50.0922679;6.3658809;10 km / 21 km / 26 km / 42 km;Imported from marathon.de running calendar. Source listing: https://www.marathon.de/laufevent/eifelmarathon/;https://www.eifelmarathon.com/;marathon.de;https://www.marathon.de/logos/eifelmarathon.jpg
Sparkassen Metropolmarathon;Running;14.06.2026;Fürth;Germany;Fürth, Germany;49.4885711;10.9587203;10 km / 21 km / 42 km;Imported from marathon.de running calendar.;https://metropolmarathon.de/;marathon.de;https://www.marathon.de/logos/metropolmarathon-fuerth.jpg
Mendener Citylauf mit Halbmarathon;Running;14.06.2026;Menden;Germany;Menden, Germany;51.43779;7.7953822;5 km / 10 km / 21 km;Imported from marathon.de running calendar. Source listing: https://www.marathon.de/laufevent/mendener-citylauf/;https://www.menden-citylauf.de/;marathon.de;https://www.marathon.de/kategorien/2232d51c55.jpg
EVL Halbmarathon Leverkusen;Running;14.06.2026;Leverkusen;Germany;Leverkusen, Germany;51.0324743;6.9881194;5 km / 10 km / 21 km;Imported from marathon.de running calendar.;https://www.evl-halbmarathon.de/;marathon.de;https://www.marathon.de/kategorien/2232d51c55.jpg
Gorch-Fock-Lauf;Running;14.06.2026;Wilhelmshaven;Germany;Wilhelmshaven, Germany;53.5278793;8.106301;5 km / 10 km / 21 km / 42 km;Imported from marathon.de running calendar. Source listing: https://www.marathon.de/laufevent/gorch-fock-lauf/;https://gorch-fock-lauf.de/;marathon.de;https://www.marathon.de/logos/gorch-fock-lauf.jpg
Herzogstadtlauf Straubing;Running;14.06.2026;Straubing;Germany;Straubing, Germany;48.8839157;12.5955773;2 km / 5 km / 10 km / 20 km;Imported from marathon.de running calendar. Source listing: https://www.marathon.de/laufevent/herzogstadtlauf-straubing/;https://www.herzogstadtlauf.de/;marathon.de;https://www.marathon.de/kategorien/2232d51c55.jpg
Heidenheimer Sparkassen-Stadtlauf;Running;14.06.2026;Heidenheim;Germany;Heidenheim, Germany;48.6767637;10.152923;5 km / 10 km / 21 km;Imported from marathon.de running calendar. Source listing: https://www.marathon.de/laufevent/heidenheimer-sparkassen-stadtlauf/;https://heidenheimer-stadtlauf.de/;marathon.de;https://www.marathon.de/kategorien/2232d51c55.jpg
Barmstedter Stadtlauf;Running;14.06.2026;Barmstedt;Germany;Barmstedt, Germany;53.7889203;9.7703927;5 km / 10 km / 21 km;Imported from marathon.de running calendar. Source listing: https://www.marathon.de/laufevent/barmstedter-stadtlauf/;https://bmtv.de/sportangebote/veranstaltungen/stadtlauf;marathon.de;https://www.marathon.de/kategorien/2232d51c55.jpg
Melibokuslauf;Running;14.06.2026;Alsbach-Hähnlein;Germany;Alsbach-Hähnlein, Germany;49.7383506;8.5950049;10 km / 20 km;Imported from marathon.de running calendar. Source listing: https://www.marathon.de/laufevent/melibokuslauf/;https://tv-alsbach.de/melibokuslauf/;marathon.de;https://www.marathon.de/kategorien/06527d7ce5.jpg
saarBRÜCKENlauf;Running;14.06.2026;Saarbrücken;Germany;Saarbrücken, Germany;49.234362;6.996379;10 km / 20 km;Imported from marathon.de running calendar. Source listing: https://www.marathon.de/laufevent/saarbrueckenlauf/;https://www.saarbrueckenlauf.de/;marathon.de;https://www.marathon.de/kategorien/2232d51c55.jpg
Zugspitz Ultratrail;Ultramarathon;18.06.2026;Garmisch-Partenkirchen;Germany;Garmisch-Partenkirchen, Germany;47.4923741;11.0962815;16 km / 29 km / 44 km / 68 km;Imported from marathon.de running calendar. Source listing: https://www.marathon.de/laufevent/zugspitz-ultratrail/;https://zugspitz-ultratrail.com/;marathon.de;https://www.marathon.de/logos/zugspitz-ultratrail.jpg
Tiergartenlauf Velen;Running;20.06.2026;Velen;Germany;Velen, Germany;51.8957136;6.9839073;5 km / 8 km / 10 km / 21 km;Imported from marathon.de running calendar. Source listing: https://www.marathon.de/laufevent/tiergartenlauf/;https://www.sf-nordvelen.de/tgl/;marathon.de;https://www.marathon.de/kategorien/2232d51c55.jpg
Flechtkulturlauf Obermain;Running;20.06.2026;Lichtenfels;Germany;Lichtenfels, Germany;50.1315263;11.0839299;5 km / 10 km;Imported from marathon.de running calendar. Source listing: https://www.marathon.de/laufevent/flechtkulturlauf-obermain/;https://www.flechtkulturlauf.de/;marathon.de;https://www.marathon.de/kategorien/2232d51c55.jpg
City Marathon Wiesbaden;Running;20.06.2026;Wiesbaden;Germany;Wiesbaden, Germany;50.0820384;8.2416556;5 km / 10 km / 21 km / 42 km;Imported from marathon.de running calendar. Source listing: https://www.marathon.de/laufevent/city-marathon-wiesbaden/;https://sporthilfe-wiesbaden.de/;marathon.de;https://www.marathon.de/logos/wiesbaden-marathon.jpg
Hennefer Europalauf;Running;20.06.2026;Hennef;Germany;Hennef, Germany;50.7754417;7.2847945;4 km / 7 km / 10 km / 21 km;Imported from marathon.de running calendar. Source listing: https://www.marathon.de/laufevent/hennefer-europalauf/;https://europalauf.eu/;marathon.de;https://www.marathon.de/kategorien/2232d51c55.jpg
Rennsteig Staffellauf;Ultramarathon;20.06.2026;Hörschel;Germany;Hörschel, Germany;51.0054262;10.230899;170 km;Imported from marathon.de running calendar. Source listing: https://www.marathon.de/laufevent/rennsteig-staffellauf/;https://www.rennsteig-staffellauf.de/;marathon.de;https://www.marathon.de/logos/gutsmuths-rennsteiglauf.jpg
Marathoncross um den Messerpokal;Ultramarathon;20.06.2026;Bad Liebenstein;Germany;Bad Liebenstein, Germany;50.824612;10.3591339;10 km / 21 km / 42 km / 50 km;Imported from marathon.de running calendar. Source listing: https://www.marathon.de/laufevent/marathoncross-um-den-messerpokal/;http://www.pb-sb.de/P_Messerpokal.php;marathon.de;https://www.marathon.de/logos/marathoncross-um-den-messerpokal.jpg
Nordholzer Windmühlenlauf;Running;20.06.2026;Wurster Nordseeküste;Germany;Wurster Nordseeküste, Germany;53.7044885;8.568845;5 km / 10 km / 21 km;Imported from marathon.de running calendar. Source listing: https://www.marathon.de/laufevent/nordholzer-windmuehlenlauf/;https://windmuehlenlauf.jimdofree.com/;marathon.de;https://www.marathon.de/kategorien/2232d51c55.jpg
Sachsenlauf-Coswig;Running;21.06.2026;Coswig;Germany;Coswig, Germany;51.1267305;13.5783983;5 km / 12 km / 21 km;Imported from marathon.de running calendar. Source listing: https://www.marathon.de/laufevent/sachsenlauf-coswig/;https://www.sachsenlauf.de/;marathon.de;https://www.marathon.de/kategorien/2232d51c55.jpg
Buchholzer Stadtlauf;Running;21.06.2026;Buchholz;Germany;Buchholz, Germany;53.2759502;12.6459399;5 km / 21 km;Imported from marathon.de running calendar. Source listing: https://www.marathon.de/laufevent/buchholzer-stadtlauf/;https://buchholzerstadtlauf.de/;marathon.de;https://www.marathon.de/kategorien/2232d51c55.jpg
Draisinenlauf Altenglan;Running;21.06.2026;Altenglan;Germany;Altenglan, Germany;49.5536508;7.4610041;21 km;Imported from marathon.de running calendar. Source listing: https://www.marathon.de/laufevent/draisinenlauf-altenglan/;https://lsc-kusel.de/draisinenlauf/;marathon.de;https://www.marathon.de/kategorien/2232d51c55.jpg
Schlossinsellauf Lübben;Running;21.06.2026;Lübben;Germany;Lübben, Germany;51.9418987;13.8963805;5 km / 10 km / 21 km;Imported from marathon.de running calendar. Source listing: https://www.marathon.de/laufevent/schlossinsellauf-luebben/;https://schlossinsellauf.de/;marathon.de;https://www.marathon.de/kategorien/2232d51c55.jpg
Sababurger Tierparklauf;Running;21.06.2026;Hofgeismar-Sababurg;Germany;Hofgeismar-Sababurg, Germany;51.4972178;9.4280731;5 km / 10 km / 21 km;Imported from marathon.de running calendar. Source listing: https://www.marathon.de/laufevent/sababurger-tierparklauf/;https://www.tierparklauf.de/;marathon.de;https://www.marathon.de/kategorien/2232d51c55.jpg
Mittsommernachtslauf Hannover;Running;26.06.2026;Hannover;Germany;Hannover, Germany;52.3744779;9.7385532;8 km / 21 km / 23 km;Imported from marathon.de running calendar. Source listing: https://www.marathon.de/laufevent/mittsommernachtslauf-hannover/;https://www.mittsommernachtslauf-hannover.de/;marathon.de;https://www.marathon.de/kategorien/2232d51c55.jpg
Montafon Arlberg Marathon;Running;27.06.2026;St. Anton am Arlberg;Austria;St. Anton am Arlberg, Austria;47.1288996;10.2663669;15 km / 33 km / 42 km;Imported from marathon.de running calendar. Source listing: https://www.marathon.de/laufevent/montafon-arlberg-marathon/;https://www.montafon.at/montafon-arlberg-marathon/de;marathon.de;https://www.marathon.de/logos/montafon-arlberg-marathon.jpg
Swiss Irontrail;Ultramarathon;27.06.2026;Savognin;Switzerland;Savognin, Switzerland;46.5969026;9.5980124;20 km / 22 km / 55 km / 78 km;Imported from marathon.de running calendar. Source listing: https://www.marathon.de/laufevent/swiss-irontrail/;https://www.irontrail.ch/;marathon.de;https://www.marathon.de/logos/swiss-irontrail.jpg
Remmers-Hasetal Marathon;Running;27.06.2026;Löningen;Germany;Löningen, Germany;52.7363493;7.7570655;5 km / 10 km / 21 km / 42 km;Imported from marathon.de running calendar.;https://www.hasetal-marathon.de/;marathon.de;https://www.marathon.de/logos/remmers-hasetal-marathon.jpg
Losheimer Trailfest;Ultramarathon;27.06.2026;Losheim am See;Germany;Losheim am See, Germany;49.5082531;6.7447054;12 km / 24 km / 47 km / 77 km;Imported from marathon.de running calendar. Source listing: https://www.marathon.de/laufevent/losheimer-trailfest/;https://trailfest.de/;marathon.de;https://www.marathon.de/logos/losheimer-trailfest.jpg
Crailsheimer Halbmarathon;Running;27.06.2026;Crailsheim;Germany;Crailsheim, Germany;49.1365626;10.0720195;11 km / 21 km;Imported from marathon.de running calendar. Source listing: https://www.marathon.de/laufevent/crailsheimer-halbmarathon/;https://syntegon-burgberglauf.de/;marathon.de;https://www.marathon.de/kategorien/2232d51c55.jpg
B. BRAUN Marathon;Running;28.06.2026;Tuttlingen;Germany;Tuttlingen, Germany;47.9844315;8.8186606;5 km / 10 km / 21 km / 42 km;Imported from marathon.de running calendar. Source listing: https://www.marathon.de/laufevent/donautal-marathon/;https://www.runundfun.de/wettbewerbe/aesculap-donautal-marathon/;marathon.de;https://www.marathon.de/kategorien/9df6b59342.jpg
Marburger Nachtmarathon;Running;03.07.2026;Marburg;Germany;Marburg, Germany;50.8090106;8.7704695;10 km, Half Marathon, Marathon;Imported from marathon.de running calendar. Source listing: https://www.marathon.de/laufevent/marburger-nachtmarathon/;https://www.ultra-marburg.de/nachtmarathon;marathon.de + Kilometerliebe Discovery;https://www.marathon.de/kategorien/9df6b59342.jpg
Bernina Gletschermarathon;Running;03.07.2026;Pontresina;Switzerland;Pontresina, Switzerland;46.489993;9.9042965;42 km;Imported from marathon.de running calendar. Source listing: https://www.marathon.de/laufevent/bernina-gletschermarathon/;https://bernina.ultraks.com/;marathon.de;https://www.marathon.de/logos/bernina-ultraks.jpg
Gornergrat Zermatt Marathon;Ultramarathon;04.07.2026;St. Niklaus;Switzerland;St. Niklaus, Switzerland;46.177002;7.802516;21 km / 22 km / 42 km / 46 km;Imported from marathon.de running calendar. Source listing: https://www.marathon.de/laufevent/zermatt-marathon/;https://www.zermattmarathon.ch/;marathon.de;https://www.marathon.de/logos/zermatt-marathon.jpg
Bremer Brückenlauf;Running;04.07.2026;Bremen;Germany;Bremen, Germany;53.0758196;8.8071646;5 km / 10 km / 21 km;Imported from marathon.de running calendar. Source listing: https://www.marathon.de/laufevent/bremer-brueckenlauf/;https://bremer-brueckenlauf.de/;marathon.de;https://www.marathon.de/kategorien/2232d51c55.jpg
Fichtelgebirgsmarathon;Running;04.07.2026;Bad Alexandersbad;Germany;Bad Alexandersbad, Germany;50.0110866;12.0241501;10 km / 21 km / 42 km;Imported from marathon.de running calendar.;https://fichtelgebirgsmarathon.de/;marathon.de;https://www.marathon.de/logos/fichtelgebirgsmarathon.jpg
Schweriner Fünf-Seen-Lauf;Running;04.07.2026;Schwerin;Germany;Schwerin, Germany;53.6288297;11.4148038;5 km / 10 km / 15 km / 21 km;Imported from marathon.de running calendar. Source listing: https://www.marathon.de/laufevent/schweriner-fuenf-seen-lauf/;https://www.fuenf-seen-lauf.de/;marathon.de;https://www.marathon.de/kategorien/2232d51c55.jpg
Küstenkanallauf;Running;04.07.2026;Friesoythe/Kampe;Germany;Friesoythe/Kampe, Germany;53.0847318;7.854147;6 km / 11 km / 22 km;Imported from marathon.de running calendar. Source listing: https://www.marathon.de/laufevent/kuestenkanallauf/;https://www.kc-ikenbruegge.de/;marathon.de;https://www.marathon.de/kategorien/2232d51c55.jpg
Wilhelmsfelder Kerwelauf;Running;05.07.2026;Wilhelmsfeld;Germany;Wilhelmsfeld, Germany;49.4626013;8.7632568;6 km / 10 km / 21 km;Imported from marathon.de running calendar. Source listing: https://www.marathon.de/laufevent/wilhelmsfelder-kerwelauf/;https://kerwelauf.de/;marathon.de;https://www.marathon.de/kategorien/2232d51c55.jpg
SportScheck RUN München;Running;05.07.2026;München;Germany;München, Germany;48.1371079;11.5753822;5 km / 10 km / 21 km;Imported from marathon.de running calendar. Source listing: https://www.marathon.de/laufevent/sportscheck-run-muenchen/;https://www.sportscheck.com/erlebnisse/run/;marathon.de;https://www.marathon.de/logos/sportscheck-run-muenchen.jpg
Gletschermarathon Pitztal;Running;05.07.2026;St. Leonhard;Austria;St. Leonhard, Austria;47.0682874;15.4563438;6 km / 21 km / 42 km;Imported from marathon.de running calendar. Source listing: https://www.marathon.de/laufevent/gletschermarathon-pitztal/;http://gletschermarathon.at/;marathon.de;https://www.marathon.de/logos/gletschermarathon-pitztal.jpg
Eselsburger-Tal-Lauf;Running;05.07.2026;Herbrechtingen;Germany;Herbrechtingen, Germany;48.6226932;10.1761696;5 km / 10 km / 21 km;Imported from marathon.de running calendar. Source listing: https://www.marathon.de/laufevent/eselsburger-tal-lauf/;https://www.lauftreff-herbrechtingen.de/;marathon.de;https://www.marathon.de/kategorien/2232d51c55.jpg
Roruper Abendlauf;Running;10.07.2026;Dülmen-Rorup;Germany;Dülmen-Rorup, Germany;51.8283677;7.2791406;3 km / 10 km / 21 km;Imported from marathon.de running calendar. Source listing: https://www.marathon.de/laufevent/roruper-abendlauf/;https://www.rorup.net/lauftreff/;marathon.de;https://www.marathon.de/kategorien/2232d51c55.jpg
Silvrettatrailrun 3000;Ultramarathon;10.07.2026;Ischgl;Austria;Ischgl, Austria;47.0120228;10.2913166;11 km / 19 km / 30 km / 40 km;Imported from marathon.de running calendar. Source listing: https://www.marathon.de/laufevent/silvrettarun/;https://www.paznaun-ischgl.com/de/Live-Info-Events/Top-Events/Silvrettarun-3000;marathon.de;https://www.marathon.de/kategorien/06527d7ce5.jpg
Bad Buchauer Stadtlauf mit Halbmarathon;Running;11.07.2026;Bad Buchau;Germany;Bad Buchau, Germany;48.0655836;9.6097541;5 km / 8 km / 21 km;Imported from marathon.de running calendar. Source listing: https://www.marathon.de/laufevent/stadtlauf-bad-buchau/;https://www.svbadbuchau.de/stadtlauf/;marathon.de;https://www.marathon.de/kategorien/2232d51c55.jpg
Ermstal-Marathon;Running;12.07.2026;Metzingen;Germany;Metzingen, Germany;48.5397247;9.2831201;8 km / 10 km / 21 km / 42 km;Imported from marathon.de running calendar.;https://www.ermstal-marathon.de/;marathon.de;https://www.marathon.de/kategorien/9df6b59342.jpg
Gletscher Trailrun;Ultramarathon;16.07.2026;Obergurgl;Austria;Obergurgl, Austria;46.8711626;11.0282497;14 km / 26 km / 42 km / 62 km;Imported from marathon.de running calendar. Source listing: https://www.marathon.de/laufevent/gletscher-trailrun/;https://www.oetztal-trailrunning.at/;marathon.de;https://www.marathon.de/logos/oetztal-trailrunning.jpg
Heizomat Altmühlseelauf;Running;18.07.2026;Gunzenhausen;Germany;Gunzenhausen, Germany;49.1161362;10.7406852;7 km / 21 km;Imported from marathon.de running calendar. Source listing: https://www.marathon.de/laufevent/altmuehlseelauf/;https://www.altmuehlseelauf.de/;marathon.de;https://www.marathon.de/kategorien/2232d51c55.jpg
Maintal Ultratrail;Ultramarathon;18.07.2026;Veitshöchheim;Germany;Veitshöchheim, Germany;49.8408582;9.8889132;13 km / 30 km / 64 km;Imported from marathon.de running calendar. Source listing: https://www.marathon.de/laufevent/maintal-ultratrail/;https://www.mtut.de/;marathon.de;https://www.marathon.de/logos/maintal-ultratrail.jpg
Heumadener Volkslauf;Running;19.07.2026;Stuttgart;Germany;Stuttgart, Germany;48.7784485;9.1800132;6 km / 10 km / 21 km;Imported from marathon.de running calendar. Source listing: https://www.marathon.de/laufevent/heumadener-volkslauf/;https://www.tsv-heumaden.de/veranstaltungen/heumadener-volkslauf;marathon.de;https://www.marathon.de/kategorien/2232d51c55.jpg
Grossglockner ULTRA-TRAIL;Ultramarathon;23.07.2026;Kaprun;Austria;Kaprun, Austria;47.2713898;12.7573679;14 km / 37 km / 57 km / 84 km;Imported from marathon.de running calendar. Source listing: https://www.marathon.de/laufevent/grossglockner-ultra-trail/;https://www.ultratrail.at/;marathon.de;https://www.marathon.de/kategorien/06527d7ce5.jpg
Davos X-Trails;Ultramarathon;24.07.2026;Davos;Switzerland;Davos, Switzerland;46.796198;9.8236892;10 km / 23 km / 43 km / 68 km;Imported from marathon.de running calendar. Source listing: https://www.marathon.de/laufevent/davos-x-trails/;https://www.davos-xtrails.ch/;marathon.de;https://www.marathon.de/logos/davos-xtrails.jpg
Königsschlösser Marathon;Running;25.07.2026;Füssen;Germany;Füssen, Germany;47.5675998;10.6993217;10 km / 21 km / 42 km;Imported from marathon.de running calendar. Source listing: https://www.marathon.de/laufevent/koenigsschloesser-marathon/;https://www.laufwochenende-fuessen.de/;marathon.de;https://www.marathon.de/kategorien/9df6b59342.jpg
Rheingauer Halbmarathon;Running;26.07.2026;Oestrich-Winkel;Germany;Oestrich-Winkel, Germany;50.0071863;8.0167585;5 km / 10 km / 21 km;Imported from marathon.de running calendar. Source listing: https://www.marathon.de/laufevent/rheingauer-halbmarathon/;https://www.rieslinglauf.de/;marathon.de;https://www.marathon.de/kategorien/2232d51c55.jpg
Altmühl-Jura Halbmarathon;Running;26.07.2026;Greding;Germany;Greding, Germany;49.0666571;11.3398301;5 km / 10 km / 21 km;Imported from marathon.de running calendar. Source listing: https://www.marathon.de/laufevent/altmuehl-jura-halbmarathon/;https://www.greding.de/aj-halbmarathon/;marathon.de;https://www.marathon.de/kategorien/2232d51c55.jpg
Wallenstein Halbmarathon;Running;26.07.2026;Altdorf;Germany;Altdorf, Germany;49.2863021;8.2164153;12 km / 21 km;Imported from marathon.de running calendar. Source listing: https://www.marathon.de/laufevent/wallenstein-halbmarathon/;https://tv1881altdorf.de/;marathon.de;https://www.marathon.de/kategorien/2232d51c55.jpg
Ottonenlauf;Ultramarathon;01.08.2026;Alexisbad;Germany;Alexisbad, Germany;51.6499442;11.1165337;26 km / 45 km / 69 km;Imported from marathon.de running calendar. Source listing: https://www.marathon.de/laufevent/ottonenlauf/;https://www.ottonenlauf.info/;marathon.de;https://www.marathon.de/kategorien/b8921e67a0.jpg
hella Marathon Rostock;Running;01.08.2026;Rostock;Germany;Rostock, Germany;54.0886707;12.1400211;7 km / 21 km / 42 km;Imported from marathon.de running calendar. Source listing: https://www.marathon.de/laufevent/marathon-rostock/;https://www.rostocker-marathon-nacht.com/;marathon.de;https://www.marathon.de/logos/hella-marathon.jpg
Kapellenlauf Vorra;Running;02.08.2026;Frensdorf;Germany;Frensdorf, Germany;49.8091858;10.8699018;10 km / 21 km;Imported from marathon.de running calendar. Source listing: https://www.marathon.de/laufevent/kapellenlauf-vorra/;https://www.laufclub-vorra.de/;marathon.de;https://www.marathon.de/kategorien/2232d51c55.jpg
Marathon rund um Wellen;Running;02.08.2026;Wellen;Germany;Wellen, Germany;49.6692928;6.4334568;5 km / 11 km / 21 km / 42 km;Imported from marathon.de running calendar.;https://www.wellen-marathon.de/;marathon.de;https://www.marathon.de/kategorien/9df6b59342.jpg
Monschau Marathon;Ultramarathon;07.08.2026;Konzen;Germany;Konzen, Germany;50.5857941;6.2548231;42 km / 56 km / 70 km;Imported from marathon.de running calendar.;https://www.monschau-marathon.de/;marathon.de;https://www.marathon.de/logos/monschau-marathon.jpg
Gondo Marathon;Ultramarathon;08.08.2026;Gondo;Switzerland;Gondo, Switzerland;46.1958512;8.1399499;28 km / 42 km / 84 km;Imported from marathon.de running calendar. Source listing: https://www.marathon.de/laufevent/gondo-marathon/;https://www.gondo-marathon.ch/de/;marathon.de;https://www.marathon.de/logos/gondo-marathon.jpg
Allgäuer Panorama Marathon;Running;09.08.2026;Sonthofen;Germany;Sonthofen, Germany;47.5056059;10.2994096;5 km / 18 km / 21 km / 42 km;Imported from marathon.de running calendar.;https://www.allgaeuer-panorama-marathon.de/;marathon.de;https://www.marathon.de/logos/allgaeu-panorama-marathon.jpg
Stadtwerke-Europalauf;Running;09.08.2026;Neustadt in Holstein;Germany;Neustadt in Holstein, Germany;54.1029898;10.8186738;5 km / 10 km / 21 km;Imported from marathon.de running calendar. Source listing: https://www.marathon.de/laufevent/stadtwerke-europalauf/;https://www.tsv-neustadt-europalauf.de/;marathon.de;https://www.marathon.de/kategorien/2232d51c55.jpg
Helsinki Marathon;Running;22.08.2026;Helsinki;Finland;Helsinki, Finland;60.1666204;24.9435408;10 km / 21 km / 42 km;Imported from marathon.de running calendar. Source listing: https://www.marathon.de/laufevent/helsinki-marathon/;https://www.helsinkimarathon.fi/;marathon.de;https://www.marathon.de/logos/helsinki-marathon.jpg
Reykjavik Marathon;Running;22.08.2026;Reykjavik;Iceland;Reykjavik, Iceland;64.145981;-21.9422367;10 km / 21 km / 42 km;Imported from marathon.de running calendar. Source listing: https://www.marathon.de/laufevent/reykjavik-marathon/;https://www.rmi.is/;marathon.de;https://www.marathon.de/kategorien/9df6b59342.jpg
Hiltruper Halbmarathon;Running;23.08.2026;Münster;Germany;Münster, Germany;51.9625101;7.6251879;21 km;Imported from marathon.de running calendar. Source listing: https://www.marathon.de/laufevent/hiltruper-halbmarathon/;https://www.tus-hiltrup.de/;marathon.de;https://www.marathon.de/kategorien/2232d51c55.jpg
FlorSTADT Halbmarathon;Running;23.08.2026;Florstadt;Germany;Florstadt, Germany;50.3200881;8.9050064;5 km / 10 km / 21 km;Imported from marathon.de running calendar. Source listing: https://www.marathon.de/laufevent/florstadt-halbmarathon/;https://ltflorstadt.de/halbmarathon;marathon.de;https://www.marathon.de/kategorien/2232d51c55.jpg
Rosengartenlauf;Ultramarathon;23.08.2026;Rosengarten-Vahrendorf;Germany;Rosengarten-Vahrendorf, Germany;53.3983771;9.9048979;5 km / 10 km / 21 km / 50 km;Imported from marathon.de running calendar. Source listing: https://www.marathon.de/laufevent/rosengartenlauf/;https://rosengartenlauf.de/;marathon.de;https://www.marathon.de/kategorien/2232d51c55.jpg
Hofmühl-Volksfest Halbmarathon;Running;30.08.2026;Eichstätt;Germany;Eichstätt, Germany;48.8863328;11.1989396;11 km / 21 km;Imported from marathon.de running calendar. Source listing: https://www.marathon.de/laufevent/hofmuehl-volksfest-halbmarathon/;https://www.sv-marienstein.de/;marathon.de;https://www.marathon.de/kategorien/2232d51c55.jpg
Burgwald Märchen Marathon;Running;30.08.2026;Rauschenberg;Germany;Rauschenberg, Germany;50.9089878;8.8864674;5 km / 10 km / 21 km / 32 km;Imported from marathon.de running calendar. Source listing: https://www.marathon.de/laufevent/burgwald-maerchen-marathon/;https://bmm-rauschenberg.de/;marathon.de;https://www.marathon.de/kategorien/9df6b59342.jpg
Kleine Zeitung Wörthersee Halbmarathon;Running;30.08.2026;Klagenfurt;Austria;Klagenfurt, Austria;46.623943;14.3075976;10 km / 21 km;Imported from marathon.de running calendar. Source listing: https://www.marathon.de/laufevent/woerthersee-halbmarathon/;https://www.kaerntenlaeuft.at/;marathon.de;https://www.marathon.de/logos/woerthersee-halbmarathon.jpg
Lahnparklauf;Running;30.08.2026;Wetzlar;Germany;Wetzlar, Germany;50.570561;8.531245;5 km / 10 km / 21 km / 30 km;Imported from marathon.de running calendar. Source listing: https://www.marathon.de/laufevent/lahnparklauf/;https://team-naunheim.com/lahnparklauf/;marathon.de;https://www.marathon.de/kategorien/2232d51c55.jpg
Tharandter-Wald-Lauf;Running;30.08.2026;Hartha;Germany;Hartha, Germany;51.0984539;12.9715576;5 km / 10 km / 21 km / 30 km;Imported from marathon.de running calendar. Source listing: https://www.marathon.de/laufevent/tharandter-wald-lauf/;https://tharandterwaldlauf.wordpress.com/;marathon.de;https://www.marathon.de/kategorien/2232d51c55.jpg
Eilenriederennen Hannover;Running;30.08.2026;Hannover;Germany;Hannover, Germany;52.3744779;9.7385532;5 km / 10 km / 21 km;Imported from marathon.de running calendar. Source listing: https://www.marathon.de/laufevent/eilenriederennen-hannover/;https://www.eilenriederennen.de/;marathon.de;https://www.marathon.de/kategorien/2232d51c55.jpg
Koberstädter Waldmarathon;Running;30.08.2026;Egelsbach;Germany;Egelsbach, Germany;49.9668352;8.6659289;10 km / 21 km;Imported from marathon.de running calendar.;https://www.koberstaedter-marathon.de/;marathon.de;https://www.marathon.de/logos/koberstaedter-waldmarathon.jpg
Jungfrau Marathon;Running;04.09.2026;Interlaken;Switzerland;Interlaken, Switzerland;46.6855231;7.8585139;42 km;Imported from marathon.de running calendar. Source listing: https://www.marathon.de/laufevent/jungfrau-marathon/;https://www.jungfrau-marathon.ch/de/index.html;marathon.de;https://www.marathon.de/logos/jungfrau-marathon.jpg
Fehmarn Marathon;Running;05.09.2026;Fehmarn;Germany;Fehmarn, Germany;54.4685201;11.1342465;5 km / 11 km / 21 km / 42 km;Imported from marathon.de running calendar.;https://www.fehmarn-marathon.de/;marathon.de;https://www.marathon.de/kategorien/9df6b59342.jpg
Torlauf Dachstein;Running;05.09.2026;Ramsau am Dachstein;Austria;Ramsau am Dachstein, Austria;47.4217532;13.6531171;10 km / 21 km / 42 km;Imported from marathon.de running calendar. Source listing: https://www.marathon.de/laufevent/torlauf-dachstein/;https://www.torlauf-dachstein.info/;marathon.de;https://www.marathon.de/logos/torlauf-dachstein.jpg
Borkumer Meilenlauf;Running;05.09.2026;Borkum;Germany;Borkum, Germany;53.5862669;6.6917449;5 km / 10 km;Imported from marathon.de running calendar. Source listing: https://www.marathon.de/laufevent/borkumer-meilenlauf/;https://www.borkumer-meilenlauf.de/;marathon.de;https://www.marathon.de/kategorien/9d67eb951b.jpg
Usedom Marathon;Running;05.09.2026;Wolgast;Germany;Wolgast, Germany;54.0536473;13.7757809;21 km / 42 km;Imported from marathon.de running calendar. Source listing: https://www.marathon.de/laufevent/usedom-marathon/;https://usedom-marathon.com/;marathon.de;https://www.marathon.de/logos/usedom-marathon.jpg
Steinhuder-Meer-Lauf;Running;05.09.2026;Neustadt am Rübenberge;Germany;Neustadt am Rübenberge, Germany;52.5045772;9.4616921;5 km / 10 km / 21 km;Imported from marathon.de running calendar. Source listing: https://www.marathon.de/laufevent/steinhuder-meer-lauf/;http://www.tsv-poggenhagen1946.de/;marathon.de;https://www.marathon.de/kategorien/2232d51c55.jpg
Stadtwerke Halbmarathon Bochum;Running;06.09.2026;Bochum;Germany;Bochum, Germany;51.4818111;7.2196635;5 km / 10 km / 21 km;Imported from marathon.de running calendar.;https://www.stadtwerke-halbmarathon.de/;marathon.de;https://www.marathon.de/kategorien/2232d51c55.jpg
BORSIG Halbmarathon;Running;06.09.2026;Berlin;Germany;Berlin, Germany;52.5173885;13.3951309;5 km / 10 km / 21 km;Imported from marathon.de running calendar.;https://borsighalbmarathon.de/;marathon.de;https://www.marathon.de/kategorien/2232d51c55.jpg
Wardenburger Sommerlauf;Running;06.09.2026;Wardenburg;Germany;Wardenburg, Germany;53.0645396;8.1925341;5 km / 10 km;Imported from marathon.de running calendar. Source listing: https://www.marathon.de/laufevent/wardenburger-sommerlauf/;http://www.wardenburger-sommerlauf.de/;marathon.de;https://www.marathon.de/kategorien/9d67eb951b.jpg
Flensburg liebt dich Marathon;Running;06.09.2026;Flensburg;Germany;Flensburg, Germany;54.7833021;9.4333264;5 km / 10 km / 21 km / 42 km;Imported from marathon.de running calendar.;https://www.flensburg-marathon.de/;marathon.de;https://www.marathon.de/logos/flensburg-marathon.jpg
Fränkische Schweiz Marathon;Running;06.09.2026;Ebermannstadt;Germany;Ebermannstadt, Germany;49.7802113;11.1875112;10 km / 21 km / 42 km;Imported from marathon.de running calendar.;https://www.fs-marathon.de/;marathon.de;https://www.marathon.de/logos/fraenkische-schweiz-marathon.jpg
City Marathon Bremerhaven;Running;06.09.2026;Bremerhaven;Germany;Bremerhaven, Germany;53.5505392;8.5851945;7 km / 10 km / 21 km / 42 km;Imported from marathon.de running calendar.;https://www.bremerhaven-marathon.de/;marathon.de;https://www.marathon.de/kategorien/9df6b59342.jpg
Schapener Volkslauf;Running;06.09.2026;Braunschweig;Germany;Braunschweig, Germany;52.2646577;10.5236066;6 km / 10 km / 21 km;Imported from marathon.de running calendar. Source listing: https://www.marathon.de/laufevent/schapener-volkslauf/;https://www.volkslauf-schapen.de/;marathon.de;https://www.marathon.de/kategorien/2232d51c55.jpg
Fulda Marathon;Running;06.09.2026;Fulda;Germany;Fulda, Germany;50.5514658;9.6762161;5 km / 10 km / 21 km;Imported from marathon.de running calendar.;https://www.fulda-marathon.de/;marathon.de;https://www.marathon.de/logos/fulda-marathon.jpg
Sachsenwaldlauf;Running;06.09.2026;Schwarzenbek;Germany;Schwarzenbek, Germany;53.503122;10.4785643;3 km / 5 km / 10 km / 21 km;Imported from marathon.de running calendar. Source listing: https://www.marathon.de/laufevent/sachsenwaldlauf/;https://www.sachsenwaldlauf.de/;marathon.de;https://www.marathon.de/kategorien/2232d51c55.jpg
10 Teiche Marathon;Running;12.09.2026;Hahnenklee;Germany;Hahnenklee, Germany;51.8602508;10.3384485;5 km / 11 km / 21 km / 42 km;Imported from marathon.de running calendar. Source listing: https://www.marathon.de/laufevent/10-teiche-marathon/;https://www.harzer-wanderwochen.de/10-teiche-marathon;marathon.de;https://www.marathon.de/kategorien/9df6b59342.jpg
Südthüringentrail;Ultramarathon;12.09.2026;Suhl;Germany;Suhl, Germany;50.6086518;10.6926437;17 km / 48 km / 65 km;Imported from marathon.de running calendar. Source listing: https://www.marathon.de/laufevent/suedthueringentrail/;https://www.suedthueringen-trail.de/;marathon.de;https://www.marathon.de/kategorien/06527d7ce5.jpg
Erfurt Marathon;Running;12.09.2026;Erfurt;Germany;Erfurt, Germany;50.9777974;11.0287364;21 km / 42 km;Imported from marathon.de running calendar.;https://www.erfurt-marathon.de/;marathon.de;https://www.marathon.de/kategorien/9df6b59342.jpg
Pfälzerwald Marathon;Running;12.09.2026;Pirmasens;Germany;Pirmasens, Germany;49.1996961;7.6087847;21 km / 42 km;Imported from marathon.de running calendar.;https://www.pfaelzerwald-marathon.de/;marathon.de;https://www.marathon.de/kategorien/9df6b59342.jpg
swb Bremen Marathon;Running;13.09.2026;Bremen;Germany;Bremen, Germany;53.0758196;8.8071646;10 km / 21 km / 42 km;Imported from marathon.de running calendar. Source listing: https://www.marathon.de/laufevent/bremen-marathon/;https://swb-marathon.com/;marathon.de;https://www.marathon.de/kategorien/9df6b59342.jpg
Kiel Lauf;Running;13.09.2026;Kiel;Germany;Kiel, Germany;54.3227085;10.135555;5 km / 10 km / 21 km;Imported from marathon.de running calendar. Source listing: https://www.marathon.de/laufevent/kiel-lauf/;https://www.kiellauf.de/;marathon.de;https://www.marathon.de/kategorien/2232d51c55.jpg
Friedberger Halbmarathon;Running;13.09.2026;Friedberg i.Bayern;Germany;Friedberg i.Bayern, Germany;48.3551962;10.9786498;21 km;Imported from marathon.de running calendar. Source listing: https://www.marathon.de/laufevent/friedberger-halbmarathon/;https://www.halbmarathon-friedberg.de/;marathon.de;https://www.marathon.de/logos/friedberger-halbmarathon.jpg
Wormser Nibelungenlauf;Running;13.09.2026;Worms;Germany;Worms, Germany;49.6302618;8.3620898;5 km / 10 km / 21 km;Imported from marathon.de running calendar. Source listing: https://www.marathon.de/laufevent/wormser-nibelungenlauf/;https://nibelungenlauf.de/;marathon.de;https://www.marathon.de/kategorien/2232d51c55.jpg
ebm-papst Marathon;Running;13.09.2026;Niedernhall;Germany;Niedernhall, Germany;49.294729;9.61617;5 km / 10 km / 21 km / 42 km;Imported from marathon.de running calendar.;https://www.ebmpapst-marathon.de/;marathon.de;https://www.marathon.de/logos/ebm-papst-marathon.jpg
wep-Strom Lauf;Running;13.09.2026;Hückelhoven;Germany;Hückelhoven, Germany;51.0552368;6.2247322;5 km / 10 km / 21 km / 42 km;Imported from marathon.de running calendar. Source listing: https://www.marathon.de/laufevent/wep-strom-lauf/;http://www.wepstrom-lauf.de/;marathon.de;https://www.marathon.de/kategorien/9df6b59342.jpg
Miltenberger Landkreis-Lauftag;Running;13.09.2026;Elsenfeld;Germany;Elsenfeld, Germany;49.8473123;9.1618537;3 km / 10 km / 21 km;Imported from marathon.de running calendar. Source listing: https://www.marathon.de/laufevent/miltenberger-landkreis-lauftag/;https://lauftag.landkreis-miltenberg.de/;marathon.de;https://www.marathon.de/kategorien/2232d51c55.jpg
Wachau Marathon;Running;13.09.2026;Krems;Austria;Krems, Austria;48.4108382;15.6003717;11 km / 21 km / 42 km;Imported from marathon.de running calendar. Source listing: https://www.marathon.de/laufevent/wachau-marathon/;https://www.wachaumarathon.com/;marathon.de;https://www.marathon.de/logos/wachau-marathon.jpg
Kassel Marathon;Running;18.09.2026;Kassel;Germany;Kassel, Germany;51.3157833;9.4978479;21 km / 42 km;Imported from marathon.de running calendar.;https://www.kassel-marathon.de/;marathon.de;https://www.marathon.de/logos/kassel-marathon.jpg
Brauereienlauf;Running;19.09.2026;Litzendorf;Germany;Litzendorf, Germany;49.9123064;11.0096505;10 km / 21 km;Imported from marathon.de running calendar. Source listing: https://www.marathon.de/laufevent/brauereienlauf/;https://brauereienlauf.de/;marathon.de;https://www.marathon.de/kategorien/2232d51c55.jpg
Bodensee Marathon;Running;19.09.2026;Kressbronn;Germany;Kressbronn, Germany;49.0655511;10.1378705;10 km / 21 km / 42 km;Imported from marathon.de running calendar.;https://www.bodensee-marathon.de/;marathon.de;https://www.marathon.de/logos/bodensee-marathon.jpg
Seenlandmarathon;Running;19.09.2026;Pleinfeld;Germany;Pleinfeld, Germany;49.1053751;10.98564;5 km / 21 km / 42 km;Imported from marathon.de running calendar.;https://www.seenlandmarathon.de/;marathon.de;https://www.marathon.de/logos/seenlandmarathon.jpg
Drei-Talsperren Marathon;Running;19.09.2026;Eibenstock;Germany;Eibenstock, Germany;50.4725811;12.6117135;8 km / 21 km / 42 km;Imported from marathon.de running calendar.;https://www.drei-talsperren-marathon.de/;marathon.de;https://www.marathon.de/kategorien/9df6b59342.jpg
Sparkassen - Küstenmarathon;Running;20.09.2026;Otterndorf;Germany;Otterndorf, Germany;53.8073939;8.8956836;5 km / 10 km / 25 km / 42 km;Imported from marathon.de running calendar.;https://www.kuestenmarathon.de/;marathon.de;https://www.marathon.de/kategorien/9df6b59342.jpg
PSD Bank Halbmarathon Hamburg;Running;20.09.2026;Hamburg;Germany;Hamburg, Germany;53.5501721;10.0013165;21 km;Imported from marathon.de running calendar. Source listing: https://www.marathon.de/laufevent/halbmarathon-hamburg/;https://www.halb-marathon.hamburg/;marathon.de;https://www.marathon.de/logos/hamburg-halbmarathon.jpg
Halbmarathon Altötting;Running;20.09.2026;Altötting;Germany;Altötting, Germany;48.2268085;12.6757914;6 km / 21 km;Imported from marathon.de running calendar.;https://www.halbmarathon.de/;marathon.de;https://www.marathon.de/logos/halbmarathon-altoetting.jpg
Reichenau Halbmarathon;Running;20.09.2026;Reichenau;Germany;Reichenau, Germany;47.6956373;9.0592022;10 km / 21 km;Imported from marathon.de running calendar. Source listing: https://www.marathon.de/laufevent/reichenau-halbmarathon/;https://www.sv-reichenau-leichtathletik.de/;marathon.de;https://www.marathon.de/kategorien/2232d51c55.jpg
Baden Marathon Karlsruhe;Running;20.09.2026;Karlsruhe;Germany;Karlsruhe, Germany;49.0068705;8.4034195;14 km / 21 km / 42 km;Imported from marathon.de running calendar.;https://www.badenmarathon.de/;marathon.de;https://www.marathon.de/logos/baden-marathon.jpg
Schuster Tegernseelauf;Running;20.09.2026;Gmund am Tegernsee;Germany;Gmund am Tegernsee, Germany;47.750822;11.738955;5 km / 10 km / 21 km;Imported from marathon.de running calendar. Source listing: https://www.marathon.de/laufevent/tegernseelauf/;https://www.tegernseelauf.de/;marathon.de;https://www.marathon.de/kategorien/2232d51c55.jpg
Kieler Förde Marathon;Running;20.09.2026;Kiel;Germany;Kiel, Germany;54.3227085;10.135555;42 km;Imported from marathon.de running calendar. Source listing: https://www.marathon.de/laufevent/kieler-foerde-marathon/;https://www.ltvkiel-ost.de/kieler-f%C3%B6rde-marathon;marathon.de;https://www.marathon.de/logos/kieler-foerde-marathon.jpg
Trail Marathon Heidelberg;Ultramarathon;20.09.2026;Heidelberg;Germany;Heidelberg, Germany;49.4093582;8.694724;20 km / 30 km / 45 km;Imported from marathon.de running calendar. Source listing: https://www.marathon.de/laufevent/trail-marathon-heidelberg/;https://www.trailmarathon-heidelberg.de/;marathon.de;https://www.marathon.de/kategorien/06527d7ce5.jpg
Altstadtlauf Salzwedel;Running;20.09.2026;Salzwedel;Germany;Salzwedel, Germany;52.8528456;11.1539699;5 km / 10 km / 21 km;Imported from marathon.de running calendar. Source listing: https://www.marathon.de/laufevent/altstadtlauf-salzwedel/;https://www.altstadtlauf-salzwedel.de/;marathon.de;https://www.marathon.de/kategorien/2232d51c55.jpg
Bertlicher Strassenläufe;Running;27.09.2026;Herten-Bertlich;Germany;Herten-Bertlich, Germany;51.6149787;7.0680101;5 km / 8 km / 10 km / 15 km;Imported from marathon.de running calendar. Source listing: https://www.marathon.de/laufevent/bertlicher-strassenlaeufe/;http://www.sus-bertlich.de/la/;marathon.de;https://www.marathon.de/kategorien/9df6b59342.jpg
Einstein Marathon;Running;27.09.2026;Ulm;Germany;Ulm, Germany;48.3984968;9.9912458;5 km / 10 km / 21 km / 42 km;Imported from marathon.de running calendar.;https://www.einsteinmarathon.de/;marathon.de;https://www.marathon.de/logos/einstein-marathon.jpg
Kärntner Marathon;Ultramarathon;27.09.2026;Feldkirchen;Austria;Feldkirchen, Austria;46.7284183;14.0906473;11 km / 21 km / 42 km / 50 km;Imported from marathon.de running calendar. Source listing: https://www.marathon.de/laufevent/kaerntner-marathon/;https://www.internationaler-kaernten-marathon.at/;marathon.de;https://www.marathon.de/logos/kaerntner-marathon.jpg
Sparkassen Phoenix-Halbmarathon Dortmund;Running;03.10.2026;Dortmund;Germany;Dortmund, Germany;51.5142273;7.4652789;21 km;Imported from marathon.de running calendar.;https://sparkassen-phoenix-halbmarathon.de/;marathon.de;https://www.marathon.de/logos/dortmund-halbmarathon.jpg
Taubertal 100;Ultramarathon;03.10.2026;Rothenburg ob der Tauber;Germany;Rothenburg ob der Tauber, Germany;49.3658042;10.1629182;50 km / 70 km / 100 km;Imported from marathon.de running calendar. Source listing: https://www.marathon.de/laufevent/taubertal100/;https://www.taubertal100.de/;marathon.de;https://www.marathon.de/kategorien/b8921e67a0.jpg
Aschaffenburger Sparkassen Halbmarathon;Running;04.10.2026;Aschaffenburg;Germany;Aschaffenburg, Germany;49.9706701;9.1384857;21 km;Imported from marathon.de running calendar. Source listing: https://www.marathon.de/laufevent/aschaffenburger-halbmarathon/;https://halbmarathon-aschaffenburg.de/;marathon.de;https://www.marathon.de/kategorien/2232d51c55.jpg
Mitteldeutscher Marathon;Running;04.10.2026;Halle;Germany;Halle, Germany;51.4824354;11.9712985;10 km / 21 km / 42 km;Imported from marathon.de running calendar.;https://www.mitteldeutscher-marathon.de/;marathon.de;https://www.marathon.de/logos/mitteldeutscher-marathon.jpg
Rügenbrücken Marathon;Running;10.10.2026;Stralsund;Germany;Stralsund, Germany;54.3096314;13.0820846;3 km / 6 km / 10 km / 21 km;Imported from marathon.de running calendar.;https://www.ruegenbrueckenmarathon.de/;marathon.de;https://www.marathon.de/logos/ruegenbruecken-marathon.jpg
Brocken Marathon;Running;10.10.2026;Wernigerode;Germany;Wernigerode, Germany;51.8344172;10.7862526;5 km, 10 km, 11 km, Half Marathon, 25 km, Marathon;Imported from marathon.de running calendar. Source listing: https://www.marathon.de/laufevent/brocken-marathon/;http://www.harz-gebirgslauf.de/;marathon.de + Kilometerliebe Discovery;https://www.marathon.de/kategorien/9df6b59342.jpg
Schwarzwald Marathon;Running;10.10.2026;Bräunlingen;Germany;Bräunlingen, Germany;47.9300645;8.448329;5 km / 10 km / 21 km / 42 km;Imported from marathon.de running calendar.;https://www.schwarzwaldmarathon.de/;marathon.de;https://www.marathon.de/kategorien/9df6b59342.jpg
Lissabon Marathon;Running;10.10.2026;Lissabon;Portugal;Lissabon, Portugal;38.7077507;-9.1365919;8 km / 21 km / 42 km;Imported from marathon.de running calendar. Source listing: https://www.marathon.de/laufevent/lissabon-marathon/;https://maratonalisboa.com/;marathon.de;https://www.marathon.de/logos/lissabon-marathon.jpg
Kaisermarathon;Running;10.10.2026;Söll;Austria;Söll, Austria;47.5037676;12.1914903;42 km;Imported from marathon.de running calendar. Source listing: https://www.marathon.de/laufevent/kaisermarathon/;https://www.tourdetirol.com/;marathon.de;https://www.marathon.de/kategorien/9df6b59342.jpg
RIBE Citylauf Schwabach;Running;11.10.2026;Schwabach;Germany;Schwabach, Germany;49.3290521;11.0207677;5 km / 10 km / 21 km;Imported from marathon.de running calendar. Source listing: https://www.marathon.de/laufevent/citylauf-schwabach/;https://schwabacher-citylauf.de/;marathon.de;https://www.marathon.de/kategorien/2232d51c55.jpg
Bukarest Marathon;Running;11.10.2026;Bukarest;Romania;Bukarest, Romania;44.4361414;26.102684;10 km / 21 km / 42 km;Imported from marathon.de running calendar. Source listing: https://www.marathon.de/laufevent/bukarest-marathon/;https://bucharest-marathon.com/;marathon.de;https://www.marathon.de/kategorien/9df6b59342.jpg
Ascona-Locarno Run;Running;11.10.2026;Ascona;Switzerland;Ascona, Switzerland;46.1554222;8.7707865;5 km / 10 km / 21 km;Imported from marathon.de running calendar. Source listing: https://www.marathon.de/laufevent/ascona-locarno-run/;https://www.ascona-locarno-run.ch/;marathon.de;https://www.marathon.de/logos/ascona-halbmarathon.jpg
Eindhoven Marathon;Running;11.10.2026;Eindhoven;Netherlands;Eindhoven, Netherlands;51.4392648;5.478633;5 km / 10 km / 21 km / 42 km;Imported from marathon.de running calendar. Source listing: https://www.marathon.de/laufevent/eindhoven-marathon/;https://www.marathoneindhoven.org/;marathon.de;https://www.marathon.de/logos/eindhoven-marathon.jpg
Leipzig RUN;Running;11.10.2026;Leipzig;Germany;Leipzig, Germany;51.3406321;12.3747329;10 km / 21 km;Imported from marathon.de running calendar. Source listing: https://www.marathon.de/laufevent/leipzig-run/;https://www.maximalpuls.com/events/leipzig-run/;marathon.de;https://www.marathon.de/kategorien/2232d51c55.jpg
3-Länder Marathon;Running;11.10.2026;Bregenz;Austria;Bregenz, Austria;47.5025779;9.7472924;11 km / 21 km / 42 km;Imported from marathon.de running calendar. Source listing: https://www.marathon.de/laufevent/drei-laender-marathon/;https://www.sparkasse-3-laender-marathon.at/;marathon.de;https://www.marathon.de/logos/drei-laender-marathon.jpg
Budapest Marathon;Running;11.10.2026;Budapest;Hungary;Budapest, Hungary;47.4813896;19.1457723;14 km / 30 km / 42 km;Imported from marathon.de running calendar. Source listing: https://www.marathon.de/laufevent/budapest-marathon/;https://marathon.runinbudapest.com/;marathon.de;https://www.marathon.de/logos/budapest-marathon.jpg
Graz Marathon;Running;11.10.2026;Graz;Austria;Graz, Austria;47.0708678;15.4382786;10 km / 21 km / 42 km;Imported from marathon.de running calendar. Source listing: https://www.marathon.de/laufevent/graz-marathon/;https://www.grazmarathon.at/;marathon.de;https://www.marathon.de/logos/graz-marathon.jpg
Westenergie Marathon;Running;11.10.2026;Essen;Germany;Essen, Germany;51.4582235;7.0158171;17 km / 42 km;Imported from marathon.de running calendar.;https://westenergie-marathon.de/;marathon.de;https://www.marathon.de/kategorien/9df6b59342.jpg
Marathon München by Brooks;Running;11.10.2026;München;Germany;München, Germany;48.1371079;11.5753822;10 km / 21 km / 42 km;Imported from marathon.de running calendar. Source listing: https://www.marathon.de/laufevent/muenchen-marathon/;https://marathonmuenchen.org/;marathon.de;https://www.marathon.de/kategorien/9df6b59342.jpg
Sparkassen-SAARathon;Running;11.10.2026;Saarbrücken;Germany;Saarbrücken, Germany;49.234362;6.996379;5 km / 10 km / 21 km / 42 km;Imported from marathon.de running calendar. Source listing: https://www.marathon.de/laufevent/saarbruecker-westspangenlauf/;https://www.westspangenlauf.de/;marathon.de;https://www.marathon.de/kategorien/9df6b59342.jpg
Falke Rothaarsteig Marathon;Running;17.10.2026;Fleckenberg;Germany;Fleckenberg, Germany;51.1325162;8.2623868;12 km / 21 km / 22 km / 42 km;Imported from marathon.de running calendar.;https://www.rothaarsteig-marathon.de/;marathon.de;https://www.marathon.de/kategorien/9df6b59342.jpg
Hachenburg Löwen Marathon;Running;17.10.2026;Hachenburg;Germany;Hachenburg, Germany;50.6627538;7.8253173;6 km / 11 km / 21 km;Imported from marathon.de running calendar. Source listing: https://www.marathon.de/laufevent/hachenburg-loewen-marathon/;https://www.loewenlauf-hachenburg.de/;marathon.de;https://www.marathon.de/kategorien/2232d51c55.jpg
Salzkammergut Marathon;Running;17.10.2026;St. Wolfgang;Austria;St. Wolfgang, Austria;47.6104372;15.9973675;5 km / 10 km / 27 km / 42 km;Imported from marathon.de running calendar. Source listing: https://www.marathon.de/laufevent/salzkammergut-marathon/;http://www.wolfgangseelauf.at/;marathon.de;https://www.marathon.de/logos/salzkammergut-marathon.jpg
Palma Marathon;Running;18.10.2026;Palma de Mallorca;Spain;Palma de Mallorca, Spain;39.5695818;2.6500745;9 km / 21 km / 42 km;Imported from marathon.de running calendar. Source listing: https://www.marathon.de/laufevent/palma-marathon/;https://www.palmademallorcamarathon.com/;marathon.de;https://www.marathon.de/logos/palma-marathon.jpg
Lübeck Marathon;Running;18.10.2026;Lübeck;Germany;Lübeck, Germany;53.866444;10.684738;2 km / 4 km / 10 km / 21 km;Imported from marathon.de running calendar.;https://www.luebeck-marathon.de/;marathon.de;https://www.marathon.de/logos/luebeck-marathon.jpg
Bottwartal Marathon;Ultramarathon;18.10.2026;Steinheim;Germany;Steinheim, Germany;51.8660478;9.0942767;10 km, Half Marathon, Marathon, 54 km;Imported from marathon.de running calendar.;https://www.bottwartal-marathon.de/;marathon.de + Kilometerliebe Discovery;https://www.marathon.de/logos/bottwartal-marathon.jpg
Filderstadt-Halbmarathon;Running;18.10.2026;Filderstadt;Germany;Filderstadt, Germany;48.6664;9.2199647;10 km / 21 km;Imported from marathon.de running calendar.;https://www.filderstadt-halbmarathon.de/;marathon.de;https://www.marathon.de/kategorien/2232d51c55.jpg
Antwerpen Marathon;Running;18.10.2026;Antwerpen;Belgium;Antwerpen, Belgium;51.2211097;4.3997081;8 km / 21 km / 42 km;Imported from marathon.de running calendar. Source listing: https://www.marathon.de/laufevent/antwerpen-marathon/;https://antwerpmarathon.com/;marathon.de;https://www.marathon.de/kategorien/9df6b59342.jpg
Chiemgau Trail Run;Ultramarathon;24.10.2026;Marquartstein;Germany;Marquartstein, Germany;47.7608226;12.4604809;10 km / 21 km / 42 km / 60 km;Imported from marathon.de running calendar. Source listing: https://www.marathon.de/laufevent/chiemgau-trail-run/;https://chiemgau-trail-run.de/;marathon.de;https://www.marathon.de/kategorien/06527d7ce5.jpg
TCS Amsterdam Marathon;Running;25.10.2026;Amsterdam;Netherlands;Amsterdam, Netherlands;52.3730796;4.8924534;8 km / 21 km / 42 km;Imported from marathon.de running calendar. Source listing: https://www.marathon.de/laufevent/amsterdam-marathon/;https://www.tcsamsterdammarathon.eu/;marathon.de;https://www.marathon.de/logos/amsterdam-marathon.jpg
Swiss City Marathon Lucerne;Running;25.10.2026;Luzern;Switzerland;Luzern, Switzerland;47.052144;8.3058123;10 km / 21 km / 42 km;Imported from marathon.de running calendar. Source listing: https://www.marathon.de/laufevent/swiss-city-marathon-lucerne/;https://www.swisscitymarathon.ch/;marathon.de;https://www.marathon.de/logos/swiss-city-marathon-lucerne.jpg
Lausanne Marathon;Running;25.10.2026;Lausanne;Switzerland;Lausanne, Switzerland;46.5218269;6.6327025;10 km / 21 km / 42 km;Imported from marathon.de running calendar. Source listing: https://www.marathon.de/laufevent/lausanne-marathon/;https://de.lausanne-marathon.com/;marathon.de;https://www.marathon.de/logos/lausanne-marathon.jpg
Braunschweiger Lauftage;Running;25.10.2026;Braunschweig;Germany;Braunschweig, Germany;52.2646577;10.5236066;5 km / 10 km / 21 km;Imported from marathon.de running calendar. Source listing: https://www.marathon.de/laufevent/braunschweiger-lauftage/;http://www.braunschweiger-lauftage.de/;marathon.de;https://www.marathon.de/kategorien/2232d51c55.jpg
SportScheck RUN Nürnberg;Running;25.10.2026;Nürnberg;Germany;Nürnberg, Germany;49.453872;11.077298;6 km / 10 km / 21 km;Imported from marathon.de running calendar. Source listing: https://www.marathon.de/laufevent/sportscheck-run-nuernberg/;https://www.sportscheck.com/erlebnisse/run/;marathon.de;https://www.marathon.de/logos/sportscheck-run-nuernberg.jpg
Dresdner Marathon;Running;25.10.2026;Dresden;Germany;Dresden, Germany;51.0493286;13.7381437;4 km / 10 km / 21 km / 42 km;Imported from marathon.de running calendar. Source listing: https://www.marathon.de/laufevent/dresdner-marathon/;https://www.dresden-marathon.com/;marathon.de;https://www.marathon.de/logos/dresdner-marathon.jpg
Dublin Marathon;Running;25.10.2026;Dublin;Ireland;Dublin, Ireland;53.3493795;-6.2605593;42 km;Imported from marathon.de running calendar. Source listing: https://www.marathon.de/laufevent/dublin-marathon/;https://irishlifedublinmarathon.ie/;marathon.de;https://www.marathon.de/logos/dublin-marathon.jpg
Oldenburg Marathon;Running;25.10.2026;Edewecht;Germany;Edewecht, Germany;53.1283992;7.9855044;5 km / 10 km / 21 km / 42 km;Imported from marathon.de running calendar.;https://www.oldenburg-marathon.de/;marathon.de;https://www.marathon.de/logos/oldenburg-marathon.jpg
Röntgenlauf;Running;25.10.2026;Remscheid;Germany;Remscheid, Germany;51.1798706;7.1943544;5 km / 10 km / 21 km / 42 km;Imported from marathon.de running calendar. Source listing: https://www.marathon.de/laufevent/roentgenlauf/;https://www.roentgenlauf.de/;marathon.de;https://www.marathon.de/kategorien/9df6b59342.jpg
Athen Marathon;Running;08.11.2026;Athen;Greece;Athen, Greece;37.9755648;23.7348324;5 km / 10 km / 42 km;Imported from marathon.de running calendar. Source listing: https://www.marathon.de/laufevent/athen-marathon/;https://www.athensauthenticmarathon.gr/;marathon.de;https://www.marathon.de/kategorien/9df6b59342.jpg
Rursee Marathon;Ultramarathon;08.11.2026;Simmerath;Germany;Simmerath, Germany;50.6072499;6.3005267;17 km / 42 km / 52 km;Imported from marathon.de running calendar.;https://www.rursee-marathon.de/;marathon.de;https://www.marathon.de/logos/rursee-marathon.jpg
Karneval Marathon Köln;Running;11.11.2026;Köln;Germany;Köln, Germany;50.938361;6.959974;42 km;Imported from marathon.de running calendar.;https://www.karneval-marathon.de/;marathon.de;https://www.marathon.de/kategorien/9df6b59342.jpg
Frauenfelder Marathon;Running;15.11.2026;Frauenfeld;Switzerland;Frauenfeld, Switzerland;47.5561915;8.8963347;21 km / 42 km;Imported from marathon.de running calendar. Source listing: https://www.marathon.de/laufevent/frauenfelder-marathon/;https://www.der-frauenfelder.ch/;marathon.de;https://www.marathon.de/logos/frauenfelder-marathon.jpg
Verona Run Marathon;Running;15.11.2026;Verona;Italy;Verona, Italy;45.4424977;10.9857377;10 km / 21 km / 42 km;Imported from marathon.de running calendar. Source listing: https://www.marathon.de/laufevent/verona-run-marathon/;https://www.veronarunmarathon.it/;marathon.de;https://www.marathon.de/kategorien/9df6b59342.jpg
Lipperland Marathon;Running;21.11.2026;Dörentrup;Germany;Dörentrup, Germany;52.0408142;9.0033681;10 km / 21 km / 42 km;Imported from marathon.de running calendar.;https://www.lipperland-marathon.de/;marathon.de;https://www.marathon.de/kategorien/9df6b59342.jpg
Ring Running Series;Running;21.11.2026;Hockenheim;Germany;Hockenheim, Germany;49.3188892;8.5475467;21 km / 42 km;Imported from marathon.de running calendar. Source listing: https://www.marathon.de/laufevent/ring-running-series/;https://ringrunningseries.com/;marathon.de;https://www.marathon.de/kategorien/9df6b59342.jpg
Schloss Marienburg Marathon;Running;21.11.2026;Nordstemmen-Adensen;Germany;Nordstemmen-Adensen, Germany;52.1763239;9.729259;21 km / 42 km;Imported from marathon.de running calendar.;http://www.schloss-marienburg-marathon.de/;marathon.de;https://www.marathon.de/kategorien/9df6b59342.jpg
Siebengebirgsmarathon;Running;06.12.2026;Bad Honnef;Germany;Bad Honnef, Germany;50.6448582;7.2272534;21 km / 42 km;Imported from marathon.de running calendar. Source listing: https://www.marathon.de/laufevent/siebengebirgsmarathon/;https://siebengebirgsmarathon.net/;marathon.de;https://www.marathon.de/kategorien/9df6b59342.jpg
Valencia Marathon;Running;06.12.2026;Valencia;Spain;Valencia, Spain;39.4697065;-0.3763353;21 km / 42 km;Imported from marathon.de running calendar. Source listing: https://www.marathon.de/laufevent/valencia-marathon/;https://www.valenciaciudaddelrunning.com/;marathon.de;https://www.marathon.de/kategorien/9df6b59342.jpg
Wintermarathon Leipzig;Running;16.01.2027;Leipzig;Germany;Leipzig, Germany;51.3406321;12.3747329;21 km / 42 km;Imported from marathon.de running calendar.;https://wintermarathon.de/;marathon.de;https://www.marathon.de/kategorien/9df6b59342.jpg
Winterstaffel Pulheim;Running;31.01.2027;Pulheim;Germany;Pulheim, Germany;50.9979888;6.8025409;5 km / 10 km / 21 km / 42 km;Imported from marathon.de running calendar. Source listing: https://www.marathon.de/laufevent/winterstaffel-pulheim/;https://www.winterstaffel.de/;marathon.de;https://www.marathon.de/kategorien/9df6b59342.jpg
Sevilla Marathon;Running;21.02.2027;Sevilla;Spain;Sevilla, Spain;37.3886303;-5.9953403;42 km;Imported from marathon.de running calendar. Source listing: https://www.marathon.de/laufevent/sevilla-marathon/;https://de.zurichmaratonsevilla.es/;marathon.de;https://www.marathon.de/kategorien/9df6b59342.jpg
Malta Marathon;Running;28.02.2027;Mdina;Malta;Mdina, Malta;35.8858923;14.4025288;21 km / 42 km;Imported from marathon.de running calendar. Source listing: https://www.marathon.de/laufevent/malta-marathon/;https://www.maltamarathon.com/;marathon.de;https://www.marathon.de/logos/malta-marathon.jpg
Königsforst Marathon;Ultramarathon;14.03.2027;Bensberg;Germany;Bensberg, Germany;51.2323776;9.3541143;21 km / 42 km / 63 km;Imported from marathon.de running calendar.;https://www.koenigsforst-marathon.de/;marathon.de;https://www.marathon.de/kategorien/9df6b59342.jpg
Bienwald Marathon;Running;14.03.2027;Kandel;Germany;Kandel, Germany;49.0809754;8.1970699;21 km / 42 km;Imported from marathon.de running calendar.;https://www.bienwald-marathon.de/;marathon.de;https://www.marathon.de/logos/bienwald-marathon.jpg
Rome Marathon;Running;14.03.2027;Rom;Italy;Rom, Italy;41.8933203;12.4829321;42 km;Imported from marathon.de running calendar. Source listing: https://www.marathon.de/laufevent/rome-marathon/;https://www.runromethemarathon.com/;marathon.de;https://www.marathon.de/logos/rome-marathon.jpg
Barcelona Marathon;Running;14.03.2027;Barcelona;Spain;Barcelona, Spain;41.3825802;2.177073;42 km;Imported from marathon.de running calendar. Source listing: https://www.marathon.de/laufevent/barcelona-marathon/;https://www.zurichmaratobarcelona.es/;marathon.de;https://www.marathon.de/logos/barcelona-marathon.jpg
Würzburger Gedächtnislauf;Ultramarathon;20.03.2027;Würzburg;Germany;Würzburg, Germany;49.7780356;9.9434769;10 km / 21 km / 28 km / 44 km;Imported from marathon.de running calendar.;https://www.wuerzburg-marathon.de/;marathon.de;https://www.marathon.de/kategorien/9df6b59342.jpg
Generali Berliner Halbmarathon;Running;04.04.2027;Berlin;Germany;Berlin, Germany;52.5173885;13.3951309;21 km;Imported from marathon.de running calendar.;https://www.generali-berliner-halbmarathon.de/;marathon.de;https://www.marathon.de/logos/halbmarathon-berlin.jpg
Mein Freiburg Marathon;Running;04.04.2027;Freiburg;Germany;Freiburg, Germany;47.9960901;7.8494005;3 km / 10 km / 21 km / 42 km;Imported from marathon.de running calendar.;https://www.mein-freiburgmarathon.de/;marathon.de;https://www.marathon.de/logos/mein-freiburg-marathon.jpg
Saaletal Marathon;Running;10.04.2027;Ramsthal;Germany;Ramsthal, Germany;50.1398945;10.0692744;10 km / 21 km / 33 km / 42 km;Imported from marathon.de running calendar.;https://saaletal-marathon.de/;marathon.de;https://www.marathon.de/logos/saaletal-marathon.jpg
Zürich Marathon;Running;11.04.2027;Zürich;Switzerland;Zürich, Switzerland;47.3744489;8.5410422;10 km / 21 km / 42 km;Imported from marathon.de running calendar. Source listing: https://www.marathon.de/laufevent/zuerich-marathon/;https://www.zuerichmarathon.ch/;marathon.de;https://www.marathon.de/logos/zuerich-marathon.jpg
Hannover Marathon;Running;11.04.2027;Hannover;Germany;Hannover, Germany;52.3744779;9.7385532;10 km / 21 km / 42 km;Imported from marathon.de running calendar. Source listing: https://www.marathon.de/laufevent/hannover-marathon/;https://www.marathon-hannover.de/;marathon.de;https://www.marathon.de/logos/hannover-marathon.jpg
Obermain Marathon;Running;11.04.2027;Bad Staffelstein;Germany;Bad Staffelstein, Germany;50.1028339;10.999159;13 km / 21 km / 42 km;Imported from marathon.de running calendar.;https://www.obermain-marathon.de/;marathon.de;https://www.marathon.de/kategorien/9df6b59342.jpg
Linz Donau Marathon;Running;11.04.2027;Linz;Austria;Linz, Austria;48.3059078;14.286198;5 km / 10 km / 21 km / 42 km;Imported from marathon.de running calendar. Source listing: https://www.marathon.de/laufevent/linz-donau-marathon/;https://www.linzmarathon.at/;marathon.de;https://www.marathon.de/logos/linz-donau-marathon.jpg
uniper Marathon Düsseldorf;Running;18.04.2027;Düsseldorf;Germany;Düsseldorf, Germany;51.2254018;6.7763137;21 km / 42 km;Imported from marathon.de running calendar.;https://www.uniper-duesseldorfmarathon.de/;marathon.de;https://www.marathon.de/logos/duesseldorf-marathon.jpg
LIWA-LaufEvent;Running;18.04.2027;Lichtenwald-Hegenlohe;Germany;Lichtenwald-Hegenlohe, Germany;48.7347463;9.4759266;7 km / 10 km / 21 km / 42 km;Imported from marathon.de running calendar. Source listing: https://www.marathon.de/laufevent/schurwald-marathon/;https://www.liwalauf.tsv-lichtenwald.de/;marathon.de;https://www.marathon.de/kategorien/9df6b59342.jpg
Tangermünder Elbdeichmarathon;Running;18.04.2027;Tangermünde;Germany;Tangermünde, Germany;52.5431104;11.9722524;10 km / 21 km / 42 km;Imported from marathon.de running calendar.;https://www.elbdeichmarathon.de/;marathon.de;https://www.marathon.de/logos/tangermuender-elbdeichmarathon.jpg
Vienna City Marathon;Running;18.04.2027;Wien;Austria;Wien, Austria;48.2083537;16.3725042;21 km / 42 km;Imported from marathon.de running calendar. Source listing: https://www.marathon.de/laufevent/vienna-city-marathon/;https://www.vienna-marathon.com/;marathon.de;https://www.marathon.de/logos/vienna-marathon.jpg
Leipzig Marathon;Running;18.04.2027;Leipzig;Germany;Leipzig, Germany;51.3406321;12.3747329;4 km / 10 km / 21 km / 42 km;Imported from marathon.de running calendar.;https://leipzigmarathon.de/;marathon.de;https://www.marathon.de/logos/leipzig-marathon.jpg
Salvus-Teekottenlauf;Running;23.04.2027;Emsdetten;Germany;Emsdetten, Germany;52.174687;7.5301756;5 km / 10 km / 21 km;Imported from marathon.de running calendar. Source listing: https://www.marathon.de/laufevent/teekottenlauf/;https://www.salvus-teekottenlauf.de/;marathon.de;https://www.marathon.de/kategorien/2232d51c55.jpg
Darß Marathon;Running;24.04.2027;Wieck a. Darß;Germany;Wieck a. Darß, Germany;54.4100179;12.5827902;10 km / 21 km / 42 km;Imported from marathon.de running calendar.;http://www.darss-marathon.de/;marathon.de;https://www.marathon.de/logos/drass-marathon.jpg
Oberelbe Marathon;Running;25.04.2027;Dresden;Germany;Dresden, Germany;51.0493286;13.7381437;5 km / 10 km / 21 km / 42 km;Imported from marathon.de running calendar.;https://www.oberelbe-marathon.de/;marathon.de;https://www.marathon.de/logos/oberelbe-marathon.jpg
Heilbronner Trollinger Marathon;Running;25.04.2027;Heilbronn;Germany;Heilbronn, Germany;49.142291;9.218655;10 km / 21 km / 42 km;Imported from marathon.de running calendar.;https://www.trollinger-marathon.de/;marathon.de;https://www.marathon.de/logos/heilbronner-trollinger-marathon.jpg
Madrid Marathon;Running;25.04.2027;Madrid;Spain;Madrid, Spain;40.416782;-3.703507;10 km / 21 km / 42 km;Imported from marathon.de running calendar. Source listing: https://www.marathon.de/laufevent/madrid-marathon/;https://rocknrollmadridrun.com/;marathon.de;https://www.marathon.de/logos/madrid-marathon.jpg
London Marathon;Running;25.04.2027;London;United Kingdom;London, United Kingdom;51.5074456;-0.1277653;42 km;Imported from marathon.de running calendar. Source listing: https://www.marathon.de/laufevent/london-marathon/;https://www.tcslondonmarathon.com/;marathon.de;https://www.marathon.de/logos/london-marathon.jpg
Spreewald Marathon;Running;25.04.2027;Burg;Germany;Burg, Germany;49.9600346;6.3512069;10 km / 21 km / 42 km;Imported from marathon.de running calendar.;https://www.spreewaldmarathon.de/;marathon.de;https://www.marathon.de/kategorien/9df6b59342.jpg
Welschlauf Südsteiermark;Running;01.05.2027;Ehrenhausen-Wies;Austria;Ehrenhausen-Wies, Austria;46.725492;15.5847781;12 km / 21 km / 42 km;Imported from marathon.de running calendar. Source listing: https://www.marathon.de/laufevent/welschlauf-suedsteiermark/;https://www.welschlauf.com/;marathon.de;https://www.marathon.de/logos/welschlauf-suedsteiermark.jpg
Meldorfer Brückenlauf;Running;01.05.2027;Meldorf;Germany;Meldorf, Germany;54.08988;9.070633;6 km / 9 km / 21 km;Imported from marathon.de running calendar. Source listing: https://www.marathon.de/laufevent/meldorfer-brueckenlauf/;https://www.meldorfer-brueckenlauf.de/;marathon.de;https://www.marathon.de/kategorien/2232d51c55.jpg
Cuxhaven Marathon;Running;02.05.2027;Cuxhaven;Germany;Cuxhaven, Germany;53.86878;8.698286;6 km / 10 km / 21 km / 32 km;Imported from marathon.de running calendar.;https://www.cuxhaven-marathon.de/;marathon.de;https://www.marathon.de/logos/cuxhaven-marathon.jpg
Innsbruck Alpine Trailrun;Ultramarathon;05.05.2027;Innsbruck;Austria;Innsbruck, Austria;47.2654296;11.3927685;13 km / 25 km / 32 km / 42 km;Imported from marathon.de running calendar. Source listing: https://www.marathon.de/laufevent/innsbruck-alpine-trailrun/;https://innsbruckalpine.at/;marathon.de;https://www.marathon.de/logos/innsbruck-alpine-trailrun.jpg
Vatertagslauf in Rhaunen;Running;06.05.2027;Rhaunen;Germany;Rhaunen, Germany;49.8642489;7.3442701;2 km / 5 km / 10 km;Imported from marathon.de running calendar. Source listing: https://www.marathon.de/laufevent/vatertagslauf-fuer-jedermann/;http://www.vatertagslauf.de/;marathon.de;https://www.marathon.de/kategorien/9d67eb951b.jpg
Generali Genf Marathon;Running;08.05.2027;Genf;Switzerland;Genf, Switzerland;46.2017559;6.1466014;5 km / 10 km / 21 km / 42 km;Imported from marathon.de running calendar. Source listing: https://www.marathon.de/laufevent/genf-marathon/;https://generaligenevemarathon.com/;marathon.de;https://www.marathon.de/logos/genf-marathon.jpg
Kopenhagen Marathon;Running;09.05.2027;Kopenhagen;Denmark;Kopenhagen, Denmark;55.6867243;12.5700724;42 km;Imported from marathon.de running calendar. Source listing: https://www.marathon.de/laufevent/kopenhagen-marathon/;https://copenhagenmarathon.dk/;marathon.de;https://www.marathon.de/logos/kopenhagen-marathon.jpg
Gutenberg Halbmarathon Mainz;Running;09.05.2027;Mainz;Germany;Mainz, Germany;49.9995205;8.2736253;10 km / 21 km;Imported from marathon.de running calendar. Source listing: https://www.marathon.de/laufevent/marathon-mainz/;https://www.halbmarathon-mainz.de/;marathon.de;https://www.marathon.de/logos/mainz-marathon.jpg
Gerolsteiner Helgoland Marathon;Running;22.05.2027;Helgoland;Germany;Helgoland, Germany;54.1800453;7.8853621;5 km / 42 km;Imported from marathon.de running calendar. Source listing: https://www.marathon.de/laufevent/helgoland-marathon/;https://www.helgoland-marathon.com/;marathon.de;https://www.marathon.de/kategorien/9df6b59342.jpg
WVV Würzburg Marathon;Running;23.05.2027;Würzburg;Germany;Würzburg, Germany;49.7780356;9.9434769;10 km / 21 km / 42 km;Imported from marathon.de running calendar.;https://www.wuerzburg-marathon.de/;marathon.de;https://www.marathon.de/logos/wuerzburg-marathon.jpg
PUMA Salzburg Marathon;Running;23.05.2027;Salzburg;Austria;Salzburg, Austria;47.7981346;13.0464806;5 km / 7 km / 10 km / 21 km;Imported from marathon.de running calendar. Source listing: https://www.marathon.de/laufevent/salzburg-marathon/;https://www.salzburg-marathon.at/;marathon.de;https://www.marathon.de/logos/salzburg-marathon.jpg
Marathon Deutsche Weinstraße;Running;02.04.2028;Bockenheim;Germany;Bockenheim, Germany;50.1233115;8.6460563;21 km / 42 km;Imported from marathon.de running calendar. Source listing: https://www.marathon.de/laufevent/marathon-deutsche-weinstrasse/;https://www.marathon-deutsche-weinstrasse.de/;marathon.de;https://www.marathon.de/kategorien/9df6b59342.jpg
adidas Stockholm Marathon;Running;30.05.2026;Stockholm;Schweden;Stockholm, Schweden;59.3251172;18.0710935;42 km;Imported from marathon.de Laufkalender. Source listing: https://www.marathon.de/laufevent/stockholm-marathon/;https://www.stockholmmarathon.se/;marathon.de;https://www.marathon.de/logos/stockholm-marathon.jpg
Helsinki Marathon;Running;22.08.2026;Helsinki;Finnland;Helsinki, Finnland;60.1666204;24.9435408;10 km / 21 km / 42 km;Imported from marathon.de Laufkalender. Source listing: https://www.marathon.de/laufevent/helsinki-marathon/;https://www.helsinkimarathon.fi/;marathon.de;https://www.marathon.de/logos/helsinki-marathon.jpg
Reykjavik Marathon;Running;22.08.2026;Reykjavik;Island;Reykjavik, Island;64.145981;-21.9422367;10 km / 21 km / 42 km;Imported from marathon.de Laufkalender. Source listing: https://www.marathon.de/laufevent/reykjavik-marathon/;https://www.rmi.is/;marathon.de;https://www.marathon.de/kategorien/9df6b59342.jpg
Bukarest Marathon;Running;11.10.2026;Bukarest;Rumänien;Bukarest, Rumänien;44.4361414;26.102684;10 km / 21 km / 42 km;Imported from marathon.de Laufkalender. Source listing: https://www.marathon.de/laufevent/bukarest-marathon/;https://bucharest-marathon.com/;marathon.de;https://www.marathon.de/kategorien/9df6b59342.jpg
Budapest Marathon;Running;11.10.2026;Budapest;Ungarn;Budapest, Ungarn;47.4978789;19.0402383;14 km / 30 km / 42 km;Imported from marathon.de Laufkalender. Source listing: https://www.marathon.de/laufevent/budapest-marathon/;https://marathon.runinbudapest.com/;marathon.de;https://www.marathon.de/logos/budapest-marathon.jpg
Antwerpen Marathon;Running;18.10.2026;Antwerpen;Belgien;Antwerpen, Belgien;51.2211097;4.3997081;8 km / 21 km / 42 km;Imported from marathon.de Laufkalender. Source listing: https://www.marathon.de/laufevent/antwerpen-marathon/;https://antwerpmarathon.com/;marathon.de;https://www.marathon.de/kategorien/9df6b59342.jpg
Dublin Marathon;Running;25.10.2026;Dublin;Irland;Dublin, Irland;53.3493795;-6.2605593;42 km;Imported from marathon.de Laufkalender. Source listing: https://www.marathon.de/laufevent/dublin-marathon/;https://irishlifedublinmarathon.ie/;marathon.de;https://www.marathon.de/logos/dublin-marathon.jpg
Athen Marathon;Running;08.11.2026;Athen;Griechenland;Athen, Griechenland;37.9755648;23.7348324;5 km / 10 km / 42 km;Imported from marathon.de Laufkalender. Source listing: https://www.marathon.de/laufevent/athen-marathon/;https://www.athensauthenticmarathon.gr/;marathon.de;https://www.marathon.de/kategorien/9df6b59342.jpg
London Marathon;Running;25.04.2027;London;UK;London, UK;51.5074456;-0.1277653;42 km;Imported from marathon.de Laufkalender. Source listing: https://www.marathon.de/laufevent/london-marathon/;https://www.tcslondonmarathon.com/;marathon.de;https://www.marathon.de/logos/london-marathon.jpg
Kopenhagen Marathon;Running;09.05.2027;Kopenhagen;Dänemark;Kopenhagen, Dänemark;55.6867243;12.5700724;42 km;Imported from marathon.de Laufkalender. Source listing: https://www.marathon.de/laufevent/kopenhagen-marathon/;https://copenhagenmarathon.dk/;marathon.de;https://www.marathon.de/logos/kopenhagen-marathon.jpg
Strohbeckentriathlon;Triathlon;30.05.2026;Lohne;Germany;Lohne, Germany;52.695;8.215;Triathlon;Region: Niedersachsen Source listing: https://www.triathlondeutschland.de/aktive/wettkaempfe/veranstaltungskalender/05-2026/strohbeckentriathlon;http://erfundaus.de;DTU Veranstaltungskalender;
32. Waltriathlon;Triathlon;30.05.2026;Brunsbüttel;Germany;Brunsbüttel, Germany;53.889;9.127;Triathlon;Region: Schleswig-Holstein Source listing: https://www.triathlondeutschland.de/aktive/wettkaempfe/veranstaltungskalender/05-2026/32-waltriathlon;http://www.waltriathlon.de;DTU Veranstaltungskalender;
Löwentriathlon Westerwald;Triathlon;30.05.2026;Freilingen;Germany;Freilingen, Germany;50.561;7.832;Triathlon;Region: Rheinland-Pfalz Source listing: https://www.triathlondeutschland.de/aktive/wettkaempfe/veranstaltungskalender/05-2026/loewentriathlon-westerwald;http://www.loewentriathlon.de;DTU Veranstaltungskalender;
IRONMAN 70.3 Kraichgau;Triathlon;30.05.2026;Bad Schönborn;Germany;Bad Schönborn, Germany;49.214;8.658;Middle, Full;Region: Baden-Württemberg Source listing: https://www.triathlondeutschland.de/aktive/wettkaempfe/veranstaltungskalender/05-2026/ironman-703-kraichgau;http://www.ironman.com/im703-kraichgau;DTU Veranstaltungskalender;
23. Oelder Triathlon;Triathlon;30.05.2026;Oelde;Germany;Oelde, Germany;51.823;8.145;Triathlon;Region: Nordrhein-Westfalen Source listing: https://www.triathlondeutschland.de/aktive/wettkaempfe/veranstaltungskalender/05-2026/23-oelder-triathlon;http://www.volkstriathlon.de;DTU Veranstaltungskalender;
Spreewald Triathlon 2026;Triathlon;30.05.2026;Briesensee;Germany;Briesensee, Germany;51.917;14.016;Triathlon;Region: Brandenburg Source listing: https://www.triathlondeutschland.de/aktive/wettkaempfe/veranstaltungskalender/05-2026/spreewald-triathlon-2026;http://www.spreewald-triathlon.de;DTU Veranstaltungskalender;
Triathlon Brettmühlenteich;Triathlon;30.05.2026;Zschorna;Germany;Zschorna, Germany;51.254;13.74;Triathlon;Region: Sachsen Source listing: https://www.triathlondeutschland.de/aktive/wettkaempfe/veranstaltungskalender/05-2026/triathlon-brettmuehlenteich;http://www.sv-motor-grossenhain.de;DTU Veranstaltungskalender;
30. Powertriathlon Gera;Triathlon;30.05.2026;Gera;Germany;Gera, Germany;50.881;12.071;Triathlon;Region: Thüringen Source listing: https://www.triathlondeutschland.de/aktive/wettkaempfe/veranstaltungskalender/05-2026/30-powertriathlon-gera;http://www.powertriathlon.de;DTU Veranstaltungskalender;
40. Büchener Triathlon;Triathlon;31.05.2026;Büchen;Germany;Büchen, Germany;53.478;10.662;Triathlon;Region: Schleswig-Holstein Source listing: https://www.triathlondeutschland.de/aktive/wettkaempfe/veranstaltungskalender/05-2026/40-buechener-triathlon;http://www.esv-buechen.de;DTU Veranstaltungskalender;
34.Hagener IINJOY Triathlon;Triathlon;31.05.2026;Hagen;Germany;Hagen, Germany;51.402;7.456;Triathlon;Region: Nordrhein-Westfalen Source listing: https://www.triathlondeutschland.de/aktive/wettkaempfe/veranstaltungskalender/05-2026/34hagener-iinjoy-triathlon;http://www.triteam-hagen.de;DTU Veranstaltungskalender;
Komnbine Familientriathlon;Triathlon;31.05.2026;Marburg;Germany;Marburg, Germany;50.804;8.774;Triathlon;Region: Hessen Source listing: https://www.triathlondeutschland.de/aktive/wettkaempfe/veranstaltungskalender/05-2026/komnbine-familientriathlon;http://my.raceresult.com/323534/registration;DTU Veranstaltungskalender;
Mons-Tabor-Triathlon;Triathlon;31.05.2026;Montabaur;Germany;Montabaur, Germany;50.404;7.867;Triathlon;Region: Rheinland-Pfalz Source listing: https://www.triathlondeutschland.de/aktive/wettkaempfe/veranstaltungskalender/05-2026/mons-tabor-triathlon;http://www.westerwaldtriathlon.de;DTU Veranstaltungskalender;
Havelberg Triathlon 2026;Triathlon;06.06.2026;Havelberg;Germany;Havelberg, Germany;52.829;12.067;Triathlon;Region: Sachsen-Anhalt Source listing: https://www.triathlondeutschland.de/aktive/wettkaempfe/veranstaltungskalender/06-2026/havelberg-triathlon-2026;http://www.havelbergtriathlon.de;DTU Veranstaltungskalender;
Havelberg Triathlon Swim & Bike;Triathlon;06.06.2026;Havelberg;Germany;Havelberg, Germany;52.829;12.067;Triathlon;Region: Sachsen-Anhalt Source listing: https://www.triathlondeutschland.de/aktive/wettkaempfe/veranstaltungskalender/06-2026/havelberg-triathlon-swim-bike;http://www.havelbergtriathlon.de;DTU Veranstaltungskalender;
17. SCI Triathlon;Triathlon;06.06.2026;Schenefeld;Germany;Schenefeld, Germany;54.046;9.463;Triathlon;Region: Schleswig-Holstein Source listing: https://www.triathlondeutschland.de/aktive/wettkaempfe/veranstaltungskalender/06-2026/17-sci-triathlon;http://www.sci-triathlon.de;DTU Veranstaltungskalender;
16. GSYSTEMS-Koberbachtal-Triathlon - OD & JD;Triathlon;06.06.2026;Werdau/ OT Langenhessen;Germany;Werdau/ OT Langenhessen, Germany;50.746;12.414;Olympic;Region: Sachsen Source listing: https://www.triathlondeutschland.de/aktive/wettkaempfe/veranstaltungskalender/06-2026/16-gsystems-koberbachtal-triathlon-od-jd;http://www.koberbachtal-triathlon.de;DTU Veranstaltungskalender;
20 VR-Triathlon Lauingen;Triathlon;07.06.2026;Lauingen;Germany;Lauingen, Germany;48.563;10.407;Triathlon;Region: Bayern Source listing: https://www.triathlondeutschland.de/aktive/wettkaempfe/veranstaltungskalender/06-2026/20-vr-triathlon-lauingen;http://www.triathlon.tvl.de;DTU Veranstaltungskalender;
Enni Triathlon Moers;Triathlon;07.06.2026;Moers;Germany;Moers, Germany;51.438;6.622;Triathlon;Region: Nordrhein-Westfalen Source listing: https://www.triathlondeutschland.de/aktive/wettkaempfe/veranstaltungskalender/06-2026/enni-triathlon-moers;http://www.enni-triathlon.de;DTU Veranstaltungskalender;
17. SCI Triathlon;Triathlon;07.06.2026;Schenefeld;Germany;Schenefeld, Germany;54.046;9.463;Triathlon;Region: Schleswig-Holstein Source listing: https://www.triathlondeutschland.de/aktive/wettkaempfe/veranstaltungskalender/06-2026/17-sci-triathlon-0;http://www.sci-triathlon.de;DTU Veranstaltungskalender;
RYZON Bonn Triathlon;Triathlon;07.06.2026;Bonn;Germany;Bonn, Germany;50.74;7.113;Triathlon;Region: Nordrhein-Westfalen Source listing: https://www.triathlondeutschland.de/aktive/wettkaempfe/veranstaltungskalender/06-2026/ryzon-bonn-triathlon;http://www.bonn-triathlon.de/;DTU Veranstaltungskalender;
24. Meerenergie Triathlon Bokeloh;Triathlon;07.06.2026;Wunstorf;Germany;Wunstorf, Germany;52.42;9.376;Triathlon;Region: Niedersachsen Source listing: https://www.triathlondeutschland.de/aktive/wettkaempfe/veranstaltungskalender/06-2026/24-meerenergie-triathlon-bokeloh;http://www.svbutteramt.de;DTU Veranstaltungskalender;
9. Super-Cross-Sprint Triathlon;Triathlon;07.06.2026;Merzig;Germany;Merzig, Germany;49.443;6.627;Sprint;Region: Saarland Source listing: https://www.triathlondeutschland.de/aktive/wettkaempfe/veranstaltungskalender/06-2026/9-super-cross-sprint-triathlon;http://www.tri-sport.de;DTU Veranstaltungskalender;
17. Burgwald-Triathlon;Triathlon;07.06.2026;Burgwald;Germany;Burgwald, Germany;51.022;8.807;Triathlon;Region: Hessen Source listing: https://www.triathlondeutschland.de/aktive/wettkaempfe/veranstaltungskalender/06-2026/17-burgwald-triathlon;http://www.burgwald-triathlon.de;DTU Veranstaltungskalender;
39. Meller Volks-Triathlon;Triathlon;07.06.2026;Melle;Germany;Melle, Germany;52.205;8.323;Triathlon;Region: Niedersachsen Source listing: https://www.triathlondeutschland.de/aktive/wettkaempfe/veranstaltungskalender/06-2026/39-meller-volks-triathlon;http://www.scmelle.de/weitere-sportangebote/triathlon;DTU Veranstaltungskalender;
35. Reiling-Triathlon Harsewinkel;Triathlon;07.06.2026;Harsewinkel;Germany;Harsewinkel, Germany;51.966;8.22;Triathlon;Region: Nordrhein-Westfalen Source listing: https://www.triathlondeutschland.de/aktive/wettkaempfe/veranstaltungskalender/06-2026/35-reiling-triathlon-harsewinkel;http://www.trispeed.de;DTU Veranstaltungskalender;
38. TEAG Werratal-Crosstriathlon;Triathlon;07.06.2026;Breitungen;Germany;Breitungen, Germany;50.76;10.322;Triathlon;Region: Thüringen Source listing: https://www.triathlondeutschland.de/aktive/wettkaempfe/veranstaltungskalender/06-2026/38-teag-werratal-crosstriathlon;http://www.triathlonverein-werratal.de;DTU Veranstaltungskalender;
32. IfA Nonstop Triathlon;Triathlon;07.06.2026;Rattelsdorf;Germany;Rattelsdorf, Germany;50.007;10.909;Triathlon;Region: Bayern Source listing: https://www.triathlondeutschland.de/aktive/wettkaempfe/veranstaltungskalender/06-2026/32-ifa-nonstop-triathlon;http://www.ifa-nonstop-bamberg.de;DTU Veranstaltungskalender;
39. Kallmünzer Sparkassen-Triathlon;Triathlon;13.06.2026;Kallmünz;Germany;Kallmünz, Germany;49.161;11.953;Triathlon;Region: Bayern Source listing: https://www.triathlondeutschland.de/aktive/wettkaempfe/veranstaltungskalender/06-2026/39-kallmuenzer-sparkassen-triathlon;http://www.atsv-kallmuenz.de/triathlon;DTU Veranstaltungskalender;
24. Schlosstriathlon Moritzburg;Triathlon;13.06.2026;Moritzburg;Germany;Moritzburg, Germany;51.157;13.68;Triathlon;Region: Sachsen Source listing: https://www.triathlondeutschland.de/aktive/wettkaempfe/veranstaltungskalender/06-2026/24-schlosstriathlon-moritzburg;https://dtu.it4sport.de/ta_startpass.html;DTU Veranstaltungskalender;
38. Erich-Fill-Triathlon;Triathlon;13.06.2026;Taunusstein;Germany;Taunusstein, Germany;50.145;8.151;Triathlon;Region: Hessen Source listing: https://www.triathlondeutschland.de/aktive/wettkaempfe/veranstaltungskalender/06-2026/38-erich-fill-triathlon;http://www.erich-fill-triathlon.de;DTU Veranstaltungskalender;
Audi Triathlon Ingolstadt powered by BÜCHL;Triathlon;14.06.2026;Ingolstadt;Germany;Ingolstadt, Germany;48.753;11.394;Triathlon;Region: Bayern Source listing: https://www.triathlondeutschland.de/aktive/wettkaempfe/veranstaltungskalender/06-2026/audi-triathlon-ingolstadt-powered-buechl;http://www.triathlon-ingolstadt.de;DTU Veranstaltungskalender;
VR Bank Triathlon Heilbronn powered by Audi;Triathlon;14.06.2026;Heilbronn;Germany;Heilbronn, Germany;49.144;9.217;Triathlon;Region: Baden-Württemberg Source listing: https://www.triathlondeutschland.de/aktive/wettkaempfe/veranstaltungskalender/06-2026/vr-bank-triathlon-heilbronn-powered-audi;http://www.triathlon-heilbronn.de/;DTU Veranstaltungskalender;
22. Tankumsee Triathlon;Triathlon;14.06.2026;Sassenburg;Germany;Sassenburg, Germany;52.507;10.63;Triathlon;Region: Niedersachsen Source listing: https://www.triathlondeutschland.de/aktive/wettkaempfe/veranstaltungskalender/06-2026/22-tankumsee-triathlon;http://www.triathlon-gifhorn.de;DTU Veranstaltungskalender;
3. Oste-Triathlon Bremervörde;Triathlon;14.06.2026;Bremervörde;Germany;Bremervörde, Germany;53.49;9.146;Triathlon;Region: Niedersachsen Source listing: https://www.triathlondeutschland.de/aktive/wettkaempfe/veranstaltungskalender/06-2026/3-oste-triathlon-bremervoerde;http://www.oste-sport.de;DTU Veranstaltungskalender;
3. Niedensteiner Volkstriathlon;Triathlon;14.06.2026;Niedenstein;Germany;Niedenstein, Germany;51.213;9.349;Triathlon;Region: Hessen Source listing: https://www.triathlondeutschland.de/aktive/wettkaempfe/veranstaltungskalender/06-2026/3-niedensteiner-volkstriathlon;http://sg1898chattengau.de;DTU Veranstaltungskalender;
12. Feuchtwanger Triathlon;Triathlon;14.06.2026;Feuchtwangen;Germany;Feuchtwangen, Germany;49.161;10.325;Triathlon;Region: Bayern Source listing: https://www.triathlondeutschland.de/aktive/wettkaempfe/veranstaltungskalender/06-2026/12-feuchtwanger-triathlon;http://www.triathlon-feuchtwangen.de;DTU Veranstaltungskalender;
31. Stadttriathlon Erding 2026;Triathlon;14.06.2026;Erding;Germany;Erding, Germany;48.319;11.909;Triathlon;Region: Bayern Source listing: https://www.triathlondeutschland.de/aktive/wettkaempfe/veranstaltungskalender/06-2026/31-stadttriathlon-erding-2026;http://www.stadttriathlon-erding.de;DTU Veranstaltungskalender;
33. Mußbach Triathlon;Triathlon;14.06.2026;Neustadt;Germany;Neustadt, Germany;49.388;8.13;Triathlon;Region: Rheinland-Pfalz Source listing: https://www.triathlondeutschland.de/aktive/wettkaempfe/veranstaltungskalender/06-2026/33-mussbach-triathlon;http://tv-mussbach.de;DTU Veranstaltungskalender;
Lifestyle Würzburg Triathlon;Triathlon;14.06.2026;Erlabrunn;Germany;Erlabrunn, Germany;49.859;9.842;Triathlon;Region: Bayern Source listing: https://www.triathlondeutschland.de/aktive/wettkaempfe/veranstaltungskalender/06-2026/lifestyle-wuerzburg-triathlon;http://www.wuerzburg-triathlon.de;DTU Veranstaltungskalender;
9. Cottbuser Ostsee-Triathlon;Triathlon;14.06.2026;Teichland;Germany;Teichland, Germany;51.893;14.326;Triathlon;Region: Brandenburg Source listing: https://www.triathlondeutschland.de/aktive/wettkaempfe/veranstaltungskalender/06-2026/9-cottbuser-ostsee-triathlon;http://tsv-cottbus.de;DTU Veranstaltungskalender;
Einhorn-Triathlon Bremen;Triathlon;14.06.2026;Bremen;Germany;Bremen, Germany;53.118;8.817;Triathlon;Region: Bremen Source listing: https://www.triathlondeutschland.de/aktive/wettkaempfe/veranstaltungskalender/06-2026/einhorn-triathlon-bremen;http://www.unisee-triathlon.de;DTU Veranstaltungskalender;
StadtTriathlon Forchheim;Triathlon;14.06.2026;Forchheim;Germany;Forchheim, Germany;49.71;11.064;Triathlon;Region: Bayern Source listing: https://www.triathlondeutschland.de/aktive/wettkaempfe/veranstaltungskalender/06-2026/stadttriathlon-forchheim;http://www.stadttriathlon-forchheim.de;DTU Veranstaltungskalender;
Hardausee-Triathlon Jedermann und OD;Triathlon;14.06.2026;Suderburg;Germany;Suderburg, Germany;52.862;10.417;Olympic;Region: Niedersachsen Source listing: https://www.triathlondeutschland.de/aktive/wettkaempfe/veranstaltungskalender/06-2026/hardausee-triathlon-jedermann-und-od;http://www.vfl-suderburg.de;DTU Veranstaltungskalender;
Nymphensee Triathlon;Triathlon;14.06.2026;Brieselang;Germany;Brieselang, Germany;52.584;13.018;Triathlon;Region: Brandenburg Source listing: https://www.triathlondeutschland.de/aktive/wettkaempfe/veranstaltungskalender/06-2026/nymphensee-triathlon;http://nymphensee-triathlon.de;DTU Veranstaltungskalender;
37. Aasee Triathlon;Triathlon;14.06.2026;Bocholt;Germany;Bocholt, Germany;51.833;6.629;Triathlon;Region: Nordrhein-Westfalen Source listing: https://www.triathlondeutschland.de/aktive/wettkaempfe/veranstaltungskalender/06-2026/37-aasee-triathlon;http://www.aasee-triathlon.de;DTU Veranstaltungskalender;
25. Sternberger Triathlon;Triathlon;14.06.2026;Sternberg;Germany;Sternberg, Germany;53.662;11.949;Triathlon;Region: Mecklenburg-Vorpommern Source listing: https://www.triathlondeutschland.de/aktive/wettkaempfe/veranstaltungskalender/06-2026/25-sternberger-triathlon;http://www.sternberger-triathlon.de;DTU Veranstaltungskalender;
7 Türme Triathlon 2026;Triathlon;14.06.2026;Lübeck;Germany;Lübeck, Germany;53.866;10.685;Triathlon;Region: Schleswig-Holstein Source listing: https://www.triathlondeutschland.de/aktive/wettkaempfe/veranstaltungskalender/06-2026/7-tuerme-triathlon-2026;http://www.7-tuerme-triathlon.de;DTU Veranstaltungskalender;
27. Midsummer-Triathlon;Triathlon;18.06.2026;Großensee;Germany;Großensee, Germany;53.615;10.349;Triathlon;Region: Schleswig-Holstein Source listing: https://www.triathlondeutschland.de/aktive/wettkaempfe/veranstaltungskalender/06-2026/27-midsummer-triathlon;http://www.midsummer-triathlon.de;DTU Veranstaltungskalender;
2. Lübecker Schultriathlon;Triathlon;18.06.2026;Lübeck;Germany;Lübeck, Germany;53.839;10.623;Triathlon;Region: Schleswig-Holstein Source listing: https://www.triathlondeutschland.de/aktive/wettkaempfe/veranstaltungskalender/06-2026/2-luebecker-schultriathlon;http://trisport-luebeck.de/veranstaltungen/schulertriathlon-2025/;DTU Veranstaltungskalender;
4. Grünheider Schultriathlon;Triathlon;19.06.2026;Grünheide (Mark);Germany;Grünheide (Mark), Germany;52.422;13.751;Triathlon;Region: Brandenburg Source listing: https://www.triathlondeutschland.de/aktive/wettkaempfe/veranstaltungskalender/06-2026/4-gruenheider-schultriathlon;http://www.multisport-los.de;DTU Veranstaltungskalender;
12. Ockstädter Cross Triathlon im Kirschenberg;Triathlon;20.06.2026;Friedberg-Ockstadt;Germany;Friedberg-Ockstadt, Germany;50.339;8.806;Triathlon;Region: Hessen Source listing: https://www.triathlondeutschland.de/aktive/wettkaempfe/veranstaltungskalender/06-2026/12-ockstaedter-cross-triathlon-im-kirschenberg;http://www.cross-triathlon-ockstadt.de;DTU Veranstaltungskalender;
Memmert Rothsee Triathlon;Triathlon;20.06.2026;Hilpoltstein;Germany;Hilpoltstein, Germany;49.209;11.187;Triathlon;Region: Bayern Source listing: https://www.triathlondeutschland.de/aktive/wettkaempfe/veranstaltungskalender/06-2026/memmert-rothsee-triathlon;http://www.rothsee-triathlon.de;DTU Veranstaltungskalender;
29. Arendsee Triathlon;Triathlon;20.06.2026;Arendsee (Altmark);Germany;Arendsee (Altmark), Germany;52.881;11.486;Triathlon;Region: Sachsen-Anhalt Source listing: https://www.triathlondeutschland.de/aktive/wettkaempfe/veranstaltungskalender/06-2026/29-arendsee-triathlon;http://arendsee-triathlon.de/;DTU Veranstaltungskalender;
Rosenstadt-Triathlon;Triathlon;21.06.2026;Eutin;Germany;Eutin, Germany;54.137;10.619;Triathlon;Region: Schleswig-Holstein Source listing: https://www.triathlondeutschland.de/aktive/wettkaempfe/veranstaltungskalender/06-2026/rosenstadt-triathlon;http://www.rosenstadt-triathlon.de;DTU Veranstaltungskalender;
Viking Triathlon Schleswig;Triathlon;21.06.2026;Schleswig;Germany;Schleswig, Germany;54.513;9.558;Triathlon;Region: Schleswig-Holstein Source listing: https://www.triathlondeutschland.de/termine/dtu-deutsche-meisterschaften/viking-triathlon-schleswig;http://www.viking-triathlon.de;DTU Veranstaltungskalender;
41. Hückeswagener Triathlon;Triathlon;21.06.2026;Hückeswagen;Germany;Hückeswagen, Germany;51.141;7.355;Triathlon;Region: Nordrhein-Westfalen Source listing: https://www.triathlondeutschland.de/aktive/wettkaempfe/veranstaltungskalender/06-2026/41-hueckeswagener-triathlon;http://www.atv-triathlon.de;DTU Veranstaltungskalender;
33. Steinbecker Triathlon;Triathlon;21.06.2026;Recke;Germany;Recke, Germany;52.339;7.736;Triathlon;Region: Nordrhein-Westfalen Source listing: https://www.triathlondeutschland.de/aktive/wettkaempfe/veranstaltungskalender/06-2026/33-steinbecker-triathlon;http://www.steinbeck-triathlon.de;DTU Veranstaltungskalender;
41. Lipperlandtriathlon;Triathlon;21.06.2026;Lage;Germany;Lage, Germany;51.963;8.756;Triathlon;Region: Nordrhein-Westfalen Source listing: https://www.triathlondeutschland.de/aktive/wettkaempfe/veranstaltungskalender/06-2026/41-lipperlandtriathlon;http://lipperlandtriathlon.tglage.de;DTU Veranstaltungskalender;
32. Heinz Beierstorf Triathlon Stutensee;Triathlon;21.06.2026;Stutensee;Germany;Stutensee, Germany;49.068;8.476;Triathlon;Region: Baden-Württemberg Source listing: https://www.triathlondeutschland.de/aktive/wettkaempfe/veranstaltungskalender/06-2026/32-heinz-beierstorf-triathlon-stutensee;http://www.tsg-blankenloch.de;DTU Veranstaltungskalender;
29. Vierlanden-Triathlon;Triathlon;21.06.2026;Hamburg;Germany;Hamburg, Germany;53.473;10.173;Triathlon;Region: Hamburg Source listing: https://www.triathlondeutschland.de/aktive/wettkaempfe/veranstaltungskalender/06-2026/29-vierlanden-triathlon;http://www.vierlanden-triathlon.de;DTU Veranstaltungskalender;
12.Mittelmosel Triathlon powered by vit:bikes Zell;Triathlon;21.06.2026;Bullay;Germany;Bullay, Germany;50.054;7.13;Triathlon;Region: Rheinland-Pfalz Source listing: https://www.triathlondeutschland.de/aktive/wettkaempfe/veranstaltungskalender/06-2026/12mittelmosel-triathlon-powered-vitbikes-zell;http://www.mittelmosel-triathlon.de;DTU Veranstaltungskalender;
34. Mühlchen-Triathlon Darmstadt-Arheilgen;Triathlon;21.06.2026;Darmstadt;Germany;Darmstadt, Germany;49.901;8.668;Triathlon;Region: Hessen Source listing: https://www.triathlondeutschland.de/aktive/wettkaempfe/veranstaltungskalender/06-2026/34-muehlchen-triathlon-darmstadt-arheilgen;http://muehlchen-triathlon.de/;DTU Veranstaltungskalender;
Sparda Münster City Triathlon 2026;Triathlon;21.06.2026;Münster;Germany;Münster, Germany;51.951;7.638;Triathlon;Region: Nordrhein-Westfalen Source listing: https://www.triathlondeutschland.de/aktive/wettkaempfe/veranstaltungskalender/06-2026/sparda-muenster-city-triathlon-2026;http://www.sparda-muenster-city-triathlon.de/;DTU Veranstaltungskalender;
Nordhäuser Triathlon;Triathlon;21.06.2026;Nordhausen;Germany;Nordhausen, Germany;51.472;10.811;Triathlon;Region: Thüringen Source listing: https://www.triathlondeutschland.de/aktive/wettkaempfe/veranstaltungskalender/06-2026/nordhaeuser-triathlon;http://www.triathlon-nordhausen.de;DTU Veranstaltungskalender;
35. Tölzer Triathlon;Triathlon;21.06.2026;Sachsenkam;Germany;Sachsenkam, Germany;47.822;11.622;Triathlon;Region: Bayern Source listing: https://www.triathlondeutschland.de/aktive/wettkaempfe/veranstaltungskalender/06-2026/35-toelzer-triathlon;http://www.tri-ath-lon.de;DTU Veranstaltungskalender;
14. Neunkircher Jedermann- und Staffeltriathlon;Triathlon;21.06.2026;Neunkirchen;Germany;Neunkirchen, Germany;49.344;7.184;Triathlon;Region: Saarland Source listing: https://www.triathlondeutschland.de/aktive/wettkaempfe/veranstaltungskalender/06-2026/14-neunkircher-jedermann-und-staffeltriathlon;http://www.neunkircher-triathlon.de;DTU Veranstaltungskalender;
11. NOSPA After Work Triathlon 2026;Triathlon;26.06.2026;Niebüll;Germany;Niebüll, Germany;54.785;8.818;Triathlon;Region: Schleswig-Holstein Source listing: https://www.triathlondeutschland.de/aktive/wettkaempfe/veranstaltungskalender/06-2026/11-nospa-after-work-triathlon-2026;http://my.raceresult.com/321050/;DTU Veranstaltungskalender;
9. Lauchringer Triathlon-Nacht;Triathlon;26.06.2026;Lauchringen;Germany;Lauchringen, Germany;47.624;8.305;Triathlon;Region: Baden-Württemberg Source listing: https://www.triathlondeutschland.de/aktive/wettkaempfe/veranstaltungskalender/06-2026/9-lauchringer-triathlon-nacht;http://www.triathlon-lauchringen.de;DTU Veranstaltungskalender;
7. Heinersdorfer Schultriathlon;Triathlon;26.06.2026;Heinersdorf;Germany;Heinersdorf, Germany;52.356;14.151;Triathlon;Region: Brandenburg Source listing: https://www.triathlondeutschland.de/aktive/wettkaempfe/veranstaltungskalender/06-2026/7-heinersdorfer-schultriathlon;http://www.multisport-los.de;DTU Veranstaltungskalender;
35. Unterallgäuer Triathlon;Triathlon;27.06.2026;Ottobeuren;Germany;Ottobeuren, Germany;47.948;10.295;Triathlon;Region: Bayern Source listing: https://www.triathlondeutschland.de/aktive/wettkaempfe/veranstaltungskalender/06-2026/35-unterallgaeuer-triathlon;http://www.triathlon-ottobeuren.de;DTU Veranstaltungskalender;
18. Mitteldeutscher Firmenteam Triathlon;Triathlon;27.06.2026;Roßbach;Germany;Roßbach, Germany;51.26;11.91;Triathlon;Region: Sachsen-Anhalt Source listing: https://www.triathlondeutschland.de/aktive/wettkaempfe/veranstaltungskalender/06-2026/18-mitteldeutscher-firmenteam-triathlon;http://www.tc-merseburg.de;DTU Veranstaltungskalender;
41. Edersee-Triathlon;Triathlon;27.06.2026;Waldeck;Germany;Waldeck, Germany;51.208;9.065;Triathlon;Region: Hessen Source listing: https://www.triathlondeutschland.de/aktive/wettkaempfe/veranstaltungskalender/06-2026/41-edersee-triathlon;http://www.edersee-triathlon.de;DTU Veranstaltungskalender;
17. ITH-Hennesee-Triathlon;Triathlon;27.06.2026;Meschede;Germany;Meschede, Germany;51.303;8.263;Triathlon;Region: Nordrhein-Westfalen Source listing: https://www.triathlondeutschland.de/aktive/wettkaempfe/veranstaltungskalender/06-2026/17-ith-hennesee-triathlon;http://www.ith-hennesee-triathlon.de;DTU Veranstaltungskalender;
Swim + Run Vol. 13 / Triathlon Waldfeucht;Triathlon;27.06.2026;Heinsberg - Kirchhoven;Germany;Heinsberg - Kirchhoven, Germany;51.04;6.06;Triathlon;Region: Nordrhein-Westfalen Source listing: https://www.triathlondeutschland.de/aktive/wettkaempfe/veranstaltungskalender/06-2026/swim-run-vol-13-triathlon-waldfeucht;https://dtu.it4sport.de/ta_startpass.html;DTU Veranstaltungskalender;
Triathlon Dierhagen;Triathlon;27.06.2026;Dierhagen;Germany;Dierhagen, Germany;54.291;12.359;Triathlon;Region: Mecklenburg-Vorpommern Source listing: https://www.triathlondeutschland.de/aktive/wettkaempfe/veranstaltungskalender/06-2026/triathlon-dierhagen;http://www.polizeisportverein-rdg.de;DTU Veranstaltungskalender;
TenneT POWERTRIATHLON Trebgast 2026;Triathlon;28.06.2026;Trebgast;Germany;Trebgast, Germany;50.062;11.55;Triathlon;Region: Bayern Source listing: https://www.triathlondeutschland.de/aktive/wettkaempfe/veranstaltungskalender/06-2026/tennet-powertriathlon-trebgast-2026;http://www.triathlon-trebgast.de;DTU Veranstaltungskalender;
4. Neustädter Triathlon Sprintdistanz;Triathlon;28.06.2026;Neustadt a.d. Donau;Germany;Neustadt a.d. Donau, Germany;48.809;11.764;Triathlon;Region: Bayern Source listing: https://www.triathlondeutschland.de/aktive/wettkaempfe/veranstaltungskalender/06-2026/4-neustaedter-triathlon-sprintdistanz;http://www.tsv-bad-goegging.de;DTU Veranstaltungskalender;
20. Geiseltal-Hasse-See-Triathlon;Triathlon;28.06.2026;Roßbach;Germany;Roßbach, Germany;51.26;11.91;Triathlon;Region: Sachsen-Anhalt Source listing: https://www.triathlondeutschland.de/aktive/wettkaempfe/veranstaltungskalender/06-2026/20-geiseltal-hasse-see-triathlon;http://www.tc-merseburg.de;DTU Veranstaltungskalender;
SanktPauli Ultra;Ultramarathon;15.05.2027;Rotenburg/Wümme - Tostedt;Germany;Rotenburg/Wümme - Tostedt, Germany;53.28265;9.7124175;100 km;Official local running event in Rotenburg/Wümme - Tostedt. Distances: 100 km. Discovered via Kilometerliebe and linked to the official event website.;https://www.bremensanktpauli.de/infos;Kilometerliebe Discovery;
Freudenstadt Grüntal 12h/24h Lauf (Frühling);Ultramarathon;18.04.2026;Freudenstadt-Grüntal;Germany;Freudenstadt-Grüntal, Germany;48.4796222;8.4683264;12h / 24h Ultramarathon;Official local running event in Freudenstadt-Grüntal. Distances: 12h / 24h Ultramarathon. Discovered via Kilometerliebe and linked to the official event website.;https://neckarlauf.com/geh-heim-lauf.html;Kilometerliebe Discovery;
Freudenstadt Grüntal 12h/24h Lauf (Herbst);Ultramarathon;03.10.2026;Freudenstadt-Grüntal;Germany;Freudenstadt-Grüntal, Germany;48.4796222;8.4683264;12h / 24h Ultramarathon;Official local running event in Freudenstadt-Grüntal. Distances: 12h / 24h Ultramarathon. Discovered via Kilometerliebe and linked to the official event website.;https://neckarlauf.com/geh-heim-lauf.html;Kilometerliebe Discovery;
24h-Lauf Reichenau;Ultramarathon;13.06.2026;Konstanz;Germany;Konstanz, Germany;47.659216;9.1750718;24h Ultramarathon;Official local running event in Konstanz. Distances: 24h Ultramarathon. Discovered via Kilometerliebe and linked to the official event website.;http://www.24h-lauf-reichenau.de/;Kilometerliebe Discovery;
3. Rureifel Trail;Ultramarathon;18.04.2026;Nideggen;Germany;Nideggen, Germany;50.6913559;6.482614;77 km;Official local running event in Nideggen. Distances: 77 km. Discovered via Kilometerliebe and linked to the official event website.;https://www.rureifel-trail.com;Kilometerliebe Discovery;
7-Gebirgsmarathon;Running;13.12.2026;Bad Honnef;Germany;Bad Honnef, Germany;50.6448582;7.2272534;Half Marathon, Marathon;Official local running event in Bad Honnef. Distances: Half Marathon, Marathon. Discovered via Kilometerliebe and linked to the official event website.;http://www.siebengebirgsmarathon.de;Kilometerliebe Discovery;
adidas Runners City Night Berlin;Running;01.08.2026;Berlin;Germany;Berlin, Germany;52.5173885;13.3951309;5 km, 10 km;Official local running event in Berlin. Distances: 5 km, 10 km. Discovered via Kilometerliebe and linked to the official event website.;https://www.berlin-citynight.de/;Kilometerliebe Discovery;
Adventslauf Lage;Running;06.12.2026;Lage;Germany;Lage, Germany;51.9914084;8.7919583;5 km, 10 km;Official local running event in Lage. Distances: 5 km, 10 km. Discovered via Kilometerliebe and linked to the official event website.;https://www.lg-lippe.de;Kilometerliebe Discovery;
AESCULAP Donautal Marathon;Running;07.06.2026;Tuttlingen;Germany;Tuttlingen, Germany;47.9844315;8.8186606;10 km, Half Marathon, Marathon;Official local running event in Tuttlingen. Distances: 10 km, Half Marathon, Marathon. Discovered via Kilometerliebe and linked to the official event website.;https://www.runundfun.de;Kilometerliebe Discovery;
Allgäu-Panorama-Marathon;Running;09.08.2026;Sonthofen;Germany;Sonthofen, Germany;47.5135363;10.281931;Half Marathon, Marathon;Official local running event in Sonthofen. Distances: Half Marathon, Marathon. Discovered via Kilometerliebe and linked to the official event website.;http://www.allgaeu-panorama-marathon.de;Kilometerliebe Discovery;
BARMER CURREX Alsterlauf Hamburg;Running;06.09.2026;Hamburg;Germany;Hamburg, Germany;53.5501721;10.0013165;5 km, 10 km;Official local running event in Hamburg. Distances: 5 km, 10 km. Discovered via Kilometerliebe and linked to the official event website.;https://www.alsterlauf-hamburg.de/;Kilometerliebe Discovery;
Alstertallauf Hamburg;Running;25.10.2026;Hamburg;Germany;Hamburg, Germany;53.5501721;10.0013165;5 km, 10 km, Half Marathon;Official local running event in Hamburg. Distances: 5 km, 10 km, Half Marathon. Discovered via Kilometerliebe and linked to the official event website.;https://alstertallauf.de/;Kilometerliebe Discovery;
Amberger Frühlingslauf;Running;19.04.2026;Amberg;Germany;Amberg, Germany;48.0611033;10.6810316;10 km, Half Marathon;Official local running event in Amberg. Distances: 10 km, Half Marathon. Discovered via Kilometerliebe and linked to the official event website.;https://cis-amberg.de;Kilometerliebe Discovery;
Ampermarathon Olching;Running;19.04.2026;Olching;Germany;Olching, Germany;48.2077801;11.3278779;Marathon;Official local running event in Olching. Distances: Marathon. Discovered via Kilometerliebe and linked to the official event website.;https://www.ampermarathon.de;Kilometerliebe Discovery;
AOK Firmenlauf Bielefeld;Running;26.08.2026;Bielefeld;Germany;Bielefeld, Germany;52.0191005;8.531007;5 km;Official local running event in Bielefeld. Distances: 5 km. Discovered via Kilometerliebe and linked to the official event website.;https://www.firmenlauf-bielefeld.com/;Kilometerliebe Discovery;
AOK-Firmenlauf Witten;Running;02.07.2026;Witten;Germany;Witten, Germany;51.4370171;7.335124;5 km;Official local running event in Witten. Distances: 5 km. Discovered via Kilometerliebe and linked to the official event website.;https://www.aok-firmenlauf.de/;Kilometerliebe Discovery;
AOK-Firmenlauf Hamm;Running;03.09.2026;Hamm;Germany;Hamm, Germany;51.681281;7.8191185;5.5 km;Official local running event in Hamm. Distances: 5.5 km. Discovered via Kilometerliebe and linked to the official event website.;https://www.aok-firmenlauf.de/;Kilometerliebe Discovery;
AOK Firmenlauf Reutlingen;Running;11.06.2026;Reutlingen;Germany;Reutlingen, Germany;48.4919508;9.2114144;5 km;Official local running event in Reutlingen. Distances: 5 km. Discovered via Kilometerliebe and linked to the official event website.;https://reutlingen.bw-running.de/home;Kilometerliebe Discovery;
AOK-Firmenlauf Rheine;Running;26.06.2026;Rheine;Germany;Rheine, Germany;52.2797707;7.4373615;5 km;Official local running event in Rheine. Distances: 5 km. Discovered via Kilometerliebe and linked to the official event website.;https://aok-firmenlauf-rheine.de/;Kilometerliebe Discovery;
Augsburger swa-Straßenlauf;Running;19.04.2026;Augsburg;Germany;Augsburg, Germany;48.3690341;10.8979522;10 km, Half Marathon;Official local running event in Augsburg. Distances: 10 km, Half Marathon. Discovered via Kilometerliebe and linked to the official event website.;https://tgva.de/swa-strassenlauf;Kilometerliebe Discovery;
B2Run Aachen;Running;28.04.2026;Aachen;Germany;Aachen, Germany;50.776351;6.083862;5 km;Official local running event in Aachen. Distances: 5 km. Discovered via Kilometerliebe and linked to the official event website.;https://www.b2run.de/run/de/de/aachen/index.html;Kilometerliebe Discovery;
B2Run Gelsenkirchen;Running;01.09.2026;Gelsenkirchen;Germany;Gelsenkirchen, Germany;51.5110321;7.0960124;5 km;Official local running event in Gelsenkirchen. Distances: 5 km. Discovered via Kilometerliebe and linked to the official event website.;https://www.b2run.de/run/de/de/gelsenkirchen/index.html;Kilometerliebe Discovery;
B2Run Hamburg;Running;25.08.2026;Hamburg;Germany;Hamburg, Germany;53.5501721;10.0013165;5.5 km;Official local running event in Hamburg. Distances: 5.5 km. Discovered via Kilometerliebe and linked to the official event website.;https://www.b2run.de/run/de/de/hamburg/;Kilometerliebe Discovery;
B2Run Kaiserslautern;Running;11.06.2026;Kaiserslautern;Germany;Kaiserslautern, Germany;49.4432174;7.7689951;5 km;Official local running event in Kaiserslautern. Distances: 5 km. Discovered via Kilometerliebe and linked to the official event website.;https://www.b2run.de/run/de/de/kaiserslautern/index.html;Kilometerliebe Discovery;
B2Run Koblenz;Running;26.06.2026;Koblenz;Germany;Koblenz, Germany;50.3533278;7.5943951;5 km;Official local running event in Koblenz. Distances: 5 km. Discovered via Kilometerliebe and linked to the official event website.;https://www.b2run.de/run/de/de/koblenz/index.html;Kilometerliebe Discovery;
B2Run München;Running;15.07.2026;München;Germany;München, Germany;48.1371079;11.5753822;6.3 km;Official local running event in München. Distances: 6.3 km. Discovered via Kilometerliebe and linked to the official event website.;https://www.b2run.de/run/de/de/muenchen/;Kilometerliebe Discovery;
Bad Harzburger Bergmarathon;Running;23.05.2026;Bad Harzburg;Germany;Bad Harzburg, Germany;51.8803224;10.5643607;10 km, Half Marathon, Marathon;Official local running event in Bad Harzburg. Distances: 10 km, Half Marathon, Marathon. Discovered via Kilometerliebe and linked to the official event website.;http://bergmarathon-harzburg.de;Kilometerliebe Discovery;
Bad Waldseer Lauffieber;Running;16.05.2026;Bad Waldsee;Germany;Bad Waldsee, Germany;47.9209556;9.7542772;10 km, Half Marathon;Official local running event in Bad Waldsee. Distances: 10 km, Half Marathon. Discovered via Kilometerliebe and linked to the official event website.;https://www.badwaldseer-lauffieber.de;Kilometerliebe Discovery;
Baden-Marathon Karlsruhe;Running;19.09.2027;Karlsruhe;Germany;Karlsruhe, Germany;49.0068705;8.4034195;Half Marathon, Marathon;Official local running event in Karlsruhe. Distances: Half Marathon, Marathon. Discovered via Kilometerliebe and linked to the official event website.;https://www.badenmarathon.de;Kilometerliebe Discovery;
Badeparadies Schwarzwald Firmenlauf Villingen-Schwenningen;Running;02.07.2026;Villingen-Schwenningen;Germany;Villingen-Schwenningen, Germany;48.063152;8.4929618;5 km;Official local running event in Villingen-Schwenningen. Distances: 5 km. Discovered via Kilometerliebe and linked to the official event website.;https://firmenlauf-vs.de/;Kilometerliebe Discovery;
Behördenmarathon Halle;Running;08.05.2026;Halle;Germany;Halle, Germany;52.4523605;6.9192787;Half Marathon, Marathon;Official local running event in Halle. Distances: Half Marathon, Marathon. Discovered via Kilometerliebe and linked to the official event website.;https://www.behördenmarathon-halle.de;Kilometerliebe Discovery;
Bergstadt Marathon Rüthen;Running;10.05.2026;Rüthen;Germany;Rüthen, Germany;51.4911392;8.4330329;5 km, 10 km, Half Marathon, Marathon;Official local running event in Rüthen. Distances: 5 km, 10 km, Half Marathon, Marathon. Discovered via Kilometerliebe and linked to the official event website.;https://www.bergstadtmarathon-ruethen.de;Kilometerliebe Discovery;
Bertlicher Strassenläufe;Running;27.09.2026;Herten;Germany;Herten, Germany;51.5942009;7.1368071;5 km, 10 km;Official local running event in Herten. Distances: 5 km, 10 km. Discovered via Kilometerliebe and linked to the official event website.;http://www.sus-bertlich.de/la;Kilometerliebe Discovery;
Bietigheimer Silvesterlauf;Running;31.12.2026;Bietigheim-Bissingen;Germany;Bietigheim-Bissingen, Germany;48.9493243;9.1364229;10.5 km;Official local running event in Bietigheim-Bissingen. Distances: 10.5 km. Discovered via Kilometerliebe and linked to the official event website.;https://www.bietigheimer-silvesterlauf.de;Kilometerliebe Discovery;
Bilstein-Marathon;Running;12.04.2026;Witzenhausen;Germany;Witzenhausen, Germany;51.3331901;9.8434192;Half Marathon, Marathon;Official local running event in Witzenhausen. Distances: Half Marathon, Marathon. Discovered via Kilometerliebe and linked to the official event website.;http://www.bilstein-marathon.de;Kilometerliebe Discovery;
BMW Berlin Marathon;Running;26.09.2027;Berlin;Germany;Berlin, Germany;52.5173885;13.3951309;Marathon;Official local running event in Berlin. Distances: Marathon. Discovered via Kilometerliebe and linked to the official event website.;https://www.bmw-berlin-marathon.com;Kilometerliebe Discovery;
24-Stunden-Burginsellauf Delmenhorst;Ultramarathon;27.06.2026;Delmenhorst;Germany;Delmenhorst, Germany;53.048095;8.6286066;24h Ultramarathon;Official local running event in Delmenhorst. Distances: 24h Ultramarathon. Discovered via Kilometerliebe and linked to the official event website.;https://www.24-lauf.de/;Kilometerliebe Discovery;
Castroper Feierabendlauf;Running;28.05.2026;Castrop-Rauxel;Germany;Castrop-Rauxel, Germany;51.5646195;7.3106175;5 km;Official local running event in Castrop-Rauxel. Distances: 5 km. Discovered via Kilometerliebe and linked to the official event website.;https://www.castrop-rauxel.de/feierabendlauf;Kilometerliebe Discovery;
Cuxhaven Marathon;Running;10.05.2026;Cuxhaven;Germany;Cuxhaven, Germany;53.86878;8.698286;10 km, Half Marathon;Official local running event in Cuxhaven. Distances: 10 km, Half Marathon. Discovered via Kilometerliebe and linked to the official event website.;https://www.cuxhaven-marathon.de;Kilometerliebe Discovery;
DAK Firmenlauf Cottbus;Running;10.09.2026;Cottbus;Germany;Cottbus, Germany;51.7567447;14.3357307;5 km;Official local running event in Cottbus. Distances: 5 km. Discovered via Kilometerliebe and linked to the official event website.;https://www.firmenlauf-cottbus.de/;Kilometerliebe Discovery;
Darß Marathon;Running;26.04.2026;Wieck a. Darß;Germany;Wieck a. Darß, Germany;54.4100179;12.5827902;10 km, Half Marathon, Marathon;Official local running event in Wieck a. Darß. Distances: 10 km, Half Marathon, Marathon. Discovered via Kilometerliebe and linked to the official event website.;http://www.darss-marathon.de;Kilometerliebe Discovery;
Dorstener 24-Stunden-Lauf;Ultramarathon;10.07.2026;Dorsten;Germany;Dorsten, Germany;51.6604071;6.9647431;24h Ultramarathon;Official local running event in Dorsten. Distances: 24h Ultramarathon. Discovered via Kilometerliebe and linked to the official event website.;https://24stundenlaufdorsten.de/;Kilometerliebe Discovery;
Dortmunder Friedenslauf;Running;25.05.2026;Dortmund;Germany;Dortmund, Germany;51.5142273;7.4652789;5 km, 10 km, Half Marathon;Official local running event in Dortmund. Distances: 5 km, 10 km, Half Marathon. Discovered via Kilometerliebe and linked to the official event website.;https://www.tsvkirchlinde.de;Kilometerliebe Discovery;
Dreiburgenland Marathon;Running;25.04.2026;Thurmansbang;Germany;Thurmansbang, Germany;48.7661177;13.3151419;5 km, 10 km, Half Marathon, Marathon;Official local running event in Thurmansbang. Distances: 5 km, 10 km, Half Marathon, Marathon. Discovered via Kilometerliebe and linked to the official event website.;http://www.hotel-schuerger.de/daten/marathon/marathon_de.html;Kilometerliebe Discovery;
Düsseldorfer Silvesterlauf;Running;31.12.2026;Düsseldorf;Germany;Düsseldorf, Germany;51.2254018;6.7763137;5 km, 10 km;Official local running event in Düsseldorf. Distances: 5 km, 10 km. Discovered via Kilometerliebe and linked to the official event website.;https://www.duesseldorf.de/sportamt/laufen-in-duesseldorf;Kilometerliebe Discovery;
Einstein-Marathon Ulm;Running;22.09.2026;Ulm;Germany;Ulm, Germany;48.3984968;9.9912458;10 km, Half Marathon, Marathon;Official local running event in Ulm. Distances: 10 km, Half Marathon, Marathon. Discovered via Kilometerliebe and linked to the official event website.;http://www.einstein-marathon.de;Kilometerliebe Discovery;
Elpersheimer Pfingstlauf;Running;24.05.2026;Weikersheim;Germany;Weikersheim, Germany;49.4806473;9.8976809;5 km, 10 km, Half Marathon;Official local running event in Weikersheim. Distances: 5 km, 10 km, Half Marathon. Discovered via Kilometerliebe and linked to the official event website.;https://sv-elpersheim.de/pfingstlauf;Kilometerliebe Discovery;
Eversburger Gewässer Ultramarathon;Ultramarathon;06.06.2026;Osnabrück;Germany;Osnabrück, Germany;52.2719595;8.047635;45.3 km;Official local running event in Osnabrück. Distances: 45.3 km. Discovered via Kilometerliebe and linked to the official event website.;https://my.raceresult.com/381648/;Kilometerliebe Discovery;
fem.RUN Hannover;Running;25.09.2026;Hannover;Germany;Hannover, Germany;52.3744779;9.7385532;5 km, 10 km;Official local running event in Hannover. Distances: 5 km, 10 km. Discovered via Kilometerliebe and linked to the official event website.;https://www.femrun.de;Kilometerliebe Discovery;
Firmenlauf Anhalt Dessau-Roßlau;Running;12.05.2026;Dessau-Roßlau;Germany;Dessau-Roßlau, Germany;51.829379;12.2236;5 km;Official local running event in Dessau-Roßlau. Distances: 5 km. Discovered via Kilometerliebe and linked to the official event website.;https://dessauer-firmenlauf.de/;Kilometerliebe Discovery;
Firmenlauf Chemnitz;Running;02.09.2026;Chemnitz;Germany;Chemnitz, Germany;50.8323531;12.918914;5 km;Official local running event in Chemnitz. Distances: 5 km. Discovered via Kilometerliebe and linked to the official event website.;https://www.firmenlauf-chemnitz.de/;Kilometerliebe Discovery;
Dürener Firmenlauf;Running;12.06.2026;Düren;Germany;Düren, Germany;50.8031684;6.4820806;5 km;Official local running event in Düren. Distances: 5 km. Discovered via Kilometerliebe and linked to the official event website.;https://www.firmenlauf-dueren.de/;Kilometerliebe Discovery;
Firmenpuls Neuss;Running;08.09.2026;Neuss;Germany;Neuss, Germany;51.1981778;6.6916476;5 km;Official local running event in Neuss. Distances: 5 km. Discovered via Kilometerliebe and linked to the official event website.;https://www.firmenpuls.de/;Kilometerliebe Discovery;
Fränkische Schweiz-Marathon;Running;05.09.2027;Ebermannstadt;Germany;Ebermannstadt, Germany;49.7802113;11.1875112;10 km, Half Marathon, Marathon;Official local running event in Ebermannstadt. Distances: 10 km, Half Marathon, Marathon. Discovered via Kilometerliebe and linked to the official event website.;https://www.fs-marathon.de;Kilometerliebe Discovery;
Frankfurter Mainova Halbmarathon;Running;22.03.2026;Frankfurt am Main;Germany;Frankfurt am Main, Germany;50.1106444;8.6820917;Half Marathon;Official local running event in Frankfurt am Main. Distances: Half Marathon. Discovered via Kilometerliebe and linked to the official event website.;https://www.frankfurter-halbmarathon.de/;Kilometerliebe Discovery;
Franklin Meilenlauf Mannheim;Running;11.10.2026;Mannheim;Germany;Mannheim, Germany;49.4892913;8.4673098;10 km, Half Marathon;Official local running event in Mannheim. Distances: 10 km, Half Marathon. Discovered via Kilometerliebe and linked to the official event website.;https://www.franklin-meilenlauf.de;Kilometerliebe Discovery;
Frauenlauf Köln;Running;13.09.2026;Köln;Germany;Köln, Germany;50.938361;6.959974;5 km, 10 km;Official local running event in Köln. Distances: 5 km, 10 km. Discovered via Kilometerliebe and linked to the official event website.;https://www.koeln.de;Kilometerliebe Discovery;
Frauenlauf Trier;Running;21.06.2026;Trier;Germany;Trier, Germany;49.7596208;6.6441878;5 km, 10 km;Official local running event in Trier. Distances: 5 km, 10 km. Discovered via Kilometerliebe and linked to the official event website.;https://silvesterlauf.de/event/frauenlauf/;Kilometerliebe Discovery;
Friedewalder Mühlenlauf;Running;14.05.2026;Petershagen;Germany;Petershagen, Germany;52.3756616;8.9668368;5 km, 10 km, Half Marathon;Official local running event in Petershagen. Distances: 5 km, 10 km, Half Marathon. Discovered via Kilometerliebe and linked to the official event website.;http://muehlenlauf.friedewalde.de;Kilometerliebe Discovery;
Frühlingsultra;Ultramarathon;21.03.2027;Freudenstadt-Grüntal;Germany;Freudenstadt-Grüntal, Germany;48.4796222;8.4683264;50 km;Official local running event in Freudenstadt-Grüntal. Distances: 50 km. Discovered via Kilometerliebe and linked to the official event website.;https://neckarlauf.com/fr%C3%BChlingsultra.html;Kilometerliebe Discovery;
Fürst Carl Seenlandmarathon;Running;20.09.2026;Pleinfeld;Germany;Pleinfeld, Germany;49.1053751;10.98564;10 km, Half Marathon, Marathon;Official local running event in Pleinfeld. Distances: 10 km, Half Marathon, Marathon. Discovered via Kilometerliebe and linked to the official event website.;https://www.seenlandmarathon.de;Kilometerliebe Discovery;
Gebirgstälerlauf Oberstdorf;Running;17.05.2026;Oberstdorf;Germany;Oberstdorf, Germany;47.4104347;10.2774409;5 km, 10 km, Half Marathon;Official local running event in Oberstdorf. Distances: 5 km, 10 km, Half Marathon. Discovered via Kilometerliebe and linked to the official event website.;https://www.gebirgstaelerlauf.de;Kilometerliebe Discovery;
Generali Berlin Halbmarathon;Running;29.03.2026;Berlin;Germany;Berlin, Germany;52.5173885;13.3951309;Half Marathon;Official local running event in Berlin. Distances: Half Marathon. Discovered via Kilometerliebe and linked to the official event website.;https://www.generali-berliner-halbmarathon.de/;Kilometerliebe Discovery;
Generali Köln Marathon;Running;03.10.2027;Köln;Germany;Köln, Germany;50.938361;6.959974;10 km, Half Marathon, Marathon;Official local running event in Köln. Distances: 10 km, Half Marathon, Marathon. Discovered via Kilometerliebe and linked to the official event website.;https://generali-koeln-marathon.de;Kilometerliebe Discovery;
Geraer Firmenlauf;Running;21.05.2026;Gera;Germany;Gera, Germany;50.8765528;12.0832674;5 km;Official local running event in Gera. Distances: 5 km. Discovered via Kilometerliebe and linked to the official event website.;https://geraer-firmenlauf.de/;Kilometerliebe Discovery;
Gerolsteiner Helgoland Marathon;Running;09.05.2026;Helgoland;Germany;Helgoland, Germany;54.1820608;7.8876314;5 km, 10 km, Marathon;Official local running event in Helgoland. Distances: 5 km, 10 km, Marathon. Discovered via Kilometerliebe and linked to the official event website.;https://www.helgoland-marathon.com;Kilometerliebe Discovery;
Gifhorner Lauftag;Running;19.04.2026;Gifhorn;Germany;Gifhorn, Germany;52.4882194;10.545304;5 km, 10 km, Half Marathon, Marathon;Official local running event in Gifhorn. Distances: 5 km, 10 km, Half Marathon, Marathon. Discovered via Kilometerliebe and linked to the official event website.;https://www.vfr-wilsche-neubokel.de;Kilometerliebe Discovery;
Göltzschtal-Marathon;Running;11.04.2026;Lengenfeld;Germany;Lengenfeld, Germany;50.5694023;12.3652544;5 km, 10 km, Half Marathon, Marathon;Official local running event in Lengenfeld. Distances: 5 km, 10 km, Half Marathon, Marathon. Discovered via Kilometerliebe and linked to the official event website.;http://www.goeltzschtallauf.de;Kilometerliebe Discovery;
Goitzsche Marathon;Running;03.05.2026;Bitterfeld;Germany;Bitterfeld, Germany;51.6239124;12.3301466;10 km, Half Marathon, Marathon;Official local running event in Bitterfeld. Distances: 10 km, Half Marathon, Marathon. Discovered via Kilometerliebe and linked to the official event website.;https://www.goitzsche-marathon.eu;Kilometerliebe Discovery;
Grömitzer Sun-Run;Running;10.05.2026;Grömitz;Germany;Grömitz, Germany;54.1441095;10.9588499;5 km, 10 km, Half Marathon;Official local running event in Grömitz. Distances: 5 km, 10 km, Half Marathon. Discovered via Kilometerliebe and linked to the official event website.;https://www.groemitz.de/sun-run;Kilometerliebe Discovery;
Grüntal-Winterultra;Ultramarathon;28.12.2026;Freudenstadt-Grüntal;Germany;Freudenstadt-Grüntal, Germany;48.4796222;8.4683264;50 km;Official local running event in Freudenstadt-Grüntal. Distances: 50 km. Discovered via Kilometerliebe and linked to the official event website.;https://neckarlauf.com/gr%C3%BCntal-winterultra.html;Kilometerliebe Discovery;
Grüntalultra;Ultramarathon;14.05.2026;Freudenstadt-Grüntal;Germany;Freudenstadt-Grüntal, Germany;48.4796222;8.4683264;50 km;Official local running event in Freudenstadt-Grüntal. Distances: 50 km. Discovered via Kilometerliebe and linked to the official event website.;https://neckarlauf.com/gr%C3%BCntalultra.html;Kilometerliebe Discovery;
Gütersloh läuft;Running;08.07.2026;Gütersloh;Germany;Gütersloh, Germany;51.9063997;8.3782078;10 km;Official local running event in Gütersloh. Distances: 10 km. Discovered via Kilometerliebe and linked to the official event website.;https://guetersloh-laeuft.de/;Kilometerliebe Discovery;
Gutenberg Halbmarathon Mainz;Running;10.05.2026;Mainz;Germany;Mainz, Germany;49.9995205;8.2736253;10 km, Half Marathon;Official local running event in Mainz. Distances: 10 km, Half Marathon. Discovered via Kilometerliebe and linked to the official event website.;https://www.halbmarathon-mainz.de;Kilometerliebe Discovery;
GutsMuths-Rennsteiglauf Marathon;Running;09.05.2026;Schmiedefeld;Germany;Schmiedefeld, Germany;50.5333;11.2167;10 km, Half Marathon, Marathon;Official local running event in Schmiedefeld. Distances: 10 km, Half Marathon, Marathon. Discovered via Kilometerliebe and linked to the official event website.;http://www.rennsteiglauf.de;Kilometerliebe Discovery;
Hagener Volkslauf;Running;14.05.2026;Hagen;Germany;Hagen, Germany;51.3582945;7.473296;10 km, Half Marathon;Official local running event in Hagen. Distances: 10 km, Half Marathon. Discovered via Kilometerliebe and linked to the official event website.;http://www.concordia-hagen.de;Kilometerliebe Discovery;
Halbmarathon Heidelberg;Running;26.04.2026;Heidelberg;Germany;Heidelberg, Germany;49.4093582;8.694724;Half Marathon;Official local running event in Heidelberg. Distances: Half Marathon. Discovered via Kilometerliebe and linked to the official event website.;https://atoshalbmarathon.tsg78-hd.de;Kilometerliebe Discovery;
Halbmarathon Ingolstadt;Running;09.05.2026;Ingolstadt;Germany;Ingolstadt, Germany;48.7630165;11.4250395;5 km, 10 km, Half Marathon;Official local running event in Ingolstadt. Distances: 5 km, 10 km, Half Marathon. Discovered via Kilometerliebe and linked to the official event website.;https://www.halbmarathon-ingolstadt.net;Kilometerliebe Discovery;
Halbmarathon München;Running;11.04.2026;München;Germany;München, Germany;48.1371079;11.5753822;Half Marathon;Official local running event in München. Distances: Half Marathon. Discovered via Kilometerliebe and linked to the official event website.;https://halbmarathon-muenchen.de/;Kilometerliebe Discovery;
Hamburger Halbmarathon durch das Alte Land;Running;29.03.2026;Hamburg;Germany;Hamburg, Germany;53.5501721;10.0013165;10 km, Half Marathon;Official local running event in Hamburg. Distances: 10 km, Half Marathon. Discovered via Kilometerliebe and linked to the official event website.;https://www.hntonline.de/hamburger-halbmarathon/;Kilometerliebe Discovery;
ADAC Marathon Hannover;Running;11.04.2027;Hannover;Germany;Hannover, Germany;52.3744779;9.7385532;10 km, Half Marathon, Marathon;Official local running event in Hannover. Distances: 10 km, Half Marathon, Marathon. Discovered via Kilometerliebe and linked to the official event website.;https://www.marathon-hannover.de;Kilometerliebe Discovery;
Haspa Halbmarathon Hamburg;Running;25.04.2027;Hamburg;Germany;Hamburg, Germany;53.5501721;10.0013165;Half Marathon;Official local running event in Hamburg. Distances: Half Marathon. Discovered via Kilometerliebe and linked to the official event website.;https://haspa-marathon-hamburg.de/halbmarathon/;Kilometerliebe Discovery;
Haspa Marathon Hamburg;Running;26.04.2026;Hamburg;Germany;Hamburg, Germany;53.5501721;10.0013165;Half Marathon, Marathon;Official local running event in Hamburg. Distances: Half Marathon, Marathon. Discovered via Kilometerliebe and linked to the official event website.;https://haspa-marathon-hamburg.de/;Kilometerliebe Discovery;
Haster Volkslauf Osnabrück;Running;07.06.2026;Osnabrück;Germany;Osnabrück, Germany;52.2719595;8.047635;5 km, 10 km;Official local running event in Osnabrück. Distances: 5 km, 10 km. Discovered via Kilometerliebe and linked to the official event website.;https://tushaste01.de/haster-volkslauf-copy/;Kilometerliebe Discovery;
Heilbronner Trollinger Marathon;Running;10.05.2026;Heilbronn;Germany;Heilbronn, Germany;49.142291;9.218655;10 km, Half Marathon, Marathon;Official local running event in Heilbronn. Distances: 10 km, Half Marathon, Marathon. Discovered via Kilometerliebe and linked to the official event website.;https://www.trollinger-marathon.de;Kilometerliebe Discovery;
Herzogstadtlauf Straubing;Running;10.05.2026;Straubing;Germany;Straubing, Germany;48.8819801;12.569716;5 km, 10 km, Half Marathon, Marathon;Official local running event in Straubing. Distances: 5 km, 10 km, Half Marathon, Marathon. Discovered via Kilometerliebe and linked to the official event website.;http://www.herzogstadtlauf.de;Kilometerliebe Discovery;
Hexenstieg Ultramarathon;Ultramarathon;17.04.2026;Osterode;Germany;Osterode, Germany;51.5652379;10.8170527;160.9 km;Official local running event in Osterode. Distances: 160.9 km. Discovered via Kilometerliebe and linked to the official event website.;https://www.hexenstieg-ultra.de;Kilometerliebe Discovery;
Hexenstieg-Ultramarathon;Ultramarathon;16.04.2027;Osterode;Germany;Osterode, Germany;51.5652379;10.8170527;160.9 km;Official local running event in Osterode. Distances: 160.9 km. Discovered via Kilometerliebe and linked to the official event website.;https://www.hexenstieg-ultra.de;Kilometerliebe Discovery;
Hörnlelauf Konstanz;Running;11.10.2026;Konstanz;Germany;Konstanz, Germany;47.659216;9.1750718;5 km, 10 km;Official local running event in Konstanz. Distances: 5 km, 10 km. Discovered via Kilometerliebe and linked to the official event website.;https://konstanzer-laeufe.de/hoernlelauf/;Kilometerliebe Discovery;
Internationaler Schwarzwald-Marathon;Running;11.10.2026;Bräunlingen;Germany;Bräunlingen, Germany;47.9300645;8.448329;Half Marathon, Marathon;Official local running event in Bräunlingen. Distances: Half Marathon, Marathon. Discovered via Kilometerliebe and linked to the official event website.;http://www.schwarzwald-marathon.de;Kilometerliebe Discovery;
Internationaler Trierer Stadtlauf;Running;28.06.2026;Trier;Germany;Trier, Germany;49.7596208;6.6441878;10 km, Half Marathon;Official local running event in Trier. Distances: 10 km, Half Marathon. Discovered via Kilometerliebe and linked to the official event website.;https://spoferan.com/en/events/40-int-trierer-stadtlauf-2026/;Kilometerliebe Discovery;
Ipf-Ries Halbmarathon;Running;09.05.2026;Nördlingen;Germany;Nördlingen, Germany;48.8516578;10.4885873;Half Marathon;Official local running event in Nördlingen. Distances: Half Marathon. Discovered via Kilometerliebe and linked to the official event website.;https://ipf-ries-halbmarathon.de;Kilometerliebe Discovery;
Ith-Hils-Ultratrail;Ultramarathon;25.04.2026;Salzhemmendorf;Germany;Salzhemmendorf, Germany;52.0669535;9.585096;81 km;Official local running event in Salzhemmendorf. Distances: 81 km. Discovered via Kilometerliebe and linked to the official event website.;https://running-paule.de/;Kilometerliebe Discovery;
Itzerhoer Störlauf;Running;09.05.2026;Itzehoe;Germany;Itzehoe, Germany;53.919448;9.5172441;5 km, 10 km, Half Marathon;Official local running event in Itzehoe. Distances: 5 km, 10 km, Half Marathon. Discovered via Kilometerliebe and linked to the official event website.;https://www.stoerlauf.de;Kilometerliebe Discovery;
Jenaer Firmenlauf;Running;19.05.2026;Jena;Germany;Jena, Germany;50.9281717;11.5879359;5 km;Official local running event in Jena. Distances: 5 km. Discovered via Kilometerliebe and linked to the official event website.;https://www.jenaerfirmenlauf.de/;Kilometerliebe Discovery;
Kap-Arkona-Lauf;Running;03.10.2026;Putgarten;Germany;Putgarten, Germany;54.6728579;13.4159183;10 km, Half Marathon;Official local running event in Putgarten. Distances: 10 km, Half Marathon. Discovered via Kilometerliebe and linked to the official event website.;https://kap-arkona-lauf.de;Kilometerliebe Discovery;
Karneval Marathon Köln;Running;06.11.2027;Köln;Germany;Köln, Germany;50.938361;6.959974;10 km, Half Marathon, Marathon;Official local running event in Köln. Distances: 10 km, Half Marathon, Marathon. Discovered via Kilometerliebe and linked to the official event website.;https://karneval-marathon.de;Kilometerliebe Discovery;
Kieler Förde Marathon;Running;19.09.2027;Kiel;Germany;Kiel, Germany;54.3227085;10.135555;10 km, Half Marathon, Marathon;Official local running event in Kiel. Distances: 10 km, Half Marathon, Marathon. Discovered via Kilometerliebe and linked to the official event website.;https://www.kieler-foerde-marathon.de;Kilometerliebe Discovery;
Kölner Frühlingslauf;Running;22.03.2026;Köln;Germany;Köln, Germany;50.938361;6.959974;5 km, 10 km;Official local running event in Köln. Distances: 5 km, 10 km. Discovered via Kilometerliebe and linked to the official event website.;https://koelner-fruehlingslauf.de/;Kilometerliebe Discovery;
Kölner Halbmarathon;Running;30.08.2026;Köln;Germany;Köln, Germany;50.938361;6.959974;Half Marathon;Official local running event in Köln. Distances: Half Marathon. Discovered via Kilometerliebe and linked to the official event website.;https://koelner-halbmarathon.de/;Kilometerliebe Discovery;
König Ludwig Lauf Sommer;Running;26.09.2026;Oberammergau;Germany;Oberammergau, Germany;47.597344;11.0640664;10 km, Half Marathon;Official local running event in Oberammergau. Distances: 10 km, Half Marathon. Discovered via Kilometerliebe and linked to the official event website.;https://www.koenig-ludwig-lauf.com;Kilometerliebe Discovery;
Königsforst Marathon Bergisch Gladbach;Ultramarathon;15.03.2026;Bergisch Gladbach;Germany;Bergisch Gladbach, Germany;50.9929303;7.1277379;Half Marathon, Marathon, 63.3 km;Official local running event in Bergisch Gladbach. Distances: Half Marathon, Marathon, 63.3 km. Discovered via Kilometerliebe and linked to the official event website.;https://koenigsforst-marathon.de/;Kilometerliebe Discovery;
Kulkiathlon;Ultramarathon;07.06.2026;Markranstädt;Germany;Markranstädt, Germany;51.3026177;12.2204644;72 km;Official local running event in Markranstädt. Distances: 72 km. Discovered via Kilometerliebe and linked to the official event website.;https://kulkiathlon.com/;Kilometerliebe Discovery;
Kyffhäuser Berglauf mit Berg-Marathon;Running;18.04.2026;Bad Frankenhausen;Germany;Bad Frankenhausen, Germany;51.3560142;11.1005235;10 km, Half Marathon, Marathon;Official local running event in Bad Frankenhausen. Distances: 10 km, Half Marathon, Marathon. Discovered via Kilometerliebe and linked to the official event website.;http://www.kyffhaeuser-berglauf.de;Kilometerliebe Discovery;
LaminatDEPOT-Lauf Velbert;Running;05.07.2026;Velbert;Germany;Velbert, Germany;51.3406713;7.0439912;10 km;Official local running event in Velbert. Distances: 10 km. Discovered via Kilometerliebe and linked to the official event website.;https://laminatdepot-lauf.de/;Kilometerliebe Discovery;
LGV Frühjahrlauf Gießen;Running;08.03.2026;Gießen;Germany;Gießen, Germany;50.5862066;8.6742306;5 km, 10 km, Half Marathon;Official local running event in Gießen. Distances: 5 km, 10 km, Half Marathon. Discovered via Kilometerliebe and linked to the official event website.;https://lgv-marathon.de/fruehjahrslauf/;Kilometerliebe Discovery;
Lohners Vulkan-Marathon;Running;01.05.2026;Mendig;Germany;Mendig, Germany;50.3720933;7.2812427;5 km, 10 km, Half Marathon, Marathon;Official local running event in Mendig. Distances: 5 km, 10 km, Half Marathon, Marathon. Discovered via Kilometerliebe and linked to the official event website.;https://www.vulkan-marathon.de;Kilometerliebe Discovery;
Ludwigshafener Stadtlauf;Running;27.06.2026;Ludwigshafen am Rhein;Germany;Ludwigshafen am Rhein, Germany;49.4704113;8.4381568;5 km, 10 km;Official local running event in Ludwigshafen am Rhein. Distances: 5 km, 10 km. Discovered via Kilometerliebe and linked to the official event website.;https://www.ludwigshafener-stadtlauf.de/;Kilometerliebe Discovery;
Stadtwerke Lübeck Marathon;Running;17.10.2027;Lübeck;Germany;Lübeck, Germany;53.866444;10.684738;5 km, 10 km, Half Marathon, Marathon;Official local running event in Lübeck. Distances: 5 km, 10 km, Half Marathon, Marathon. Discovered via Kilometerliebe and linked to the official event website.;https://swhl-marathon.de;Kilometerliebe Discovery;
Lüneburger Firmenlauf;Running;12.06.2026;Lüneburg;Germany;Lüneburg, Germany;53.248706;10.407855;5 km;Official local running event in Lüneburg. Distances: 5 km. Discovered via Kilometerliebe and linked to the official event website.;https://fitwerft.de/;Kilometerliebe Discovery;
Magdeburg-Marathon;Running;03.10.2027;Magdeburg;Germany;Magdeburg, Germany;52.1314783;11.6400789;10 km, Half Marathon, Marathon;Official local running event in Magdeburg. Distances: 10 km, Half Marathon, Marathon. Discovered via Kilometerliebe and linked to the official event website.;https://www.magdeburg-marathon.eu;Kilometerliebe Discovery;
Mainauenlauf Bayreuth;Running;14.06.2026;Bayreuth;Germany;Bayreuth, Germany;49.9446345;11.5743543;5 km, 10 km, Half Marathon;Official local running event in Bayreuth. Distances: 5 km, 10 km, Half Marathon. Discovered via Kilometerliebe and linked to the official event website.;https://www.mainauenlauf.de/;Kilometerliebe Discovery;
MainCityRun Schweinfurt;Running;16.05.2026;Schweinfurt;Germany;Schweinfurt, Germany;50.0451485;10.2340647;5 km, 10 km, Half Marathon;Official local running event in Schweinfurt. Distances: 5 km, 10 km, Half Marathon. Discovered via Kilometerliebe and linked to the official event website.;https://laufen-triathlon.de;Kilometerliebe Discovery;
Mainova Frankfurt Marathon;Running;31.10.2027;Frankfurt am Main;Germany;Frankfurt am Main, Germany;50.1106444;8.6820917;5 km, 10 km, Marathon;Official local running event in Frankfurt am Main. Distances: 5 km, 10 km, Marathon. Discovered via Kilometerliebe and linked to the official event website.;https://www.frankfurt-marathon.com;Kilometerliebe Discovery;
Marathon Deutsche Weinstraße;Running;12.04.2026;Bockenheim;Germany;Bockenheim, Germany;50.1233115;8.6460563;Half Marathon, Marathon;Official local running event in Bockenheim. Distances: Half Marathon, Marathon. Discovered via Kilometerliebe and linked to the official event website.;http://www.marathon-deutsche-weinstrasse.de;Kilometerliebe Discovery;
Marathon München by Brooks;Running;10.10.2027;München;Germany;München, Germany;48.1371079;11.5753822;10 km, Half Marathon, Marathon;Official local running event in München. Distances: 10 km, Half Marathon, Marathon. Discovered via Kilometerliebe and linked to the official event website.;https://marathonmuenchen.org;Kilometerliebe Discovery;
Marburger Lahntallauf;Running;28.02.2026;Marburg;Germany;Marburg, Germany;50.8090106;8.7704695;10 km, Half Marathon, Marathon;Official local running event in Marburg. Distances: 10 km, Half Marathon, Marathon. Discovered via Kilometerliebe and linked to the official event website.;https://ultra-marburg.de/lahntallauf/;Kilometerliebe Discovery;
100 Meilen Berlin — Mauerweglauf;Ultramarathon;15.08.2026;Berlin;Germany;Berlin, Germany;52.5173885;13.3951309;100 Miles / 161 km;Official local running event in Berlin. Distances: 100 miles / 161 km. Discovered via Kilometerliebe and linked to the official event website.;https://www.100meilen.de;Kilometerliebe Discovery;
Meldorfer Brückenlauf;Running;01.05.2026;Meldorf;Germany;Meldorf, Germany;54.08988;9.070633;10 km, Half Marathon;Official local running event in Meldorf. Distances: 10 km, Half Marathon. Discovered via Kilometerliebe and linked to the official event website.;https://www.meldorfer-brueckenlauf.de;Kilometerliebe Discovery;
Mitteldeutscher Marathon Halle;Running;04.10.2026;Halle (Saale);Germany;Halle (Saale), Germany;51.4824354;11.9712985;10 km, Half Marathon, Marathon;Official local running event in Halle (Saale). Distances: 10 km, Half Marathon, Marathon. Discovered via Kilometerliebe and linked to the official event website.;https://www.mitteldeutscher-marathon.de/;Kilometerliebe Discovery;
Moerser enni Schlossparklauf;Running;25.04.2026;Moers;Germany;Moers, Germany;51.451283;6.62843;5 km, 10 km;Official local running event in Moers. Distances: 5 km, 10 km. Discovered via Kilometerliebe and linked to the official event website.;https://schlossparklauf.org/;Kilometerliebe Discovery;
Mountainman Nesselwang;Running;09.05.2026;Nesselwang;Germany;Nesselwang, Germany;47.6218885;10.5003482;10 km, Half Marathon, Marathon;Official local running event in Nesselwang. Distances: 10 km, Half Marathon, Marathon. Discovered via Kilometerliebe and linked to the official event website.;https://mountainman.de;Kilometerliebe Discovery;
Mülheimer Firmenlauf;Running;17.09.2026;Mülheim an der Ruhr;Germany;Mülheim an der Ruhr, Germany;51.4272925;6.8829192;5.6 km;Official local running event in Mülheim an der Ruhr. Distances: 5.6 km. Discovered via Kilometerliebe and linked to the official event website.;https://www.muelheimer-firmenlauf.de/;Kilometerliebe Discovery;
Müritz-Lauf;Ultramarathon;27.06.2026;Waren (Müritz);Germany;Waren (Müritz), Germany;53.5156249;12.6850606;75 km;Official local running event in Waren (Müritz). Distances: 75 km. Discovered via Kilometerliebe and linked to the official event website.;https://mueritz-lauf.de;Kilometerliebe Discovery;
Neckarlauf;Ultramarathon;31.05.2026;Villingen-Schwenningen;Germany;Villingen-Schwenningen, Germany;48.063152;8.4929618;372 km;Official local running event in Villingen-Schwenningen. Distances: 372 km. Discovered via Kilometerliebe and linked to the official event website.;https://neckarlauf.com/neckarlauf.html;Kilometerliebe Discovery;
Novemberlauf;Ultramarathon;01.11.2026;Freudenstadt-Grüntal;Germany;Freudenstadt-Grüntal, Germany;48.4796222;8.4683264;50 km;Official local running event in Freudenstadt-Grüntal. Distances: 50 km. Discovered via Kilometerliebe and linked to the official event website.;https://neckarlauf.com/novemberlauf.html;Kilometerliebe Discovery;
Oberelbe Marathon;Running;26.04.2026;Dresden;Germany;Dresden, Germany;51.0493286;13.7381437;5 km, 10 km, Half Marathon, Marathon;Official local running event in Dresden. Distances: 5 km, 10 km, Half Marathon, Marathon. Discovered via Kilometerliebe and linked to the official event website.;https://www.oberelbe-marathon.de;Kilometerliebe Discovery;
Obermain-Marathon;Running;12.04.2026;Bad Staffelstein;Germany;Bad Staffelstein, Germany;50.1028339;10.999159;10 km, Half Marathon, Marathon;Official local running event in Bad Staffelstein. Distances: 10 km, Half Marathon, Marathon. Discovered via Kilometerliebe and linked to the official event website.;http://www.obermain-marathon.de;Kilometerliebe Discovery;
Offenbacher Mainuferlauf;Running;11.10.2026;Offenbach am Main;Germany;Offenbach am Main, Germany;50.1055002;8.7610698;5 km, 10 km, Half Marathon;Official local running event in Offenbach am Main. Distances: 5 km, 10 km, Half Marathon. Discovered via Kilometerliebe and linked to the official event website.;https://www.offenbacher-lc.de/;Kilometerliebe Discovery;
Ohmrathon;Running;16.05.2026;Worbis;Germany;Worbis, Germany;51.421618;10.3610936;10 km, Half Marathon;Official local running event in Worbis. Distances: 10 km, Half Marathon. Discovered via Kilometerliebe and linked to the official event website.;https://www.ohmrathon.de;Kilometerliebe Discovery;
Osnabrücker Ringweg Ultramarathon;Ultramarathon;13.06.2026;Osnabrück;Germany;Osnabrück, Germany;52.2719595;8.047635;70 km;Official local running event in Osnabrück. Distances: 70 km. Discovered via Kilometerliebe and linked to the official event website.;https://my.raceresult.com/363204/;Kilometerliebe Discovery;
Paderborner Osterlauf;Running;04.04.2026;Paderborn;Germany;Paderborn, Germany;51.7177044;8.752653;5 km, 10 km, Half Marathon;Official local running event in Paderborn. Distances: 5 km, 10 km, Half Marathon. Discovered via Kilometerliebe and linked to the official event website.;https://www.paderborner-osterlauf.de/;Kilometerliebe Discovery;
Pfingstlauf Ruhrschleife Arnsberg;Running;23.05.2026;Arnsberg;Germany;Arnsberg, Germany;51.4002384;8.0605908;6.7 km;Official local running event in Arnsberg. Distances: 6.7 km. Discovered via Kilometerliebe and linked to the official event website.;https://ruhrschleife-lauf.de/;Kilometerliebe Discovery;
Ra(h)ser-Run Viersen;Running;31.05.2026;Viersen;Germany;Viersen, Germany;51.2562118;6.3905476;5 km, 10 km;Official local running event in Viersen. Distances: 5 km, 10 km. Discovered via Kilometerliebe and linked to the official event website.;https://rahser-run.de/;Kilometerliebe Discovery;
GutsMuths-Rennsteig Supermarathon;Ultramarathon;09.05.2026;Eisenach;Germany;Eisenach, Germany;50.9747134;10.3193565;73.9 km;Official local running event in Eisenach. Distances: 73.9 km. Discovered via Kilometerliebe and linked to the official event website.;https://www.rennsteiglauf.de;Kilometerliebe Discovery;
REWE Women's Run Hamburg;Running;14.06.2026;Hamburg;Germany;Hamburg, Germany;53.5501721;10.0013165;5 km, 10 km;Official local running event in Hamburg. Distances: 5 km, 10 km. Discovered via Kilometerliebe and linked to the official event website.;https://womensrun-hamburg.de;Kilometerliebe Discovery;
Rhein-Ruhr Marathon Duisburg;Running;10.05.2026;Duisburg;Germany;Duisburg, Germany;51.434999;6.759562;Half Marathon, Marathon;Official local running event in Duisburg. Distances: Half Marathon, Marathon. Discovered via Kilometerliebe and linked to the official event website.;https://www.rhein-ruhr-marathon.de;Kilometerliebe Discovery;
Rhein-Ruhr Marathon Duisburg;Running;09.05.2027;Duisburg;Germany;Duisburg, Germany;51.434999;6.759562;10 km, Half Marathon, Marathon;Official local running event in Duisburg. Distances: 10 km, Half Marathon, Marathon. Discovered via Kilometerliebe and linked to the official event website.;https://www.rhein-ruhr-marathon.de;Kilometerliebe Discovery;
Rheingauer Halbmarathon;Running;26.07.2026;Oestrich;Germany;Oestrich, Germany;51.5666596;7.3621171;5 km, 10 km, Half Marathon;Official local running event in Oestrich. Distances: 5 km, 10 km, Half Marathon. Discovered via Kilometerliebe and linked to the official event website.;https://www.rieslinglauf.de;Kilometerliebe Discovery;
Röntgenlauf Remscheid;Running;09.05.2026;Remscheid;Germany;Remscheid, Germany;51.1798706;7.1943544;5 km, 10 km, Half Marathon, Marathon;Official local running event in Remscheid. Distances: 5 km, 10 km, Half Marathon, Marathon. Discovered via Kilometerliebe and linked to the official event website.;https://www.roentgenlauf.de/;Kilometerliebe Discovery;
RUN & FUN Krefelder Firmenlauf;Running;02.09.2026;Krefeld;Germany;Krefeld, Germany;51.3331205;6.5623343;5 km;Official local running event in Krefeld. Distances: 5 km. Discovered via Kilometerliebe and linked to the official event website.;https://www.run-fun-kr.de/;Kilometerliebe Discovery;
S 25 Halbmarathon Berlin;Running;19.04.2026;Berlin;Germany;Berlin, Germany;52.5173885;13.3951309;5 km, 10 km, Half Marathon;Official local running event in Berlin. Distances: 5 km, 10 km, Half Marathon. Discovered via Kilometerliebe and linked to the official event website.;https://berlin-laeuft.de/s25berlin;Kilometerliebe Discovery;
Salvus-Teekottenlauf;Running;24.04.2026;Emsdetten;Germany;Emsdetten, Germany;52.174687;7.5301756;5 km, 10 km, Half Marathon;Official local running event in Emsdetten. Distances: 5 km, 10 km, Half Marathon. Discovered via Kilometerliebe and linked to the official event website.;https://www.salvus-teekottenlauf.de;Kilometerliebe Discovery;
Sandhofer Straßenlauf;Running;19.06.2026;Mannheim;Germany;Mannheim, Germany;49.4892913;8.4673098;10 km;Official local running event in Mannheim. Distances: 10 km. Discovered via Kilometerliebe and linked to the official event website.;https://www.sandhofer-strassenlauf.de;Kilometerliebe Discovery;
SchluBUT@night;Ultramarathon;24.04.2026;Kassel;Germany;Kassel, Germany;51.3157833;9.4978479;50 km;Official local running event in Kassel. Distances: 50 km. Discovered via Kilometerliebe and linked to the official event website.;https://laufwerkkassel.jimdoweb.com/;Kilometerliebe Discovery;
Internationaler Schluchseelauf;Running;09.05.2026;Schluchsee;Germany;Schluchsee, Germany;47.8185928;8.177035;10 km, Half Marathon;Official local running event in Schluchsee. Distances: 10 km, Half Marathon. Discovered via Kilometerliebe and linked to the official event website.;https://www.schluchseelauf.com;Kilometerliebe Discovery;
Schnadegang Rund um Lüdenscheid;Ultramarathon;07.06.2026;Schalksmühle;Germany;Schalksmühle, Germany;51.2412334;7.5289145;55 km;Official local running event in Schalksmühle. Distances: 55 km. Discovered via Kilometerliebe and linked to the official event website.;https://laufenamwengeberg.com/;Kilometerliebe Discovery;
Schurwald-Marathon;Running;19.04.2026;Lichtenwald-Hegenlohe;Germany;Lichtenwald-Hegenlohe, Germany;48.7338334;9.4766259;10 km, Half Marathon, Marathon;Official local running event in Lichtenwald-Hegenlohe. Distances: 10 km, Half Marathon, Marathon. Discovered via Kilometerliebe and linked to the official event website.;https://www.liwalauf.tsv-lichtenwald.de;Kilometerliebe Discovery;
Schwebebahnlauf Wuppertal;Running;14.06.2026;Wuppertal;Germany;Wuppertal, Germany;51.264018;7.1780374;5 km, 10 km, Half Marathon;Official local running event in Wuppertal. Distances: 5 km, 10 km, Half Marathon. Discovered via Kilometerliebe and linked to the official event website.;https://schwebebahn-lauf.de/;Kilometerliebe Discovery;
Siegerländer AOK-Firmenlauf Siegen;Running;15.07.2026;Siegen;Germany;Siegen, Germany;50.8751175;8.0256131;5.5 km;Official local running event in Siegen. Distances: 5.5 km. Discovered via Kilometerliebe and linked to the official event website.;https://www.siegerlaender-aok-firmenlauf.de/;Kilometerliebe Discovery;
Sparkassen Silvesterlauf Werl-Soest;Running;31.12.2026;Werl;Germany;Werl, Germany;51.5533457;7.9155558;15 km;Official local running event in Werl. Distances: 15 km. Discovered via Kilometerliebe and linked to the official event website.;https://www.silvesterlauf.com;Kilometerliebe Discovery;
Solinger Klingenlauf;Running;04.06.2026;Solingen;Germany;Solingen, Germany;51.1721629;7.0845893;5 km, 10 km;Official local running event in Solingen. Distances: 5 km, 10 km. Discovered via Kilometerliebe and linked to the official event website.;https://www.klingenlauf.de/;Kilometerliebe Discovery;
Solitudelauf Gerlingen;Running;12.04.2026;Gerlingen;Germany;Gerlingen, Germany;48.7983947;9.0624386;5 km, 10 km, Half Marathon;Official local running event in Gerlingen. Distances: 5 km, 10 km, Half Marathon. Discovered via Kilometerliebe and linked to the official event website.;https://www.solitudelauf.de;Kilometerliebe Discovery;
Sollinglauf Marathon;Running;06.06.2026;Dassel;Germany;Dassel, Germany;51.8019566;9.6899606;10 km, Half Marathon, Marathon;Official local running event in Dassel. Distances: 10 km, Half Marathon, Marathon. Discovered via Kilometerliebe and linked to the official event website.;http://sollinglauf.de;Kilometerliebe Discovery;
Sparkasse 3-Länder-Marathon;Running;11.10.2026;Lindau;Germany;Lindau, Germany;54.3846451;9.9034272;5 km, 10 km, Half Marathon, Marathon;Official local running event in Lindau. Distances: 5 km, 10 km, Half Marathon, Marathon. Discovered via Kilometerliebe and linked to the official event website.;https://www.sparkasse-3-laender-marathon.at;Kilometerliebe Discovery;
Sparkassen Firmenlauf Oberhausen;Running;18.06.2026;Oberhausen;Germany;Oberhausen, Germany;51.4696137;6.8514435;5 km;Official local running event in Oberhausen. Distances: 5 km. Discovered via Kilometerliebe and linked to the official event website.;https://oberhausener-firmenlauf.de/;Kilometerliebe Discovery;
Sparkassen-Stadtlauf Zwickau;Running;10.05.2026;Zwickau;Germany;Zwickau, Germany;50.7185043;12.4939267;5 km, 10 km;Official local running event in Zwickau. Distances: 5 km, 10 km. Discovered via Kilometerliebe and linked to the official event website.;https://www.zwickau.de/de/tourismus/veranstaltungen/stadtlauf/;Kilometerliebe Discovery;
Spreewald Marathon;Running;19.04.2026;Burg;Germany;Burg, Germany;49.9600346;6.3512069;10 km, Half Marathon, Marathon;Official local running event in Burg. Distances: 10 km, Half Marathon, Marathon. Discovered via Kilometerliebe and linked to the official event website.;http://www.spreewaldmarathon.de;Kilometerliebe Discovery;
St. Elisabeth Firmenlauf Herne;Running;21.05.2026;Herne;Germany;Herne, Germany;51.5380394;7.219985;5 km;Official local running event in Herne. Distances: 5 km. Discovered via Kilometerliebe and linked to the official event website.;https://firmenlauf-herne.de/;Kilometerliebe Discovery;
St. Wendel Marathon;Running;26.04.2026;St. Wendel;Germany;St. Wendel, Germany;49.4669906;7.1696192;10 km, Half Marathon, Marathon;Official local running event in St. Wendel. Distances: 10 km, Half Marathon, Marathon. Discovered via Kilometerliebe and linked to the official event website.;https://www.sankt-wendel.de/kreisstadt-sankt-wendel/sport-freizeit/globus-marathon-2;Kilometerliebe Discovery;
Stadtlauf Hanau;Running;18.09.2026;Hanau;Germany;Hanau, Germany;50.132881;8.9169797;5 km;Official local running event in Hanau. Distances: 5 km. Discovered via Kilometerliebe and linked to the official event website.;https://hanauer-stadtlauf.de/;Kilometerliebe Discovery;
Stuttgart-Lauf;Running;16.05.2026;Stuttgart;Germany;Stuttgart, Germany;48.7784485;9.1800132;5 km, 10 km, Half Marathon;Official local running event in Stuttgart. Distances: 5 km, 10 km, Half Marathon. Discovered via Kilometerliebe and linked to the official event website.;https://stuttgart-lauf.de/;Kilometerliebe Discovery;
StWB Teamstaffel Brandenburg an der Havel;Running;21.05.2026;Brandenburg an der Havel;Germany;Brandenburg an der Havel, Germany;52.4108261;12.5497933;5 km;Official local running event in Brandenburg an der Havel. Distances: 5 km. Discovered via Kilometerliebe and linked to the official event website.;https://www.stwb.de/teamstaffel/;Kilometerliebe Discovery;
Südenseelauf;Running;02.05.2026;Sörup;Germany;Sörup, Germany;54.7169361;9.6673591;5 km, 10 km, Half Marathon;Official local running event in Sörup. Distances: 5 km, 10 km, Half Marathon. Discovered via Kilometerliebe and linked to the official event website.;http://www.suedenseelauf.de;Kilometerliebe Discovery;
swb-Marathon Bremen;Running;12.09.2027;Bremen;Germany;Bremen, Germany;53.0758196;8.8071646;10 km, Half Marathon, Marathon;Official local running event in Bremen. Distances: 10 km, Half Marathon, Marathon. Discovered via Kilometerliebe and linked to the official event website.;https://swb-marathon.com;Kilometerliebe Discovery;
SWP CityLauf Pforzheim;Running;26.06.2026;Pforzheim;Germany;Pforzheim, Germany;48.890934;8.7025509;5 km, 10 km;Official local running event in Pforzheim. Distances: 5 km, 10 km. Discovered via Kilometerliebe and linked to the official event website.;https://www.citylauf-pforzheim.de/;Kilometerliebe Discovery;
Tangermünder Elbdeichmarathon;Running;12.04.2026;Tangermünde;Germany;Tangermünde, Germany;52.5431104;11.9722524;10 km, Half Marathon, Marathon;Official local running event in Tangermünde. Distances: 10 km, Half Marathon, Marathon. Discovered via Kilometerliebe and linked to the official event website.;https://www.elbdeichmarathon.de;Kilometerliebe Discovery;
Taubertal 100;Ultramarathon;03.10.2026;Rothenburg o.T.;Germany;Rothenburg o.T., Germany;51.6359061;11.7696395;160.9 km;Official local running event in Rothenburg o.T.. Distances: 160.9 km. Discovered via Kilometerliebe and linked to the official event website.;https://www.taubertal100.de;Kilometerliebe Discovery;
Töplitzer Insellauf;Running;25.04.2026;Töplitz;Germany;Töplitz, Germany;52.431623;12.9071832;10 km, Half Marathon;Official local running event in Töplitz. Distances: 10 km, Half Marathon. Discovered via Kilometerliebe and linked to the official event website.;http://www.insellauf-toeplitz.de;Kilometerliebe Discovery;
LA-Hamburg TogetHHer Silvesterlauf;Running;31.12.2026;Hamburg;Germany;Hamburg, Germany;53.5501721;10.0013165;7.4 km;Official local running event in Hamburg. Distances: 7.4 km. Discovered via Kilometerliebe and linked to the official event website.;https://www.bsv-hamburg.de;Kilometerliebe Discovery;
Trierer Silvesterlauf;Running;31.12.2026;Trier;Germany;Trier, Germany;49.7596208;6.6441878;5 km;Official local running event in Trier. Distances: 5 km. Discovered via Kilometerliebe and linked to the official event website.;https://silvesterlauf.de;Kilometerliebe Discovery;
Tübinger Erbe-Lauf;Running;20.09.2026;Tübingen;Germany;Tübingen, Germany;48.5203263;9.053596;5 km, 10 km;Official local running event in Tübingen. Distances: 5 km, 10 km. Discovered via Kilometerliebe and linked to the official event website.;https://www.tuebinger-erbe-lauf.de/;Kilometerliebe Discovery;
LOWA Ultratrail Fränkische Schweiz;Ultramarathon;25.04.2026;Ebermannstadt;Germany;Ebermannstadt, Germany;49.7802113;11.1875112;66 km;Official local running event in Ebermannstadt. Distances: 66 km. Discovered via Kilometerliebe and linked to the official event website.;https://www.ultratrail-fraenkische-schweiz.de/;Kilometerliebe Discovery;
Urwaldsteig-Ultratrail;Ultramarathon;31.05.2026;Waldeck;Germany;Waldeck, Germany;50.9113768;11.7820125;66 km;Official local running event in Waldeck. Distances: 66 km. Discovered via Kilometerliebe and linked to the official event website.;https://laufwerkkassel.jimdoweb.com/urwaldsteig-ultratrail/;Kilometerliebe Discovery;
Usedom Beach Marathon;Running;06.06.2026;Heringsdorf;Germany;Heringsdorf, Germany;53.9543267;14.1673508;10 km, Half Marathon, Marathon;Official local running event in Heringsdorf. Distances: 10 km, Half Marathon, Marathon. Discovered via Kilometerliebe and linked to the official event website.;https://usedom.de/usedom-beach-marathon;Kilometerliebe Discovery;
SV-1860-Minden Volkslauf;Running;29.08.2026;Minden;Germany;Minden, Germany;52.2881045;8.9168852;5 km, 10 km;Official local running event in Minden. Distances: 5 km, 10 km. Discovered via Kilometerliebe and linked to the official event website.;https://sv1860minden.de/sportarten/leichtathletik/volkslauf-minden;Kilometerliebe Discovery;
Volkslauf Rund um den Otto-Maigler-See;Running;17.05.2026;Hürth;Germany;Hürth, Germany;50.8807379;6.876568;5 km, 10 km, Half Marathon;Official local running event in Hürth. Distances: 5 km, 10 km, Half Marathon. Discovered via Kilometerliebe and linked to the official event website.;https://www.volkslauf-huerth.de;Kilometerliebe Discovery;
Vom See zum Schloss Ultramarathon;Ultramarathon;04.06.2026;Münster;Germany;Münster, Germany;51.9625101;7.6251879;46 km;Official local running event in Münster. Distances: 46 km. Discovered via Kilometerliebe and linked to the official event website.;https://ultra-uwe-unterwegs.de/;Kilometerliebe Discovery;
VR Bank Firmenlauf Bamberg;Running;18.09.2026;Bamberg;Germany;Bamberg, Germany;49.8916044;10.8868478;5 km;Official local running event in Bamberg. Distances: 5 km. Discovered via Kilometerliebe and linked to the official event website.;https://firmenlauf-bamberg.de/;Kilometerliebe Discovery;
Waldmeisterlauf Warmbronn;Running;02.05.2026;Leonberg;Germany;Leonberg, Germany;48.8012983;9.0150026;10 km;Official local running event in Leonberg. Distances: 10 km. Discovered via Kilometerliebe and linked to the official event website.;https://www.waldmeisterlauf.de;Kilometerliebe Discovery;
Wedeler Halbmarathon;Running;10.05.2026;Wedel;Germany;Wedel, Germany;53.5810226;9.7038772;5 km, 10 km, Half Marathon;Official local running event in Wedel. Distances: 5 km, 10 km, Half Marathon. Discovered via Kilometerliebe and linked to the official event website.;https://www.wedel-halbmarathon.de;Kilometerliebe Discovery;
Werratal Marathon;Running;01.05.2026;Treffurt;Germany;Treffurt, Germany;51.1104119;10.2174474;Marathon;Official local running event in Treffurt. Distances: Marathon. Discovered via Kilometerliebe and linked to the official event website.;https://www.werratal-marathon.de;Kilometerliebe Discovery;
Westerwälder Backyard-Ultra;Ultramarathon;05.06.2026;Höchstenbach;Germany;Höchstenbach, Germany;50.6319191;7.7428015;Backyard Ultra;Official local running event in Höchstenbach. Distances: Backyard Ultra. Discovered via Kilometerliebe and linked to the official event website.;https://katjas-laufzeit.de/westerwaelder-backyard-ultra-2026-ausschreibung/;Kilometerliebe Discovery;
Westumer Murrelauf;Running;14.05.2026;Sinzig;Germany;Sinzig, Germany;50.5452042;7.2490828;5 km, 10 km, Half Marathon;Official local running event in Sinzig. Distances: 5 km, 10 km, Half Marathon. Discovered via Kilometerliebe and linked to the official event website.;https://lauftreff-westum.de;Kilometerliebe Discovery;
Windhagen Marathon;Running;10.05.2026;Windhagen;Germany;Windhagen, Germany;50.6399632;7.3537702;5 km, 10 km, Half Marathon, Marathon;Official local running event in Windhagen. Distances: 5 km, 10 km, Half Marathon, Marathon. Discovered via Kilometerliebe and linked to the official event website.;https://www.windhagen-marathon.de;Kilometerliebe Discovery;
Wolfsburg Run powered by VfL Wolfsburg;Running;19.04.2026;Wolfsburg;Germany;Wolfsburg, Germany;52.4205588;10.7861682;5 km, 10 km, Half Marathon;Official local running event in Wolfsburg. Distances: 5 km, 10 km, Half Marathon. Discovered via Kilometerliebe and linked to the official event website.;https://www.vfl-wolfsburg.de/;Kilometerliebe Discovery;
WVV Würzburg Marathon;Running;10.05.2026;Würzburg;Germany;Würzburg, Germany;49.7933723;9.9309779;10 km, Half Marathon, Marathon;Official local running event in Würzburg. Distances: 10 km, Half Marathon, Marathon. Discovered via Kilometerliebe and linked to the official event website.;https://www.wuerzburg-marathon.de;Kilometerliebe Discovery;
WVV Marathon Würzburg;Running;23.05.2027;Würzburg;Germany;Würzburg, Germany;49.7933723;9.9309779;10 km, Half Marathon, Marathon;Official local running event in Würzburg. Distances: 10 km, Half Marathon, Marathon. Discovered via Kilometerliebe and linked to the official event website.;https://www.wuerzburg-marathon.de;Kilometerliebe Discovery;
