event_name;sport;date;city;country;address;latitude;longitude;distance;description;event_url;data_source;source_url;verification_status;priority;check_frequency;last_checked;next_check;source_note;image;event_id;edition_id;edition_year;edition_slug;brand_slug;organizer_name;organizer_url;official_url;registration_url;registration_status;event_status;brand_verification_status;brand_last_verified_at;edition_verification_status;edition_last_verified_at;race_formats
1. Volkslauf Seelze;Running;15.11.2026;Seelze;Germany;Seelze, Lower Saxony, Germany, Germany;52.3964639;9.594287;10 km, 5 km;Der ADAC Marathon Hannover bietet ein vielfältiges Lauferlebnis mit Distanzen von 4 bis 42 km, darunter Marathon, Halbmarathon, Staffel-Marathon, 10 km Lauf und Handbike-Marathon. Die Strecke zählt zu den flachsten Deutschlands mit nur 19 m Höhenunterschied, was Bestzeiten begünstigt. Das Event ist geprägt von urbanem Flair, moderner Musik und grünen Streckenabschnitten, die durch die Innenstadt und markante Hotspots;https://www.marathon-hannover.de/laufpass-der-region/laufpass.html;Sport Event Map verified event catalog;https://www.marathon-hannover.de/laufpass-der-region/laufpass.html;unclear;low;;2026-06-02T00:00:00+00:00;2026-08-31T00:00:00+00:00;Generated fallback export 2026-08-26T16:23:33.120Z;;251;05973100-a74e-4a2c-a23d-8b9c806d61c1;2026;1-volkslauf-seelze-2026;1-volkslauf-seelze;;;;;unknown;scheduled;;;verified;2026-06-02T00:00:00+00:00;
10. SaarschleifenLand-Lauf;Running;06.09.2026;Merzig;Germany;Merzig, Germany;49.4427023;6.6374902;5 km, 10 km, Half Marathon;Official endurance event in Merzig. Imported from verified staging batch.;https://www.merziger-sport-freizeitverein.de/;Sport Event Map verified event catalog;https://www.merziger-sport-freizeitverein.de/;unclear;medium;;2026-06-17T00:00:00+00:00;2026-08-28T08:53:13.87+00:00;Generated fallback export 2026-08-26T16:23:33.120Z;;435;1c872706-b303-4d26-b097-dcd7effc27d9;2026;10-saarschleifenland-lauf-2026;10-saarschleifenland-lauf;;;;;unknown;scheduled;;;verified;2026-06-17T00:00:00+00:00;
10 Teiche Marathon;Running;12.09.2026;Hahnenklee;Germany;Hahnenklee, Germany;51.8602508;10.3384485;5 km, 10 km, Half Marathon, Marathon;Official endurance event in Hahnenklee. Imported from verified staging batch.;https://www.harzer-wanderwochen.de/10-teiche-marathon;Sport Event Map verified event catalog;https://www.harzer-wanderwochen.de/10-teiche-marathon;unclear;medium;;2026-06-17T00:00:00+00:00;2026-08-28T08:53:13.87+00:00;Generated fallback export 2026-08-26T16:23:33.120Z;;436;b45cc9f3-5885-4de8-8048-7b4f5067946f;2026;10-teiche-marathon-2026;10-teiche-marathon;;;;;unknown;scheduled;;;verified;2026-06-17T00:00:00+00:00;
10-Teiche-Marathon - Goslar;Running;12.09.2026;Goslar;Germany;Goslar, Germany;51.9059936;10.4266284;5 km, 10 km, Half Marathon, Marathon;Official endurance event in Goslar. Imported from verified staging batch.;https://www.hahnenklee.de/spass/harzerwanderwochen;Sport Event Map verified event catalog;https://running.life/de/termine/teiche-marathon-hahnenklee;unclear;medium;;2026-06-18T00:00:00+00:00;2026-08-28T08:54:51.585+00:00;Generated fallback export 2026-08-26T16:23:33.120Z;;966;e5bedc8e-4f23-4572-bdf7-5c03b0aa8500;2026;10-teiche-marathon-goslar-2026;10-teiche-marathon-goslar;;;;;unknown;scheduled;;;verified;2026-06-18T00:00:00+00:00;
12. Cross against Cancer;Running;13.09.2026;Homburg;Germany;Homburg, Germany;49.32146;7.3409031;5 km, 10 km, Half Marathon;Official endurance event in Homburg. Imported from verified staging batch.;https://www.miteinander-gegen-krebs.de/cross-against-cancer;Sport Event Map verified event catalog;https://www.miteinander-gegen-krebs.de/cross-against-cancer;unclear;medium;;2026-06-17T00:00:00+00:00;2026-08-28T08:53:13.87+00:00;Generated fallback export 2026-08-26T16:23:33.120Z;;437;cf5cf636-6823-4b92-a0c1-e06877e1ea2a;2026;12-cross-against-cancer-2026;12-cross-against-cancer;;;;;unknown;scheduled;;;verified;2026-06-17T00:00:00+00:00;
13. Wanzleber Sparkassen Triathlon;Triathlon;04.07.2027;Wanzleben-Börde;Germany;Wanzleben-Börde, Germany;52.058;11.444;Triathlon;Official endurance event in Wanzleben-Börde. Imported from verified staging batch.;https://www.triathlon-wanzleben.de/;Sport Event Map verified event catalog;https://www.triathlon-wanzleben.de/;unclear;medium;;2026-07-10T00:00:00+00:00;2026-08-10T00:00:00+00:00;Generated fallback export 2026-08-26T16:23:33.120Z;;570;61d030eb-4651-4348-bbd2-e63b23965b3c;2027;13-wanzleber-sparkassen-triathlon-2027;13-wanzleber-sparkassen-triathlon;;;;;unknown;scheduled;;;stale;2026-07-10T00:00:00+00:00;
15. Brunsberglauf;Running;06.09.2026;Buchholz in der Nordheide;Germany;Buchholz in der Nordheide, Lower Saxony, Germany, Germany;53.3187601;9.8770469;Halbmarathon, 11.7 km, 5 km;Der 15. Brunsberglauf am 6. September 2026 in Buchholz/Holm-Seppensen bietet Läufern ein abwechslungsreiches Programm mit Hauptläufen über 11,7 km, einem Halbmarathon sowie einem 5 km Familienlauf. Die Strecken führen durch Wald und blühende Heide mit Highlights wie der Höllenschlucht, dem Brunsberg, dem Mühlenteich und dem Zwergentunnel. Zusätzlich gibt es vier Kinderläufe für verschiedene Altersstufen. Im Zielberei;https://www.brunsberglauf.de/;Sport Event Map verified event catalog;https://www.brunsberglauf.de/;unclear;high;;2026-06-02T00:00:00+00:00;2026-07-02T00:00:00+00:00;Generated fallback export 2026-08-26T16:23:33.120Z;;259;941c43ae-33c8-48af-beac-49bcee37eba6;2026;15-brunsberglauf-2026;15-brunsberglauf;;;;;unknown;scheduled;;;stale;2026-06-02T00:00:00+00:00;
16. Köhlbrandbrückenlauf;Running;03.10.2026;Köhlbrandbrücke;Germany;Köhlbrandbrücke, Hamburg, Germany, Germany;53.517283;9.970124;12.3 km;Der Köhlbrandbrückenlauf ist Deutschlands größter Brückenlauf und führt über das Wahrzeichen im Hamburger Hafen. Die Veranstaltung bietet Läufern die einzigartige Gelegenheit, die imposante Köhlbrandbrücke zu überqueren und dabei die Hafenatmosphäre hautnah zu erleben. Der Lauf zieht jährlich zahlreiche Teilnehmer an und ist bekannt für seine besondere Streckenführung und die tolle Stimmung entlang der Route.;https://www.koehlbrandbrueckenlauf.de/;Sport Event Map verified event catalog;https://www.koehlbrandbrueckenlauf.de/;unclear;low;;2026-06-02T00:00:00+00:00;2026-08-31T00:00:00+00:00;Generated fallback export 2026-08-26T16:23:33.120Z;;262;55671f97-43a5-4388-8def-23bb72b33c2f;2026;16-kohlbrandbruckenlauf-2026;16-kohlbrandbruckenlauf;;;;;unknown;scheduled;;;verified;2026-06-02T00:00:00+00:00;
20. Müggelsee-Halbmarathon;Running;18.10.2026;Müggelsee-Gebiet;Germany;Müggelsee-Gebiet, Berlin, Germany, Germany;52.429805;13.67664;Halbmarathon, 10 km, 5 km;Der Müggelsee-Halbmarathon ist ein landschaftlich reizvoller Lauf im Südosten Berlins, der komplett um den Großen Müggelsee führt. Die Veranstaltung bietet drei Streckenlängen: Halbmarathon, 10 Kilometer und 5 Kilometer, die jeweils als Pendelstrecken oder Rundkurs gestaltet sind. Die Strecke verläuft unter anderem durch den historischen Spreetunnel und bietet eine idyllische Kulisse mit Blick auf den größten Berline;https://ww-sport.de/mueggelsee_hm/;Sport Event Map verified event catalog;https://ww-sport.de/mueggelsee_hm/;unclear;high;;2026-06-02T00:00:00+00:00;2026-07-02T00:00:00+00:00;Generated fallback export 2026-08-26T16:23:33.120Z;;263;633b1799-25e4-4d78-90e4-4a6402508172;2026;20-muggelsee-halbmarathon-2026;20-muggelsee-halbmarathon;;;;;unknown;scheduled;;;stale;2026-06-02T00:00:00+00:00;
21. Wutzseelauf;Running;11.10.2026;Lindow;Germany;Lindow, Germany;52.012058;12.9222766;10 km, Half Marathon;Official endurance event in Lindow. Imported from verified staging batch.;https://www.esab-ausbildung.de/startseite/wutzseelauf-lindow/;Sport Event Map verified event catalog;https://www.esab-ausbildung.de/startseite/wutzseelauf-lindow/;unclear;medium;;2026-06-17T00:00:00+00:00;2026-08-28T08:53:13.87+00:00;Generated fallback export 2026-08-26T16:23:33.120Z;;438;2eea6828-4cd3-4c20-898c-a68c8db1d39a;2026;21-wutzseelauf-2026;21-wutzseelauf;;;;;unknown;scheduled;;;verified;2026-06-17T00:00:00+00:00;
23. Lehrter CityLauf;Running;04.09.2026;Lehrte;Germany;Lehrte, Lower Saxony, Germany, Germany;52.3689852;9.9885921;10 km, 5 km;Der 23. Lehrter CityLauf findet am 4. September 2026 statt und ist eine traditionsreiche Laufveranstaltung in der Innenstadt von Lehrte. Die Läufe umfassen Distanzen von 2, 4 und 10 Kilometern, inklusive Bambini- und Schulläufen sowie einem Inklusionslauf über 2 Kilometer. Die Firmenwertung über 4 und 10 Kilometer wird erneut von der KURTULUS GRUPPE prämiert. Für eine tolle Atmosphäre sorgt musikalische Begleitung un;https://lehrtersv.de/aktuelles/62-citylauf/1053-23-lehrter-citylauf-am-04-09-2026;Sport Event Map verified event catalog;https://lehrtersv.de/aktuelles/62-citylauf/1053-23-lehrter-citylauf-am-04-09-2026;unclear;low;;2026-06-02T00:00:00+00:00;2026-08-31T00:00:00+00:00;Generated fallback export 2026-08-26T16:23:33.120Z;;268;ceb06597-81b3-4e61-889c-30a54d1026b9;2026;23-lehrter-citylauf-2026;23-lehrter-citylauf;;;;;unknown;scheduled;;;verified;2026-06-02T00:00:00+00:00;
24. Duderstädter Sparkassenlauf;Running;28.08.2026;Duderstadt;Germany;Duderstadt, Niedersachsen, Germany, Germany;51.514633;10.2676414;10 km, 5 km;Der 24. Duderstädter Sparkassenlauf findet am 28. August 2026 in der historischen Fußgängerzone von Duderstadt statt. Die Veranstaltung startet um 16:00 Uhr mit der Eröffnung vor dem Rathaus, das auch Zielpunkt aller Läufe ist. Angeboten werden verschiedene Distanzen von 600 m Bambinilauf über 1,25 km Schülerrunden bis hin zu 5 km und 10 km Läufen. Für Kinder und Jugendliche gibt es Finisher-Medaillen, für die 5- und;https://www.duderstaedter-sparkassenlauf.de/;Sport Event Map verified event catalog;https://www.duderstaedter-sparkassenlauf.de/;unclear;low;;2026-06-02T00:00:00+00:00;2026-08-31T00:00:00+00:00;Generated fallback export 2026-08-26T16:23:33.120Z;;267;20047017-eac8-4762-9ed9-fb37daab4a48;2026;24-duderstadter-sparkassenlauf-2026;24-duderstadter-sparkassenlauf;;;;;unknown;scheduled;;;verified;2026-06-02T00:00:00+00:00;
25. Benther-Berg-Lauf;Running;03.10.2026;Ronnenberg-Benthe;Germany;VSV Benthe Sportplatz, Am Hammfeld, Ronnenberg-Benthe, Lower Saxony, Germany, Germany;52.342381;9.631612;Halbmarathon, 10 km;Der Benther-Berg-Lauf findet am 3. Oktober 2026 in Ronnenberg-Benthe statt und ist Teil des Sparkassen-Laufpass der Region Hannover. Die Veranstaltung bietet verschiedene Laufdistanzen für alle Altersgruppen, von Bambini- und Kinderläufen bis hin zu einem Halbmarathon über 21,8 km. Die Strecke führt durch die landschaftlich reizvolle Umgebung des Benther Bergs und bietet sowohl ambitionierten Läufern als auch Freizei;https://vsv-benthe.de/vsv-sportarten/benther-berg-lauf/;Sport Event Map verified event catalog;https://vsv-benthe.de/vsv-sportarten/benther-berg-lauf/;unclear;medium;;2026-06-02T00:00:00+00:00;2026-07-02T00:00:00+00:00;Generated fallback export 2026-08-26T16:23:33.120Z;;271;1fe97126-8644-4096-901a-c5ad7fc55e1f;2026;25-benther-berg-lauf-2026;25-benther-berg-lauf;;;;;unknown;scheduled;;;stale;2026-06-02T00:00:00+00:00;
25. Marner Kohltagelauf;Running;27.09.2026;Marne;Germany;Marne, Germany;53.9521162;9.0107437;5 km, 10 km;Official endurance event in Marne. Imported from verified staging batch.;https://marner-kohltagelauf.com/;Sport Event Map verified event catalog;https://marner-kohltagelauf.com/;unclear;medium;;2026-06-17T00:00:00+00:00;2026-08-28T08:53:13.87+00:00;Generated fallback export 2026-08-26T16:23:33.120Z;;439;0edac420-b818-4da9-a872-9300942765dc;2026;25-marner-kohltagelauf-2026;25-marner-kohltagelauf;;;;;unknown;scheduled;;;verified;2026-06-17T00:00:00+00:00;
25. Volkslauf um den Altwarmbüchener See;Running;10.10.2026;Isernhagen;Germany;Altwarmbüchen, Isernhagen, Lower Saxony, Germany, Germany;52.4347962;9.8483711;10 km, 7.2 km;Der Volkslauf um den Altwarmbüchener See ist Teil des Sparkassen-Laufpasses der Region Hannover, einer der größten Laufserien Deutschlands mit 43 Veranstaltungen im Jahr 2026. Der Lauf bietet Läuferinnen und Läufern die Möglichkeit, die Region Hannover laufend zu entdecken und an einem abwechslungsreichen Laufangebot teilzunehmen. Jede Teilnahme wird mit einem Stempel im Laufpass honoriert, der sowohl digital als auc;https://www.hannover.de/Kultur-Freizeit/Freizeit-Sport/Sport/Laufpass-2026;Sport Event Map verified event catalog;https://www.hannover.de/Kultur-Freizeit/Freizeit-Sport/Sport/Laufpass-2026;unclear;low;;2026-06-02T00:00:00+00:00;2026-08-31T00:00:00+00:00;Generated fallback export 2026-08-26T16:23:33.120Z;;270;48e49ecf-5384-4870-a3fc-f1d41bb87f96;2026;25-volkslauf-um-den-altwarmbuchener-see-2026;25-volkslauf-um-den-altwarmbuchener-see;;;;;unknown;scheduled;;;verified;2026-06-02T00:00:00+00:00;
28. Hiddestorfer Rübenlauf;Running;20.09.2026;Hiddestorf;Germany;Hiddestorf, Lower Saxony, Germany, Germany;52.2850507;9.7030835;Halbmarathon, 10 km, 5 km;Der 28. Hiddestorfer Rübenlauf ist ein familiäres Laufevent, das vom Lauftreff des Sportverein Eintracht Hiddestorf organisiert wird. Die Veranstaltung bietet Strecken über 1,4 km, 5,2 km, 10,1 km und den Hemminger Halbmarathon (21,3 km) an. Neben dem sportlichen Wettkampf erwartet die Teilnehmer ein legendäres Läuferfrühstück, Kuchen, Waffeln, Gegrilltes und Getränke sowie ein abwechslungsreiches Rahmenprogramm mit;https://www.ruebenlauf.de/;Sport Event Map verified event catalog;https://www.ruebenlauf.de/;unclear;high;;2026-06-02T00:00:00+00:00;2026-07-02T00:00:00+00:00;Generated fallback export 2026-08-26T16:23:33.120Z;;274;e612928a-ba93-43bb-9983-fca24ff8f0bb;2026;28-hiddestorfer-rubenlauf-2026;28-hiddestorfer-rubenlauf;;;;;unknown;scheduled;;;stale;2026-06-02T00:00:00+00:00;
28. Mühlhäuser Altstadtlauf;Running;29.08.2026;Mühlhausen;Germany;Mühlhausen, Germany;49.2481325;8.7270936;5 km, 10 km;Official endurance event in Mühlhausen. Imported from verified staging batch.;https://www.muehlhausen.de/altstadtlauf/;Sport Event Map verified event catalog;https://www.muehlhausen.de/altstadtlauf/;unclear;medium;;2026-06-17T00:00:00+00:00;2026-08-28T08:53:13.87+00:00;Generated fallback export 2026-08-26T16:23:33.120Z;;440;00b893f7-b9f3-4a3d-bcd5-0467ea208b98;2026;28-muhlhauser-altstadtlauf-2026;28-muhlhauser-altstadtlauf;;;;;unknown;scheduled;;;verified;2026-06-17T00:00:00+00:00;
30. Lauf um den Arendsee;Running;30.08.2026;Arendsee;Germany;Strandbad Arendsee, Arendsee, Saxony-Anhalt, Germany, Germany;52.8906009;11.4768454;31.65 km, Half Marathon, 9.2 km, 5 km, 1.5 km, Bambini;Der 30. Lauf um den Arendsee findet am 30. August 2026 im Strandbad Arendsee statt. Zur Auswahl stehen Dreiviertelmarathon, Halbmarathon, 9,2 km, 5 km, 1,5 km und ein Bambinilauf.;https://kersten-friedrich-events.com/lauf-um-den-arendsee/;Sport Event Map verified event catalog;https://kersten-friedrich-events.com/lauf-um-den-arendsee/;registration_open;low;;2026-08-26T16:20:03.086261+00:00;2026-09-02T16:20:03.086261+00:00;Generated fallback export 2026-08-26T16:23:33.120Z;;272;28020e02-8a1b-48f6-a707-eff8c39770b5;2026;30-lauf-um-den-arendsee-2026;30-lauf-um-den-arendsee;;;;;registration_open;scheduled;;;verified;2026-08-26T16:20:03.086261+00:00;
31. Geiseltalseelauf;Running;03.10.2026;Braunsbedra;Germany;Braunsbedra, Germany;51.2840933;11.8855493;10 km, Half Marathon;Official endurance event in Braunsbedra. Imported from verified staging batch.;https://www.geiseltalseelauf.de/;Sport Event Map verified event catalog;https://www.geiseltalseelauf.de/;unclear;medium;;2026-06-17T00:00:00+00:00;2026-08-28T08:53:36.325+00:00;Generated fallback export 2026-08-26T16:23:33.120Z;;441;cbf4b8a0-b56d-4410-be3f-08af400ba363;2026;31-geiseltalseelauf-2026;31-geiseltalseelauf;;;;;unknown;scheduled;;;verified;2026-06-17T00:00:00+00:00;
32. Advent-Lauf Saarbrücken;Running;29.11.2026;Saarbrücken;Germany;Saarbrücken, Germany;49.234362;6.996379;5 km, 10 km;Official endurance event in Saarbrücken. Imported from verified staging batch.;https://saar05-leichtathletik.de/;Sport Event Map verified event catalog;https://saar05-leichtathletik.de/;unclear;medium;;2026-06-17T00:00:00+00:00;2026-08-28T08:53:36.325+00:00;Generated fallback export 2026-08-26T16:23:33.120Z;;442;c155f105-80ee-43be-a7de-89e6131fe64d;2026;32-advent-lauf-saarbrucken-2026;32-advent-lauf-saarbrucken;;;;;unknown;scheduled;;;verified;2026-06-17T00:00:00+00:00;
32. Bismarckturmlauf;Running;03.10.2026;Neustadt an der Orla;Germany;Neustadt an der Orla, Germany;50.7093161;11.7747773;5 km, 10 km, Half Marathon;Official endurance event in Neustadt an der Orla. Imported from verified staging batch.;https://www.bismarckturmlauf-neustadt.de/;Sport Event Map verified event catalog;https://www.bismarckturmlauf-neustadt.de/;unclear;medium;;2026-06-17T00:00:00+00:00;2026-08-28T08:53:36.325+00:00;Generated fallback export 2026-08-26T16:23:33.120Z;;443;85616c8b-1a55-44a7-b674-9bc3313c8a6c;2026;32-bismarckturmlauf-2026;32-bismarckturmlauf;;;;;unknown;scheduled;;;verified;2026-06-17T00:00:00+00:00;
32. Zeitzer Stadtlauf;Running;29.08.2026;Saxony-Anhalt;Germany;Schlosspark Zeitz, Zeitz, Saxony-Anhalt, Germany, Germany;51.0491637;12.1349991;10 km;Der Zeitzer Stadtlauf findet im Schlosspark Moritzburg Zeitz statt und wird von der SG Chemie Zeitz veranstaltet. Die Veranstaltung beginnt um 9:15 Uhr mit dem Start der Hauptläufe um 10:00 Uhr. Das Organisationsbüro befindet sich vor der Hauptbühne im Stadtpark, und Umkleide- sowie Duschmöglichkeiten sind in den Klinkerhallen in der Albrechtstraße vorhanden. Der Eingang zum Park erfolgt über die Stephanstraße. Der L;https://www.sg-chemie-zeitz.de/zeitzer-stadtlauf/;Sport Event Map verified event catalog;https://www.sg-chemie-zeitz.de/zeitzer-stadtlauf/;unclear;low;;2026-06-02T00:00:00+00:00;2026-08-31T00:00:00+00:00;Generated fallback export 2026-08-26T16:23:33.120Z;;290;7f1793d4-d02e-4c73-a9e8-7bf742d2ea0e;2026;32-zeitzer-stadtlauf-2026;32-zeitzer-stadtlauf;;;;;unknown;scheduled;;;verified;2026-06-02T00:00:00+00:00;
33. Dabendorfer Herbstlauf;Running;12.09.2026;Dabendorf;Germany;Dabendorf, Germany;52.2396196;13.4326804;5 km, 10 km;Official endurance event in Dabendorf. Imported from verified staging batch.;https://www.msvzossen.de/;Sport Event Map verified event catalog;https://www.msvzossen.de/;unclear;medium;;2026-06-17T00:00:00+00:00;2026-08-28T08:53:36.325+00:00;Generated fallback export 2026-08-26T16:23:33.120Z;;444;aec15bc3-3b46-4c61-b56d-b46e6047378a;2026;33-dabendorfer-herbstlauf-2026;33-dabendorfer-herbstlauf;;;;;unknown;scheduled;;;verified;2026-06-17T00:00:00+00:00;
33. Steinbecker Triathlon;Triathlon;20.06.2027;Recke;Germany;Recke, Germany;52.339;7.736;Triathlon;Region: Nordrhein-Westfalen Source listing: https://www.triathlondeutschland.de/aktive/wettkaempfe/veranstaltungskalender/06-2026/33-steinbecker-triathlon;https://www.steinbeck-triathlon.de/;Sport Event Map verified event catalog;https://www.steinbeck-triathlon.de/;unclear;medium;;2026-07-10T00:00:00+00:00;2026-08-10T00:00:00+00:00;Generated fallback export 2026-08-26T16:23:33.120Z;;190;813e2d80-cb18-4e42-8bb7-60dafa2d010e;2027;33-steinbecker-triathlon-2027;33-steinbecker-triathlon;;;;;unknown;scheduled;;;stale;2026-07-10T00:00:00+00:00;
34. Mühlchen-Triathlon Darmstadt-Arheilgen;Triathlon;20.06.2027;Darmstadt;Germany;Darmstadt, Germany;49.901;8.668;Triathlon;Region: Hessen Source listing: https://www.triathlondeutschland.de/aktive/wettkaempfe/veranstaltungskalender/06-2026/34-muehlchen-triathlon-darmstadt-arheilgen;https://www.sg-arheilgen.de/de/sportangebot/sportangebote-und-abteilungen/triathlon/muehlchen-triathlon/;Sport Event Map verified event catalog;https://www.sg-arheilgen.de/de/sportangebot/sportangebote-und-abteilungen/triathlon/muehlchen-triathlon/;unclear;medium;;2026-07-10T00:00:00+00:00;2026-08-10T00:00:00+00:00;Generated fallback export 2026-08-26T16:23:33.120Z;;195;daad63d8-8a30-42bb-a1ed-7a012fcf22e5;2027;34-muhlchen-triathlon-darmstadt-arheilgen-2027;34-muhlchen-triathlon-darmstadt-arheilgen;;;;;unknown;scheduled;;;stale;2026-07-10T00:00:00+00:00;
36. Ratzeburger Adventslauf;Running;29.11.2026;Ratzeburg;Germany;Ratzeburg, Germany;53.7011061;10.774288;10 km, Half Marathon;Official endurance event in Ratzeburg. Imported from verified staging batch.;https://www.adventslauf.de/;Sport Event Map verified event catalog;https://www.adventslauf.de/;unclear;medium;;2026-06-17T00:00:00+00:00;2026-08-28T08:53:36.325+00:00;Generated fallback export 2026-08-26T16:23:33.120Z;;446;2385010b-6813-4251-b97a-5395d001367e;2026;36-ratzeburger-adventslauf-2026;36-ratzeburger-adventslauf;;;;;unknown;scheduled;;;verified;2026-06-17T00:00:00+00:00;
37. Heideblütenlauf;Running;29.08.2026;Schneverdingen;Germany;Schulstraße, Schneverdingen, Lower Saxony, Germany, Germany;53.1187799;9.7873454;10 km, 5 km;Der 37. Heideblütenlauf findet am Samstag, den 29. August 2026 in Schneverdingen statt und ist ein traditionelles Laufevent, das im Rahmen des Heideblütenfestes ausgetragen wird. Die Veranstaltung wird vom TV Jahn Schneverdingen organisiert und bietet Läufern aller Altersklassen die Möglichkeit, die schöne Heidelandschaft zu erleben. Die Strecke führt durch die malerische Umgebung und wird von zahlreichen Helfern und;https://www.tvjahn.de/sport/lauftreff/heidebluetenlauf/;Sport Event Map verified event catalog;https://www.tvjahn.de/sport/lauftreff/heidebluetenlauf/;unclear;low;;2026-06-02T00:00:00+00:00;2026-08-31T00:00:00+00:00;Generated fallback export 2026-08-26T16:23:33.120Z;;281;012c63f0-58bf-4a4d-b8d8-b31d42b9d473;2026;37-heideblutenlauf-2026;37-heideblutenlauf;;;;;unknown;scheduled;;;verified;2026-06-02T00:00:00+00:00;
38. Volkslauf des TSV Breuna;Running;06.09.2026;Hesse;Germany;Lauf- und Wanderpark Breuna, Breuna, Waldeck-Frankenberg, Hesse, Germany, Germany;51.0448;7.405929;Halbmarathon, 10 km, 5 km;Der 38. Breunaer Malsburglauf findet am 6. September 2026 statt und ist eine traditionsreiche Laufveranstaltung im Lauf- und Wanderpark Breuna. Der Lauf bietet eine attraktive Strecke in der schönen Natur rund um Breuna und richtet sich an Läufer aller Altersklassen. Die Veranstaltung wird vom TSV Breuna e.V. organisiert und ist Teil des Nordhessencups. Die Anmeldung erfolgt über die Plattform RaceResult.;http://www.tsv-breuna.de/leichtathletik;Sport Event Map verified event catalog;http://www.tsv-breuna.de/leichtathletik;unclear;high;;2026-06-02T00:00:00+00:00;2026-07-02T00:00:00+00:00;Generated fallback export 2026-08-26T16:23:33.120Z;;275;9ee13b30-089b-4d04-b528-595beaad1ac9;2026;38-volkslauf-des-tsv-breuna-2026;38-volkslauf-des-tsv-breuna;;;;;unknown;scheduled;;;stale;2026-06-02T00:00:00+00:00;
40. Braunschweiger Nachtlauf;Running;18.06.2027;Braunschweig;Germany;Bohlweg, Braunschweig, Lower Saxony, Germany, Germany;52.262082;10.526073;10 km, 6.5 km;Der 40. Braunschweiger Nachtlauf am 19. Juni 2026 bietet ein vielfältiges Sportangebot für alle Altersklassen, von Bambini- bis zu Jedermannläufen. Die Läufe führen durch die Innenstadt von Braunschweig mit Start und Ziel am Bohlweg, die Bambiniläufe starten am Burgplatz. Die Veranstaltung ist bekannt für ihre besondere Atmosphäre und die Unterstützung durch die Braunschweigische Sparkassenstiftung, die das Event erm;https://www.mtv-bs.de/de/nachtlauf/;Sport Event Map verified event catalog;https://www.mtv-bs.de/de/nachtlauf/;unclear;low;;2026-07-10T00:00:00+00:00;2026-08-10T00:00:00+00:00;Generated fallback export 2026-08-26T16:23:33.120Z;;280;9ee23ae2-a220-486d-b136-bb9cca1e5be0;2027;40-braunschweiger-nachtlauf-2027;40-braunschweiger-nachtlauf;;;;;unknown;scheduled;;;stale;2026-07-10T00:00:00+00:00;
43. Internationalen Airport Race;Running;13.09.2026;Hamburg Airport;Germany;Hamburg Airport, Hamburg, Germany, Germany;53.5501721;10.0013165;16.1 km, 5 km;Das 43. Internationale Airport Race in Hamburg findet am 13. September 2026 statt und bietet ein abwechslungsreiches Lauferlebnis rund um den Hamburger Flughafen. Der Startschuss für die 10-Meilen-Strecke fällt traditionell um 11:00 Uhr auf der LSV-Sportanlage in der Borsteler Chaussee. Neben dem Hauptlauf über 10 Meilen gibt es auch Wettbewerbe über 5 km und das Mini Airport Race. Die einzigartige Flughafenkulisse s;https://www.airportrace.de/;Sport Event Map verified event catalog;https://www.airportrace.de/;unclear;low;;2026-06-02T00:00:00+00:00;2026-08-31T00:00:00+00:00;Generated fallback export 2026-08-26T16:23:33.120Z;;284;f287ae68-59ab-4cff-8398-3e3c70522e3b;2026;43-internationalen-airport-race-2026;43-internationalen-airport-race;;;;;unknown;scheduled;;;verified;2026-06-02T00:00:00+00:00;
48. Wernigeröder Silvesterlauf;Running;31.12.2026;Wernigerode;Germany;Wernigerode, Germany;51.8344172;10.7862526;10 km;Official endurance event in Wernigerode. Imported from verified staging batch.;http://www.hgl-la.de/;Sport Event Map verified event catalog;http://www.hgl-la.de/;unclear;medium;;2026-06-17T00:00:00+00:00;2026-08-28T08:53:36.325+00:00;Generated fallback export 2026-08-26T16:23:33.120Z;;450;8624e45f-f4a0-41a9-8c1a-a511e33fc2c7;2026;48-wernigeroder-silvesterlauf-2026;48-wernigeroder-silvesterlauf;;;;;unknown;scheduled;;;verified;2026-06-17T00:00:00+00:00;
49. Warburger Oktoberwochen Volkslauf;Running;03.10.2026;Warburg;Germany;Sportzentrum Diemelaue, Warburg, North Rhine-Westphalia, Germany, Germany;51.4886533;9.1488385;10 km, 5 km;Der 49. Warburger Oktoberwochenlauf findet am 3. Oktober 2026 im Sportzentrum Diemelaue in Warburg statt. Die Veranstaltung bietet eine 5-km-Firmenwertung und richtet sich auch an Jugendliche und Schüler. Die Anmeldung erfolgt per SEPA-Lastschrift über RaceResult. Weitere Details zur Ausschreibung werden den Teilnehmern später mitgeteilt.;https://www.warburgersv.de/veranstaltungen/42-warburger-oktoberwochenlauf-2018;Sport Event Map verified event catalog;https://www.warburgersv.de/veranstaltungen/42-warburger-oktoberwochenlauf-2018;unclear;low;;2026-06-02T00:00:00+00:00;2026-08-31T00:00:00+00:00;Generated fallback export 2026-08-26T16:23:33.120Z;;282;0086931e-7f1e-484f-a20d-0764581d3af6;2026;49-warburger-oktoberwochen-volkslauf-2026;49-warburger-oktoberwochen-volkslauf;;;;;unknown;scheduled;;;verified;2026-06-02T00:00:00+00:00;
51. Hubertuslauf;Running;18.10.2026;Neuruppin;Germany;Neuruppin, Germany;52.9243859;12.8092919;5 km, 10 km;Official endurance event in Neuruppin. Imported from verified staging batch.;https://www.kreissportbund-opr.de/;Sport Event Map verified event catalog;https://www.kreissportbund-opr.de/;unclear;medium;;2026-06-17T00:00:00+00:00;2026-08-28T08:53:36.325+00:00;Generated fallback export 2026-08-26T16:23:33.120Z;;451;1a4d4dba-dc12-48d9-af85-5c23ba45a5f4;2026;51-hubertuslauf-2026;51-hubertuslauf;;;;;unknown;scheduled;;;verified;2026-06-17T00:00:00+00:00;
52. Internationaler Silvesterlauf Saarbrücken;Running;27.12.2026;Saarbrücken;Germany;Saarbrücken, Germany;49.234362;6.996379;5 km, 10 km;Official endurance event in Saarbrücken. Imported from verified staging batch.;https://www.silvesterlauf-sb.de/;Sport Event Map verified event catalog;https://www.silvesterlauf-sb.de/;unclear;medium;;2026-06-17T00:00:00+00:00;2026-08-28T08:53:36.325+00:00;Generated fallback export 2026-08-26T16:23:33.120Z;;452;e87c8d7b-a450-4324-8226-1a002ab4cea3;2026;52-internationaler-silvesterlauf-saarbrucken-2026;52-internationaler-silvesterlauf-saarbrucken;;;;;unknown;scheduled;;;verified;2026-06-17T00:00:00+00:00;
6. Tuchmacher Stadtlauf;Running;06.09.2026;Bramsche;Germany;Bramsche, Lower Saxony, Germany, Germany;52.4075184;7.9791742;10 km, 5 km;Der Tuchmacher Stadtlauf in Bramsche ist ein beliebter Lauf mit mehreren Strecken, der jährlich zahlreiche Teilnehmer anzieht. Die Veranstaltung zeichnet sich durch eine familiäre Atmosphäre und eine abwechslungsreiche Streckenführung durch die Innenstadt aus. Besonders der 10-km-Hauptlauf zieht leistungsstarke Athleten an, während der Schülerlauf mit großer Beteiligung für viel Stimmung sorgt. Die Bramscher Rumläufe;https://bramscher-rumlaeufer.de/;Sport Event Map verified event catalog;https://bramscher-rumlaeufer.de/;unclear;low;;2026-06-02T00:00:00+00:00;2026-08-31T00:00:00+00:00;Generated fallback export 2026-08-26T16:23:33.120Z;;286;8b06cb18-60c8-441f-9960-cab6b7ac3b9c;2026;6-tuchmacher-stadtlauf-2026;6-tuchmacher-stadtlauf;;;;;unknown;scheduled;;;verified;2026-06-02T00:00:00+00:00;
7-Gebirgsmarathon;Running;13.12.2026;Bad Honnef;Germany;Bad Honnef, Germany;50.6448582;7.2272534;Half Marathon, Marathon;Official endurance event in Bad Honnef. Imported from verified staging batch.;http://www.siebengebirgsmarathon.de;Sport Event Map verified event catalog;http://www.siebengebirgsmarathon.de;unclear;medium;;2026-06-17T00:00:00+00:00;2026-08-28T08:53:36.325+00:00;Generated fallback export 2026-08-26T16:23:33.120Z;;453;220c31d0-5439-4427-a8d3-29c7af4b5e96;2026;7-gebirgsmarathon-2026;7-gebirgsmarathon;;;;;unknown;scheduled;;;verified;2026-06-17T00:00:00+00:00;
9. Bernburger Halbmarathon;Running;19.09.2026;Bernburg;Germany;Bernburg, Germany;51.7939656;11.7373854;5 km, 10 km, Half Marathon;Official endurance event in Bernburg. Imported from verified staging batch.;https://lauf.psv-bernburg.de/hm/;Sport Event Map verified event catalog;https://lauf.psv-bernburg.de/hm/;unclear;medium;;2026-06-17T00:00:00+00:00;2026-08-28T08:53:36.325+00:00;Generated fallback export 2026-08-26T16:23:33.120Z;;454;516fae8f-df7d-4646-a601-99f30dd6d21e;2026;9-bernburger-halbmarathon-2026;9-bernburger-halbmarathon;;;;;unknown;scheduled;;;verified;2026-06-17T00:00:00+00:00;
9. Lauchringer Triathlon-Nacht;Triathlon;25.06.2027;Lauchringen;Germany;Lauchringen, Germany;47.624;8.305;Triathlon;Region: Baden-Württemberg Source listing: https://www.triathlondeutschland.de/aktive/wettkaempfe/veranstaltungskalender/06-2026/9-lauchringer-triathlon-nacht;https://www.triathlon-lauchringen.de/;Sport Event Map verified event catalog;https://www.triathlon-lauchringen.de/;unclear;medium;;2026-07-10T00:00:00+00:00;2026-08-10T00:00:00+00:00;Generated fallback export 2026-08-26T16:23:33.120Z;;194;de70a5e8-1cc2-428d-af48-faf8b9f2c03d;2027;9-lauchringer-triathlon-nacht-2027;9-lauchringer-triathlon-nacht;;;;;unknown;scheduled;;;stale;2026-07-10T00:00:00+00:00;
Abt-Degen-Lauf;Running;10.10.2026;Zeil am Main;Germany;Zeil am Main, Bavaria, Germany, Germany;50.0137529;10.5948036;10 km;Der Abt-Degen-Lauf des TV 1884 Zeil ist ein traditionsreicher Laufwettbewerb, der am 10. Oktober 2026 zum 30. Mal stattfindet. Angeboten werden verschiedene Distanzen, darunter ein Hauptlauf über 11 km sowie Schülerläufe über 1600 m und 800 m und ein Bambinilauf. Die Veranstaltung bietet eine gut organisierte Laufstrecke mit Zeitnahme, Startnummernausgabe, Duschen und Umkleiden sowie Verpflegung und Siegerehrung. Der;https://abt-degen-lauf.de/;Sport Event Map verified event catalog;https://abt-degen-lauf.de/;unclear;low;;2026-06-02T00:00:00+00:00;2026-08-31T00:00:00+00:00;Generated fallback export 2026-08-26T16:23:33.120Z;;287;278f50e8-d2b7-42ee-82d6-522ba10650d1;2026;abt-degen-lauf-2026;abt-degen-lauf;;;;;unknown;scheduled;;;verified;2026-06-02T00:00:00+00:00;
ADAC Marathon Hannover;Running;11.04.2027;Hannover;Germany;Trammplatz / Neues Rathaus, Hannover;52.36793;9.73772;10 km / Half Marathon / Marathon / 42.195 km;ADAC Marathon Hannover official marathon event with 10 km, half marathon and marathon distances.;https://www.marathon-hannover.de/;Sport Event Map verified event catalog;https://www.marathon-hannover.de/landingpage.html;unclear;medium;;2026-06-03T00:00:00+00:00;2026-07-03T00:00:00+00:00;Generated fallback export 2026-08-26T16:23:33.120Z;;155;3ef42b05-628c-4558-b5c9-ff8d2753da80;2027;adac-marathon-hannover-2027;adac-marathon-hannover;;;;;unknown;scheduled;;;stale;2026-06-03T00:00:00+00:00;
adidas Stockholm Marathon;Running;29.05.2027;Stockholm;Sweden;Stockholms Stadion, Lidingovagen, Stockholm;59.3452112;18.078824;Marathon / 42.195 km;Official Stockholm marathon with start and finish around Stockholm Stadium.;https://www.stockholmmarathon.se/;Sport Event Map verified event catalog;https://www.stockholmmarathon.se/start/lopare/;unclear;high;;2026-06-05T00:00:00+00:00;2026-06-12T00:00:00+00:00;Generated fallback export 2026-08-26T16:23:33.120Z;;425;3dc51879-e50e-459a-9d46-ed40749a9097;2027;adidas-stockholm-marathon-2027;adidas-stockholm-marathon;;;;;unknown;scheduled;;;stale;2026-06-05T00:00:00+00:00;
Adventslauf Lage;Running;06.12.2026;Lage;Germany;Lage, Germany;51.9914084;8.7919583;5 km, 10 km;Official endurance event in Lage. Imported from verified staging batch.;https://www.lg-lippe.de;Sport Event Map verified event catalog;https://www.lg-lippe.de;unclear;medium;;2026-06-17T00:00:00+00:00;2026-08-28T08:53:36.325+00:00;Generated fallback export 2026-08-26T16:23:33.120Z;;455;47c0ed39-c139-4749-a822-3b7da450c950;2026;adventslauf-lage-2026;adventslauf-lage;;;;;unknown;scheduled;;;verified;2026-06-17T00:00:00+00:00;
Aerzener twinfit-Volkslauf;Running;20.09.2026;Aerzen;Germany;Aerzen, Lower Saxony, Germany, Germany;52.035157;9.25543;10 km;Der Aerzener twinfit-Volkslauf ist eine familienfreundliche Laufveranstaltung mit verschiedenen Distanzen, die in Aerzen startet und endet. Angeboten werden ein 5 km und 10 km Volkslauf, ein Firmen- und Teamlauf über 5 km sowie ein Schülerlauf über 1,8 km und ein kostenfreier Kinderlauf. Die Veranstaltung findet am 20. September 2026 statt und bietet eine angenehme Atmosphäre mit Verpflegung und Siegerehrung. Die Läu;https://www.twinfit.de/twinfitlauf;Sport Event Map verified event catalog;https://www.twinfit.de/twinfitlauf;unclear;low;;2026-06-02T00:00:00+00:00;2026-08-31T00:00:00+00:00;Generated fallback export 2026-08-26T16:23:33.120Z;;291;ec808969-ea0a-482d-838e-68d213848a6e;2026;aerzener-twinfit-volkslauf-2026;aerzener-twinfit-volkslauf;;;;;unknown;scheduled;;;verified;2026-06-02T00:00:00+00:00;
After Work Run Bad Homburg;Running;02.09.2026;Hesse;Germany;Bad Homburg v. d. Höhe, Hochtaunuskreis, Hesse, Germany, Germany;50.2459526;8.6148995;5 km;Der After Work Run Bad Homburg ist ein jährliches Laufevent, bei dem sich Laufbegeisterte aus Bad Homburger Firmen und Einrichtungen nach der Arbeit zu einem gemeinsamen Wettkampf gegen die Uhr treffen. Das Event findet im Sommer statt und zieht zuletzt rund 2.800 Teilnehmer an. Es bietet eine sportliche Gelegenheit, vom Schreibtisch auf die Laufstrecke zu wechseln und gemeinsam aktiv zu sein. Alle Informationen zur;https://www.bad-homburg.de/de/erleben/ausgehen/veranstaltungen/after-work-run-bad-homburg;Sport Event Map verified event catalog;https://www.bad-homburg.de/de/erleben/ausgehen/veranstaltungen/after-work-run-bad-homburg;unclear;low;;2026-06-02T00:00:00+00:00;2026-08-31T00:00:00+00:00;Generated fallback export 2026-08-26T16:23:33.120Z;;293;75a0f3ae-090f-48ac-b925-0053a67a5600;2026;after-work-run-bad-homburg-2026;after-work-run-bad-homburg;;;;;unknown;scheduled;;;verified;2026-06-02T00:00:00+00:00;
Ahrathon Erlebnislauf;Running;12.06.2027;Bad Neuenahr-Ahrweiler;Germany;Bad Neuenahr-Ahrweiler, Germany;50.5444551;7.1186671;5 km / 12 km / 21 km / 42 km;Imported from marathon.de running calendar. Source listing: https://www.marathon.de/laufevent/ahrathon-erlebnislauf/;https://ahrathon.de/;Sport Event Map verified event catalog;https://ahrathon.de/;unclear;low;;2026-07-10T00:00:00+00:00;2026-08-10T00:00:00+00:00;Generated fallback export 2026-08-26T16:23:33.120Z;https://www.marathon.de/kategorien/9df6b59342.jpg;112;27e7817e-abe9-4b62-88e2-63b7296ba589;2027;ahrathon-erlebnislauf-2027;ahrathon-erlebnislauf;;;;;unknown;scheduled;;;stale;2026-07-10T00:00:00+00:00;
Algemarin SV3sathlon - Mühltal;Triathlon;13.09.2026;Mühltal;Germany;Mühltal, Germany;49.8077;8.6941;Triathlon;Official endurance event in Mühltal. Imported from verified staging batch.;https://sv3sathlon.de/;Sport Event Map verified event catalog;https://running.life/de/termine/algemarin-sv3sathlon;unclear;medium;;2026-06-18T00:00:00+00:00;2026-08-28T08:54:51.585+00:00;Generated fallback export 2026-08-26T16:23:33.120Z;;980;f05f511c-a5bd-4f57-a63b-924043c5811c;2026;algemarin-sv3sathlon-muhltal-2026;algemarin-sv3sathlon-muhltal;;;;;unknown;scheduled;;;verified;2026-06-18T00:00:00+00:00;
Allgäu Mittsommer Marsch Sonthofen;Ultramarathon;23.05.2027;Sonthofen;Germany;Sonthofen, Germany;47.5106828;10.2749642;64 km;Official endurance event in Sonthofen. Imported from verified staging batch.;https://allgaeu-mittsommer-marsch.de/;Sport Event Map verified event catalog;https://allgaeu-mittsommer-marsch.de/;unclear;medium;;2026-07-10T00:00:00+00:00;2026-08-10T00:00:00+00:00;Generated fallback export 2026-08-26T16:23:33.120Z;;707;6b348d99-23f5-4870-97a0-c289f01ce19a;2027;allgau-mittsommer-marsch-sonthofen-2027;allgau-mittsommer-marsch-sonthofen;;;;;unknown;scheduled;;;stale;2026-07-10T00:00:00+00:00;
Almetal-Marathon;Running;18.10.2026;Paderborn;Germany;Büren-Ringelstein, Paderborn, North Rhine-Westphalia, Germany, Germany;51.7177044;8.752653;Marathon, Halbmarathon;Der Almetal-Marathon 2026 findet am 18. Oktober statt und bietet Läuferinnen und Läufern eine landschaftlich reizvolle Strecke von Büren-Ringelstein bis zum Ahorn-Sportpark in Paderborn. Neben der klassischen Marathondistanz gibt es zwei Halbmarathon-Varianten sowie einen Staffelwettbewerb über vier Teilstrecken. Die Veranstaltung ist geprägt von ehrenamtlichem Engagement zahlreicher Sportvereine und bietet eine fami;https://www.ahorn-sportpark.de/feeds/Aktuelles/almetal-marathon-2026;Sport Event Map verified event catalog;https://www.ahorn-sportpark.de/feeds/Aktuelles/almetal-marathon-2026;unclear;high;;2026-06-02T00:00:00+00:00;2026-07-02T00:00:00+00:00;Generated fallback export 2026-08-26T16:23:33.120Z;;292;ba03455a-91ab-483b-847a-57284b2ce2a7;2026;almetal-marathon-2026;almetal-marathon;;;;;unknown;scheduled;;;stale;2026-06-02T00:00:00+00:00;
Alstertallauf Hamburg;Running;25.10.2026;Hamburg;Germany;Hamburg, Germany;53.5501721;10.0013165;5 km, 10 km, Half Marathon;Official endurance event in Hamburg. Imported from verified staging batch.;https://alstertallauf.de/;Sport Event Map verified event catalog;https://alstertallauf.de/;unclear;medium;;2026-06-17T00:00:00+00:00;2026-08-28T08:53:36.325+00:00;Generated fallback export 2026-08-26T16:23:33.120Z;;457;11a5a1ab-4d5b-4dec-a1cc-3fbe0263a40d;2026;alstertallauf-hamburg-2026;alstertallauf-hamburg;;;;;unknown;scheduled;;;verified;2026-06-17T00:00:00+00:00;
Altenhainer Weißbiermeile - Frankenberg/Sa.;Running;29.08.2026;Frankenberg/Sa.;Germany;Frankenberg/Sa., Germany;50.9110365;13.0331023;10 km;Official endurance event in Frankenberg/Sa.. Imported from verified staging batch.;https://weissbierfreun.de/weissbiermeile-zwergenmeile/;Sport Event Map verified event catalog;https://running.life/de/termine/altenhainer-weissbiermeile;unclear;medium;;2026-06-18T00:00:00+00:00;2026-08-28T08:54:51.585+00:00;Generated fallback export 2026-08-26T16:23:33.120Z;;932;e77aa618-b1d6-46bb-8aea-85725f39c19b;2026;altenhainer-weissbiermeile-frankenberg-sa-2026;altenhainer-weissbiermeile-frankenberg-sa;;;;;unknown;scheduled;;;verified;2026-06-18T00:00:00+00:00;
Altra Sunset Wattenmeer;Ultramarathon;29.08.2026;Hamburg;Germany;St. Pauli Hafenstraße, Hamburg, Germany;53.5462223;9.967162;ca. 250 km team relay: 10-person, Ultra 5-person, 5 Pack;"Die Altra Sunset Wattenmeer ist eine rund 250 km lange Teamstaffel von Hamburg nach St. Peter-Ording am 29. und 30. August 2026. Startplätze gab es für 10er-Teams, Ultra-5er-Teams und 5-Pack-Teams; der Anmeldeschluss ist verstrichen.";https://www.sunset-series.de/anmeldung-wattenmeer/;Sport Event Map verified event catalog;https://www.sunset-series.de/infos-wattenmeer/;registration_not_open;low;;2026-08-26T16:20:03.086261+00:00;2026-09-02T16:20:03.086261+00:00;Generated fallback export 2026-08-26T16:23:33.120Z;;294;2568b42d-7509-428a-a85e-9f89b0cb35dc;2026;altra-sunset-wattenmeer-2026;altra-sunset-wattenmeer;;;;;registration_not_open;scheduled;;;verified;2026-08-26T16:20:03.086261+00:00;
Altstadtlauf Salzwedel;Running;20.09.2026;Salzwedel;Germany;Salzwedel, Germany;52.8528456;11.1539699;5 km / 10 km / 21 km;Imported from marathon.de running calendar. Source listing: https://www.marathon.de/laufevent/altstadtlauf-salzwedel/;https://www.altstadtlauf-salzwedel.de/;Sport Event Map verified event catalog;https://www.altstadtlauf-salzwedel.de/;unclear;low;;2026-06-02T00:00:00+00:00;2026-08-31T00:00:00+00:00;Generated fallback export 2026-08-26T16:23:33.120Z;https://www.marathon.de/kategorien/2232d51c55.jpg;119;6cbdeebe-6ead-47c0-a610-8442dafff6e9;2026;altstadtlauf-salzwedel-2026;altstadtlauf-salzwedel;;;;;unknown;scheduled;;;verified;2026-06-02T00:00:00+00:00;
Alzauenlauf TSV Trostberg;Running;14.11.2026;Trostberg;Germany;Trostberg, Bavaria, Germany, Germany;48.0277272;12.5530162;10 km;Der Alzauenlauf in Trostberg ist ein traditionsreicher Lauf, der am 14. November 2026 stattfindet. Die Hauptstrecke über 10 km führt durch die malerischen Trostberger Alzauen, ein idyllisches Waldgebiet entlang der Alz, dem Abfluss des Chiemsees. Die Strecke kombiniert angenehme natürliche Waldwege mit einer Runde im Stadion und bietet so ein abwechslungsreiches Lauferlebnis. Neben dem Hauptlauf gibt es auch kürzere;https://www.alzauenlauf.de/;Sport Event Map verified event catalog;https://www.alzauenlauf.de/;unclear;low;;2026-06-02T00:00:00+00:00;2026-08-31T00:00:00+00:00;Generated fallback export 2026-08-26T16:23:33.120Z;;306;487f19fc-bf1e-4402-8e46-7be028c07bc1;2026;alzauenlauf-tsv-trostberg-2026;alzauenlauf-tsv-trostberg;;;;;unknown;scheduled;;;verified;2026-06-02T00:00:00+00:00;
Antwerpen Marathon;Running;18.10.2026;Antwerpen;Belgium;Antwerpen, Belgium;51.2211097;4.3997081;8 km / 21 km / 42 km;Official endurance event in Antwerpen. Imported from verified staging batch.;https://antwerpmarathon.com/;Sport Event Map verified event catalog;https://antwerpmarathon.com/;unclear;medium;;2026-06-17T00:00:00+00:00;2026-08-28T08:54:37.778+00:00;Generated fallback export 2026-08-26T16:23:33.120Z;;686;f0862a78-034d-43a2-97bb-a52350892e31;2026;antwerpen-marathon-2026;antwerpen-marathon;;;;;unknown;scheduled;;;verified;2026-06-17T00:00:00+00:00;
AOK Firmenlauf Balingen;Running;24.09.2026;Balingen;Germany;Marktplatz, Balingen, Baden-Württemberg, Germany, Germany;48.3313;8.886042;5 km;Der AOK Firmenlauf Balingen ist ein beliebtes Team-Event, das am 24. September 2026 auf dem Marktplatz in Balingen stattfindet. Die Strecke umfasst ca. 5,9 Kilometer, die in zwei Runden à etwa 2,9 km gelaufen werden. Der Lauf steht für Bewegung für alle und fördert Inklusion, sodass Menschen mit und ohne Behinderung gemeinsam teilnehmen können. Nach dem Lauf erwartet die Teilnehmer eine kostenfreie Zielverpflegung un;https://balingen.bw-running.de/home;Sport Event Map verified event catalog;https://balingen.bw-running.de/home;unclear;low;;2026-06-02T00:00:00+00:00;2026-08-31T00:00:00+00:00;Generated fallback export 2026-08-26T16:23:33.120Z;;295;62267e72-a4af-43d6-9ed8-53935ef9ef9a;2026;aok-firmenlauf-balingen-2026;aok-firmenlauf-balingen;;;;;unknown;scheduled;;;verified;2026-06-02T00:00:00+00:00;
AOK Firmenlauf Bielefeld;Running;26.08.2026;Bielefeld;Germany;Bielefeld, Germany;52.0191005;8.531007;5 km;Official local running event in Bielefeld. Distances: 5 km. Discovered via Kilometerliebe and linked to the official event website.;https://www.firmenlauf-bielefeld.com/;Sport Event Map verified event catalog;https://www.firmenlauf-bielefeld.com/;unclear;low;;2026-06-02T00:00:00+00:00;2026-08-31T00:00:00+00:00;Generated fallback export 2026-08-26T16:23:33.120Z;;223;687b26cd-77aa-4536-a77d-711920055ff9;2026;aok-firmenlauf-bielefeld-2026;aok-firmenlauf-bielefeld;;;;;unknown;scheduled;;;verified;2026-06-02T00:00:00+00:00;
AOK Firmenlauf Feuerbach;Running;17.09.2026;Stuttgart;Germany;Sportpark Feuerbach, Stuttgart, Baden-Württemberg, Germany, Germany;48.7784485;9.1800132;5 km;Der AOK Firmenlauf Feuerbach ist ein beliebtes Team-Event, das am 17. September 2026 im Sportpark Feuerbach in Stuttgart stattfindet. Der Lauf fördert Bewegung, Teamgeist und gemeinsame Erlebnisse und ist Teil der BW-Running-Firmenlaufserie. Die Veranstaltung bietet neben dem Lauf ein abwechslungsreiches Rahmenprogramm mit Musik, Aufwärmübungen und einer kostenfreien Zielverpflegung. Die Teilnahme ist ab 16 Jahren mö;https://feuerbach.bw-running.de/home;Sport Event Map verified event catalog;https://feuerbach.bw-running.de/home;unclear;low;;2026-06-02T00:00:00+00:00;2026-08-31T00:00:00+00:00;Generated fallback export 2026-08-26T16:23:33.120Z;;298;24fb8e1c-653f-4f50-b2ce-1830af675944;2026;aok-firmenlauf-feuerbach-2026;aok-firmenlauf-feuerbach;;;;;unknown;scheduled;;;verified;2026-06-02T00:00:00+00:00;
AOK Firmenlauf in Haslach im Kinzigtal;Running;22.09.2026;Ortenaukreis;Germany;Haslach im Kinzigtal, Ortenaukreis, Baden-Württemberg, Germany, Germany;48.2769011;8.0871643;5 km;"Der AOK Firmenlauf Haslach im Kinzigtal ist ein Team-Event, das am 22. September 2026 stattfindet und Teil der BW-Running-Serie ist. Die Veranstaltung fördert Bewegung, Teamgeist und gemeinsame Erlebnisse im Arbeitsalltag. Die Strecke des Hauptlaufs beträgt ca. 5 km, zusätzlich gibt es einen 2 km langen ""Lauf für Alle"". Nach dem Lauf erwartet die Teilnehmer eine kostenfreie Zielverpflegung, und es gibt spezielle Meet";https://haslach.bw-running.de/home;Sport Event Map verified event catalog;https://haslach.bw-running.de/home;unclear;low;;2026-06-02T00:00:00+00:00;2026-08-31T00:00:00+00:00;Generated fallback export 2026-08-26T16:23:33.120Z;;314;e60e51f8-d86a-4563-bcf9-c16525237a57;2026;aok-firmenlauf-in-haslach-im-kinzigtal-2026;aok-firmenlauf-in-haslach-im-kinzigtal;;;;;unknown;scheduled;;;verified;2026-06-02T00:00:00+00:00;
AOK Firmenlauf Ludwigsburg;Running;30.09.2026;Ludwigsburg;Germany;Residenzschloss Ludwigsburg, Ludwigsburg, Baden-Württemberg, Germany, Germany;48.8953937;9.1895147;5 km;Der AOK Firmenlauf Ludwigsburg ist ein beliebtes Team-Event, das am 30. September 2026 vor dem Residenzschloss Ludwigsburg stattfindet. Die ca. 5,7 km lange Strecke bietet eine tolle Gelegenheit, gemeinsam mit Kolleginnen und Kollegen sportlich aktiv zu sein und den Arbeitsalltag mit Bewegung und Teamgeist zu bereichern. Neben dem Lauf erwartet die Teilnehmer ein abwechslungsreiches Rahmenprogramm mit DJ, gemeinsamer;https://ludwigsburg.bw-running.de/home;Sport Event Map verified event catalog;https://ludwigsburg.bw-running.de/home;unclear;low;;2026-06-02T00:00:00+00:00;2026-08-31T00:00:00+00:00;Generated fallback export 2026-08-26T16:23:33.120Z;;303;6f9a6337-d936-4e20-a23b-87426b28a372;2026;aok-firmenlauf-ludwigsburg-2026;aok-firmenlauf-ludwigsburg;;;;;unknown;scheduled;;;verified;2026-06-02T00:00:00+00:00;
AOK Firmenlauf Mosbach;Running;15.09.2026;Mosbach;Germany;Messplatz, Im Äulein, 74821 Mosbach, Germany;49.3442705;9.1045539;5 km;"Der 5. AOK Firmenlauf Mosbach findet am 15. September 2026 am Messplatz Mosbach-Neckarelz statt. Die Veranstaltung ist Teil der BW-Running-Firmenlaufserie und bietet Teams aus Unternehmen die Möglichkeit, gemeinsam sportlich aktiv zu sein und Teamgeist zu erleben. Die Strecke des Hauptlaufs beträgt ca. 5 km, zusätzlich gibt es einen kürzeren ""Lauf für Alle"" über ca. 2 km. Nach dem Lauf erwartet die Teilnehmer eine ko";https://mosbach.bw-running.de/home;Sport Event Map verified event catalog;https://mosbach.bw-running.de/home;unclear;low;;2026-06-02T00:00:00+00:00;2026-08-31T00:00:00+00:00;Generated fallback export 2026-08-26T16:23:33.120Z;;305;4ccd0209-53a4-417d-beb8-a75a5716315e;2026;aok-firmenlauf-mosbach-2026;aok-firmenlauf-mosbach;;;;;unknown;scheduled;;;verified;2026-06-02T00:00:00+00:00;
AOK Firmenlauf Waiblingen;Running;16.09.2026;Waiblingen;Germany;Waiblingen, Baden-Württemberg, Germany, Germany;48.848514;9.3226283;5 km;Der AOK Firmenlauf Waiblingen ist ein beliebtes Team-Event, das am 16. September 2026 in Waiblingen stattfindet. Die ca. 5,5 km lange Strecke führt rund um die Rundsporthalle und bietet eine tolle Gelegenheit, gemeinsam mit Kolleginnen und Kollegen sportlich aktiv zu sein und den Teamgeist zu stärken. Die Veranstaltung beginnt um 18:00 Uhr mit einem DJ-Programm und einem gemeinsamen Aufwärmprogramm, gefolgt vom Lauf;https://waiblingen.bw-running.de/home;Sport Event Map verified event catalog;https://waiblingen.bw-running.de/home;unclear;low;;2026-06-02T00:00:00+00:00;2026-08-31T00:00:00+00:00;Generated fallback export 2026-08-26T16:23:33.120Z;;309;309fe14e-1dc8-4cbe-a6b6-f65bf5436b6d;2026;aok-firmenlauf-waiblingen-2026;aok-firmenlauf-waiblingen;;;;;unknown;scheduled;;;verified;2026-06-02T00:00:00+00:00;
Arberland Ultra Trail - Bodenmais;Ultramarathon;19.09.2026;Bodenmais;Germany;Bodenmais, Germany;49.0792229;13.1082414;Half Marathon, Marathon, 102 km, 66 km, 47 km;Official endurance event in Bodenmais. Imported from verified staging batch.;https://www.woidlaeufer.de/;Sport Event Map verified event catalog;https://running.life/de/termine/arberland-ultra-trail;unclear;medium;;2026-06-18T00:00:00+00:00;2026-08-28T08:54:51.585+00:00;Generated fallback export 2026-08-26T16:23:33.120Z;;994;95d8a508-8b27-4496-81ed-6f531d1c4fc2;2026;arberland-ultra-trail-bodenmais-2026;arberland-ultra-trail-bodenmais;;;;;unknown;scheduled;;;verified;2026-06-18T00:00:00+00:00;
Aschaffenburger Sparkassen Halbmarathon;Running;04.10.2026;Aschaffenburg;Germany;Aschaffenburg, Germany;49.9706701;9.1384857;21 km;Imported from marathon.de running calendar. Source listing: https://www.marathon.de/laufevent/aschaffenburger-halbmarathon/;https://hm-ab.de/;Sport Event Map verified event catalog;https://hm-ab.de/;unclear;medium;;2026-06-02T00:00:00+00:00;2026-07-02T00:00:00+00:00;Generated fallback export 2026-08-26T16:23:33.120Z;https://www.marathon.de/kategorien/2232d51c55.jpg;141;35046015-914d-4538-b1cc-05739215f359;2026;aschaffenburger-sparkassen-halbmarathon-2026;aschaffenburger-sparkassen-halbmarathon;;;;;unknown;scheduled;;;stale;2026-06-02T00:00:00+00:00;
Aschauer Vorsilvesterlauf;Running;28.12.2026;Aschau im Chiemgau;Germany;Aschau im Chiemgau, Bavaria, Germany, Germany;47.7764994;12.3234179;5 km;Der Aschauer Vorsilvesterlauf ist eine beliebte Laufveranstaltung in Aschau im Chiemgau, die seit 2009 vom Verein Lauffeuer Chiemgau e.V. und dem Gewerbeverein Aschau e.V. organisiert wird. Mit einer flachen und schnellen 5-km-Strecke durch den Ortskern sowie einem Kinderlauf über 1,7 km bietet der Lauf sowohl Hobby- als auch Leistungsläufern ein attraktives Rennen. Die Veranstaltung ist bekannt als Südbayerns größte;https://www.vorsilvesterlauf.de/;Sport Event Map verified event catalog;https://www.vorsilvesterlauf.de/;unclear;low;;2026-06-02T00:00:00+00:00;2026-08-31T00:00:00+00:00;Generated fallback export 2026-08-26T16:23:33.120Z;;310;a3ca9506-a868-4025-856b-3e5a827fdda0;2026;aschauer-vorsilvesterlauf-2026;aschauer-vorsilvesterlauf;;;;;unknown;scheduled;;;verified;2026-06-02T00:00:00+00:00;
Ascona-Locarno Run;Running;11.10.2026;Ascona;Switzerland;Ascona, Switzerland;46.1554222;8.7707865;5 km / 10 km / 21 km;Official endurance event in Ascona. Imported from verified staging batch.;https://www.ascona-locarno-run.ch/;Sport Event Map verified event catalog;https://www.ascona-locarno-run.ch/;unclear;medium;;2026-06-17T00:00:00+00:00;2026-08-28T08:54:37.778+00:00;Generated fallback export 2026-08-26T16:23:33.120Z;;682;9bf5b343-70c3-4f75-ac37-5fd238a5e64b;2026;ascona-locarno-run-2026;ascona-locarno-run;;;;;unknown;scheduled;;;verified;2026-06-17T00:00:00+00:00;
Aspacher Volkslauf;Running;19.09.2026;Großaspach;Germany;Mühlfeldhalle, Großaspach, Baden-Württemberg, Germany, Germany;48.9653254;9.3997185;10 km, 5 km;Der Aspacher Volkslauf ist eine traditionsreiche Laufveranstaltung, die von den Murrtal Runners Aspach organisiert wird. Start und Ziel befinden sich an der Mühlfeldhalle in Großaspach. Die Strecken führen durch den Fautenhau und zurück, mit kleineren Anpassungen zur Vereinfachung der Streckenführung. Die Veranstaltung bietet Läufe für verschiedene Altersklassen, darunter Bambiniläufe, Jugendläufe und einen Hauptlauf;https://murrtal-runners.de/volkslauf/;Sport Event Map verified event catalog;https://murrtal-runners.de/volkslauf/;unclear;low;;2026-06-02T00:00:00+00:00;2026-08-31T00:00:00+00:00;Generated fallback export 2026-08-26T16:23:33.120Z;;313;c6975fc4-b0d7-4aa5-968a-44c49365605c;2026;aspacher-volkslauf-2026;aspacher-volkslauf;;;;;unknown;scheduled;;;verified;2026-06-02T00:00:00+00:00;
Athen Marathon;Running;08.11.2026;Athen;Greece;Athen, Greece;37.9755648;23.7348324;5 km / 10 km / 42 km;Official endurance event in Athen. Imported from verified staging batch.;https://www.athensauthenticmarathon.gr/;Sport Event Map verified event catalog;https://www.athensauthenticmarathon.gr/;unclear;medium;;2026-06-17T00:00:00+00:00;2026-08-28T08:54:37.778+00:00;Generated fallback export 2026-08-26T16:23:33.120Z;;688;a72a1e0a-2637-48d6-892c-1ae649f9170d;2026;athen-marathon-2026;athen-marathon;;;;;unknown;scheduled;;;verified;2026-06-17T00:00:00+00:00;
B2Run Berlin;Running;16.09.2026;Olympiastadion Berlin;Germany;Olympiastadion Berlin, Berlin, Germany, Germany;52.5173885;13.3951309;5 km;Der B2Run Berlin am 16. September 2026 ist ein Firmenlauf mit einer rund 5,7 km langen Strecke rund um das Berliner Olympiastadion. Der Lauf endet mit einem emotionalen Zieleinlauf im historischen Olympiastadion und bietet ein einzigartiges Teamevent für Unternehmen und Einzelstarter aus Berlin und Umgebung. Der Fokus liegt auf Teamgeist, Motivation und Spaß, nicht auf Bestzeiten, und ist ideal für Einsteiger, Walker;https://www.b2run.de/run/de/de/index.html;Sport Event Map verified event catalog;https://www.b2run.de/run/de/de/index.html;unclear;low;;2026-06-02T00:00:00+00:00;2026-08-31T00:00:00+00:00;Generated fallback export 2026-08-26T16:23:33.120Z;;317;df5e2db2-2d91-4805-8eb1-4e5c742035ee;2026;b2run-berlin-2026;b2run-berlin;;;;;unknown;scheduled;;;verified;2026-06-02T00:00:00+00:00;
B2Run Gelsenkirchen;Running;01.09.2026;Gelsenkirchen;Germany;Gelsenkirchen, Germany;51.5110321;7.0960124;5 km;Official local running event in Gelsenkirchen. Distances: 5 km. Discovered via Kilometerliebe and linked to the official event website.;https://www.b2run.de/run/de/de/gelsenkirchen/index.html;Sport Event Map verified event catalog;https://www.b2run.de/run/de/de/gelsenkirchen/index.html;unclear;low;;2026-06-02T00:00:00+00:00;2026-08-31T00:00:00+00:00;Generated fallback export 2026-08-26T16:23:33.120Z;;214;674191cf-1188-43ae-b399-4d006efb226b;2026;b2run-gelsenkirchen-2026;b2run-gelsenkirchen;;;;;unknown;scheduled;;;verified;2026-06-02T00:00:00+00:00;
Baaber Heidelauf;Running;19.09.2026;Baabe;Germany;Baabe, Germany;54.3602126;13.7043671;10 km;Official endurance event in Baabe. Imported from verified staging batch.;http://www.laufteam-ruegen.de/seite/765941/baaber-heidelauf.html;Sport Event Map verified event catalog;https://running.life/de/termine/baaber-heidelauf;unclear;medium;;2026-06-18T00:00:00+00:00;2026-08-28T08:54:51.585+00:00;Generated fallback export 2026-08-26T16:23:33.120Z;;1005;9dee2617-08fb-43e3-afee-53203b64677f;2026;baaber-heidelauf-2026;baaber-heidelauf;;;;;unknown;scheduled;;;verified;2026-06-18T00:00:00+00:00;
Baden Marathon Karlsruhe;Running;20.09.2026;Karlsruhe;Germany;Karlsruhe, Germany;49.0068705;8.4034195;14 km / 21 km / 42 km;Imported from marathon.de running calendar.;https://www.badenmarathon.de/;Sport Event Map verified event catalog;https://www.badenmarathon.de/;unclear;high;;2026-06-02T00:00:00+00:00;2026-07-02T00:00:00+00:00;Generated fallback export 2026-08-26T16:23:33.120Z;https://www.marathon.de/logos/baden-marathon.jpg;122;b248b93f-a34c-421f-983a-a9c2c6c2b8ac;2026;baden-marathon-karlsruhe-2026;baden-marathon-karlsruhe;;;;;unknown;scheduled;;;stale;2026-06-02T00:00:00+00:00;
Bahndammlauf;Running;06.09.2026;53567 Buchholz;Germany;Buchholz, 53567 Buchholz, Germany, Germany;50.67175626570943;7.422621352579696;Halbmarathon, 10 km, 5 km;Der Buchholzer Bahndammlauf ist eine abwechslungsreiche Laufveranstaltung, die Natur und Genuss verbindet. Die Strecke führt vom Stadion über den Bahndamm durch die Ortsteile Wahl und Wallau bis zum Franziskuskreuz, mit einem anspruchsvollen Steigungsstück zum Mückensee, dem höchsten Punkt der Strecke. Danach geht es überwiegend bergab oder eben weiter nach Asbach-Walgenbach mit mehreren Getränkestationen. Die Verans;https://bahndammlauf.de/;Sport Event Map verified event catalog;https://bahndammlauf.de/;unclear;medium;;2026-06-02T00:00:00+00:00;2026-07-02T00:00:00+00:00;Generated fallback export 2026-08-26T16:23:33.120Z;;323;969fd860-4e21-4904-8bc7-8b6515e5e52d;2026;bahndammlauf-2026;bahndammlauf;;;;;unknown;scheduled;;;stale;2026-06-02T00:00:00+00:00;
Barcelona Marathon;Running;14.03.2027;Barcelona;Spain;Barcelona, Spain;41.403614;2.153082;42 km;Official endurance event in Barcelona. Imported from verified staging batch.;https://www.zurichmaratobarcelona.es/;Sport Event Map verified event catalog;https://www.zurichmaratobarcelona.es/;unclear;medium;;2026-06-17T00:00:00+00:00;2026-08-28T08:54:37.778+00:00;Generated fallback export 2026-08-26T16:23:33.120Z;;662;342727a2-8ec9-4e3b-868e-956e75afaa32;2027;barcelona-marathon-2027;barcelona-marathon;;;;;unknown;scheduled;;;verified;2026-06-17T00:00:00+00:00;
BARMER CURREX Alsterlauf Hamburg;Running;06.09.2026;Hamburg;Germany;Hamburg, Germany;53.5501721;10.0013165;5 km, 10 km;Official endurance event in Hamburg. Imported from verified staging batch.;https://www.alsterlauf-hamburg.de/;Sport Event Map verified event catalog;https://www.alsterlauf-hamburg.de/;unclear;medium;;2026-06-17T00:00:00+00:00;2026-08-28T08:53:36.325+00:00;Generated fallback export 2026-08-26T16:23:33.120Z;;456;69c27e32-3189-4db9-901a-e1b7b38ff342;2026;barmer-currex-alsterlauf-hamburg-2026;barmer-currex-alsterlauf-hamburg;;;;;unknown;scheduled;;;verified;2026-06-17T00:00:00+00:00;
Bausch+Ströbel Stadtlauf Ilshofen;Running;26.09.2026;Ilshofen;Germany;Roland-Wurmthaler-Halle, Ilshofen, Baden-Württemberg, Germany, Germany;49.170072;9.9186069;10 km;Der Bausch+Ströbel Stadtlauf Ilshofen ist ein traditionsreicher Laufwettbewerb, der jährlich in Ilshofen stattfindet. Die Veranstaltung bietet Läufern verschiedener Alters- und Leistungsklassen die Möglichkeit, auf einer abwechslungsreichen Strecke durch die Stadt anzutreten. Die Laufstrecke ist gut markiert und führt durch attraktive Abschnitte der Stadt, was den Lauf sowohl für Teilnehmer als auch Zuschauer interes;http://stadtlauf-ilshofen.de/ausschreibung.html;Sport Event Map verified event catalog;http://stadtlauf-ilshofen.de/ausschreibung.html;unclear;low;;2026-06-02T00:00:00+00:00;2026-08-31T00:00:00+00:00;Generated fallback export 2026-08-26T16:23:33.120Z;;320;11e9c495-87cf-4f1e-bed2-40dbde7e1883;2026;bausch-strobel-stadtlauf-ilshofen-2026;bausch-strobel-stadtlauf-ilshofen;;;;;unknown;scheduled;;;verified;2026-06-02T00:00:00+00:00;
Bedburger Citylauf;Running;13.09.2026;Bedburg;Germany;Marktplatz, Bedburg, North Rhine-Westphalia, Germany, Germany;50.9972161;6.5767648;10 km, 5 km;Der GVG Citylauf Bedburg findet am 13. September 2026 in der Innenstadt von Bedburg statt. Die Läufe führen durch die verkehrsfreie Innenstadt mit Start und Ziel auf dem Marktplatz vor dem Rathaus. Angeboten werden verschiedene Distanzen von 300 Meter Bambinilauf bis zum 10 km Hauptlauf sowie Staffelwettbewerbe. Der Lauf ist für alle Altersgruppen geeignet und bietet eine tolle Gelegenheit, Bedburg in Bewegung zu erl;https://bedburger-citylauf.de/;Sport Event Map verified event catalog;https://bedburger-citylauf.de/;unclear;low;;2026-06-02T00:00:00+00:00;2026-08-31T00:00:00+00:00;Generated fallback export 2026-08-26T16:23:33.120Z;;332;eeb533bf-d8da-461e-b09b-d479ff8a30ab;2026;bedburger-citylauf-2026-2026;bedburger-citylauf;;;;;unknown;scheduled;;;verified;2026-06-02T00:00:00+00:00;
Beetzseelauf;Running;03.10.2026;Brandenburg an der Havel;Germany;Brandenburg an der Havel, Germany;52.4108261;12.5497933;5 km, 10 km, Half Marathon;Official endurance event in Brandenburg an der Havel. Imported from verified staging batch.;https://vfl-brandenburg.de/;Sport Event Map verified event catalog;https://vfl-brandenburg.de/;unclear;medium;;2026-06-17T00:00:00+00:00;2026-08-28T08:53:36.325+00:00;Generated fallback export 2026-08-26T16:23:33.120Z;;460;f9d152b1-85ba-4adf-a55e-9799ba3e5631;2026;beetzseelauf-2026;beetzseelauf;;;;;unknown;scheduled;;;verified;2026-06-17T00:00:00+00:00;
Belchen-Berglauf - Schönau im Schwarzwald;Running;19.09.2026;Schönau im Schwarzwald;Germany;Schönau im Schwarzwald, Germany;47.7861792;7.8933977;10 km;Official endurance event in Schönau im Schwarzwald. Imported from verified staging batch.;http://www.belchenberglauf.tus-schoenau.de/;Sport Event Map verified event catalog;https://running.life/de/termine/belchen-berglauf;unclear;medium;;2026-06-18T00:00:00+00:00;2026-08-28T08:54:51.585+00:00;Generated fallback export 2026-08-26T16:23:33.120Z;;1000;d09916fd-bba3-4677-a4f8-99b8a7e92dc2;2026;belchen-berglauf-schonau-im-schwarzwald-2026;belchen-berglauf-schonau-im-schwarzwald;;;;;unknown;scheduled;;;verified;2026-06-18T00:00:00+00:00;
Benin Benefiz-Lauf;Running;26.09.2026;Hirzweiler;Germany;Hirzweiler, Saarland, Germany, Germany;49.4026691;7.0809661;10 km;Der Benin Benefiz-Lauf ist eine landschaftlich abwechslungsreiche Laufveranstaltung in Hirzweiler, die am 26. September 2026 zum 19. Mal stattfindet. Die Strecke bietet einen Panoramablick über das Illtal und verläuft überwiegend auf asphaltierten Feldwegen. Die Veranstaltung unterstützt Hilfsprojekte in Benin, wobei der Erlös und die Startgebühren der AG Benin zugutekommen. Neben dem Lauf erwartet die Teilnehmer in;https://www.llgwustweiler.de/veranstaltungen/benin-lauf/;Sport Event Map verified event catalog;https://www.llgwustweiler.de/veranstaltungen/benin-lauf/;unclear;low;;2026-06-02T00:00:00+00:00;2026-08-31T00:00:00+00:00;Generated fallback export 2026-08-26T16:23:33.120Z;;324;0cc2aa5e-9048-4518-8595-7f38732cdab6;2026;benin-benefiz-lauf-2026;benin-benefiz-lauf;;;;;unknown;scheduled;;;verified;2026-06-02T00:00:00+00:00;
Bergisch Gladbacher Stadtlauf;Running;11.09.2026;Bergisch Gladbach;Germany;Bergisch Gladbach, North Rhine-Westphalia, Germany, Germany;50.9587243;7.1876601;10 km;Der Bergisch Gladbacher Stadtlauf ist eine traditionsreiche Laufveranstaltung, die seit 1996 jährlich stattfindet. Am 11. September 2026 starten rund 1.000 Laufbegeisterte ab 18:30 Uhr auf dem Konrad-Adenauer-Platz in der autofreien Innenstadt. Die Veranstaltung umfasst einen Erlebnislauf ohne Zeitnahme und einen Hauptlauf mit Wertung in verschiedenen Altersklassen. Begleitet wird das Event von einem bunten Rahmenpro;https://www.bergischgladbach.de/stadtlauf.aspx;Sport Event Map verified event catalog;https://www.bergischgladbach.de/stadtlauf.aspx;unclear;low;;2026-06-02T00:00:00+00:00;2026-08-31T00:00:00+00:00;Generated fallback export 2026-08-26T16:23:33.120Z;;327;a23e612a-da47-4635-80bd-6e17bb683d16;2026;bergisch-gladbacher-stadtlauf-2026;bergisch-gladbacher-stadtlauf;;;;;unknown;scheduled;;;verified;2026-06-02T00:00:00+00:00;
Bergischer 6 Stunden Lauf - Remscheid;Running;22.05.2027;Remscheid;Germany;Remscheid, Germany;51.1798706;7.1943544;Marathon;Official endurance event in Remscheid. Imported from verified staging batch.;https://www.feinerlauf.de/bergischer-6-stunden-lauf/;Sport Event Map verified event catalog;https://www.feinerlauf.de/bergischer-6-stunden-lauf/;unclear;medium;;2026-07-10T00:00:00+00:00;2026-08-10T00:00:00+00:00;Generated fallback export 2026-08-26T16:23:33.120Z;;811;1a6155e1-e7ef-470a-88c7-6c7b7c3564a7;2027;bergischer-6-stunden-lauf-remscheid-2027;bergischer-6-stunden-lauf-remscheid;;;;;unknown;scheduled;;;stale;2026-07-10T00:00:00+00:00;
Bergkloster-Lauf;Running;27.09.2026;Hochsauerlandkreis;Germany;Bestwig, Hochsauerlandkreis, North Rhine-Westphalia, Germany, Germany;51.3609508;8.4005554;Halbmarathon, 10 km, 5 km;Der Bergklosterlauf, ausgerichtet vom TuS Velmede-Bestwig in Kooperation mit dem Bergkloster Bestwig, findet am 27. September 2026 im Sauerland statt. Die Läufe über 6, 10 und 21 Kilometer führen durch idyllische Bachläufe, über Höhenzüge mit großartigen Aussichtspunkten und durch kleinere Siedlungen, bevor sie am Bergkloster Bestwig enden. Neben den Läufen gibt es Kinder- und Jugendläufe sowie ein Rahmenprogramm mit;https://www.tus-velmede-bestwig.de/bergklosterlauf;Sport Event Map verified event catalog;https://www.tus-velmede-bestwig.de/bergklosterlauf;unclear;high;;2026-06-02T00:00:00+00:00;2026-07-02T00:00:00+00:00;Generated fallback export 2026-08-26T16:23:33.120Z;;331;03675d44-eb89-4510-8a53-104143f0272a;2026;bergkloster-lauf-2026;bergkloster-lauf;;;;;unknown;scheduled;;;stale;2026-06-02T00:00:00+00:00;
Bertlicher Strassenläufe;Running;27.09.2026;Herten;Germany;Herten, Germany;51.5942009;7.1368071;5 km, 10 km;Official endurance event in Herten. Imported from verified staging batch.;http://www.sus-bertlich.de/la;Sport Event Map verified event catalog;http://www.sus-bertlich.de/la;unclear;medium;;2026-06-17T00:00:00+00:00;2026-08-28T08:53:36.325+00:00;Generated fallback export 2026-08-26T16:23:33.120Z;;461;29227232-ddac-4a80-8c94-b8b42a93af1f;2026;bertlicher-strassenlaufe-2026;bertlicher-strassenlaufe;;;;;unknown;scheduled;;;verified;2026-06-17T00:00:00+00:00;
Bessunger Merck-Lauf;Running;19.09.2026;Darmstadt;Germany;Bessunger, Darmstadt, Hessen, Germany, Germany;49.847729;8.648787;10 km;Der Bessunger Merck-Lauf ist ein traditionsreicher Stadtteillauf in Darmstadt, der Läuferinnen und Läufer aller Altersklassen willkommen heißt. Die Veranstaltung bietet verschiedene Streckenlängen und zeichnet sich durch eine abwechslungsreiche Strecke durch den Bessunger Stadtteil aus. Die Voranmeldung ist ab sofort möglich, wobei die Voranmeldefrist aus organisatorischen Gründen bereits am 13. September endet. Der;https://www.stadtteillauf.de/;Sport Event Map verified event catalog;https://www.stadtteillauf.de/;unclear;low;;2026-06-02T00:00:00+00:00;2026-08-31T00:00:00+00:00;Generated fallback export 2026-08-26T16:23:33.120Z;;329;9c851591-1924-4de0-82dd-5c37a9ef945b;2026;bessunger-merck-lauf-2026;bessunger-merck-lauf;;;;;unknown;scheduled;;;verified;2026-06-02T00:00:00+00:00;
Beuchaer Triathlon Day - Brandis;Triathlon;29.08.2026;Brandis;Germany;Brandis, Germany;51.3346604;12.6089036;Triathlon;Official endurance event in Brandis. Imported from verified staging batch.;https://www.beuchaer-triathlon.de/;Sport Event Map verified event catalog;https://running.life/de/termine/beuchaer-triathlon-day;unclear;medium;;2026-06-17T00:00:00+00:00;2026-08-28T08:54:51.585+00:00;Generated fallback export 2026-08-26T16:23:33.120Z;;929;b8ea36f7-3902-45f9-a9df-52a9d159bb50;2026;beuchaer-triathlon-day-brandis-2026;beuchaer-triathlon-day-brandis;;;;;unknown;scheduled;;;verified;2026-06-17T00:00:00+00:00;
Bienwald Marathon;Running;14.03.2027;Kandel;Germany;Kandel, Germany;49.0809754;8.1970699;Half Marathon, Marathon;Official endurance event in Kandel. Imported from verified staging batch.;https://bienwald-marathon.de;Sport Event Map verified event catalog;https://bienwald-marathon.de;unclear;medium;;2026-06-17T00:00:00+00:00;2026-08-28T08:53:36.325+00:00;Generated fallback export 2026-08-26T16:23:33.120Z;;462;fda1d634-4ceb-4721-a059-9488ed681a01;2027;bienwald-marathon-2027;bienwald-marathon;;;;;unknown;scheduled;;;verified;2026-06-17T00:00:00+00:00;
Bietigheimer Silvesterlauf;Running;31.12.2026;Bietigheim-Bissingen;Germany;Bietigheim-Bissingen, Germany;48.9493243;9.1364229;10 km;Official local running event in Bietigheim-Bissingen. Distances: 10.5 km. Discovered via Kilometerliebe and linked to the official event website.;https://www.bietigheimer-silvesterlauf.de/;Sport Event Map verified event catalog;https://www.bietigheimer-silvesterlauf.de/;unclear;low;;2026-06-02T00:00:00+00:00;2026-08-31T00:00:00+00:00;Generated fallback export 2026-08-26T16:23:33.120Z;;235;d3572dab-1762-492d-b297-6f1f9bc6aada;2026;bietigheimer-silvesterlauf-2026;bietigheimer-silvesterlauf;;;;;unknown;scheduled;;;verified;2026-06-02T00:00:00+00:00;
Birkhahnlauf;Running;25.10.2026;Neustadt am Rübenberge;Germany;Schneeren, Neustadt am Rübenberge, Lower Saxony, Germany, Germany;52.5334673;9.3319121;10 km;Der Birkhahnlauf in Schneeren ist ein traditionsreicher Lauf, der seit über 50 Jahren jährlich am letzten Sonntag im Oktober stattfindet. Die Veranstaltung bietet Strecken für alle Altersklassen, von kurzen Kinderläufen ab 500 Metern bis hin zu anspruchsvollen 5 km und 10 km Läufen für Erwachsene. Die Laufstrecken führen durch den Kiefernwald auf befestigten Waldwegen mit leicht sandigem Untergrund und ohne nennenswe;https://tsv-schneeren.de/birkhahnlauf/;Sport Event Map verified event catalog;https://tsv-schneeren.de/birkhahnlauf/;unclear;low;;2026-06-02T00:00:00+00:00;2026-08-31T00:00:00+00:00;Generated fallback export 2026-08-26T16:23:33.120Z;;335;e989c421-b686-44d7-bd56-a773d1d3d8ca;2026;birkhahnlauf-2026;birkhahnlauf;;;;;unknown;scheduled;;;verified;2026-06-02T00:00:00+00:00;
Birklauf;Running;29.08.2026;Gelting;Germany;Birkhalle Gelting, Gelting, Schleswig-Holstein, Germany, Germany;54.7468969;9.8969663;0.75 km, 2.5 km, 5 km, 16.04 km;Der 26. Birklauf des MTV Gelting 08 findet am 29. August 2026 an der Birkhalle Gelting statt. Angeboten werden 750 m, 2,5 km, 5 km und 16,04 km. Nachmeldungen sind am Veranstaltungstag vor Ort möglich.;https://www.davengo.com/v3/event/register/26-birklauf-des-mtv-gelting-08-2026/overview;Sport Event Map verified event catalog;https://www.mtv-gelting-08.de/?catid=50&id=169&view=article;registration_open;low;;2026-08-26T16:20:03.086261+00:00;2026-09-02T16:20:03.086261+00:00;Generated fallback export 2026-08-26T16:23:33.120Z;;337;0987a3df-5122-4255-b047-2b24d89249f7;2026;birklauf-2026;birklauf;;;;;registration_open;scheduled;;;verified;2026-08-26T16:20:03.086261+00:00;
Bismarckturmlauf - Herford;Running;06.09.2026;Herford;Germany;Herford, Germany;52.1152245;8.6711118;5 km, 10 km;Official endurance event in Herford. Imported from verified staging batch.;https://tgherford.de/tgh/turmlauf/;Sport Event Map verified event catalog;https://running.life/de/termine/bismarckturmlauf-herford;unclear;medium;;2026-06-18T00:00:00+00:00;2026-08-28T08:54:51.585+00:00;Generated fallback export 2026-08-26T16:23:33.120Z;;963;07147792-4e24-47b2-af12-24729025f2a4;2026;bismarckturmlauf-herford-2026;bismarckturmlauf-herford;;;;;unknown;scheduled;;;verified;2026-06-18T00:00:00+00:00;
Bitburger Stadtlauf;Running;13.09.2026;Bitburg;Germany;Bitburg, Germany;49.9732762;6.524947;5 km, 10 km;Official endurance event in Bitburg. Imported from verified staging batch.;http://www.stadtlauf-bitburg.de/;Sport Event Map verified event catalog;https://running.life/de/termine/bitburger-stadtlauf;unclear;medium;;2026-06-18T00:00:00+00:00;2026-08-28T09:00:00+00:00;Generated fallback export 2026-08-26T16:23:33.120Z;;983;9619bc9d-17a0-4718-a5f3-7a03ea3f11ae;2026;bitburger-stadtlauf-2026;bitburger-stadtlauf;;;;;unknown;scheduled;;;verified;2026-06-18T00:00:00+00:00;
Black Forest ULTRA Trail Run;Ultramarathon;19.09.2026;Kirchzarten;Germany;Kirchzarten, Baden-Württemberg, Germany, Germany;47.9651461;7.9573306;100 km, 19 km;Der Black Forest ULTRA Trail Run bietet fünf herausfordernde Strecken im Herzen des Schwarzwaldes, die Läuferinnen und Läufer auf schmalen Trails, steilen Anstiegen und technisch anspruchsvollen Passagen durch eine beeindruckende Landschaft führen. Die Strecken sind geprägt von wechselnden Abschnitten mit traumhaften Aussichten, anspruchsvollen Höhenmetern und einem unverkennbaren Schwarzwald-Charakter. Ob der 76 km;https://www.ultra-trailrun.de/;Sport Event Map verified event catalog;https://www.ultra-trailrun.de/;unclear;high;;2026-06-02T00:00:00+00:00;2026-07-02T00:00:00+00:00;Generated fallback export 2026-08-26T16:23:33.120Z;;333;ab7e4b64-bc12-4387-bee0-99392cc705ad;2026;black-forest-ultra-trail-run-2026;black-forest-ultra-trail-run;;;;;unknown;scheduled;;;stale;2026-06-02T00:00:00+00:00;
Blankeneser Heldenlauf;Running;30.08.2026;Hamburg;Germany;Blankeneser Treppenviertel, Hamburg, Germany, Germany;53.5573224;9.8080187;6.5 km, 11 km, 21 km Derbe, 21 km Sutsche, 6.8 km Bergziege;Der Blankeneser Heldenlauf findet am 30. August 2026 in Hamburg statt. Angeboten werden 6,5 km, 11 km, zwei 21-km-Varianten (Derbe und Sutsche) sowie die 6,8-km-Bergziege.;https://my.raceresult.com/358418/registration;Sport Event Map verified event catalog;https://www.heldenlauf.de/;registration_open;low;;2026-08-26T16:20:03.086261+00:00;2026-09-02T16:20:03.086261+00:00;Generated fallback export 2026-08-26T16:23:33.120Z;;338;bca45339-1cf1-4a28-aaed-7536e965a421;2026;blankeneser-heldenlauf-2026;blankeneser-heldenlauf;;;;;registration_open;scheduled;;;verified;2026-08-26T16:20:03.086261+00:00;
BMW Berlin Marathon;Running;27.09.2026;Berlin;Germany;Straße des 17. Juni, between Brandenburg Gate and Kleiner Stern, Berlin;52.524932;13.407032;Marathon / 42.195 km;BMW BERLIN-MARATHON 2026: Abbott World Marathon Major on 27 September 2026 with a flat, fast 42.195 km city course, lottery entry, major international field and iconic finish near the Brandenburg Gate.;https://www.bmw-berlin-marathon.com/en/;Sport Event Map verified event catalog;https://www.bmw-berlin-marathon.com/en/registration/registration-information/;unclear;high;;2026-07-06T00:00:00+00:00;2026-07-13T00:00:00+00:00;Generated fallback export 2026-08-26T16:23:33.120Z;;39;d9916cd1-2815-4e5f-b7a5-21a4bcb70dd1;2026;bmw-berlin-marathon-2026;bmw-berlin-marathon;;;;;unknown;scheduled;;;stale;2026-07-06T00:00:00+00:00;
Böckstiegellauf;Running;26.09.2026;Bielefeld;Germany;Wanderparkplatz Peter auf'm Berge, Bergstraße, 33619 Bielefeld, Germany;52.0209957;8.4659634;18 km, 10 km;Landschaftslauf vom Start Peter auf'm Berge durch den Teutoburger Wald bis zum C.-F.-Venghauss-Platz in Werther. Angeboten werden Läufe über 18 km und 10 km.;https://boeckstiegellauf.de/;Sport Event Map verified event catalog;https://boeckstiegellauf.de/;unclear;low;;2026-06-08T00:00:00+00:00;2026-09-08T00:00:00+00:00;Generated fallback export 2026-08-26T16:23:33.120Z;;336;d01b2023-ecb6-4a49-a3e2-ae17e3fd0883;2026;bockstiegellauf-2026;bockstiegellauf;;;;;unknown;scheduled;;;verified;2026-06-08T00:00:00+00:00;
Bodensee Marathon;Running;19.09.2026;Kressbronn;Germany;Kressbronn, Germany;49.0655511;10.1378705;10 km / 21 km / 42 km;Imported from marathon.de running calendar.;https://www.bodensee-marathon.de/;Sport Event Map verified event catalog;https://www.bodensee-marathon.de/;unclear;high;;2026-06-02T00:00:00+00:00;2026-07-02T00:00:00+00:00;Generated fallback export 2026-08-26T16:23:33.120Z;https://www.marathon.de/logos/bodensee-marathon.jpg;114;21ce7052-a646-4eb3-bea8-1fb0dbcfa104;2026;bodensee-marathon-2026;bodensee-marathon;;;;;unknown;scheduled;;;stale;2026-06-02T00:00:00+00:00;
Bönnigheimer Stromberglauf;Running;21.11.2026;Bönnigheim;Germany;Bönnigheim, Baden-Württemberg, Germany, Germany;49.0417185;9.0933985;10 km, 5 km;Der Bönnigheimer Stromberglauf ist ein traditionsreicher Herbstlauf am Fuße des Strombergs, der sowohl Top-Läufer als auch Hobbyläufer begeistert. Die Veranstaltung bietet attraktive Strecken durch Weinberge, Felder und Wiesen mit abwechslungsreichen Höhenmetern und herrlichen Panoramablicken. Die 5-Kilometer-Runde ist schnell und flach, während die 10-Kilometer-Distanz mit anspruchsvollen Anstiegen und motivierender;https://lgne-running.de/55/stromberglauf/start;Sport Event Map verified event catalog;https://lgne-running.de/55/stromberglauf/start;unclear;low;;2026-06-02T00:00:00+00:00;2026-08-31T00:00:00+00:00;Generated fallback export 2026-08-26T16:23:33.120Z;;367;ba449b9b-141f-442b-afc2-44620c3dcf39;2026;bonnigheimer-stromberglauf-2026;bonnigheimer-stromberglauf;;;;;unknown;scheduled;;;verified;2026-06-02T00:00:00+00:00;
Borkumer Meilenlauf;Running;05.09.2026;Borkum;Germany;Borkum, Germany;53.5862669;6.6917449;5 km / 10 km;Imported from marathon.de running calendar. Source listing: https://www.marathon.de/laufevent/borkumer-meilenlauf/;https://www.borkumer-meilenlauf.de/;Sport Event Map verified event catalog;https://www.borkumer-meilenlauf.de/;unclear;low;;2026-06-02T00:00:00+00:00;2026-08-31T00:00:00+00:00;Generated fallback export 2026-08-26T16:23:33.120Z;https://www.marathon.de/kategorien/9d67eb951b.jpg;95;c6654f83-e631-4cdc-af1e-6a0f84180d25;2026;borkumer-meilenlauf-2026;borkumer-meilenlauf;;;;;unknown;scheduled;;;verified;2026-06-02T00:00:00+00:00;
BORSIG Halbmarathon;Running;06.09.2026;Berlin;Germany;Berlin, Germany;52.5173885;13.3951309;5 km / 10 km / 21 km;Imported from marathon.de running calendar.;https://borsighalbmarathon.de/;Sport Event Map verified event catalog;https://borsighalbmarathon.de/;unclear;high;;2026-06-02T00:00:00+00:00;2026-07-02T00:00:00+00:00;Generated fallback export 2026-08-26T16:23:33.120Z;https://www.marathon.de/kategorien/2232d51c55.jpg;100;cc635d9d-8a17-40ad-8f1e-ce5941afc333;2026;borsig-halbmarathon-2026;borsig-halbmarathon;;;;;unknown;scheduled;;;stale;2026-06-02T00:00:00+00:00;
Bottwartal Marathon;Running;18.10.2026;Steinheim;Germany;Steinheim, Germany;51.8660478;9.0942767;10 km, Half Marathon, Marathon;Official endurance event in Steinheim. Imported from verified staging batch.;https://www.bottwartal-marathon.de;Sport Event Map verified event catalog;https://www.bottwartal-marathon.de;unclear;medium;;2026-06-17T00:00:00+00:00;2026-08-28T08:53:36.325+00:00;Generated fallback export 2026-08-26T16:23:33.120Z;;463;5703cd76-297e-47d0-8dde-81dadeb96ddc;2026;bottwartal-marathon-2026;bottwartal-marathon;;;;;unknown;scheduled;;;verified;2026-06-17T00:00:00+00:00;
Brauereienlauf;Running;19.09.2026;Litzendorf;Germany;Litzendorf, Germany;49.9123064;11.0096505;10 km / 21 km;Imported from marathon.de running calendar. Source listing: https://www.marathon.de/laufevent/brauereienlauf/;https://brauereienlauf.de/;Sport Event Map verified event catalog;https://brauereienlauf.de/;unclear;low;;2026-06-02T00:00:00+00:00;2026-08-31T00:00:00+00:00;Generated fallback export 2026-08-26T16:23:33.120Z;https://www.marathon.de/kategorien/2232d51c55.jpg;117;9ed18697-8648-463f-8a6d-68786010fbf4;2026;brauereienlauf-2026;brauereienlauf;;;;;unknown;scheduled;;;verified;2026-06-02T00:00:00+00:00;
BraunenBerg-Lauf;Running;19.09.2026;Ostalbkreis;Germany;Aalen, Ostalbkreis, Baden-Württemberg, Germany, Germany;48.8375607;10.0929593;30 km, 8.2 km;Der BraunenBerg-Lauf am 19. September 2026 bietet abwechslungsreiche Berglaufstrecken auf der Ostalb, die sowohl Einsteigerinnen als auch erfahrene Läuferinnen ansprechen. Die Veranstaltung umfasst verschiedene Distanzen, darunter den technisch einfachen VR Bank-BraunenBerg-Lauf über 14,6 km mit 446 Höhenmetern sowie den anspruchsvollen Rolladen Kaiser-BraunenBerg-Trail mit 32 km und 1100 Höhenmetern, der unter Tage;https://www.braunenberg-lauf.de/;Sport Event Map verified event catalog;https://www.braunenberg-lauf.de/;unclear;low;;2026-06-02T00:00:00+00:00;2026-08-31T00:00:00+00:00;Generated fallback export 2026-08-26T16:23:33.120Z;;377;3800430f-3737-45bd-828d-dfa8cffd8716;2026;braunenberg-lauf-2026;braunenberg-lauf;;;;;unknown;scheduled;;;verified;2026-06-02T00:00:00+00:00;
Braunschweiger Lauftage;Running;25.10.2026;Braunschweig;Germany;Braunschweig, Germany;52.2646577;10.5236066;5 km / 10 km / 21 km;Imported from marathon.de running calendar. Source listing: https://www.marathon.de/laufevent/braunschweiger-lauftage/;https://www.braunschweiger-lauftage.de/;Sport Event Map verified event catalog;https://www.braunschweiger-lauftage.de/;unclear;low;;2026-06-02T00:00:00+00:00;2026-08-31T00:00:00+00:00;Generated fallback export 2026-08-26T16:23:33.120Z;https://www.marathon.de/kategorien/2232d51c55.jpg;139;4d318b4a-d9db-4392-b139-3b8ec8e766d6;2026;braunschweiger-lauftage-2026;braunschweiger-lauftage;;;;;unknown;scheduled;;;verified;2026-06-02T00:00:00+00:00;
Braunschweiger Speed5;Running;08.11.2026;Braunschweig;Germany;Braunschweig, Lower Saxony, Germany, Germany;52.2156124;10.5227434;5 km;Der Braunschweiger Speed5 ist der schnellste Volkslauf der Stadt Braunschweig, veranstaltet vom Polizeisportverein Braunschweig und dem Braunschweiger Laufclub. Das Laufevent am 8. November 2026 bietet mit einem 800 m Kinderlauf, einem 1 Meile Schülerlauf und einem vermessenen 5 km Lauf für Freizeit- und ambitionierte Läufer aller Altersklassen spannende Wettkämpfe. Die Veranstaltung zeichnet sich durch professionell;https://www.braunschweiger-laufclub.com/speed5;Sport Event Map verified event catalog;https://www.braunschweiger-laufclub.com/speed5;unclear;low;;2026-06-02T00:00:00+00:00;2026-08-31T00:00:00+00:00;Generated fallback export 2026-08-26T16:23:33.120Z;;342;15924c4f-c20d-4419-8550-2ca397c5abb7;2026;braunschweiger-speed5-2026;braunschweiger-speed5;;;;;unknown;scheduled;;;verified;2026-06-02T00:00:00+00:00;
Bredstedt-Cross;Running;31.10.2026;Bredstedt;Germany;Sportpark Bredstedt, Bredstedt, Schleswig-Holstein, Germany, Germany;54.6236326;8.9640834;7.2 km;Der 39. Bredstedt-Cross findet am 31. Oktober 2026 im Sportpark Bredstedt statt und wird vom Bredstedter TSV ausgerichtet. Die Veranstaltung bietet Crossläufe für eine breite Altersspanne, von Kindern und Jugendlichen bis zu Aktiven und zahlreichen Mastersklassen. Es gibt kurze und lange Crossläufe für Männer und Frauen sowie separate Altersklassen von M6/W6 bis M75/W75, inklusive Jugend und U18/U20. Die Veranstaltun;https://gotrail.run/de/termine/bredstedt-cross;Sport Event Map verified event catalog;https://gotrail.run/de/termine/bredstedt-cross;unclear;low;;2026-06-02T00:00:00+00:00;2026-08-31T00:00:00+00:00;Generated fallback export 2026-08-26T16:23:33.120Z;;339;3d600ca1-94e1-4fc6-bcf5-024af97183f8;2026;bredstedt-cross-2026;bredstedt-cross;;;;;unknown;scheduled;;;verified;2026-06-02T00:00:00+00:00;
Bremer Kuhcross QX;Running;15.11.2026;Bremen;Germany;Bremen, Germany;53.0758196;8.8071646;5 km;Official endurance event in Bremen. Imported from verified staging batch.;https://kuhcross.de/;Sport Event Map verified event catalog;https://kuhcross.de/;unclear;medium;;2026-06-17T00:00:00+00:00;2026-08-28T08:53:36.325+00:00;Generated fallback export 2026-08-26T16:23:33.120Z;;465;a7599f21-4d00-4e5c-8b2f-b873073c2622;2026;bremer-kuhcross-qx-2026;bremer-kuhcross-qx;;;;;unknown;scheduled;;;verified;2026-06-17T00:00:00+00:00;
Brocken Marathon;Running;10.10.2026;Wernigerode;Germany;Wernigerode, Germany;51.8344172;10.7862526;10 km, Marathon;Official endurance event in Wernigerode. Imported from verified staging batch.;http://www.harz-gebirgslauf.de;Sport Event Map verified event catalog;http://www.harz-gebirgslauf.de;unclear;medium;;2026-06-17T00:00:00+00:00;2026-08-28T08:53:36.325+00:00;Generated fallback export 2026-08-26T16:23:33.120Z;;466;0ad6f570-168d-4e12-8cc2-997a413b5615;2026;brocken-marathon-2026;brocken-marathon;;;;;unknown;scheduled;;;verified;2026-06-17T00:00:00+00:00;
Brockenlauf Ilsenburg - Ilsenburg (Harz);Running;05.09.2026;Ilsenburg (Harz);Germany;Ilsenburg (Harz), Germany;51.8667349;10.6831785;10 km;Official endurance event in Ilsenburg (Harz). Imported from verified staging batch.;https://brockenlauf.de/brockenlauf;Sport Event Map verified event catalog;https://running.life/de/termine/brockenlauf-ilsenburg;unclear;medium;;2026-06-18T00:00:00+00:00;2026-08-28T08:54:51.585+00:00;Generated fallback export 2026-08-26T16:23:33.120Z;;954;f1fd814d-7c84-489b-a777-38e6480e0238;2026;brockenlauf-ilsenburg-ilsenburg-harz-2026;brockenlauf-ilsenburg-ilsenburg-harz;;;;;unknown;scheduled;;;verified;2026-06-18T00:00:00+00:00;
Brombachseetriathlon - Pleinfeld;Triathlon;30.08.2026;Pleinfeld;Germany;Pleinfeld, Germany;49.1053751;10.98564;Triathlon;Official endurance event in Pleinfeld. Imported from verified staging batch.;https://brombachseetriathlon.com/;Sport Event Map verified event catalog;https://running.life/de/termine/brombachseetriathlon;unclear;medium;;2026-06-18T00:00:00+00:00;2026-08-28T08:54:51.585+00:00;Generated fallback export 2026-08-26T16:23:33.120Z;;939;69d8d69d-5f78-42cf-a6a7-e334882674f5;2026;brombachseetriathlon-pleinfeld-2026;brombachseetriathlon-pleinfeld;;;;;unknown;scheduled;;;verified;2026-06-18T00:00:00+00:00;
Brooks Ruhr Trail Run - Hagen;Running;13.09.2026;Hagen;Germany;Hagen, Germany;51.3582945;7.473296;10 km;Official endurance event in Hagen. Imported from verified staging batch.;https://brooks-ruhr-trail-run.de/;Sport Event Map verified event catalog;https://running.life/de/termine/brooks-ruhr-trail-run;unclear;medium;;2026-06-18T00:00:00+00:00;2026-08-28T08:54:51.585+00:00;Generated fallback export 2026-08-26T16:23:33.120Z;;976;a37d1161-61cc-4839-bed8-9e3f45eb7eca;2026;brooks-ruhr-trail-run-hagen-2026;brooks-ruhr-trail-run-hagen;;;;;unknown;scheduled;;;verified;2026-06-18T00:00:00+00:00;
Brückenlauf Halbmarathon des ASV Köln;Running;13.09.2026;Köln;Germany;Köln, Germany;50.938361;6.959974;10 km, Half Marathon;Official endurance event in Köln. Imported from verified staging batch.;https://www.asv-koeln.de/events/bruckenlauf;Sport Event Map verified event catalog;https://running.life/de/termine/bruckenlauf-asv-koln;unclear;medium;;2026-06-18T00:00:00+00:00;2026-08-28T08:54:51.585+00:00;Generated fallback export 2026-08-26T16:23:33.120Z;;978;cb39694b-3966-4d37-805c-17927d2f096a;2026;bruckenlauf-halbmarathon-des-asv-koln-2026;bruckenlauf-halbmarathon-des-asv-koln;;;;;unknown;scheduled;;;verified;2026-06-18T00:00:00+00:00;
BSV Sommer-Cup - Hamburg;Running;09.09.2026;Hamburg;Germany;Hamburg, Germany;53.5501721;10.0013165;10 km;Official endurance event in Hamburg. Imported from verified staging batch.;https://athleticon.bsvhh.de/public/;Sport Event Map verified event catalog;https://running.life/de/termine/bsv-sommer-cup;unclear;medium;;2026-06-18T00:00:00+00:00;2026-08-28T08:54:51.585+00:00;Generated fallback export 2026-08-26T16:23:33.120Z;;964;ac49acfd-b871-4d91-b393-8baad45c7dfd;2026;bsv-sommer-cup-hamburg-2026;bsv-sommer-cup-hamburg;;;;;unknown;scheduled;;;verified;2026-06-18T00:00:00+00:00;
Budapest Marathon;Running;11.10.2026;Budapest;Hungary;Budapest, Hungary;47.4978789;19.0402383;14 km / 30 km / 42 km;Official endurance event in Budapest. Imported from verified staging batch.;https://marathon.runinbudapest.com/;Sport Event Map verified event catalog;https://marathon.runinbudapest.com/;unclear;medium;;2026-06-17T00:00:00+00:00;2026-08-28T08:54:37.778+00:00;Generated fallback export 2026-08-26T16:23:33.120Z;;683;1ce14bd8-4a15-4644-877a-7ebec1334c1d;2026;budapest-marathon-2026;budapest-marathon;;;;;unknown;scheduled;;;verified;2026-06-17T00:00:00+00:00;
Bukarest Marathon;Running;11.10.2026;Bukarest;Romania;Bukarest, Romania;44.4361414;26.102684;10 km / 21 km / 42 km;Official endurance event in Bukarest. Imported from verified staging batch.;https://bucharest-marathon.com/;Sport Event Map verified event catalog;https://bucharest-marathon.com/;unclear;medium;;2026-06-17T00:00:00+00:00;2026-08-28T08:54:37.778+00:00;Generated fallback export 2026-08-26T16:23:33.120Z;;681;76ca5bc8-eb4e-470b-9e31-8c186911926f;2026;bukarest-marathon-2026;bukarest-marathon;;;;;unknown;scheduled;;;verified;2026-06-17T00:00:00+00:00;
Burgentrail Unterfränkische Traillaufmeisterschaften;Running;03.10.2026;Lower Franconia;Germany;Ostheim, Lower Franconia, Bavaria, Germany, Germany;50.1238327;10.5336427;Halbmarathon, 5 km;Der Burgentrail in Ostheim ist eine anspruchsvolle Traillaufveranstaltung, die am 3. Oktober 2026 die Unterfränkischen Traillaufmeisterschaften austrägt. Die Strecke führt durch abwechslungsreiche Wald- und Wiesenwege, vorbei an historischen Burgruinen wie der Lichtenburg und der Königsburg, und bietet dabei technisch anspruchsvolle Trails mit Wurzeln und steilen Abstiegen. Die landschaftliche Kulisse mit Ausblicken;https://sc-ostheim.de/burgentrail/;Sport Event Map verified event catalog;https://sc-ostheim.de/burgentrail/;unclear;medium;;2026-06-02T00:00:00+00:00;2026-07-02T00:00:00+00:00;Generated fallback export 2026-08-26T16:23:33.120Z;;354;66b8454e-8243-4bb6-a1c7-4af2a1102fbf;2026;burgentrail-unterfrankische-traillaufmeisterschaften-2026;burgentrail-unterfrankische-traillaufmeisterschaften;;;;;unknown;scheduled;;;stale;2026-06-02T00:00:00+00:00;
Burgwald Märchen Marathon;Running;30.08.2026;Rauschenberg;Germany;Rauschenberg, Germany;50.9089878;8.8864674;5 km / 10 km / 21 km / 32 km;Imported from marathon.de running calendar. Source listing: https://www.marathon.de/laufevent/burgwald-maerchen-marathon/;https://bmm-rauschenberg.de/;Sport Event Map verified event catalog;https://bmm-rauschenberg.de/;unclear;medium;;2026-06-02T00:00:00+00:00;2026-07-02T00:00:00+00:00;Generated fallback export 2026-08-26T16:23:33.120Z;https://www.marathon.de/kategorien/9df6b59342.jpg;102;0f2c4c39-68cc-4f23-8945-74674752be78;2026;burgwald-marchen-marathon-2026;burgwald-marchen-marathon;;;;;unknown;scheduled;;;stale;2026-06-02T00:00:00+00:00;
Bürostadtlauf Frankfurt - Frankfurt am Main;Ultramarathon;27.08.2026;Frankfurt am Main;Germany;Frankfurt am Main, Germany;50.1106444;8.6820917;5 km, 10 km, 50 km;Official endurance event in Frankfurt am Main. Imported from verified staging batch.;https://buerostadtlauf.de/;Sport Event Map verified event catalog;https://running.life/de/termine/burostadtlauf-frankfurt;unclear;medium;;2026-06-17T00:00:00+00:00;2026-08-28T08:54:51.585+00:00;Generated fallback export 2026-08-26T16:23:33.120Z;;923;d023f161-64db-4079-bd66-d1c329375b53;2026;burostadtlauf-frankfurt-frankfurt-am-main-2026;burostadtlauf-frankfurt-frankfurt-am-main;;;;;unknown;scheduled;;;verified;2026-06-17T00:00:00+00:00;
Burscheider Stadtlauf;Running;11.10.2026;Rheinisch-Bergischer Kreis;Germany;Burscheid, Rheinisch-Bergischer Kreis, North Rhine-Westphalia, Germany, Germany;51.0824722;7.1212314;10 km;Der Burscheider Stadtlauf findet am 11. Oktober 2026 in der Stadtmitte von Burscheid statt und bietet Läuferinnen und Läufern aller Leistungsniveaus ein optimales Umfeld. Es gibt verschiedene Distanzen: den 10-Kilometer-Hauptlauf, einen 3-Kilometer-Lauf sowie einen 800-Meter-Lauf, der als Qualifikation für das Sportabzeichen dient. Die Veranstaltung ist geprägt von einer familiären Atmosphäre und richtet sich sowohl;https://www.stadtsportverband-burscheid.de/index.php/61-stadtlauf;Sport Event Map verified event catalog;https://www.stadtsportverband-burscheid.de/index.php/61-stadtlauf;unclear;low;;2026-06-02T00:00:00+00:00;2026-08-31T00:00:00+00:00;Generated fallback export 2026-08-26T16:23:33.120Z;;348;e8e12d4f-acec-4562-8af3-67c725dc59fd;2026;burscheider-stadtlauf-2026;burscheider-stadtlauf;;;;;unknown;scheduled;;;verified;2026-06-02T00:00:00+00:00;
Bützower Citylauf;Running;30.08.2026;Bützow;Germany;Bützow, Germany;53.8500047;11.9832952;10 km;Official endurance event in Bützow. Imported from verified staging batch.;https://www.buetzow.de/;Sport Event Map verified event catalog;https://www.buetzow.de/;unclear;medium;;2026-06-17T00:00:00+00:00;2026-08-28T08:53:36.325+00:00;Generated fallback export 2026-08-26T16:23:33.120Z;;467;9b54ee50-999e-41b5-92e7-8e2aba3425a7;2026;butzower-citylauf-2026;butzower-citylauf;;;;;unknown;scheduled;;;verified;2026-06-17T00:00:00+00:00;
Canyon Run Mühlheim;Running;06.09.2026;Hesse;Germany;Mühlheim am Main, Hesse, Germany, Germany;50.1080582;8.8467138;Halbmarathon, 10 km, 5 km;Der Canyon Run in Mühlheim am Main ist Hessens schönster Waldlauf durch die Mühlheimer Steinbrüche und findet am 6. September 2026 statt. Die Veranstaltung bietet flache, offiziell vermessene Strecken mit attraktiven Preisgeldern und Sachpreisen sowie eine einzigartige Stimmung mit Live-Musik im Zielbereich. Für Läufer aller Altersklassen gibt es verschiedene Distanzen, von 400m Mini-Lauf bis zum Halbmarathon, beglei;https://canyon-run.de/;Sport Event Map verified event catalog;https://canyon-run.de/;unclear;high;;2026-06-02T00:00:00+00:00;2026-07-02T00:00:00+00:00;Generated fallback export 2026-08-26T16:23:33.120Z;;345;26b059a1-4603-4b42-a5f8-a0105999e0b2;2026;canyon-run-muhlheim-2026;canyon-run-muhlheim;;;;;unknown;scheduled;;;stale;2026-06-02T00:00:00+00:00;
Caputher Seelauf;Running;10.01.2027;Caputh;Germany;Caputh, Germany;52.3464533;12.9890287;5 km, 10 km;Official endurance event in Caputh. Imported from verified staging batch.;https://www.caputher-sv.de/;Sport Event Map verified event catalog;https://www.caputher-sv.de/;unclear;medium;;2026-06-17T00:00:00+00:00;2026-08-28T08:53:36.325+00:00;Generated fallback export 2026-08-26T16:23:33.120Z;;469;5c46f2aa-bb04-48d0-b480-67b162d09b12;2027;caputher-seelauf-2027;caputher-seelauf;;;;;unknown;scheduled;;;verified;2026-06-17T00:00:00+00:00;
Center Run - Pösna Park - Großpösna;Running;19.09.2026;Großpösna;Germany;Großpösna, Germany;51.2563243;12.4752187;5 km, 10 km;Official endurance event in Großpösna. Imported from verified staging batch.;https://center-run.de/;Sport Event Map verified event catalog;https://running.life/de/termine/center-run-posna-park;unclear;medium;;2026-06-18T00:00:00+00:00;2026-08-28T08:54:51.585+00:00;Generated fallback export 2026-08-26T16:23:33.120Z;;992;50817d53-ff27-415c-a9d5-975a14eb5709;2026;center-run-posna-park-grossposna-2026;center-run-posna-park-grossposna;;;;;unknown;scheduled;;;verified;2026-06-18T00:00:00+00:00;
Challenge Almere-Amsterdam;Triathlon;12.09.2026;Almere;Netherlands;Esplanade, Almere;52.3714;5.2221;Full / Long Distance Triathlon;Historic long-distance Challenge Family triathlon in Almere.;https://challenge-almere.com/challenge-almere-amsterdam/;Sport Event Map verified event catalog;https://challenge-almere.com/challenge-almere-amsterdam/;unclear;high;;2026-06-05T00:00:00+00:00;2026-06-12T00:00:00+00:00;Generated fallback export 2026-08-26T16:23:33.120Z;;432;5a707027-f6b9-4dda-b833-47aba4eb235e;2026;challenge-almere-amsterdam-2026;challenge-almere-amsterdam;;;;;unknown;scheduled;;;stale;2026-06-05T00:00:00+00:00;
Challenge Peguera Mallorca;Triathlon;17.10.2026;Peguera;Spain;Peguera, Calvià, Mallorca;39.538;2.448;Middle Distance / 1.9 km swim / 90 km bike / 21.1 km run;Official middle-distance Challenge Family triathlon in Mallorca.;https://challenge-mallorca.com/;Sport Event Map verified event catalog;https://challenge-mallorca.com/challenge-middle-distance/;unclear;high;;2026-06-05T00:00:00+00:00;2026-06-12T00:00:00+00:00;Generated fallback export 2026-08-26T16:23:33.120Z;;433;b27aa482-d8a6-40c3-878d-8b5be44dcef2;2026;challenge-peguera-mallorca-2026;challenge-peguera-mallorca;;;;;unknown;scheduled;;;stale;2026-06-05T00:00:00+00:00;
Challenge Roth;Triathlon;04.07.2027;Roth;Germany;Otto-Schrimpff-Straße 12, 91154 Roth;49.2430375;11.0948034;Full;"DATEV Challenge Roth takes place on 4 July 2027 over 3.8 km swimming, 180 km cycling and 42.2 km running. Regular online registration is sold out; the official Late Entry Draw remains open.";https://www.challenge-roth.com/de/;Sport Event Map verified event catalog;https://www.challenge-roth.com/index.php/en/registration.html;unclear;high;;2026-07-26T00:00:00+00:00;2026-08-02T00:00:00+00:00;Generated fallback export 2026-08-26T16:23:33.120Z;;46;82cc68c0-ba02-4cf0-bbe2-5d185e59773f;2027;challenge-roth-2027;challenge-roth;;;;;unknown;scheduled;;;stale;2026-07-26T00:00:00+00:00;
Chiemgau Trail Run;Ultramarathon;24.10.2026;Marquartstein;Germany;Marquartstein, Germany;47.7608226;12.4604809;10 km / 21 km / 42 km / 60 km;Imported from marathon.de running calendar. Source listing: https://www.marathon.de/laufevent/chiemgau-trail-run/;https://chiemgau-trail-run.de/;Sport Event Map verified event catalog;https://chiemgau-trail-run.de/;unclear;high;;2026-06-02T00:00:00+00:00;2026-07-02T00:00:00+00:00;Generated fallback export 2026-08-26T16:23:33.120Z;https://www.marathon.de/kategorien/06527d7ce5.jpg;142;503b65c9-ca78-4cbf-ab8f-37c109d8e3d4;2026;chiemgau-trail-run-2026;chiemgau-trail-run;;;;;unknown;scheduled;;;stale;2026-06-02T00:00:00+00:00;
Christmas Run To Tree;Running;29.11.2026;Forst Klövensteen;Germany;Forst Klövensteen, Hamburg, Germany, Germany;53.5501721;10.0013165;12 km, 5 km;Der Christmas Run To Tree ist ein stimmungsvoller Waldlauf im Forst Klövensteen bei Hamburg, der am 29. November 2026 stattfindet. Die Teilnehmer können zwischen zwei Streckenlängen wählen: 6 km oder 12 km. Der Lauf verbindet sportliche Aktivität mit dem besonderen Erlebnis, einen Weihnachtsbaum zu kaufen. Die Veranstaltung bietet eine familiäre Atmosphäre und ist ideal für Läufer aller Altersgruppen.;https://christmasrun.de/;Sport Event Map verified event catalog;https://christmasrun.de/;unclear;low;;2026-06-02T00:00:00+00:00;2026-08-31T00:00:00+00:00;Generated fallback export 2026-08-26T16:23:33.120Z;;355;c1118580-8724-486b-a113-ecc5c0cac6e5;2026;christmas-run-to-tree-2026;christmas-run-to-tree;;;;;unknown;scheduled;;;verified;2026-06-02T00:00:00+00:00;
City Marathon Bremerhaven;Running;06.09.2026;Bremerhaven;Germany;Bremerhaven, Germany;53.5505392;8.5851945;7 km / 10 km / 21 km / 42 km;Imported from marathon.de running calendar.;https://www.bremerhaven-marathon.de/;Sport Event Map verified event catalog;https://www.bremerhaven-marathon.de/;unclear;high;;2026-06-02T00:00:00+00:00;2026-07-02T00:00:00+00:00;Generated fallback export 2026-08-26T16:23:33.120Z;https://www.marathon.de/kategorien/9df6b59342.jpg;99;2c29e55e-ceff-4acc-a8fa-7ae290c247eb;2026;city-marathon-bremerhaven-2026;city-marathon-bremerhaven;;;;;unknown;scheduled;;;stale;2026-06-02T00:00:00+00:00;
City Move Bielefeld;Running;13.09.2026;Bielefeld;Germany;Bielefeld, Germany;52.0191005;8.531007;10 km;Official endurance event in Bielefeld. Imported from verified staging batch.;https://www.bielefeld.jetzt/citymove;Sport Event Map verified event catalog;https://running.life/de/termine/city-move-bielefeld;unclear;medium;;2026-08-04T12:07:19.113+00:00;2026-08-28T08:54:51.585+00:00;Generated fallback export 2026-08-26T16:23:33.120Z;;984;886264e3-eb65-4bbd-9638-55415befbcb4;2026;city-move-bielefeld-2026;city-move-bielefeld;;;;;unknown;scheduled;;;verified;2026-08-04T12:07:19.113+00:00;
Cottbuser Triathlon;Triathlon;05.09.2026;Cottbus;Germany;Cottbus, Germany;51.7567447;14.3357307;Triathlon;Official endurance event in Cottbus. Imported from verified staging batch.;https://baer-service.de/veranstaltung/CTR/;Sport Event Map verified event catalog;https://running.life/de/termine/cottbuser-triathlon;unclear;medium;;2026-06-18T00:00:00+00:00;2026-08-28T08:54:51.585+00:00;Generated fallback export 2026-08-26T16:23:33.120Z;;955;f4320bd8-7cf7-4d24-ae73-7667a18d9622;2026;cottbuser-triathlon-2026;cottbuser-triathlon;;;;;unknown;scheduled;;;verified;2026-06-18T00:00:00+00:00;
Covestro Triathlon - Krefeld;Triathlon;30.08.2026;Krefeld;Germany;Krefeld, Germany;51.3331205;6.5623343;Olympic Triathlon;Official endurance event in Krefeld. Imported from verified staging batch.;https://www.krefeld05.de/de/eventlocation/events/covestro-triathlon/;Sport Event Map verified event catalog;https://running.life/de/termine/covestro-triathlon;unclear;medium;;2026-06-18T00:00:00+00:00;2026-08-28T08:54:51.585+00:00;Generated fallback export 2026-08-26T16:23:33.120Z;;936;d883a9b5-e71d-4fc8-85d9-ee68b1d146bb;2026;covestro-triathlon-krefeld-2026;covestro-triathlon-krefeld;;;;;unknown;scheduled;;;verified;2026-06-18T00:00:00+00:00;
Crailsheimer Halbmarathon;Running;27.06.2027;Crailsheim;Germany;Crailsheim, Germany;49.1365626;10.0720195;Half Marathon;Official endurance event in Crailsheim. Imported from verified staging batch.;https://syntegon-burgberglauf.de/;Sport Event Map verified event catalog;https://syntegon-burgberglauf.de/;unclear;medium;;2026-07-10T00:00:00+00:00;2026-08-10T00:00:00+00:00;Generated fallback export 2026-08-26T16:23:33.120Z;;471;0c6cdfa3-82c8-4f32-933f-2b9cc2282041;2027;crailsheimer-halbmarathon-2027;crailsheimer-halbmarathon;;;;;unknown;scheduled;;;stale;2026-07-10T00:00:00+00:00;
Cross Fun Run Natur-Freizeitlauf für Alle - Ahrensburg;Running;30.08.2026;Ahrensburg;Germany;Ahrensburg, Germany;53.6736529;10.2358999;5 km;Official endurance event in Ahrensburg. Imported from verified staging batch.;https://www.wearecyclocross.com/crossfunrun-30.08.2026/;Sport Event Map verified event catalog;https://running.life/de/termine/cross-fun-run-natur-freizeitlauf-fur-alle;unclear;medium;;2026-06-18T00:00:00+00:00;2026-08-28T08:54:51.585+00:00;Generated fallback export 2026-08-26T16:23:33.120Z;;944;ec7f5079-4cda-4845-bc11-11d29bfb2238;2026;cross-fun-run-natur-freizeitlauf-fur-alle-ahrensburg-2026;cross-fun-run-natur-freizeitlauf-fur-alle-ahrensburg;;;;;unknown;scheduled;;;verified;2026-06-18T00:00:00+00:00;
Cuxhaven Marathon;Running;02.05.2027;Cuxhaven;Germany;Cuxhaven, Germany;53.86878;8.698286;6 km / 10 km / 21 km / 32 km;Imported from marathon.de running calendar.;https://www.cuxhaven-marathon.de/;Sport Event Map verified event catalog;https://www.cuxhaven-marathon.de/;unclear;medium;;2026-06-02T00:00:00+00:00;2026-07-02T00:00:00+00:00;Generated fallback export 2026-08-26T16:23:33.120Z;https://www.marathon.de/logos/cuxhaven-marathon.jpg;164;818efc35-113c-4158-82d8-4279aed973e7;2027;cuxhaven-marathon-2027;cuxhaven-marathon;;;;;unknown;scheduled;;;stale;2026-06-02T00:00:00+00:00;
DAK Firmenlauf Cottbus;Running;10.09.2026;Cottbus;Germany;Cottbus, Germany;51.7567447;14.3357307;5 km;Official endurance event in Cottbus. Imported from verified staging batch.;https://www.firmenlauf-cottbus.de/;Sport Event Map verified event catalog;https://www.firmenlauf-cottbus.de/;unclear;medium;;2026-06-17T00:00:00+00:00;2026-08-28T08:53:36.325+00:00;Generated fallback export 2026-08-26T16:23:33.120Z;;472;79d8165e-9cc5-4350-a3a9-0c467972f885;2026;dak-firmenlauf-cottbus-2026;dak-firmenlauf-cottbus;;;;;unknown;scheduled;;;verified;2026-06-17T00:00:00+00:00;
DeisterCrossing Springe;Running;13.09.2026;Hesse;Germany;Hilders, Fulda, Hesse, Germany, Germany;50.5554204;9.9754786;Marathon, Halbmarathon, 8 km;Das DeisterCrossing ist ein naturnahes Ausdauer-Event, das Laufen und Marschieren in der herausragenden Natur des waldigen Deistergebirgszugs verbindet. Die Veranstaltung bietet Strecken über 10 km, 21,1 km und 42,2 km für Läufer und Marschierer. Die anspruchsvollen Strecken führen unter anderem durch die Deisterhölle mit 200 Höhenmetern am Stück und bieten ein einzigartiges Natur- und Bergerlebnis nahe Hannover. Die;https://deistercrossing.de/ausschreibung;Sport Event Map verified event catalog;https://deistercrossing.de/ausschreibung;unclear;medium;;2026-06-02T00:00:00+00:00;2026-07-02T00:00:00+00:00;Generated fallback export 2026-08-26T16:23:33.120Z;;360;02dfa931-395b-466e-8a04-720f29af0963;2026;deistercrossing-springe-2026;deistercrossing-springe;;;;;unknown;scheduled;;;stale;2026-06-02T00:00:00+00:00;
Delbrücker Katharinenlauf;Running;18.09.2026;Delbrück;Germany;Delbrück, Germany;51.7649178;8.5594953;5 km, 10 km;Official endurance event in Delbrück. Imported from verified staging batch.;https://www.rw-bentfeld.de/katharinenlauf/;Sport Event Map verified event catalog;https://running.life/de/termine/delbrucker-katharinenlauf;unclear;medium;;2026-06-18T00:00:00+00:00;2026-08-28T08:54:51.585+00:00;Generated fallback export 2026-08-26T16:23:33.120Z;;989;52923dec-55f9-46e5-9950-c89bd0557e4c;2026;delbrucker-katharinenlauf-2026;delbrucker-katharinenlauf;;;;;unknown;scheduled;;;verified;2026-06-18T00:00:00+00:00;
Dessauer Rathaus-Center City RUN;Running;13.09.2026;Dessau;Germany;Dessau, Germany;51.8309956;12.2430723;5 km, 10 km;Official endurance event in Dessau. Imported from verified staging batch.;https://anhalt-sport.de/;Sport Event Map verified event catalog;https://anhalt-sport.de/;unclear;medium;;2026-06-17T00:00:00+00:00;2026-08-28T08:53:36.325+00:00;Generated fallback export 2026-08-26T16:23:33.120Z;;473;ee74e481-cba6-4d70-817b-daa1d94f2895;2026;dessauer-rathaus-center-city-run-2026;dessauer-rathaus-center-city-run;;;;;unknown;scheduled;;;verified;2026-06-17T00:00:00+00:00;
Deutsche Ultramarathon Meisterschaften 100km - Orankesee;Ultramarathon;12.09.2026;Orankesee;Germany;Orankesee, Germany;52.5487672;13.4823462;5 km, 10 km, Marathon, 100 km;Official endurance event in Orankesee. Imported from verified staging batch.;https://www.lgnord.de/100km2026/informationen-zur-dm;Sport Event Map verified event catalog;https://running.life/de/termine/deutsche-ultramarathon-meisterschaften-100km;unclear;medium;;2026-06-18T00:00:00+00:00;2026-08-28T08:54:51.585+00:00;Generated fallback export 2026-08-26T16:23:33.120Z;;969;9808ea02-3a08-452b-9ff4-ac7c099dc824;2026;deutsche-ultramarathon-meisterschaften-100km-orankesee-2026;deutsche-ultramarathon-meisterschaften-100km-orankesee;;;;;unknown;scheduled;;;verified;2026-06-18T00:00:00+00:00;
Ditzinger Keltenlauf;Running;18.10.2026;Ditzingen;Germany;Hirschlanden, Ditzingen, Baden-Württemberg, Germany, Germany;48.823918;9.07533;12 km, 5 km;Der Keltenlauf in Ditzingen-Hirschlanden ist ein vielseitiger Lauf für Jung und Alt mit Distanzen von 12 km, 6 km, 1,5 km und 800 m. Die Strecke führt durch die landschaftlich reizvolle Region Strohgäu und passiert bedeutende archäologische Denkmäler wie den Keltenkrieger und das keltische Frauengrab. Die Läufe finden am Sport- und Freizeitzentrum Seehansen statt und bieten sowohl für Erwachsene als auch für Schüler;https://keltenlauf.de/;Sport Event Map verified event catalog;https://keltenlauf.de/;unclear;low;;2026-06-02T00:00:00+00:00;2026-08-31T00:00:00+00:00;Generated fallback export 2026-08-26T16:23:33.120Z;;357;8ff140c8-479f-4858-b8a6-c9e1398ee6d7;2026;ditzinger-keltenlauf-2026;ditzinger-keltenlauf;;;;;unknown;scheduled;;;verified;2026-06-02T00:00:00+00:00;
DNB Oslo Marathon;Running;12.09.2026;Oslo;Norway;City Hall Square Oslo, 0160 Oslo;59.9111;10.7333;10 km / Half Marathon / Marathon / Oslo Triple;Oslo city marathon with start and finish at Rådhusplassen.;https://oslomaraton.no/en/;Sport Event Map verified event catalog;https://oslomaraton.no/en/distanser/;unclear;medium;;2026-06-03T00:00:00+00:00;2026-07-03T00:00:00+00:00;Generated fallback export 2026-08-26T16:23:33.120Z;;422;23ac0222-4ebf-47e9-9514-5489c8d3022e;2026;dnb-oslo-marathon-2026;dnb-oslo-marathon;;;;;unknown;scheduled;;;stale;2026-06-03T00:00:00+00:00;
Drachenlauf;Running;25.10.2026;Königswinter;Germany;Siebengebirge, Königswinter, North Rhine-Westphalia, Germany, Germany;50.6739719;7.1930989;Marathon, Halbmarathon;Der Drachenlauf ist ein anspruchsvoller Traillauf im Siebengebirge bei Königswinter, der am 25. Oktober 2026 stattfindet. Die Strecke führt durch einen der ältesten Naturparks Deutschlands und bietet technisch herausfordernde Trails mit über tausend Höhenmetern, steilen Anstiegen und langen Bergabpassagen. Der Lauf richtet sich an erfahrene Läufer, die die Natur und ihre Grenzen erleben möchten. Die Veranstaltung ist;https://drachenlauf.net/;Sport Event Map verified event catalog;https://drachenlauf.net/;unclear;high;;2026-06-02T00:00:00+00:00;2026-07-02T00:00:00+00:00;Generated fallback export 2026-08-26T16:23:33.120Z;;370;57422e32-2532-42ec-a348-cbe5ec04c3b4;2026;drachenlauf-2026;drachenlauf;;;;;unknown;scheduled;;;stale;2026-06-02T00:00:00+00:00;
Drei-Talsperren Marathon;Running;19.09.2026;Eibenstock;Germany;Eibenstock, Germany;50.4725811;12.6117135;8 km / 21 km / 42 km;Imported from marathon.de running calendar.;https://drei-talsperren-marathon.de/;Sport Event Map verified event catalog;https://drei-talsperren-marathon.de/;unclear;high;;2026-06-02T00:00:00+00:00;2026-07-02T00:00:00+00:00;Generated fallback export 2026-08-26T16:23:33.120Z;https://www.marathon.de/kategorien/9df6b59342.jpg;134;8a9482fd-7c88-4b8a-8020-af20ad62cdc1;2026;drei-talsperren-marathon-2026;drei-talsperren-marathon;;;;;unknown;scheduled;;;stale;2026-06-02T00:00:00+00:00;
Dresden Frauenlauf;Running;19.09.2026;Dresden;Germany;Dresden, Germany;51.0493286;13.7381437;5 km, Marathon;Official endurance event in Dresden. Imported from verified staging batch.;https://www.dresden-frauenlauf.com/;Sport Event Map verified event catalog;https://running.life/de/termine/dresden-frauenlauf;unclear;medium;;2026-06-18T00:00:00+00:00;2026-08-28T08:54:51.585+00:00;Generated fallback export 2026-08-26T16:23:33.120Z;;1006;269c0b10-c4ff-4a1c-b16b-08198084d1f8;2026;dresden-frauenlauf-2026;dresden-frauenlauf;;;;;unknown;scheduled;;;verified;2026-06-18T00:00:00+00:00;
Dresden Marathon;Running;25.10.2026;Dresden;Germany;Ostra-Ufer 2, 01067 Dresden;51.0588063;13.731368;Marathon;Dresden Marathon;https://www.dresden-marathon.com/;Sport Event Map verified event catalog;https://www.dresden-marathon.com/;unclear;medium;;2026-06-02T00:00:00+00:00;2026-07-02T00:00:00+00:00;Generated fallback export 2026-08-26T16:23:33.120Z;;47;e809922d-f6fb-4c80-bbdd-f5ac092bff2d;2026;dresden-marathon-2026;dresden-marathon;;;;;unknown;scheduled;;;stale;2026-06-02T00:00:00+00:00;
DresdenHALF;Running;06.09.2026;Dresden;Germany;Dresden city center, Dresden, Saxony, Germany, Germany;51.048184;13.742725;Halbmarathon;Der DresdenHALF ist ein mitreißender Halbmarathon, der am 6. September 2026 zum ersten Mal durch das Herz von Dresden führt. Die 21,1 Kilometer lange Strecke verläuft entlang der Elbe und vorbei an den schönsten Sehenswürdigkeiten der Stadt, wobei jede Meile symbolisch einer der Partnerstädte Dresdens gewidmet ist. Das Event bietet Läufern ein einzigartiges Lauferlebnis mit historischer Kulisse und internationalem Fl;https://dresden-half.com/;Sport Event Map verified event catalog;https://dresden-half.com/;unclear;high;;2026-06-02T00:00:00+00:00;2026-07-02T00:00:00+00:00;Generated fallback export 2026-08-26T16:23:33.120Z;;361;2ce4fa87-d790-4bfd-b617-264df35016b5;2026;dresdenhalf-2026;dresdenhalf;;;;;unknown;scheduled;;;stale;2026-06-02T00:00:00+00:00;
DRK-Hospizlauf - Neustrelitz;Ultramarathon;12.09.2026;Neustrelitz;Germany;Neustrelitz, Germany;53.3617163;13.0630004;Half Marathon, Marathon, 50.5 km, 51 km;Official endurance event in Neustrelitz. Imported from verified staging batch.;https://www.drk-msp.de/sportlichesengagement/drk-hospizlauf.html;Sport Event Map verified event catalog;https://running.life/de/termine/drk-hospizlauf;unclear;medium;;2026-06-18T00:00:00+00:00;2026-08-28T08:54:51.585+00:00;Generated fallback export 2026-08-26T16:23:33.120Z;;972;b3e817ed-6659-4c6d-bc71-4cac14ab7d39;2026;drk-hospizlauf-neustrelitz-2026;drk-hospizlauf-neustrelitz;;;;;unknown;scheduled;;;verified;2026-06-18T00:00:00+00:00;
Dublin Marathon;Running;25.10.2026;Dublin;Ireland;Dublin, Ireland;53.3493795;-6.2605593;42 km;Official endurance event in Dublin. Imported from verified staging batch.;https://irishlifedublinmarathon.ie/;Sport Event Map verified event catalog;https://irishlifedublinmarathon.ie/;unclear;medium;;2026-06-17T00:00:00+00:00;2026-08-28T08:54:37.778+00:00;Generated fallback export 2026-08-26T16:23:33.120Z;;687;ad82975c-5f8c-4825-ad14-8d18e7e30e46;2026;dublin-marathon-2026;dublin-marathon;;;;;unknown;scheduled;;;verified;2026-06-17T00:00:00+00:00;
Duinger Berglauf - Duingen;Running;19.09.2026;Duingen;Germany;Duingen, Germany;52.0057957;9.6970268;5 km, 10 km;Official endurance event in Duingen. Imported from verified staging batch.;https://www.sportclub-duingen.com/berglauf;Sport Event Map verified event catalog;https://running.life/de/termine/duinger-berglauf;unclear;medium;;2026-06-18T00:00:00+00:00;2026-08-28T08:54:51.585+00:00;Generated fallback export 2026-08-26T16:23:33.120Z;;1003;af6d4833-74bb-4dd1-9979-424ed03b2720;2026;duinger-berglauf-duingen-2026;duinger-berglauf-duingen;;;;;unknown;scheduled;;;verified;2026-06-18T00:00:00+00:00;
Durlacher Turmberglauf;Running;26.09.2026;Karlsruhe;Germany;Karlsruhe, Baden-Württemberg, Germany, Germany;49.025927;8.3496984;10 km;Der Durlacher Turmberglauf ist ein flacher und schneller 10-Kilometer-Lauf durch die historische Durlacher Altstadt, entlang der Pfinz bis kurz vor Grötzingen und zurück. Der Lauf hat sich als fester Termin für Laufsportbegeisterte aus der Region etabliert und bietet eine attraktive Strecke für ambitionierte Läufer. Zusätzlich findet ein Kinderlauf im Durlacher Schlossgarten statt. Die Veranstaltung verbindet sportli;https://www.tsdurlach.de/sportangebot/leichtathletik/turmberglauf.html;Sport Event Map verified event catalog;https://www.tsdurlach.de/sportangebot/leichtathletik/turmberglauf.html;unclear;low;;2026-06-02T00:00:00+00:00;2026-08-31T00:00:00+00:00;Generated fallback export 2026-08-26T16:23:33.120Z;;365;6260f759-82d4-498d-99c8-861e346b9f95;2026;durlacher-turmberglauf-2026;durlacher-turmberglauf;;;;;unknown;scheduled;;;verified;2026-06-02T00:00:00+00:00;
Düsseldorfer Silvesterlauf;Running;31.12.2026;Düsseldorf;Germany;Düsseldorf, Germany;51.2254018;6.7763137;5 km, 10 km;Official endurance event in Düsseldorf. Imported from verified staging batch.;https://www.duesseldorf.de/sportamt/laufen-in-duesseldorf;Sport Event Map verified event catalog;https://www.duesseldorf.de/sportamt/laufen-in-duesseldorf;unclear;medium;;2026-06-17T00:00:00+00:00;2026-08-28T08:53:36.325+00:00;Generated fallback export 2026-08-26T16:23:33.120Z;;475;f2cd3b8a-065d-4c60-a5b5-cd7e2ead5931;2026;dusseldorfer-silvesterlauf-2026;dusseldorfer-silvesterlauf;;;;;unknown;scheduled;;;verified;2026-06-17T00:00:00+00:00;
Ebbser Koasamarsch;Ultramarathon;12.06.2027;Ebbs;Austria;Ebbs, Austria;47.630874;12.2154318;20 km / 33 km / 44 km;Imported from marathon.de running calendar. Source listing: https://www.marathon.de/laufevent/ebbser-koasamarsch/;https://www.koasamarsch.at/;Sport Event Map verified event catalog;https://www.koasamarsch.at/;unclear;high;;2026-07-10T00:00:00+00:00;2026-08-10T00:00:00+00:00;Generated fallback export 2026-08-26T16:23:33.120Z;https://www.marathon.de/kategorien/06527d7ce5.jpg;53;d6f948e9-404a-4544-8fa1-7a34c87a6773;2027;ebbser-koasamarsch-2027;ebbser-koasamarsch;;;;;unknown;scheduled;;;stale;2026-07-10T00:00:00+00:00;
ebm-papst Marathon;Running;13.09.2026;Niedernhall;Germany;Niedernhall, Germany;49.294729;9.61617;5 km / 10 km / 21 km / 42 km;Imported from marathon.de running calendar.;https://www.ebmpapst-marathon.de/de/de/home.html;Sport Event Map verified event catalog;https://www.ebmpapst-marathon.de/de/de/home.html;unclear;high;;2026-06-02T00:00:00+00:00;2026-07-02T00:00:00+00:00;Generated fallback export 2026-08-26T16:23:33.120Z;https://www.marathon.de/logos/ebm-papst-marathon.jpg;110;14e044a5-8878-4922-89a0-39563113dfbd;2026;ebm-papst-marathon-2026;ebm-papst-marathon;;;;;unknown;scheduled;;;stale;2026-06-02T00:00:00+00:00;
EDITH LÜCKE-Frauenlauf TRIER;Running;20.09.2026;Rhineland-Palatinate;Germany;Trier, Rhineland-Palatinate, Germany, Germany;49.7596208;6.6441878;5 km;Der EDITH LÜCKE-Frauenlauf in Trier ist ein besonderer Lauf, der am 20. September 2026 seine sechste Auflage erlebt. Die 5 Kilometer lange Strecke führt als Sightseeing-Tour durch die römische Geschichte Triers mit Start vor den Kaiserthermen und einem krönenden Zieleinlauf im Amphitheater. Der Lauf richtet sich an Frauen und Mädchen ab zwölf Jahren und legt den Fokus auf die Freude an der Bewegung in Gemeinschaft, u;https://silvesterlauf.de/event/frauenlauf/;Sport Event Map verified event catalog;https://silvesterlauf.de/event/frauenlauf/;unclear;low;;2026-06-02T00:00:00+00:00;2026-08-31T00:00:00+00:00;Generated fallback export 2026-08-26T16:23:33.120Z;;368;772ddb3f-9428-4d37-8f1a-e78641b4a8a7;2026;edith-lucke-frauenlauf-trier-2026;edith-lucke-frauenlauf-trier;;;;;unknown;scheduled;;;verified;2026-06-02T00:00:00+00:00;
EDP Lisbon Marathon;Running;10.10.2026;Lisbon;Portugal;Cascais start area to Lisbon finish area;38.7008746;-9.417913;Marathon / Half Marathon / 8 km;Official Lisbon Marathon race weekend with the EDP Lisbon Marathon on 10 October 2026 and Half Marathon plus 8K on 11 October 2026.;https://maratonalisboa.com/;Sport Event Map verified event catalog;https://www.running-portugal.com/lisbon/marathon/en/home.html;unclear;high;;2026-06-05T00:00:00+00:00;2026-06-12T00:00:00+00:00;Generated fallback export 2026-08-26T16:23:33.120Z;;427;9bb213e6-c9a7-42b8-932a-27cdb5e319d3;2026;edp-lisbon-marathon-2026;edp-lisbon-marathon;;;;;unknown;scheduled;;;stale;2026-06-05T00:00:00+00:00;
EDP Porto Marathon;Running;08.11.2026;Porto;Portugal;Queimodromo, Parque da Cidade do Porto;41.1687;-8.6892;Marathon / 42.195 km / 10 km / 6 km;Official Porto marathon with marathon, 10 km and 6 km events.;https://www.porto-marathon.com/en/marathon.html;Sport Event Map verified event catalog;https://www.porto-marathon.com/en/registrations.html;unclear;high;;2026-06-05T00:00:00+00:00;2026-06-12T00:00:00+00:00;Generated fallback export 2026-08-26T16:23:33.120Z;;426;ac7ada35-bf4f-4777-bdf4-60c4de28ed5f;2026;edp-porto-marathon-2026;edp-porto-marathon;;;;;unknown;scheduled;;;stale;2026-06-05T00:00:00+00:00;
Ehriker Stadtmauerlauf mit 2. Ehriker Burg Ramstein Lauf;Running;30.08.2026;Rhineland-Palatinate;Germany;Ehrang, Trier, Rhineland-Palatinate, Germany, Germany;49.8185111;6.6848689;10 km;Der 6. Ehriker Stadtmauerlauf findet am 30. August 2026 in Ehrang statt und bietet Läufern ein abwechslungsreiches Programm mit verschiedenen Distanzen. Neu im Programm ist der 10km-Burg-Ramstein-Lauf, ein schattiger Landschaftslauf, der Teil des 4REGIO-CUP ist. Die 5km-Strecke führt durch das alte Dorf mit einer stimmungsvollen Stadtlaufatmosphäre auf vier Runden. Für Kinder gibt es spannende Jugendläufe und Bambini;https://citysport-trier.de/event/5-ehriker-stadtmauerlauf/;Sport Event Map verified event catalog;https://citysport-trier.de/event/5-ehriker-stadtmauerlauf/;unclear;low;;2026-06-02T00:00:00+00:00;2026-08-31T00:00:00+00:00;Generated fallback export 2026-08-26T16:23:33.120Z;;363;fe39658f-f95f-4596-ad18-b795f3fe55b0;2026;ehriker-stadtmauerlauf-mit-2-ehriker-burg-ramstein-lauf-2026;ehriker-stadtmauerlauf-mit-2-ehriker-burg-ramstein-lauf;;;;;unknown;scheduled;;;verified;2026-06-02T00:00:00+00:00;
Eilenriederennen Hannover;Running;30.08.2026;Hannover;Germany;Hannover, Germany;52.3744779;9.7385532;5 km / 10 km / 21 km;Imported from marathon.de running calendar. Source listing: https://www.marathon.de/laufevent/eilenriederennen-hannover/;https://www.eilenriederennen.de/;Sport Event Map verified event catalog;https://www.eilenriederennen.de/;unclear;low;;2026-06-02T00:00:00+00:00;2026-08-31T00:00:00+00:00;Generated fallback export 2026-08-26T16:23:33.120Z;https://www.marathon.de/kategorien/2232d51c55.jpg;93;b4345b4c-5eab-4ca3-ba03-f26dc4facff2;2026;eilenriederennen-hannover-2026;eilenriederennen-hannover;;;;;unknown;scheduled;;;verified;2026-06-02T00:00:00+00:00;
Eindhoven Marathon;Running;11.10.2026;Eindhoven;Netherlands;Eindhoven, Netherlands;51.4392648;5.478633;5 km / 10 km / 21 km / 42 km;Imported from marathon.de running calendar. Source listing: https://www.marathon.de/laufevent/eindhoven-marathon/;https://asmlmarathoneindhoven.nl/en/;Sport Event Map verified event catalog;https://asmlmarathoneindhoven.nl/en/;unclear;high;;2026-06-02T00:00:00+00:00;2026-07-02T00:00:00+00:00;Generated fallback export 2026-08-26T16:23:33.120Z;https://www.marathon.de/logos/eindhoven-marathon.jpg;129;45506002-fee3-4982-8196-35d3cbb0b291;2026;eindhoven-marathon-2026;eindhoven-marathon;;;;;unknown;scheduled;;;stale;2026-06-02T00:00:00+00:00;
Einstein Marathon;Running;27.09.2026;Ulm;Germany;Ulm, Germany;48.3984968;9.9912458;5 km / 10 km / 21 km / 42 km;Imported from marathon.de running calendar.;https://einsteinmarathon.de/;Sport Event Map verified event catalog;https://einsteinmarathon.de/;unclear;high;;2026-06-02T00:00:00+00:00;2026-07-02T00:00:00+00:00;Generated fallback export 2026-08-26T16:23:33.120Z;https://www.marathon.de/logos/einstein-marathon.jpg;123;4bcc25f6-c0d6-4b35-8d21-a7939a089eb5;2026;einstein-marathon-2026;einstein-marathon;;;;;unknown;scheduled;;;stale;2026-06-02T00:00:00+00:00;
Einstein-Marathon Ulm;Running;22.09.2026;Ulm;Germany;Ulm, Germany;48.3984968;9.9912458;10 km, Half Marathon, Marathon;Official endurance event in Ulm. Imported from verified staging batch.;http://www.einstein-marathon.de;Sport Event Map verified event catalog;http://www.einstein-marathon.de;unclear;medium;;2026-06-17T00:00:00+00:00;2026-08-28T08:53:36.325+00:00;Generated fallback export 2026-08-26T16:23:33.120Z;;476;e9a440de-0f28-4f58-982f-8e4573c8a10a;2026;einstein-marathon-ulm-2026;einstein-marathon-ulm;;;;;unknown;scheduled;;;verified;2026-06-17T00:00:00+00:00;
Eintracht MainSprint Triathlon - Neu-Isenburg;Triathlon;06.09.2026;Neu-Isenburg;Germany;Neu-Isenburg, Germany;50.0464196;8.6717748;Sprint Triathlon;Official endurance event in Neu-Isenburg. Imported from verified staging batch.;https://triathlon.eintracht.de/wettkaempfe/eintracht-mainsprint-triathlon/;Sport Event Map verified event catalog;https://running.life/de/termine/eintracht-mainsprint-triathlon;unclear;medium;;2026-06-18T00:00:00+00:00;2026-08-28T08:54:51.585+00:00;Generated fallback export 2026-08-26T16:23:33.120Z;;962;c9bbbbde-8410-49ac-a30f-8c21e9b7350b;2026;eintracht-mainsprint-triathlon-neu-isenburg-2026;eintracht-mainsprint-triathlon-neu-isenburg;;;;;unknown;scheduled;;;verified;2026-06-18T00:00:00+00:00;
Elbe-Triathlon Hamburg;Triathlon;30.08.2026;Hamburg;Germany;Hamburg, Germany;53.5501721;10.0013165;Triathlon;Official endurance event in Hamburg. Imported from verified staging batch.;https://www.elbetriathlon.de/;Sport Event Map verified event catalog;https://running.life/de/termine/elbe-triathlon;unclear;medium;;2026-06-18T00:00:00+00:00;2026-08-28T08:54:51.585+00:00;Generated fallback export 2026-08-26T16:23:33.120Z;;938;4e0b8aeb-92aa-4341-8fd8-38b292413984;2026;elbe-triathlon-hamburg-2026;elbe-triathlon-hamburg;;;;;unknown;scheduled;;;verified;2026-06-18T00:00:00+00:00;
Eltviller Familienlauf;Running;20.09.2026;Hesse;Germany;Eltville, Rheingau-Taunus-Kreis, Hesse, Germany, Germany;50.0274688;8.1189627;10 km;Der Eltviller Familienlauf am 20. September 2026 bietet verschiedene Laufstrecken für alle Altersgruppen, von Bambini bis zum 10-km-Lauf. Die Strecke führt überwiegend über gepflasterte Straßen mit flachem Kopfsteinpflaster und einem kurzen, leicht ansteigenden Abschnitt. Die Veranstaltung ist familienfreundlich und ermöglicht sowohl Einzel- als auch Team-Anmeldungen. Die Startunterlagen können am Vortag oder am Wett;https://www.eltville.de/freizeit-tourismus/kultur-veranstaltungen/feste-events/eltvillerfamilienlauf/;Sport Event Map verified event catalog;https://www.eltville.de/freizeit-tourismus/kultur-veranstaltungen/feste-events/eltvillerfamilienlauf/;unclear;low;;2026-06-02T00:00:00+00:00;2026-08-31T00:00:00+00:00;Generated fallback export 2026-08-26T16:23:33.120Z;;373;8260a468-e5b9-4974-84f9-8bef0ccc5a48;2026;eltviller-familienlauf-2026-2026;eltviller-familienlauf;;;;;unknown;scheduled;;;verified;2026-06-02T00:00:00+00:00;
Enni Triathlon Moers;Triathlon;06.06.2027;Moers;Germany;Moers, Germany;51.438;6.622;Triathlon;Region: Nordrhein-Westfalen Source listing: https://www.triathlondeutschland.de/aktive/wettkaempfe/veranstaltungskalender/06-2026/enni-triathlon-moers;https://www.enni-triathlon.de/;Sport Event Map verified event catalog;https://www.enni-triathlon.de/;unclear;medium;;2026-07-10T00:00:00+00:00;2026-08-10T00:00:00+00:00;Generated fallback export 2026-08-26T16:23:33.120Z;;173;5818f908-dd05-479c-b6f8-8c5f25550191;2027;enni-triathlon-moers-2027;enni-triathlon-moers;;;;;unknown;scheduled;;;stale;2026-07-10T00:00:00+00:00;
ENSINGER Laufcup;Running;17.10.2026;Vaihingen an der Enz;Germany;Vaihingen an der Enz, Baden-Württemberg, Germany, Germany;48.9321398;8.9568316;10 km, 5 km;Der Ensinger Laufcup am 17. Oktober 2026 bietet Läuferinnen und Läufern aller Altersklassen und Leistungsniveaus passende Distanzen in der schönen Region Vaihingen an der Enz. Die Veranstaltung umfasst verschiedene Läufe von Bambini bis hin zu anspruchsvollen Trailstrecken mit bis zu 24 Kilometern und bis zu 700 Höhenmetern. Die Läuferinnen und Läufer können die abwechslungsreiche Landschaft mit Asphalt, Schotterwege;https://ensinger-laufcup.de/;Sport Event Map verified event catalog;https://ensinger-laufcup.de/;unclear;low;;2026-06-02T00:00:00+00:00;2026-08-31T00:00:00+00:00;Generated fallback export 2026-08-26T16:23:33.120Z;;371;a306b2c8-31b4-4992-a1f0-b79915d34dd5;2026;ensinger-laufcup-2026;ensinger-laufcup;;;;;unknown;scheduled;;;verified;2026-06-02T00:00:00+00:00;
Erfurter Campuslauf;Running;12.05.2027;Erfurt;Germany;Erfurt, Germany;50.9777974;11.0287364;10 km;Official endurance event in Erfurt. Imported from verified staging batch.;https://www.uni-erfurt.de/universitaet/aktuelles/veranstaltungsreihen/campuslauf;Sport Event Map verified event catalog;https://www.uni-erfurt.de/universitaet/aktuelles/veranstaltungsreihen/campuslauf;unclear;medium;;2026-07-10T00:00:00+00:00;2026-08-10T00:00:00+00:00;Generated fallback export 2026-08-26T16:23:33.120Z;;803;cba0f664-38ea-4e3b-b77d-94fc0d329f2a;2027;erfurter-campuslauf-2027;erfurter-campuslauf;;;;;unknown;scheduled;;;stale;2026-07-10T00:00:00+00:00;
Erfurter Nachtlauf;Running;29.08.2026;Erfurt;Germany;Erfurt, Germany;50.9777974;11.0287364;5 km, 10 km, Half Marathon;Official endurance event in Erfurt. Imported from verified staging batch.;https://erfurter-laufnacht.de/;Sport Event Map verified event catalog;https://erfurter-laufnacht.de/;unclear;medium;;2026-06-17T00:00:00+00:00;2026-08-28T08:53:36.325+00:00;Generated fallback export 2026-08-26T16:23:33.120Z;;477;f8e5aa16-6a07-4df3-906e-27a668a95ac9;2026;erfurter-nachtlauf-2026;erfurter-nachtlauf;;;;;unknown;scheduled;;;verified;2026-06-17T00:00:00+00:00;
Eschathlon - Der Eschborner Halbmarathon;Running;13.06.2027;Eschborn;Germany;Eschborn, Germany;50.1504737;8.5607767;3 km / 10 km / 21 km;Imported from marathon.de running calendar. Source listing: https://www.marathon.de/laufevent/eschathlon/;https://www.eschathlon.de/;Sport Event Map verified event catalog;https://www.eschathlon.de/;unclear;medium;;2026-07-10T00:00:00+00:00;2026-08-10T00:00:00+00:00;Generated fallback export 2026-08-26T16:23:33.120Z;https://www.marathon.de/kategorien/2232d51c55.jpg;64;ffab9e45-12f5-48be-b509-17a7e6a0fa42;2027;eschathlon-der-eschborner-halbmarathon-2027;eschathlon-der-eschborner-halbmarathon;;;;;unknown;scheduled;;;stale;2026-07-10T00:00:00+00:00;
Estra Firenze Marathon;Running;29.11.2026;Florence;Italy;Piazza del Duomo, Florence;43.7731;11.2559;Marathon / 42.195 km;Official Florence marathon over 42.195 km.;https://www.firenzemarathon.it/en/marathon/;Sport Event Map verified event catalog;https://www.firenzemarathon.it/en/marathon-regulation/;unclear;high;;2026-06-05T00:00:00+00:00;2026-06-12T00:00:00+00:00;Generated fallback export 2026-08-26T16:23:33.120Z;;423;d643f154-f183-4989-8930-10a142117436;2026;estra-firenze-marathon-2026;estra-firenze-marathon;;;;;unknown;scheduled;;;stale;2026-06-05T00:00:00+00:00;
Falke Rothaarsteig Marathon;Running;17.10.2026;Fleckenberg;Germany;Fleckenberg, Germany;51.1325162;8.2623868;12 km / 21 km / 22 km / 42 km;Imported from marathon.de running calendar.;https://rothaarsteig-marathon.de/;Sport Event Map verified event catalog;https://rothaarsteig-marathon.de/;unclear;medium;;2026-06-02T00:00:00+00:00;2026-07-02T00:00:00+00:00;Generated fallback export 2026-08-26T16:23:33.120Z;https://www.marathon.de/kategorien/9df6b59342.jpg;150;583a0b79-21b0-4244-aad6-179dfb4fd355;2026;falke-rothaarsteig-marathon-2026;falke-rothaarsteig-marathon;;;;;unknown;scheduled;;;stale;2026-06-02T00:00:00+00:00;
Fehmarn Marathon;Running;05.09.2026;Fehmarn;Germany;Fehmarn, Germany;54.4685201;11.1342465;1.4 km, 5 km, 12 km, Half Marathon, Marathon;"Der Fehmarn-Marathon findet am 5. September 2026 am Sportplatz an der Inselschule in Fehmarn statt. Angeboten werden 1,4 km, 5 km, 12 km, Halbmarathon und Marathon; Online- und Vor-Ort-Nachmeldungen sind vorgesehen.";https://www.stgk.de/0/36.htm;Sport Event Map verified event catalog;https://fehmarn-marathon.de/;registration_open;low;;2026-08-26T16:20:03.086261+00:00;2026-09-02T16:20:03.086261+00:00;Generated fallback export 2026-08-26T16:23:33.120Z;https://www.marathon.de/kategorien/9df6b59342.jpg;103;7b783b66-d782-4336-b6d6-55557c33ed7c;2026;fehmarn-marathon-2026;fehmarn-marathon;;;;;registration_open;scheduled;;;verified;2026-08-26T16:20:03.086261+00:00;
fem.RUN Hannover;Running;25.09.2026;Hannover;Germany;Hannover, Germany;52.3744779;9.7385532;5 km, 10 km;Official endurance event in Hannover. Imported from verified staging batch.;https://www.femrun.de;Sport Event Map verified event catalog;https://www.femrun.de;unclear;medium;;2026-06-17T00:00:00+00:00;2026-08-28T08:53:36.325+00:00;Generated fallback export 2026-08-26T16:23:33.120Z;;478;cc4a334c-7a00-4392-b1c7-d996f3e1d25a;2026;fem-run-hannover-2026;fem-run-hannover;;;;;unknown;scheduled;;;verified;2026-06-17T00:00:00+00:00;
Filderstadt-Halbmarathon;Running;18.10.2026;Filderstadt;Germany;Filderstadt, Germany;48.6664;9.2199647;10 km / 21 km;Imported from marathon.de running calendar.;https://www.filderstadt-halbmarathon.de/;Sport Event Map verified event catalog;https://www.filderstadt-halbmarathon.de/;unclear;high;;2026-06-02T00:00:00+00:00;2026-07-02T00:00:00+00:00;Generated fallback export 2026-08-26T16:23:33.120Z;https://www.marathon.de/kategorien/2232d51c55.jpg;136;93bc4b36-b744-450a-a7cd-1862559c9e67;2026;filderstadt-halbmarathon-2026;filderstadt-halbmarathon;;;;;unknown;scheduled;;;stale;2026-06-02T00:00:00+00:00;
Firmenlauf Chemnitz;Running;02.09.2026;Chemnitz;Germany;Chemnitz, Germany;50.8323531;12.918914;5 km;Official endurance event in Chemnitz. Imported from verified staging batch.;https://www.firmenlauf-chemnitz.de/;Sport Event Map verified event catalog;https://www.firmenlauf-chemnitz.de/;unclear;medium;;2026-06-17T00:00:00+00:00;2026-08-28T08:53:36.325+00:00;Generated fallback export 2026-08-26T16:23:33.120Z;;479;bd48a6b4-95c8-4b7b-93c5-f01b4f2924c3;2026;firmenlauf-chemnitz-2026;firmenlauf-chemnitz;;;;;unknown;scheduled;;;verified;2026-06-17T00:00:00+00:00;
Firmenpuls Neuss;Running;08.09.2026;Neuss;Germany;Neuss, Germany;51.1981778;6.6916476;5 km;Official local running event in Neuss. Distances: 5 km. Discovered via Kilometerliebe and linked to the official event website.;https://www.firmenpuls.de/;Sport Event Map verified event catalog;https://www.firmenpuls.de/;unclear;low;;2026-06-02T00:00:00+00:00;2026-08-31T00:00:00+00:00;Generated fallback export 2026-08-26T16:23:33.120Z;;232;dc4349a2-09eb-4a31-bc57-b04a2129e1b2;2026;firmenpuls-neuss-2026;firmenpuls-neuss;;;;;unknown;scheduled;;;verified;2026-06-02T00:00:00+00:00;
Fleesenseelauf;Running;26.09.2026;Göhren-Lebbin;Germany;Göhren-Lebbin, Germany;53.4781976;12.510908;5 km, 10 km, Half Marathon;Official endurance event in Göhren-Lebbin. Imported from verified staging batch.;https://fleesensee-lauf.de/;Sport Event Map verified event catalog;https://fleesensee-lauf.de/;unclear;medium;;2026-06-17T00:00:00+00:00;2026-08-28T08:53:36.325+00:00;Generated fallback export 2026-08-26T16:23:33.120Z;;480;e1a74ab7-14a9-466a-9a04-a6e352e26120;2026;fleesenseelauf-2026;fleesenseelauf;;;;;unknown;scheduled;;;verified;2026-06-17T00:00:00+00:00;
Flensburg liebt dich Marathon;Running;06.09.2026;Flensburg;Germany;Flensburg, Germany;54.7833021;9.4333264;5 km / 10 km / 21 km / 42 km;Imported from marathon.de running calendar.;https://flensburg-marathon.de/;Sport Event Map verified event catalog;https://flensburg-marathon.de/;unclear;high;;2026-06-02T00:00:00+00:00;2026-07-02T00:00:00+00:00;Generated fallback export 2026-08-26T16:23:33.120Z;https://www.marathon.de/logos/flensburg-marathon.jpg;104;1e1bc561-08c7-4984-a2de-fb1b5c6ed320;2026;flensburg-liebt-dich-marathon-2026;flensburg-liebt-dich-marathon;;;;;unknown;scheduled;;;stale;2026-06-02T00:00:00+00:00;
Flörsheimer Lebenslauf;Running;29.08.2026;Hochtaunuskreis;Germany;Flörsheim am Main, Hochtaunuskreis, Hessen, Germany, Germany;50.0296;8.4265;10 km;"Der 15. Flörsheimer Lebenslauf am 29. August 2026 ist ein traditionsreicher Lauf, der an die Rettung von der Pest im Jahr 1666 erinnert. Die ca. 10 km lange Strecke führt in zwei Runden vom Mainufer über Eddersheim, den Stadtgarten und die Altstadt bis zum historischen Gallusplatz, dem Ziel. Das Motto ""Erinnern - Laufen - Danken"" spiegelt den religiösen und gemeinschaftlichen Charakter der Veranstaltung wider. Der Er";https://www.djk-floersheim.de/abteilungen/leichtathletik/lebenslauf-2026/;Sport Event Map verified event catalog;https://www.djk-floersheim.de/abteilungen/leichtathletik/lebenslauf-2026/;unclear;low;;2026-06-02T00:00:00+00:00;2026-08-31T00:00:00+00:00;Generated fallback export 2026-08-26T16:23:33.120Z;;375;ae44ffa7-576c-4610-a7b2-3bf881db5df9;2026;florsheimer-lebenslauf-2026;florsheimer-lebenslauf;;;;;unknown;scheduled;;;verified;2026-06-02T00:00:00+00:00;
Förderturmlauf - Essen;Running;17.09.2026;Essen;Germany;Essen, Germany;51.4582235;7.0158171;5 km;Official endurance event in Essen. Imported from verified staging batch.;https://foerderturmlauf.de/;Sport Event Map verified event catalog;https://running.life/de/termine/forderturmlauf;unclear;medium;;2026-08-04T12:07:46.838+00:00;2026-08-28T08:54:51.585+00:00;Generated fallback export 2026-08-26T16:23:33.120Z;;988;d95703f5-3e5e-45eb-8982-49e8351aa974;2026;forderturmlauf-essen-2026;forderturmlauf-essen;;;;;unknown;scheduled;;;verified;2026-08-04T12:07:46.838+00:00;
Fränkische Schweiz Marathon;Running;06.09.2026;Ebermannstadt;Germany;Ebermannstadt, Germany;49.7802113;11.1875112;10 km / 21 km / 42 km;Imported from marathon.de running calendar.;https://www.fs-marathon.de/;Sport Event Map verified event catalog;https://www.fs-marathon.de/;unclear;high;;2026-06-02T00:00:00+00:00;2026-07-02T00:00:00+00:00;Generated fallback export 2026-08-26T16:23:33.120Z;https://www.marathon.de/logos/fraenkische-schweiz-marathon.jpg;106;9005d398-fc3d-4634-985b-68ad9f8b43e9;2026;frankische-schweiz-marathon-2026;frankische-schweiz-marathon;;;;;unknown;scheduled;;;stale;2026-06-02T00:00:00+00:00;
Franklin Meilenlauf Mannheim;Running;11.10.2026;Mannheim;Germany;Mannheim, Germany;49.4892913;8.4673098;10 km, Half Marathon;Official local running event in Mannheim. Distances: 10 km, Half Marathon. Discovered via Kilometerliebe and linked to the official event website.;https://www.franklin-meilenlauf.de/;Sport Event Map verified event catalog;https://www.franklin-meilenlauf.de/;unclear;medium;;2026-06-02T00:00:00+00:00;2026-07-02T00:00:00+00:00;Generated fallback export 2026-08-26T16:23:33.120Z;;222;09a3c40b-624f-445b-bad3-d5522e6d35dc;2026;franklin-meilenlauf-mannheim-2026;franklin-meilenlauf-mannheim;;;;;unknown;scheduled;;;stale;2026-06-02T00:00:00+00:00;
Frauenfelder Marathon;Running;15.11.2026;Frauenfeld;Switzerland;Frauenfeld, Switzerland;47.5561915;8.8963347;21 km / 42 km;Imported from marathon.de running calendar. Source listing: https://www.marathon.de/laufevent/frauenfelder-marathon/;https://derfrauenfelder.ch/;Sport Event Map verified event catalog;https://derfrauenfelder.ch/;unclear;medium;;2026-06-02T00:00:00+00:00;2026-07-02T00:00:00+00:00;Generated fallback export 2026-08-26T16:23:33.120Z;https://www.marathon.de/logos/frauenfelder-marathon.jpg;156;97ae13cf-9469-4e9e-b171-f1915c761cd6;2026;frauenfelder-marathon-2026;frauenfelder-marathon;;;;;unknown;scheduled;;;stale;2026-06-02T00:00:00+00:00;
Frauenlauf Köln;Running;13.09.2026;Köln;Germany;Köln, Germany;50.938361;6.959974;5 km, 10 km;Official endurance event in Köln. Imported from verified staging batch.;https://www.koeln.de;Sport Event Map verified event catalog;https://www.koeln.de;unclear;medium;;2026-06-17T00:00:00+00:00;2026-08-28T08:53:36.325+00:00;Generated fallback export 2026-08-26T16:23:33.120Z;;481;231cbab3-98ad-48a5-ad97-251832beb771;2026;frauenlauf-koln-2026;frauenlauf-koln;;;;;unknown;scheduled;;;verified;2026-06-17T00:00:00+00:00;
Freiburger Laufveranstaltung - Freiburg (Elbe);Running;30.08.2026;Freiburg (Elbe);Germany;Freiburg (Elbe), Germany;53.825248;9.28872;5 km, 10 km, Half Marathon;Official endurance event in Freiburg (Elbe). Imported from verified staging batch.;https://www.mtv-freiburg.de/newpage;Sport Event Map verified event catalog;https://running.life/de/termine/lauf-mtv-freiburg;unclear;medium;;2026-06-18T00:00:00+00:00;2026-08-28T08:54:51.585+00:00;Generated fallback export 2026-08-26T16:23:33.120Z;;942;341a67fa-3287-4038-aded-6cb7c083a51f;2026;freiburger-laufveranstaltung-freiburg-elbe-2026;freiburger-laufveranstaltung-freiburg-elbe;;;;;unknown;scheduled;;;verified;2026-06-18T00:00:00+00:00;
Freimarktslauf Garrel;Running;19.09.2026;Garrel;Germany;Garrel, Germany;52.9554303;8.0225529;5 km, 10 km;Official endurance event in Garrel. Imported from verified staging batch.;https://freimarktslauf.de/;Sport Event Map verified event catalog;https://running.life/de/termine/freimarktslauf-garrel;unclear;medium;;2026-06-18T00:00:00+00:00;2026-08-28T08:54:51.585+00:00;Generated fallback export 2026-08-26T16:23:33.120Z;;998;732b7a3c-83e0-4596-934e-cdd3f0f9f4e8;2026;freimarktslauf-garrel-2026;freimarktslauf-garrel;;;;;unknown;scheduled;;;verified;2026-06-18T00:00:00+00:00;
Freudenstadt Grüntal 12h/24h Lauf (Herbst);Ultramarathon;03.10.2026;Freudenstadt-Grüntal;Germany;Freudenstadt-Grüntal, Germany;48.4796222;8.4683264;12h / 24h Ultramarathon;Official local running event in Freudenstadt-Grüntal. Distances: 12h / 24h Ultramarathon. Discovered via Kilometerliebe and linked to the official event website.;https://neckarlauf.com/geh-heim-lauf.html;Sport Event Map verified event catalog;https://neckarlauf.com/geh-heim-lauf.html;unclear;high;;2026-06-02T00:00:00+00:00;2026-07-02T00:00:00+00:00;Generated fallback export 2026-08-26T16:23:33.120Z;;208;1822446c-2a09-42c0-afdb-568459273cf0;2026;freudenstadt-gruntal-12h-24h-lauf-herbst-2026;freudenstadt-gruntal-12h-24h-lauf-herbst;;;;;unknown;scheduled;;;stale;2026-06-02T00:00:00+00:00;
Friedberger Halbmarathon;Running;13.09.2026;Friedberg i.Bayern;Germany;Friedberg i.Bayern, Germany;48.3551962;10.9786498;21 km;Imported from marathon.de running calendar. Source listing: https://www.marathon.de/laufevent/friedberger-halbmarathon/;https://www.halbmarathon-friedberg.de/;Sport Event Map verified event catalog;https://www.halbmarathon-friedberg.de/;unclear;medium;;2026-06-02T00:00:00+00:00;2026-07-02T00:00:00+00:00;Generated fallback export 2026-08-26T16:23:33.120Z;https://www.marathon.de/logos/friedberger-halbmarathon.jpg;109;42c43b74-cc37-4bcf-9198-e64ff32c9aa4;2026;friedberger-halbmarathon-2026;friedberger-halbmarathon;;;;;unknown;scheduled;;;stale;2026-06-02T00:00:00+00:00;
Friedrichshaller Runde;Running;26.09.2026;Bad Friedrichshall;Germany;Bad Friedrichshall, Baden-Württemberg, Germany, Germany;49.2280136;9.2101479;10 km;Die Friedrichshaller Runde ist eine traditionsreiche Laufveranstaltung in Bad Friedrichshall, die am 26. September 2026 stattfindet. Sie ist Teil des 3-Flüsse-Cups und bietet Läufern eine attraktive Strecke durch die reizvolle Landschaft der Region. Die Veranstaltung richtet sich an Laufbegeisterte aller Leistungsstufen und verbindet sportliche Herausforderung mit landschaftlichen Highlights. Die Organisation erfolgt;https://www.friedrichshall-tourismus.de/fuehrungen-veranstaltungen/veranstaltungen/friedrichshaller-runde.html;Sport Event Map verified event catalog;https://www.friedrichshall-tourismus.de/fuehrungen-veranstaltungen/veranstaltungen/friedrichshaller-runde.html;unclear;low;;2026-06-02T00:00:00+00:00;2026-08-31T00:00:00+00:00;Generated fallback export 2026-08-26T16:23:33.120Z;;379;abb2342d-cb58-481c-8183-74bae0fbf643;2026;friedrichshaller-runde-2026;friedrichshaller-runde;;;;;unknown;scheduled;;;verified;2026-06-02T00:00:00+00:00;
Friedrichstaler Waldlauf;Running;25.10.2026;Stutensee;Germany;Friedrichstal, Stutensee, Baden-Württemberg, Germany, Germany;49.1051892;8.477052;10 km;Der Friedrichstaler Waldlauf ist Teil des Stutensee-Cups und findet 2026 zum 11. Mal statt. Die Veranstaltung umfasst vier Wertungsläufe über 10 km, bei denen Läufer:innen automatisch in die Wertung kommen, wenn sie an mindestens drei Läufen teilnehmen. Die Strecke bietet eine attraktive Laufmöglichkeit im herbstlichen Friedrichstal und richtet sich an Läufer:innen aller Leistungsstufen. Im Anschluss an den letzten L;https://www.tv-friedrichstal.com/index.php?option=com_content&view=article&id=699&Itemid=357;Sport Event Map verified event catalog;https://www.tv-friedrichstal.com/index.php?option=com_content&view=article&id=699&Itemid=357;unclear;low;;2026-06-02T00:00:00+00:00;2026-08-31T00:00:00+00:00;Generated fallback export 2026-08-26T16:23:33.120Z;;381;30064df2-9009-4965-9119-f0d4e2ba962e;2026;friedrichstaler-waldlauf-2026;friedrichstaler-waldlauf;;;;;unknown;scheduled;;;verified;2026-06-02T00:00:00+00:00;
FSV-Lauf;Running;25.10.2026;Erlangen;Germany;Brucker Lache, Erlangen, Bavaria, Germany, Germany;49.5977469;11.0037372;10 km, 5 km;Der FSV-Lauf findet am 25. Oktober 2026 in der Brucker Lache in Erlangen statt und bietet Läufen für alle Altersgruppen von Bambinis bis zu Erwachsenen. Die Strecke ist ein relativ flacher Rundkurs von 5 km, der für den 10 km Lauf zweimal durchlaufen wird. Neben dem sportlichen Erlebnis steht auch das soziale Engagement im Vordergrund, da pro Teilnehmer 2 Euro an den Förderverein Erlanger Tafel gespendet werden. Für;https://fsvlauf.de/;Sport Event Map verified event catalog;https://fsvlauf.de/;unclear;low;;2026-06-02T00:00:00+00:00;2026-08-31T00:00:00+00:00;Generated fallback export 2026-08-26T16:23:33.120Z;;383;b87cbd32-1ffb-46e4-9721-a5c2a457e8d0;2026;fsv-lauf-2026;fsv-lauf;;;;;unknown;scheduled;;;verified;2026-06-02T00:00:00+00:00;
Fulda Marathon;Running;06.09.2026;Fulda;Germany;Fulda, Germany;50.5514658;9.6762161;5 km / 10 km / 21 km;Imported from marathon.de running calendar.;https://fulda-marathon.de/;Sport Event Map verified event catalog;https://fulda-marathon.de/;unclear;high;;2026-06-02T00:00:00+00:00;2026-07-02T00:00:00+00:00;Generated fallback export 2026-08-26T16:23:33.120Z;https://www.marathon.de/logos/fulda-marathon.jpg;128;1ff43a5a-a3ce-4c2c-8f91-8837a1d3452a;2026;fulda-marathon-2026;fulda-marathon;;;;;unknown;scheduled;;;stale;2026-06-02T00:00:00+00:00;
Fürst Carl Seenlandmarathon;Running;20.09.2026;Pleinfeld;Germany;Pleinfeld, Germany;49.1053751;10.98564;10 km, Half Marathon, Marathon;Official local running event in Pleinfeld. Distances: 10 km, Half Marathon, Marathon. Discovered via Kilometerliebe and linked to the official event website.;https://www.seenlandmarathon.de/;Sport Event Map verified event catalog;https://www.seenlandmarathon.de/;unclear;high;;2026-06-02T00:00:00+00:00;2026-07-02T00:00:00+00:00;Generated fallback export 2026-08-26T16:23:33.120Z;;224;01438725-bb3f-4ecd-9fce-4acba9cf1f1a;2026;furst-carl-seenlandmarathon-2026;furst-carl-seenlandmarathon;;;;;unknown;scheduled;;;stale;2026-06-02T00:00:00+00:00;
Future Run - Ausbildung in Bewegung;Running;18.09.2026;Buxtehude-Hedendorf;Germany;VSV Sportanlage, Feldstraße 50, 21614 Buxtehude, Germany;53.4718374;9.6154238;7 km, 5 km;Laufevent der IHK Elbe-Weser mit Strecken über 5 km und 7 km. Der Start findet auf der Sportanlage der VSV Hedendorf-Neukloster statt.;https://www.ihk.de/elbeweser/aus-und-weiterbildung/future-run;Sport Event Map verified event catalog;https://www.ihk.de/elbeweser/aus-und-weiterbildung/future-run;unclear;low;;2026-06-08T00:00:00+00:00;2026-09-08T00:00:00+00:00;Generated fallback export 2026-08-26T16:23:33.120Z;;385;549ea3d0-a669-416a-8766-10b446a8ff26;2026;future-run-ausbildung-in-bewegung-2026;future-run-ausbildung-in-bewegung;;;;;unknown;scheduled;;;verified;2026-06-08T00:00:00+00:00;
Generali Berlin Half Marathon;Running;04.04.2027;Berlin;Germany;Brandenburg Gate, Berlin;52.5163;13.3777;Half Marathon / 21.0975 km;The GENERALI BERLIN HALF MARATHON takes place on 4 April 2027 over 21.0975 km. The start is on Straße des 17. Juni between the Brandenburg Gate and Victory Column, with the finish at the Brandenburg Gate.;https://www.generali-berliner-halbmarathon.de/en/;Sport Event Map verified event catalog;https://www.generali-berliner-halbmarathon.de/en/your-race/race-day-for-participants;unclear;high;;2026-07-26T00:00:00+00:00;2026-08-02T00:00:00+00:00;Generated fallback export 2026-08-26T16:23:33.120Z;;429;c243bacc-1197-4bb2-a019-c7747026cf7b;2027;generali-berlin-half-marathon-2027;generali-berlin-half-marathon;;;;;unknown;scheduled;;;stale;2026-07-26T00:00:00+00:00;
Generali Genf Marathon;Running;08.05.2027;Genf;Switzerland;Genf, Switzerland;46.2017559;6.1466014;5 km / 10 km / 21 km / 42 km;Official endurance event in Genf. Imported from verified staging batch.;https://generaligenevemarathon.com/;Sport Event Map verified event catalog;https://generaligenevemarathon.com/;unclear;medium;;2026-06-17T00:00:00+00:00;2026-08-28T08:54:37.778+00:00;Generated fallback export 2026-08-26T16:23:33.120Z;;668;f788f709-be4f-4d52-8f2c-16e9a50fd85e;2027;generali-genf-marathon-2027;generali-genf-marathon;;;;;unknown;scheduled;;;verified;2026-06-17T00:00:00+00:00;
Generali Köln Marathon;Running;04.10.2026;Köln;Germany;L111, 50679 Köln;50.936742995562746;6.978251138557531;Half Marathon / Marathon / 42.195 km;Generali Köln Marathon official marathon and half marathon event.;https://generali-koeln-marathon.de/;Sport Event Map verified event catalog;https://generali-koeln-marathon.de/anmeldung/;unclear;high;;2026-06-03T00:00:00+00:00;2026-06-10T00:00:00+00:00;Generated fallback export 2026-08-26T16:23:33.120Z;;36;b4a4bbf7-1613-4c7f-827e-0b64bc21cd72;2026;generali-koln-marathon-2026;generali-koln-marathon;;;;;unknown;scheduled;;;stale;2026-06-03T00:00:00+00:00;
Gerhard-Hamann-Gedenklauf-Crosslauf - Krostitz;Running;30.08.2026;Krostitz;Germany;Krostitz, Germany;51.462961;12.4486969;5 km;Official endurance event in Krostitz. Imported from verified staging batch.;https://lac-krostitz.de/gerhard-hamann-gedenklauf-crosslauf/;Sport Event Map verified event catalog;https://running.life/de/termine/gerhard-hamann-gedenklauf-crosslauf;unclear;medium;;2026-06-18T00:00:00+00:00;2026-08-28T08:54:51.585+00:00;Generated fallback export 2026-08-26T16:23:33.120Z;;946;8b2f9cc4-c3c0-448b-a109-89e221706f2b;2026;gerhard-hamann-gedenklauf-crosslauf-krostitz-2026;gerhard-hamann-gedenklauf-crosslauf-krostitz;;;;;unknown;scheduled;;;verified;2026-06-18T00:00:00+00:00;
Gerolsteiner Helgoland Marathon;Running;22.05.2027;Helgoland;Germany;Helgoland, Germany;54.1820608;7.8876314;5 km / 42 km;Official endurance event in Helgoland. Imported from verified staging batch.;https://www.helgoland-marathon.com/;Sport Event Map verified event catalog;https://www.helgoland-marathon.com/;unclear;medium;;2026-06-17T00:00:00+00:00;2026-08-28T08:54:37.778+00:00;Generated fallback export 2026-08-26T16:23:33.120Z;;659;7121957e-a4bb-4739-adba-e6dd7220f04f;2027;gerolsteiner-helgoland-marathon-2027;gerolsteiner-helgoland-marathon;;;;;unknown;scheduled;;;verified;2026-06-17T00:00:00+00:00;
Gettingtough Oberhof;Running;26.06.2027;Oberhof;Germany;Oberhof, Germany;50.7073269;10.7244444;5 km, 10 km;Official endurance event in Oberhof. Imported from verified staging batch.;https://www.gettingtough-race.de/oberhof;Sport Event Map verified event catalog;https://www.gettingtough-race.de/oberhof;unclear;medium;;2026-07-10T00:00:00+00:00;2026-08-10T00:00:00+00:00;Generated fallback export 2026-08-26T16:23:33.120Z;;723;05ac4d4f-f458-4771-b78e-0539b7cd0c1b;2027;gettingtough-oberhof-2027;gettingtough-oberhof;;;;;unknown;scheduled;;;stale;2026-07-10T00:00:00+00:00;
GochNESS-TRIathlon;Triathlon;30.08.2026;Goch;Germany;Goch, Germany;51.6755765;6.1593045;Triathlon;Official endurance event in Goch. Imported from verified staging batch.;https://www.nesstri.de/;Sport Event Map verified event catalog;https://running.life/de/termine/gochness-triathlon;unclear;medium;;2026-06-18T00:00:00+00:00;2026-08-28T08:54:51.585+00:00;Generated fallback export 2026-08-26T16:23:33.120Z;;941;a13d4d3e-b31d-4787-a94c-64c1799bbf87;2026;gochness-triathlon-2026;gochness-triathlon;;;;;unknown;scheduled;;;verified;2026-06-18T00:00:00+00:00;
Gölitztallauf;Running;06.09.2026;Landkreis Zwickau;Germany;Marktgölitz, Landkreis Zwickau, Saxony, Germany, Germany;50.5559611;11.3363424;17.1 km;Der Gölitztallauf ist ein jährlich stattfindender Lauf in Marktgölitz, der am 6. September 2026 seine 44. Auflage feiert. Der Lauf ist in vier verschiedene Strecken unterteilt, darunter eine Kinderstrecke über 1 km. Die Veranstaltung zeichnet sich durch eine familiäre Atmosphäre aus und bietet Ehrungen in verschiedenen Altersklassen. Die Siegerehrungen finden zeitnah nach den Läufen statt, um die Wartezeit für die Te;https://sg.marktgoelitz.de/goelitztallauf/;Sport Event Map verified event catalog;https://sg.marktgoelitz.de/goelitztallauf/;unclear;low;;2026-06-02T00:00:00+00:00;2026-08-31T00:00:00+00:00;Generated fallback export 2026-08-26T16:23:33.120Z;;397;7bc20298-db5c-4266-be1f-3eeb944e7ec8;2026;golitztallauf-2026;golitztallauf;;;;;unknown;scheduled;;;verified;2026-06-02T00:00:00+00:00;
Gornergrat Zermatt Marathon;Ultramarathon;03.07.2027;St. Niklaus;Switzerland;St. Niklaus, Switzerland;46.177002;7.802516;21 km / 22 km / 42 km / 46 km;Imported from marathon.de running calendar. Source listing: https://www.marathon.de/laufevent/zermatt-marathon/;https://www.zermattmarathon.ch/de;Sport Event Map verified event catalog;https://www.zermattmarathon.ch/de;unclear;medium;;2026-07-10T00:00:00+00:00;2026-08-10T00:00:00+00:00;Generated fallback export 2026-08-26T16:23:33.120Z;https://www.marathon.de/logos/zermatt-marathon.jpg;77;c1844992-b52d-4ecc-b82b-3eace5cbfde8;2027;gornergrat-zermatt-marathon-2027;gornergrat-zermatt-marathon;;;;;unknown;scheduled;;;stale;2026-07-10T00:00:00+00:00;
Gosheimer Lemberglauf;Running;18.10.2026;Gosheim;Germany;Gosheim, Baden-Württemberg, Germany, Germany;48.1363107;8.7527322;10 km, 6.7 km;Der Gosheimer Lemberglauf ist ein traditionsreicher Lauf in Gosheim, Baden-Württemberg, der Teil des Silberdistel-Albcups ist. Die Strecke startet an der Kreissparkasse im Ortszentrum und führt zum Ziel auf dem Lemberg, mit einem Kleidertransport möglich. Der Lauf bietet verschiedene Distanzen, darunter Schüler- und Bambiniläufe sowie weitere Wettbewerbe, die zur Gesamt- und Vereinswertung des Cups zählen. Für alle T;http://www.silberdistel-albcup.de/html/body_gosheim.html;Sport Event Map verified event catalog;http://www.silberdistel-albcup.de/html/body_gosheim.html;unclear;low;;2026-06-02T00:00:00+00:00;2026-08-31T00:00:00+00:00;Generated fallback export 2026-08-26T16:23:33.120Z;;388;491da472-36f1-427f-8374-a7f589a86b2c;2026;gosheimer-lemberglauf-2026;gosheimer-lemberglauf;;;;;unknown;scheduled;;;verified;2026-06-02T00:00:00+00:00;
Grafschaftslauf;Running;30.08.2026;Rietberg;Germany;Gut Rietberg, Rietberg, North Rhine-Westphalia, Germany, Germany;51.97549;11.177138;28 km, 10 km;Der Grafschaftslauf verbindet die historischen Städte Rietberg, Verl und Schloß Holte-Stukenbrock und bietet Läufern eine abwechslungsreiche Strecke mit viel Geschichte und Atmosphäre. Gestartet wird am Gut Rietberg, vorbei an historischen Gebäuden und durch die Innenstadt, weiter entlang der Ems bis zum Gartenschaugelände. Die Strecke führt durch stimmungsvolle Orte mit mehreren Wechselpunkten für Staffelläufer und;https://www.grafschaftslauf.de/web/;Sport Event Map verified event catalog;https://www.grafschaftslauf.de/web/;unclear;low;;2026-06-02T00:00:00+00:00;2026-08-31T00:00:00+00:00;Generated fallback export 2026-08-26T16:23:33.120Z;;395;f9aaa3c6-bd42-425f-8261-8c17579206a7;2026;grafschaftslauf-2026;grafschaftslauf;;;;;unknown;scheduled;;;verified;2026-06-02T00:00:00+00:00;
Graz Marathon;Running;11.10.2026;Graz;Austria;Graz, Austria;47.0708678;15.4382786;10 km / 21 km / 42 km;Imported from marathon.de running calendar. Source listing: https://www.marathon.de/laufevent/graz-marathon/;https://www.grazmarathon.at/;Sport Event Map verified event catalog;https://www.grazmarathon.at/;unclear;medium;;2026-06-02T00:00:00+00:00;2026-07-02T00:00:00+00:00;Generated fallback export 2026-08-26T16:23:33.120Z;https://www.marathon.de/logos/graz-marathon.jpg;130;b914725e-896c-41df-a18b-9c9139d0be82;2026;graz-marathon-2026;graz-marathon;;;;;unknown;scheduled;;;stale;2026-06-02T00:00:00+00:00;
Gutenberg Halbmarathon Mainz;Running;09.05.2027;Mainz;Germany;Mainz, Germany;49.9995205;8.2736253;10 km / 21 km;Official endurance event in Mainz. Imported from verified staging batch.;https://www.halbmarathon-mainz.de/;Sport Event Map verified event catalog;https://www.halbmarathon-mainz.de/;unclear;medium;;2026-06-17T00:00:00+00:00;2026-08-28T08:54:37.778+00:00;Generated fallback export 2026-08-26T16:23:33.120Z;;658;7d4e192d-1768-4e43-968f-bff888d6a2b3;2027;gutenberg-halbmarathon-mainz-2027;gutenberg-halbmarathon-mainz;;;;;unknown;scheduled;;;verified;2026-06-17T00:00:00+00:00;
GutsMuths Rennsteiglauf;Ultramarathon;22.05.2027;Schmiedefeld;Germany;Schmiedefeld, Germany;50.5333;11.2167;17 km / 21 km / 42 km / 74 km;Imported from marathon.de running calendar. Source listing: https://www.marathon.de/laufevent/gutsmuths-rennsteiglauf/;https://www.rennsteiglauf.de/;Sport Event Map verified event catalog;https://www.rennsteiglauf.de/;unclear;medium;;2026-06-02T00:00:00+00:00;2026-07-02T00:00:00+00:00;Generated fallback export 2026-08-26T16:23:33.120Z;https://www.marathon.de/logos/gutsmuths-rennsteiglauf.jpg;43;55ab678e-ece9-4a93-8504-85a1156af764;2027;gutsmuths-rennsteiglauf-2027;gutsmuths-rennsteiglauf;;;;;unknown;scheduled;;;stale;2026-06-02T00:00:00+00:00;
H/21 Halbmarathon;Running;11.10.2026;Hannover;Germany;Hannover, Lower Saxony, Germany, Germany;52.3744779;9.7385532;Halbmarathon;Der H/21 Halbmarathon Hannover ist ein neues Laufevent im nationalen Veranstaltungskalender, das urbanes Flair, moderne Beats und grüne Streckenabschnitte verbindet. Start und Ziel liegen in der City von Hannover, und die Route führt entlang markanter Hotspots durch die Landeshauptstadt. Das Event findet im Herbst statt und bietet ein besonderes Lauferlebnis in einer lebendigen Stadtumgebung. Sei beim Prolog dabei, w;https://www.halbmarathon-hannover.de/;Sport Event Map verified event catalog;https://www.halbmarathon-hannover.de/;unclear;high;;2026-06-02T00:00:00+00:00;2026-07-02T00:00:00+00:00;Generated fallback export 2026-08-26T16:23:33.120Z;;401;b3fd2af0-0e60-4586-8a9f-5caee5ac309f;2026;h-21-halbmarathon-2026;h-21-halbmarathon;;;;;unknown;scheduled;;;stale;2026-06-02T00:00:00+00:00;
Hachenburg Löwen Marathon;Running;17.10.2026;Hachenburg;Germany;Hachenburg, Germany;50.6627538;7.8253173;6 km / 11 km / 21 km;Imported from marathon.de running calendar. Source listing: https://www.marathon.de/laufevent/hachenburg-loewen-marathon/;https://www.loewenlauf-hachenburg.de/;Sport Event Map verified event catalog;https://www.loewenlauf-hachenburg.de/;unclear;medium;;2026-06-02T00:00:00+00:00;2026-07-02T00:00:00+00:00;Generated fallback export 2026-08-26T16:23:33.120Z;https://www.marathon.de/kategorien/2232d51c55.jpg;133;1686f9cc-603d-4d17-b7ac-121eef3c2548;2026;hachenburg-lowen-marathon-2026;hachenburg-lowen-marathon;;;;;unknown;scheduled;;;stale;2026-06-02T00:00:00+00:00;
Hahner Kitzenhauslauf;Running;13.06.2027;Aachen;Germany;Hahn, Aachen, North Rhine-Westphalia, Germany, Germany;50.7107143;6.1978317;Halbmarathon;Der Hahner Kitzenhauslauf ist eine beliebte Laufveranstaltung im Dreiländereck Deutschland, Belgium und Niederlande. Die naturnahen, hügeligen und abwechslungsreichen Strecken im Aachener Süden bieten Läufern ein anspruchsvolles und landschaftlich reizvolles Erlebnis. Die Veranstaltung hat eine lange Tradition und zieht Läufer aus der Region und darüber hinaus an. Sie ist bekannt für ihre familiäre Atmosphäre und die;https://indehahn.de/;Sport Event Map verified event catalog;https://indehahn.de/;unclear;medium;;2026-07-10T00:00:00+00:00;2026-08-10T00:00:00+00:00;Generated fallback export 2026-08-26T16:23:33.120Z;;406;6343df1b-e752-4e5c-bc40-db3064517218;2027;hahner-kitzenhauslauf-2027;hahner-kitzenhauslauf;;;;;unknown;scheduled;;;stale;2026-07-10T00:00:00+00:00;
Halbmarathon Altötting;Running;20.09.2026;Altötting;Germany;Altötting, Germany;48.2268085;12.6757914;6 km / 21 km;Imported from marathon.de running calendar.;https://www.halbmarathon.de/;Sport Event Map verified event catalog;https://www.halbmarathon.de/;unclear;high;;2026-06-02T00:00:00+00:00;2026-07-02T00:00:00+00:00;Generated fallback export 2026-08-26T16:23:33.120Z;https://www.marathon.de/logos/halbmarathon-altoetting.jpg;124;9459ccfc-b7c4-49a7-ae0c-2d424df15576;2026;halbmarathon-altotting-2026;halbmarathon-altotting;;;;;unknown;scheduled;;;stale;2026-06-02T00:00:00+00:00;
Halloween-Run Bremen;Running;31.10.2026;Bremen;Germany;Bremen, Germany;53.0758196;8.8071646;10 km, Marathon;Official endurance event in Bremen. Imported from verified staging batch.;https://halloween-run-bremen.de/;Sport Event Map verified event catalog;https://halloween-run-bremen.de/;unclear;medium;;2026-06-17T00:00:00+00:00;2026-08-28T08:53:36.325+00:00;Generated fallback export 2026-08-26T16:23:33.120Z;;482;ae24f225-a1a5-40a5-bf8b-b7bccd677036;2026;halloween-run-bremen-2026;halloween-run-bremen;;;;;unknown;scheduled;;;verified;2026-06-17T00:00:00+00:00;
Harzgeröder Klippenlauf;Running;06.06.2027;Saxony-Anhalt;Germany;Harzgerode, Harz, Saxony-Anhalt, Germany, Germany;51.6381169;11.1465703;Halbmarathon, 15 km, 5 km;Der Harzgeröder Klippenlauf am 7. Juni 2026 ist ein vielseitiger Volks- und Crosslauf im Unterharz, der für Läufer aller Leistungsstufen geeignet ist. Angeboten werden Strecken von 1 km für Kinder bis hin zum anspruchsvollen Halbmarathon mit 21,1 km und 450 Höhenmetern. Die Läufe führen durch das Selketal entlang des Selketalstiegs, vorbei an den Ortsteilen Mägdesprung und Alexisbad, mit felsigen Abschnitten, schmale;https://www.klippenlauf.de/;Sport Event Map verified event catalog;https://www.klippenlauf.de/;unclear;medium;;2026-07-10T00:00:00+00:00;2026-08-10T00:00:00+00:00;Generated fallback export 2026-08-26T16:23:33.120Z;;403;7d821160-2dc9-4c6f-961d-fc3e68822835;2027;harzgeroder-klippenlauf-2027;harzgeroder-klippenlauf;;;;;unknown;scheduled;;;stale;2026-07-10T00:00:00+00:00;
Haspa Halbmarathon Hamburg;Running;25.04.2027;Hamburg;Germany;Hamburg, Germany;53.5501721;10.0013165;Half Marathon;Official local running event in Hamburg. Distances: Half Marathon. Discovered via Kilometerliebe and linked to the official event website.;https://haspa-marathon-hamburg.de/halbmarathon/;Sport Event Map verified event catalog;https://haspa-marathon-hamburg.de/halbmarathon/;unclear;medium;;2026-06-02T00:00:00+00:00;2026-07-02T00:00:00+00:00;Generated fallback export 2026-08-26T16:23:33.120Z;;225;a846298a-1ba9-4f1c-82c9-0a349e9cba9c;2027;haspa-halbmarathon-hamburg-2027;haspa-halbmarathon-hamburg;;;;;unknown;scheduled;;;stale;2026-06-02T00:00:00+00:00;
Haspa Marathon Hamburg;Running;25.04.2027;Hamburg;Germany;Karolinenstraße / Hamburg Messe, Hamburg;53.557504;9.975498;Marathon / 42.195 km;Hamburg marathon. Official race info confirms the 41st edition on 25 April 2027.;https://haspa-marathon-hamburg.de/;Sport Event Map verified event catalog;https://haspa-marathon-hamburg.de/en/race-info-marathon/;unclear;high;;2026-06-03T00:00:00+00:00;2026-06-10T00:00:00+00:00;Generated fallback export 2026-08-26T16:23:33.120Z;;38;c579ce10-aa55-4cd5-b539-df98614984e2;2027;haspa-marathon-hamburg-2027;haspa-marathon-hamburg;;;;;unknown;scheduled;;;stale;2026-06-03T00:00:00+00:00;
Heidener Teufelslauf;Running;19.09.2026;Heiden;Germany;Heiden, Germany;51.8265212;6.9340589;5 km, 10 km;Official endurance event in Heiden. Imported from verified staging batch.;https://www.teufelslauf-heiden.de;Sport Event Map verified event catalog;https://running.life/de/termine/heidener-teufelslauf;unclear;medium;;2026-06-18T00:00:00+00:00;2026-08-28T08:54:51.585+00:00;Generated fallback export 2026-08-26T16:23:33.120Z;;1004;5b36bec7-649c-4e9e-a1d8-def032e4fb53;2026;heidener-teufelslauf-2026;heidener-teufelslauf;;;;;unknown;scheduled;;;verified;2026-06-18T00:00:00+00:00;
Heidenheimer Sparkassen-Stadtlauf;Running;13.06.2027;Heidenheim;Germany;Heidenheim, Germany;48.6767637;10.152923;5 km / 10 km / 21 km;Imported from marathon.de running calendar. Source listing: https://www.marathon.de/laufevent/heidenheimer-sparkassen-stadtlauf/;https://heidenheimer-stadtlauf.de/;Sport Event Map verified event catalog;https://heidenheimer-stadtlauf.de/;unclear;low;;2026-07-10T00:00:00+00:00;2026-08-10T00:00:00+00:00;Generated fallback export 2026-08-26T16:23:33.120Z;https://www.marathon.de/kategorien/2232d51c55.jpg;62;ee0510d1-94c9-44f3-8315-d56177312c8b;2027;heidenheimer-sparkassen-stadtlauf-2027;heidenheimer-sparkassen-stadtlauf;;;;;unknown;scheduled;;;stale;2026-07-10T00:00:00+00:00;
Herbrand Niederrhein Triathlon N3T;Triathlon;27.06.2027;Kalkar;Germany;Kalkar, Germany;51.758;6.292;Triathlon;Official endurance event in Kalkar. Imported from verified staging batch.;https://www.niederrhein-triathlon.de/;Sport Event Map verified event catalog;https://www.niederrhein-triathlon.de/;unclear;high;;2026-07-10T00:00:00+00:00;2026-08-10T00:00:00+00:00;Generated fallback export 2026-08-26T16:23:33.120Z;;551;7a444855-9325-4c87-84f0-47f30be9c6d9;2027;herbrand-niederrhein-triathlon-n3t-2027;herbrand-niederrhein-triathlon-n3t;;;;;unknown;scheduled;;;stale;2026-07-10T00:00:00+00:00;
Herbstkammlauf - Klingenthal;Running;13.09.2026;Klingenthal;Germany;Klingenthal, Germany;50.3581046;12.4678923;5 km, 10 km;Official endurance event in Klingenthal. Imported from verified staging batch.;https://vsc-klingenthal.de/veranstaltungen/36-herbstkammlauf-2-copy/;Sport Event Map verified event catalog;https://running.life/de/termine/herbstkammlauf;unclear;medium;;2026-08-04T12:07:33.04+00:00;2026-08-28T08:54:51.585+00:00;Generated fallback export 2026-08-26T16:23:33.120Z;;987;d95e07a9-6519-4e69-94d9-e427c7051e25;2026;herbstkammlauf-klingenthal-2026;herbstkammlauf-klingenthal;;;;;unknown;scheduled;;;verified;2026-08-04T12:07:33.04+00:00;
Herbstlauf;Running;26.09.2026;Ötigheim;Germany;Ötigheim, Baden-Württemberg, Germany, Germany;48.8874936;8.2405486;10 km, 5 km;Der 49. Ötigheimer Herbstlauf am 26. September 2026 lädt Laufbegeisterte aller Leistungsstufen herzlich ein. Ob Anfänger oder ambitionierter Läufer, der Spaß an der Bewegung steht im Vordergrund. Angeboten werden Kinder- und Schülerläufe sowie Hauptläufe über 5 km und 10 km, die amtlich vermessen sind. Die 10 km Strecke führt über zwei Runden durch den Ötigheimer Wald und verspricht eine schöne herbstliche Laufatmosp;https://www.tgoetigheim.de/veranstaltungen/herbstlauf/;Sport Event Map verified event catalog;https://www.tgoetigheim.de/veranstaltungen/herbstlauf/;unclear;low;;2026-06-02T00:00:00+00:00;2026-08-31T00:00:00+00:00;Generated fallback export 2026-08-26T16:23:33.120Z;;416;04fee4a7-8ee9-4819-b3c9-50482869ca3a;2026;herbstlauf-2026;herbstlauf;;;;;unknown;scheduled;;;verified;2026-06-02T00:00:00+00:00;
Herbstlauf der DJK Feudenheim;Running;17.10.2026;Mannheim;Germany;Mannheim-Feudenheim, Mannheim, Baden-Württemberg, Germany, Germany;49.4892913;8.4673098;Halbmarathon, 10 km, 5 km;Der Herbstlauf der DJK Feudenheim ist eine traditionsreiche Laufveranstaltung in Mannheim-Feudenheim, die am 17. Oktober 2026 zum 35. Mal stattfindet. Der Hauptlauf umfasst eine 10-km-Strecke, die in drei Runden zu absolvieren ist, mit einer Zeitbegrenzung von 90 Minuten. Neben dem Hauptlauf gibt es auch einen Jedermannlauf sowie weitere Läufe für Schüler, Bambini und Inklusion. Die Veranstaltung bietet eine familiär;https://djk-feudenheim.de/Herbstlauf/;Sport Event Map verified event catalog;https://djk-feudenheim.de/Herbstlauf/;unclear;high;;2026-06-02T00:00:00+00:00;2026-07-02T00:00:00+00:00;Generated fallback export 2026-08-26T16:23:33.120Z;;414;dbd7cadb-e3c0-4103-a24d-b8d3402e9a64;2026;herbstlauf-der-djk-feudenheim-2026;herbstlauf-der-djk-feudenheim;;;;;unknown;scheduled;;;stale;2026-06-02T00:00:00+00:00;
Herbstlauf Ready4Run Niederwangen;Running;04.10.2026;Wangen im Allgäu;Germany;Wangen im Allgäu, Baden-Württemberg, Germany, Germany;47.6856552;9.8342247;10 km, 5 km;Der Herbstlauf Niederwangen findet jährlich am 4. Oktober 2026 statt und ist Teil des Voralpen VBAO Cups. Der Lauf bietet eine Viertelmarathon-Distanz und ist bekannt für seine attraktive Cupwertung, bei der die Gesamtsiegerehrung beim Herbstlauf erfolgt. Die Veranstaltung richtet sich an Läufer aller Leistungsstufen und ist ein fester Bestandteil der regionalen Laufveranstaltungen.;https://www.sg-niederwangen.de/events/standard-titel/herbstlauf/;Sport Event Map verified event catalog;https://www.sg-niederwangen.de/events/standard-titel/herbstlauf/;unclear;low;;2026-06-02T00:00:00+00:00;2026-08-31T00:00:00+00:00;Generated fallback export 2026-08-26T16:23:33.120Z;;409;0eafd92e-7472-4f60-9f8f-72be8dcea3cf;2026;herbstlauf-ready4run-niederwangen-2026;herbstlauf-ready4run-niederwangen;;;;;unknown;scheduled;;;verified;2026-06-02T00:00:00+00:00;
Herbstwaldlauf des Ski-Club Fretter - Finnentrop;Running;05.09.2026;Finnentrop;Germany;Finnentrop, Germany;51.1729173;7.9724578;10 km, Half Marathon;Official endurance event in Finnentrop. Imported from verified staging batch.;https://www.lac-veltins-hochsauerland.de/de/veranstaltungen/termine/62-Herbstwaldlauf.php?splitId=3&from=2026-09-05%2014%3A30%3A00&to=2026-09-05%2016%3A00%3A00;Sport Event Map verified event catalog;https://running.life/de/termine/herbstwaldlauf-des-ski-club-fretter;unclear;medium;;2026-06-18T00:00:00+00:00;2026-08-28T09:02:01.446+00:00;Generated fallback export 2026-08-26T16:23:33.120Z;;956;72cd780b-878b-4431-acce-c6bb1a990b5b;2026;herbstwaldlauf-des-ski-club-fretter-finnentrop-2026;herbstwaldlauf-des-ski-club-fretter-finnentrop;;;;;unknown;scheduled;;;verified;2026-06-18T00:00:00+00:00;
Hermannslauf Bielefeld;Trail Running;25.04.2027;Detmold;Germany;Hermannsdenkmal, 32760 Detmold, Germany;51.9111;8.8391;31.1 km;The 55th Hermannslauf takes place on 25 April 2027 over 31.1 km from the Hermannsdenkmal near Detmold to Bielefeld through the Teutoburg Forest.;https://hermannslauf.de/;Sport Event Map verified event catalog;https://hermannslauf.de/;unclear;high;;2026-07-26T00:00:00+00:00;2026-08-26T00:00:00+00:00;Generated fallback export 2026-08-26T16:23:33.120Z;;1007;16ccf717-df09-4d19-8087-014b375f78f6;2027;hermannslauf-bielefeld-2027;hermannslauf-bielefeld;;;;;unknown;scheduled;;;source_unreachable;2026-07-26T00:00:00+00:00;
Herner St. Martini City-Lauf;Running;27.09.2026;Herne;Germany;Herne, North Rhine-Westphalia, Germany, Germany;51.5380394;7.219985;Marathon, Halbmarathon, 5 km;Der Herner St. Martini City-Lauf findet am 27. September 2026 auf dem Boulevard Bahnhofstraße in Herne statt. Die Veranstaltung bietet verschiedene Läufe für alle Altersklassen, von Bambini bis zu Erwachsenen, mit Streckenlängen von ca. 400 m bis 5 km. Die Laufstrecken sind amtlich vermessen und werden unter offizieller Aufsicht durchgeführt. Die Zeitnahme erfolgt elektronisch per easychip, und alle Teilnehmer erhalt;https://www.martinilauf-herne.de/;Sport Event Map verified event catalog;https://www.martinilauf-herne.de/;unclear;medium;;2026-06-02T00:00:00+00:00;2026-07-02T00:00:00+00:00;Generated fallback export 2026-08-26T16:23:33.120Z;;408;746047a2-dafa-48a7-aeb0-7cf9976ebd9b;2026;herner-st-martini-city-lauf-2026;herner-st-martini-city-lauf;;;;;unknown;scheduled;;;stale;2026-06-02T00:00:00+00:00;
Himmelswegelauf;Running;12.06.2027;Nebra;Germany;Nebra, Germany;51.2873083;11.5787877;10 km / 21 km / 42 km;Imported from marathon.de running calendar. Source listing: https://www.marathon.de/laufevent/himmelswegelauf/;https://www.himmelswegelauf.de/;Sport Event Map verified event catalog;https://www.himmelswegelauf.de/;unclear;low;;2026-07-10T00:00:00+00:00;2026-08-10T00:00:00+00:00;Generated fallback export 2026-08-26T16:23:33.120Z;https://www.marathon.de/kategorien/9df6b59342.jpg;59;9920940b-6fa0-4ae9-a5d7-ae355f942122;2027;himmelswegelauf-2027;himmelswegelauf;;;;;unknown;scheduled;;;stale;2026-07-10T00:00:00+00:00;
Hochhausmarathon Köln;Running;19.09.2026;Köln;Germany;Köln, Germany;50.938361;6.959974;Marathon;Official endurance event in Köln. Imported from verified staging batch.;https://hochhausmarathon-koeln.de/;Sport Event Map verified event catalog;https://running.life/de/termine/hochhausmarathon-in-koln-chorweiler;unclear;medium;;2026-06-18T00:00:00+00:00;2026-08-28T08:54:51.585+00:00;Generated fallback export 2026-08-26T16:23:33.120Z;;991;2502b968-c583-4b2d-ba86-16b2eea21e59;2026;hochhausmarathon-koln-2026;hochhausmarathon-koln;;;;;unknown;scheduled;;;verified;2026-06-18T00:00:00+00:00;
Hochheimer Weinbergslauf - Hochheim am Main;Running;06.09.2026;Hochheim am Main;Germany;Hochheim am Main, Germany;50.0277;8.3587;Half Marathon;Official endurance event in Hochheim am Main. Imported from verified staging batch.;https://www.weinbergslauf-hochheim.de/;Sport Event Map verified event catalog;https://running.life/de/termine/hochheimer-weinbergslauf;unclear;medium;;2026-06-18T00:00:00+00:00;2026-08-28T08:54:51.585+00:00;Generated fallback export 2026-08-26T16:23:33.120Z;;960;86150f46-e78c-414a-9e21-5ae380c000f3;2026;hochheimer-weinbergslauf-hochheim-am-main-2026;hochheimer-weinbergslauf-hochheim-am-main;;;;;unknown;scheduled;;;verified;2026-06-18T00:00:00+00:00;
Hockenheimringlauf;Running;01.11.2026;Hockenheim;Germany;Hockenheimring, Hockenheim, Baden-Württemberg, Germany, Germany;49.3297989;8.5763;10 km, 5 km;Der Hockenheimringlauf 2026 bietet Läufern aller Leistungsstufen ein einzigartiges Erlebnis auf einer der legendärsten Rennstrecken der Welt. Die flache Asphaltstrecke mit weiten Kurven und der Atmosphäre der Formel 1 macht den Lauf zu einem besonderen Event für Profi- und Hobbyläufer. Neben spannenden Wettkämpfen für Kinder und Erwachsene erwartet die Teilnehmer eine freundliche und motivierende Atmosphäre mit Verpf;https://www.asgtria-hockenheim.de/Hockenheimringlauf/;Sport Event Map verified event catalog;https://www.asgtria-hockenheim.de/Hockenheimringlauf/;unclear;low;;2026-06-02T00:00:00+00:00;2026-08-31T00:00:00+00:00;Generated fallback export 2026-08-26T16:23:33.120Z;;412;c5197b50-b87e-4d2c-832f-975eef0312f3;2026;hockenheimringlauf-2026;hockenheimringlauf;;;;;unknown;scheduled;;;verified;2026-06-02T00:00:00+00:00;
Hofheimer Volkslauf;Running;26.09.2026;Hesse;Germany;Sportpark Hofheim, Lampertheim-Hofheim, Hesse, Germany, Germany;50.983985;10.308904;10 km, 5 km;Der Hofheimer Volkslauf ist eine traditionsreiche Laufveranstaltung, die am 26. September 2026 im Sportpark Hofheim in Lampertheim-Hofheim stattfindet. Der Lauf wird vom Turnverein 1896 Hofheim im Ried e.V. organisiert und bietet Läufern aller Altersklassen eine freundliche und familiäre Atmosphäre. Die Veranstaltung ist bekannt für ihre gute Organisation und die Möglichkeit, sich sportlich zu betätigen und Gemeinsch;https://tv1896hofheim.de/hofheimer-volkslauf/;Sport Event Map verified event catalog;https://tv1896hofheim.de/hofheimer-volkslauf/;unclear;low;;2026-06-02T00:00:00+00:00;2026-08-31T00:00:00+00:00;Generated fallback export 2026-08-26T16:23:33.120Z;;417;40569611-95e1-4c83-bf4e-0ed9dc2839ec;2026;hofheimer-volkslauf-2026;hofheimer-volkslauf;;;;;unknown;scheduled;;;verified;2026-06-02T00:00:00+00:00;
Hofmühl-Volksfest Halbmarathon;Running;30.08.2026;Eichstätt;Germany;Eichstätt, Germany;48.8863328;11.1989396;Half Marathon;Official endurance event in Eichstätt. Imported from verified staging batch.;https://www.sv-marienstein.de;Sport Event Map verified event catalog;https://www.sv-marienstein.de;unclear;medium;;2026-06-17T00:00:00+00:00;2026-08-28T08:53:36.325+00:00;Generated fallback export 2026-08-26T16:23:33.120Z;;487;14ab95ad-9f4a-43f7-8893-c24f11a6ae0e;2026;hofmuhl-volksfest-halbmarathon-2026;hofmuhl-volksfest-halbmarathon;;;;;unknown;scheduled;;;verified;2026-06-17T00:00:00+00:00;
Hohenlockstedter Pellkartoffellauf;Running;26.09.2026;Hohenlockstedt;Germany;Pohl-Boskamp Gelände, Hohenlockstedt, Schleswig-Holstein, Germany, Germany;53.9667;9.61667;10 km, 5 km;Der Hohenlockstedter Pellkartoffellauf ist ein traditionsreiches Laufevent, das seit 2002 jährlich auf dem Pohl-Boskamp Gelände stattfindet. Mit Streckenlängen von 2,8 km, 5 km und 10 km bietet der Lauf sowohl Anfängern als auch erfahrenen Läufern eine passende Herausforderung. Besonders familienfreundlich gestaltet sich das Event durch spezielle Bambini-Läufe für Kinder und ein abwechslungsreiches Rahmenprogramm mit;https://www.pellkartoffellauf.de/;Sport Event Map verified event catalog;https://www.pellkartoffellauf.de/;unclear;low;;2026-06-02T00:00:00+00:00;2026-08-31T00:00:00+00:00;Generated fallback export 2026-08-26T16:23:33.120Z;;418;6bd198c8-0dde-4527-aa9a-88066d158177;2026;hohenlockstedter-pellkartoffellauf-2026;hohenlockstedter-pellkartoffellauf;;;;;unknown;scheduled;;;verified;2026-06-02T00:00:00+00:00;
Hohner See Lauf;Running;30.06.2027;Hohn;Germany;Hohn, Germany;54.298156;9.5063907;10 km;Official endurance event in Hohn. Imported from verified staging batch.;https://www.hohner-see-lauf.de/;Sport Event Map verified event catalog;https://www.hohner-see-lauf.de/;unclear;medium;;2026-07-10T00:00:00+00:00;2026-08-10T00:00:00+00:00;Generated fallback export 2026-08-26T16:23:33.120Z;;824;b915c6e7-737e-473d-b9e4-bdc8992b859b;2027;hohner-see-lauf-2027;hohner-see-lauf;;;;;unknown;scheduled;;;stale;2026-07-10T00:00:00+00:00;
Höinger Heidelauf - Ense;Running;04.09.2026;Ense;Germany;Ense, Germany;51.502011;7.9722118;5 km, 10 km, Half Marathon;Official endurance event in Ense. Imported from verified staging batch.;https://www.hoeinger-sv.de/heidelauf/;Sport Event Map verified event catalog;https://running.life/de/termine/hoinger-heidelauf;unclear;medium;;2026-06-18T00:00:00+00:00;2026-08-28T08:54:51.585+00:00;Generated fallback export 2026-08-26T16:23:33.120Z;;949;303597e3-596b-440d-bf62-5625f06d4e3f;2026;hoinger-heidelauf-ense-2026;hoinger-heidelauf-ense;;;;;unknown;scheduled;;;verified;2026-06-18T00:00:00+00:00;
Holzlandlauf;Running;12.09.2026;Hermsdorf;Germany;Hermsdorf, Germany;50.8984548;11.8550627;5 km, 10 km, Half Marathon;Official endurance event in Hermsdorf. Imported from verified staging batch.;https://holzlandlauf.info/;Sport Event Map verified event catalog;https://holzlandlauf.info/;unclear;medium;;2026-06-17T00:00:00+00:00;2026-08-28T08:53:36.325+00:00;Generated fallback export 2026-08-26T16:23:33.120Z;;488;c2bbd4ee-a3be-45d1-86fb-3161976da21c;2026;holzlandlauf-2026;holzlandlauf;;;;;unknown;scheduled;;;verified;2026-06-17T00:00:00+00:00;
Hörnlelauf Konstanz;Running;11.10.2026;Konstanz;Germany;Konstanz, Germany;47.659216;9.1750718;5 km, 10 km;Official endurance event in Konstanz. Imported from verified staging batch.;https://konstanzer-laeufe.de/hoernlelauf/;Sport Event Map verified event catalog;https://konstanzer-laeufe.de/hoernlelauf/;unclear;medium;;2026-06-17T00:00:00+00:00;2026-08-28T08:53:36.325+00:00;Generated fallback export 2026-08-26T16:23:33.120Z;;486;9c4d1f37-752e-4afe-9d10-20fbc4891af7;2026;hornlelauf-konstanz-2026;hornlelauf-konstanz;;;;;unknown;scheduled;;;verified;2026-06-17T00:00:00+00:00;
Ibbenbürener Aaseelauf;Running;28.08.2026;Ibbenbüren;Germany;Ibbenbüren, Germany;52.2774772;7.7151417;5 km, 10 km, Marathon;Official endurance event in Ibbenbüren. Imported from verified staging batch.;https://www.marathon-ibbenbueren.de/aaseelauf;Sport Event Map verified event catalog;https://running.life/de/termine/ibbenburener-aaseelauf;unclear;medium;;2026-06-17T00:00:00+00:00;2026-08-28T08:54:51.585+00:00;Generated fallback export 2026-08-26T16:23:33.120Z;;924;1d3fe270-b8d3-44c8-b764-933828a7c026;2026;ibbenburener-aaseelauf-2026;ibbenburener-aaseelauf;;;;;unknown;scheduled;;;verified;2026-06-17T00:00:00+00:00;
Innsbruck Alpine Trailrun;Running;05.05.2027;Innsbruck;Austria;Innsbruck, Austria;47.2695153;11.3971372;13 km / 25 km / 32 km / 42 km;Official endurance event in Innsbruck. Imported from verified staging batch.;https://innsbruckalpine.at/;Sport Event Map verified event catalog;https://innsbruckalpine.at/;unclear;medium;;2026-06-17T00:00:00+00:00;2026-08-28T08:54:37.778+00:00;Generated fallback export 2026-08-26T16:23:33.120Z;;667;e85fb410-2749-4dd8-b773-dfad44dfd3fb;2027;innsbruck-alpine-trailrun-2027;innsbruck-alpine-trailrun;;;;;unknown;scheduled;;;verified;2026-06-17T00:00:00+00:00;
Internationaler Schwarzwald-Marathon;Running;11.10.2026;Bräunlingen;Germany;Bräunlingen, Germany;47.9300645;8.448329;Half Marathon, Marathon;Official endurance event in Bräunlingen. Imported from verified staging batch.;http://www.schwarzwald-marathon.de;Sport Event Map verified event catalog;http://www.schwarzwald-marathon.de;unclear;medium;;2026-06-17T00:00:00+00:00;2026-08-28T08:53:36.325+00:00;Generated fallback export 2026-08-26T16:23:33.120Z;;490;5475fe4f-73ad-404f-8092-cfd37385088a;2026;internationaler-schwarzwald-marathon-2026;internationaler-schwarzwald-marathon;;;;;unknown;scheduled;;;verified;2026-06-17T00:00:00+00:00;
IRONMAN 70.3 Erkner;Triathlon;13.09.2026;Erkner;Germany;Sportzentrum Erkner, Am Dämeritzsee 1, 15537 Erkner, Germany;52.4252978;13.743926;Middle;IRONMAN 70.3 Erkner takes place on 13 September 2026 with the swim at Dämeritzsee and the finish at Sportzentrum Erkner. The bike and run courses are flat, and general registration is sold out.;https://www.ironman.com/races/im703-erkner;Sport Event Map verified event catalog;https://www.ironman.com/races/im703-erkner/supporters;unclear;high;;2026-07-26T00:00:00+00:00;2026-08-02T00:00:00+00:00;Generated fallback export 2026-08-26T16:23:33.120Z;;27;2d34051d-9f4b-4dfa-9555-645699ce50eb;2026;ironman-70-3-erkner-2026;ironman-70-3-erkner;;;;;unknown;scheduled;;;stale;2026-07-26T00:00:00+00:00;
IRONMAN 70.3 European Championship Elsinore;Triathlon;27.06.2027;Elsinore;Denmark;Elsinore, Denmark;56.0348739;12.6130073;Middle;Swim: Bay | Bike: Rolling | Run: Flat;https://www.ironman.com/races/im703-elsinore;Sport Event Map verified event catalog;https://www.ironman.com/races/im703-elsinore;unclear;high;;2026-07-10T00:00:00+00:00;2026-08-10T00:00:00+00:00;Generated fallback export 2026-08-26T16:23:33.120Z;;29;7520f28b-bd2b-4d20-9867-d72460fd912a;2027;ironman-70-3-european-championship-elsinore-2027;ironman-70-3-european-championship-elsinore;;;;;unknown;scheduled;;;stale;2026-07-10T00:00:00+00:00;
IRONMAN 70.3 Jonkoping;Triathlon;11.07.2027;Jonkoping;Sweden;Jonkoping, Sweden;57.7825634;14.165719;Middle;Swim: Lake | Bike: Rolling | Run: Flat;https://www.ironman.com/races/im703-jonkoping;Sport Event Map verified event catalog;https://www.ironman.com/races/im703-jonkoping;unclear;high;;2026-07-10T00:00:00+00:00;2026-08-10T00:00:00+00:00;Generated fallback export 2026-08-26T16:23:33.120Z;;32;8bbecc0f-d8ac-4dd1-86b0-9791b9e9f6ea;2027;ironman-70-3-jonkoping-2027;ironman-70-3-jonkoping;;;;;unknown;scheduled;;;stale;2026-07-10T00:00:00+00:00;
Jungfrau Marathon;Running;04.09.2026;Interlaken;Switzerland;Interlaken, Switzerland;46.6855231;7.8585139;42 km;Imported from marathon.de running calendar. Source listing: https://www.marathon.de/laufevent/jungfrau-marathon/;https://www.jungfrau-marathon.ch/de/index.html;Sport Event Map verified event catalog;https://www.jungfrau-marathon.ch/de/index.html;unclear;high;;2026-06-02T00:00:00+00:00;2026-07-02T00:00:00+00:00;Generated fallback export 2026-08-26T16:23:33.120Z;https://www.marathon.de/logos/jungfrau-marathon.jpg;97;3ff6a18e-5978-4093-a2c5-33aee6487592;2026;jungfrau-marathon-2026;jungfrau-marathon;;;;;unknown;scheduled;;;stale;2026-06-02T00:00:00+00:00;
Kaiserkrone Trail Scheffau;Ultramarathon;26.06.2027;Scheffau am Wilden Kaiser;Germany;Scheffau am Wilden Kaiser, Germany;50.121784;8.680719;Half Marathon, 56.1 km;Official endurance event in Scheffau am Wilden Kaiser. Imported from verified staging batch.;https://www.wilderkaiser.info/de/kaiserkrone-trail.html;Sport Event Map verified event catalog;https://www.wilderkaiser.info/de/kaiserkrone-trail.html;unclear;medium;;2026-07-10T00:00:00+00:00;2026-08-10T00:00:00+00:00;Generated fallback export 2026-08-26T16:23:33.120Z;;712;9bf283b7-9596-4973-8674-3a800dbc4a93;2027;kaiserkrone-trail-scheffau-2027;kaiserkrone-trail-scheffau;;;;;unknown;scheduled;;;stale;2026-07-10T00:00:00+00:00;
Kaisermarathon;Running;10.10.2026;Söll;Austria;Söll, Austria;47.5037676;12.1914903;42 km;Imported from marathon.de running calendar. Source listing: https://www.marathon.de/laufevent/kaisermarathon/;https://www.tourdetirol.com/;Sport Event Map verified event catalog;https://www.tourdetirol.com/;unclear;high;;2026-06-02T00:00:00+00:00;2026-07-02T00:00:00+00:00;Generated fallback export 2026-08-26T16:23:33.120Z;https://www.marathon.de/kategorien/9df6b59342.jpg;126;fe968615-236d-4945-998e-2fe0529cdc4a;2026;kaisermarathon-2026;kaisermarathon;;;;;unknown;scheduled;;;stale;2026-06-02T00:00:00+00:00;
Kallinchen Triathlon - Zossen;Triathlon;30.08.2026;Zossen;Germany;Zossen, Germany;52.2159073;13.4488958;Olympic Triathlon;Official endurance event in Zossen. Imported from verified staging batch.;https://kallinchentriathlon.de/Wettkampf/Ausschreibung/;Sport Event Map verified event catalog;https://running.life/de/termine/kallinchen-triathlon;unclear;medium;;2026-06-18T00:00:00+00:00;2026-08-28T08:54:51.585+00:00;Generated fallback export 2026-08-26T16:23:33.120Z;;934;e3eaf143-b539-40b3-b601-308c2bd04e3a;2026;kallinchen-triathlon-zossen-2026;kallinchen-triathlon-zossen;;;;;unknown;scheduled;;;verified;2026-06-18T00:00:00+00:00;
Kap-Arkona-Lauf;Running;03.10.2026;Putgarten;Germany;Putgarten, Germany;54.6728579;13.4159183;10 km, Half Marathon;Official local running event in Putgarten. Distances: 10 km, Half Marathon. Discovered via Kilometerliebe and linked to the official event website.;https://kap-arkona-lauf.de/;Sport Event Map verified event catalog;https://kap-arkona-lauf.de/;unclear;medium;;2026-06-02T00:00:00+00:00;2026-07-02T00:00:00+00:00;Generated fallback export 2026-08-26T16:23:33.120Z;;227;f52169b2-03c7-4daa-b97e-3ce3d0979174;2026;kap-arkona-lauf-2026;kap-arkona-lauf;;;;;unknown;scheduled;;;stale;2026-06-02T00:00:00+00:00;
Karneval Marathon Köln;Running;11.11.2026;Köln;Germany;Köln, Germany;50.938361;6.959974;42 km;Imported from marathon.de running calendar.;https://www.karneval-marathon.de/;Sport Event Map verified event catalog;https://www.karneval-marathon.de/;unclear;high;;2026-06-02T00:00:00+00:00;2026-07-02T00:00:00+00:00;Generated fallback export 2026-08-26T16:23:33.120Z;https://www.marathon.de/kategorien/9df6b59342.jpg;143;d1f4f457-2df7-4d0a-856c-f24c78742934;2026;karneval-marathon-koln-2026;karneval-marathon-koln;;;;;unknown;scheduled;;;stale;2026-06-02T00:00:00+00:00;
Kärntner Marathon;Ultramarathon;27.09.2026;Feldkirchen;Austria;Feldkirchen, Austria;46.7284183;14.0906473;11 km / 21 km / 42 km / 50 km;Imported from marathon.de running calendar. Source listing: https://www.marathon.de/laufevent/kaerntner-marathon/;https://internationaler-kaernten-marathon.at/;Sport Event Map verified event catalog;https://internationaler-kaernten-marathon.at/;unclear;high;;2026-06-02T00:00:00+00:00;2026-07-02T00:00:00+00:00;Generated fallback export 2026-08-26T16:23:33.120Z;https://www.marathon.de/logos/kaerntner-marathon.jpg;127;a172ab10-fb79-4bfa-8e18-d051b994f23b;2026;karntner-marathon-2026;karntner-marathon;;;;;unknown;scheduled;;;stale;2026-06-02T00:00:00+00:00;
Kassel Marathon;Running;20.09.2026;Kassel;Germany;Kassel, Germany;51.3157833;9.4978479;10 km, Half Marathon, Marathon;Official local running event in Kassel. Distances: 10 km, Half Marathon, Marathon. Discovered via Kilometerliebe and linked to the official event website.;https://kassel-marathon.de/;Sport Event Map verified event catalog;https://kassel-marathon.de/;unclear;high;;2026-06-02T00:00:00+00:00;2026-07-02T00:00:00+00:00;Generated fallback export 2026-08-26T16:23:33.120Z;;50;f353d29b-42b4-433c-a45a-2a10c4fd98df;2026;kassel-marathon-2026;kassel-marathon;;;;;unknown;scheduled;;;stale;2026-06-02T00:00:00+00:00;
Kiel Lauf;Running;13.09.2026;Kiel;Germany;Kiel, Germany;54.3227085;10.135555;5 km, 10 km, Half Marathon;Official endurance event in Kiel. Imported from verified staging batch.;https://www.kiellauf.de;Sport Event Map verified event catalog;https://www.kiellauf.de;unclear;medium;;2026-06-17T00:00:00+00:00;2026-08-28T08:53:36.325+00:00;Generated fallback export 2026-08-26T16:23:33.120Z;;492;bab743cc-7bd4-4b09-9a99-720af7cb364c;2026;kiel-lauf-2026;kiel-lauf;;;;;unknown;scheduled;;;verified;2026-06-17T00:00:00+00:00;
Kieler Förde Marathon;Running;20.09.2026;Kiel;Germany;Kiel, Germany;54.3227085;10.135555;Marathon;Official endurance event in Kiel. Imported from verified staging batch.;https://www.ltvkiel-ost.de/kieler-förde-marathon;Sport Event Map verified event catalog;https://www.ltvkiel-ost.de/kieler-förde-marathon;unclear;medium;;2026-06-17T00:00:00+00:00;2026-08-28T08:56:06.429+00:00;Generated fallback export 2026-08-26T16:23:33.120Z;;493;daf8702f-4799-4558-99ee-fce4a9a5ec46;2026;kieler-forde-marathon-2026;kieler-forde-marathon;;;;;unknown;scheduled;;;verified;2026-06-17T00:00:00+00:00;
Klausdorfer Kranichlauf;Running;19.09.2026;Klausdorf;Germany;Klausdorf, Germany;54.4040082;13.0134809;10 km;Official endurance event in Klausdorf. Imported from verified staging batch.;https://www.klausdorfer-sc.de/kranichlauf/;Sport Event Map verified event catalog;https://running.life/de/termine/klausdorfer-kranichlauf;unclear;medium;;2026-06-18T00:00:00+00:00;2026-08-28T08:54:51.585+00:00;Generated fallback export 2026-08-26T16:23:33.120Z;;999;75514ea1-2595-4fb6-bb5f-3d1f873bff8f;2026;klausdorfer-kranichlauf-2026;klausdorfer-kranichlauf;;;;;unknown;scheduled;;;verified;2026-06-18T00:00:00+00:00;
Kleine Zeitung Wörthersee Halbmarathon;Running;30.08.2026;Klagenfurt;Austria;Klagenfurt, Austria;46.623943;14.3075976;10 km / 21 km;Official endurance event in Klagenfurt. Imported from verified staging batch.;https://www.kaerntenlaeuft.at/;Sport Event Map verified event catalog;https://www.kaerntenlaeuft.at/;unclear;medium;;2026-06-17T00:00:00+00:00;2026-08-28T08:54:37.778+00:00;Generated fallback export 2026-08-26T16:23:33.120Z;;679;7bbc9567-78c1-42bf-b0f3-28824a7ae170;2026;kleine-zeitung-worthersee-halbmarathon-2026;kleine-zeitung-worthersee-halbmarathon;;;;;unknown;scheduled;;;verified;2026-06-17T00:00:00+00:00;
Klosterlauf Wiedenbrück - Rheda-Wiedenbrück;Running;12.09.2026;Rheda-Wiedenbrück;Germany;Rheda-Wiedenbrück, Germany;51.8428202;8.2985615;5 km, 10 km;Official endurance event in Rheda-Wiedenbrück. Imported from verified staging batch.;https://kloster-wiedenbrueck.de/;Sport Event Map verified event catalog;https://running.life/de/termine/klosterlauf-wiedenbruck;unclear;medium;;2026-06-18T00:00:00+00:00;2026-08-28T08:54:51.585+00:00;Generated fallback export 2026-08-26T16:23:33.120Z;;970;1c3f38e7-b7c9-459a-ace7-8da204b78f78;2026;klosterlauf-wiedenbruck-rheda-wiedenbruck-2026;klosterlauf-wiedenbruck-rheda-wiedenbruck;;;;;unknown;scheduled;;;verified;2026-06-18T00:00:00+00:00;
Kö Meile Düsseldorf;Running;06.09.2026;Düsseldorf;Germany;Düsseldorf, Germany;51.2254018;6.7763137;5 km;Official endurance event in Düsseldorf. Imported from verified staging batch.;https://www.diekoemeile.de/;Sport Event Map verified event catalog;https://running.life/de/termine/ko-meile-dusseldorf;unclear;medium;;2026-06-18T00:00:00+00:00;2026-08-28T08:54:51.585+00:00;Generated fallback export 2026-08-26T16:23:33.120Z;;961;4f08fec8-37bc-4eae-b8db-cb8b89e28cc0;2026;ko-meile-dusseldorf-2026;ko-meile-dusseldorf;;;;;unknown;scheduled;;;verified;2026-06-18T00:00:00+00:00;
Koberstädter Waldmarathon;Running;30.08.2026;Egelsbach;Germany;Egelsbach, Germany;49.9668352;8.6659289;Bambini, 5 km, 10 km, Half Marathon;Der 46. Koberstädter Waldmarathon findet am 30. August 2026 in Egelsbach statt. Das Programm umfasst Bambinilauf, 5 km, 10 km und Halbmarathon.;https://my.raceresult.com/388413/registration;Sport Event Map verified event catalog;https://www.koberstaedter-marathon.de/;registration_open;low;;2026-08-26T16:20:03.086261+00:00;2026-09-02T16:20:03.086261+00:00;Generated fallback export 2026-08-26T16:23:33.120Z;https://www.marathon.de/logos/koberstaedter-waldmarathon.jpg;101;bd3798f2-9485-49c5-8565-fa86389055ad;2026;koberstadter-waldmarathon-2026;koberstadter-waldmarathon;;;;;registration_open;scheduled;;;verified;2026-08-26T16:20:03.086261+00:00;
Köln Triathlon;Triathlon;06.09.2026;Köln;Germany;Rheinparkweg 1, 50679 Köln;50.9458861;6.9704153;Sprint, Olympic, Middle;Köln Triathlon takes place on 6 September 2026 with middle, Olympic and sprint distances. Athletes swim in the Rhine, change in Rheinpark Köln-Deutz and finish at Tanzbrunnen.;https://www.koeln-triathlon.com/;Sport Event Map verified event catalog;https://www.koeln-triathlon.com/wettbewerbe/olympische-distanz/;unclear;high;;2026-07-26T00:00:00+00:00;2026-08-02T00:00:00+00:00;Generated fallback export 2026-08-26T16:23:33.120Z;;37;3704f1f9-8e9f-4266-bbc9-f3bcb23a5c1d;2026;koln-triathlon-2026;koln-triathlon;;;;;unknown;scheduled;;;stale;2026-07-26T00:00:00+00:00;
Kölner gastRUNomie Lauf;Running;10.09.2026;Köln;Germany;Köln, Germany;50.938361;6.959974;10 km;Official endurance event in Köln. Imported from verified staging batch.;https://time-and-voice.com/de/running/gastrunomie-2026;Sport Event Map verified event catalog;https://running.life/de/termine/kolner-gastrunomie-lauf;unclear;medium;;2026-06-18T00:00:00+00:00;2026-08-28T08:54:51.585+00:00;Generated fallback export 2026-08-26T16:23:33.120Z;;965;5713ff77-8119-4dbd-b224-e810aa45c258;2026;kolner-gastrunomie-lauf-2026;kolner-gastrunomie-lauf;;;;;unknown;scheduled;;;verified;2026-06-18T00:00:00+00:00;
Kölner Halbmarathon;Running;30.08.2026;Köln;Germany;Köln, Germany;50.938361;6.959974;7 km, 14 km, 21 km, 28 km;Der 27. Kölner Halbmarathon startet am 30. August 2026 an der Deutschen Sporthochschule Köln. Je nach Rundenzahl sind 7 km, 14 km, 21 km oder 28 km möglich. Für Nachmeldungen wurde ein begrenztes Restkontingent angekündigt.;https://koelner-halbmarathon.de/;Sport Event Map verified event catalog;https://koelner-halbmarathon.de/;registration_open;low;;2026-08-26T16:20:03.086261+00:00;2026-09-02T16:20:03.086261+00:00;Generated fallback export 2026-08-26T16:23:33.120Z;;238;e4c8e53e-8f23-4d03-99f2-15c0402920c8;2026;kolner-halbmarathon-2026;kolner-halbmarathon;;;;;registration_open;scheduled;;;verified;2026-08-26T16:20:03.086261+00:00;
König Ludwig Lauf Sommer;Running;26.09.2026;Oberammergau;Germany;Oberammergau, Germany;47.597344;11.0640664;10 km, Half Marathon;Official local running event in Oberammergau. Distances: 10 km, Half Marathon. Discovered via Kilometerliebe and linked to the official event website.;https://www.koenig-ludwig-lauf.com/home.html;Sport Event Map verified event catalog;https://www.koenig-ludwig-lauf.com/home.html;unclear;high;;2026-06-02T00:00:00+00:00;2026-07-02T00:00:00+00:00;Generated fallback export 2026-08-26T16:23:33.120Z;;230;13d6ca1a-8d3f-4381-90b3-184c946eb1b5;2026;konig-ludwig-lauf-sommer-2026;konig-ludwig-lauf-sommer;;;;;unknown;scheduled;;;stale;2026-06-02T00:00:00+00:00;
Kopenhagen Marathon;Running;09.05.2027;Kopenhagen;Denmark;Kopenhagen, Denmark;55.6867243;12.5700724;42 km;Official endurance event in Kopenhagen. Imported from verified staging batch.;https://copenhagenmarathon.dk/;Sport Event Map verified event catalog;https://copenhagenmarathon.dk/;unclear;medium;;2026-06-17T00:00:00+00:00;2026-08-28T08:54:37.778+00:00;Generated fallback export 2026-08-26T16:23:33.120Z;;669;c277aab2-8a94-4752-847d-2575e1556ae4;2027;kopenhagen-marathon-2027;kopenhagen-marathon;;;;;unknown;scheduled;;;verified;2026-06-17T00:00:00+00:00;
Kreuzberger Viertelmarathon - Berlin;Running;13.09.2026;Berlin;Germany;Berlin, Germany;52.5173885;13.3951309;5 km, 10 km, Marathon;Official endurance event in Berlin. Imported from verified staging batch.;https://tib1848ev.de/verein/events/40-kreuzberger-viertelmarathon/;Sport Event Map verified event catalog;https://running.life/de/termine/kreuzberger-viertelmarathon;unclear;medium;;2026-08-04T12:06:14.424+00:00;2026-08-28T08:54:51.585+00:00;Generated fallback export 2026-08-26T16:23:33.120Z;;982;fcb4e713-fe9f-44b0-9490-c5e07931b37e;2026;kreuzberger-viertelmarathon-berlin-2026;kreuzberger-viertelmarathon-berlin;;;;;unknown;scheduled;;;verified;2026-08-04T12:06:14.424+00:00;
Kühlungsborner CrossLauf;Running;19.09.2026;Kühlungsborn;Germany;Kühlungsborn, Germany;54.1483764;11.7441876;5 km, 10 km, Half Marathon;Official endurance event in Kühlungsborn. Imported from verified staging batch.;https://www.kuehlungsborn.de/laufveranstaltungen/;Sport Event Map verified event catalog;https://www.kuehlungsborn.de/laufveranstaltungen/;unclear;medium;;2026-06-17T00:00:00+00:00;2026-08-28T08:53:36.325+00:00;Generated fallback export 2026-08-26T16:23:33.120Z;;495;eadf1c6b-1ff3-4973-8753-a29e1a1c735b;2026;kuhlungsborner-crosslauf-2026;kuhlungsborner-crosslauf;;;;;unknown;scheduled;;;verified;2026-06-17T00:00:00+00:00;
Kurstadtlauf - Heilbad Heiligenstadt;Running;05.09.2026;Heilbad Heiligenstadt;Germany;Heilbad Heiligenstadt, Germany;51.3788295;10.1369526;5 km, 10 km;Official endurance event in Heilbad Heiligenstadt. Imported from verified staging batch.;https://vrbankmitte-kurstadtlauf.de/;Sport Event Map verified event catalog;https://running.life/de/termine/kurstadtlauf-heiligenstadt;unclear;medium;;2026-06-18T00:00:00+00:00;2026-08-28T08:54:51.585+00:00;Generated fallback export 2026-08-26T16:23:33.120Z;;952;87b46868-6bb8-48d5-98a5-edf70807bdfd;2026;kurstadtlauf-heilbad-heiligenstadt-2026;kurstadtlauf-heilbad-heiligenstadt;;;;;unknown;scheduled;;;verified;2026-06-18T00:00:00+00:00;
(L)auf zur Venus;Running;13.09.2026;Bremen;Germany;Bremen, Germany;53.0758196;8.8071646;5 km;Official endurance event in Bremen. Imported from verified staging batch.;https://www.krebsgesellschaft-hb.de/;Sport Event Map verified event catalog;https://www.krebsgesellschaft-hb.de/;unclear;medium;;2026-06-17T00:00:00+00:00;2026-08-28T08:53:36.325+00:00;Generated fallback export 2026-08-26T16:23:33.120Z;;496;6bedc3ea-ccc2-4640-8b92-38897ccf9038;2026;l-auf-zur-venus-2026;l-auf-zur-venus;;;;;unknown;scheduled;;;verified;2026-06-17T00:00:00+00:00;
LA-Hamburg TogetHHer Silvesterlauf;Running;31.12.2026;Hamburg;Germany;Hamburg, Germany;53.5501721;10.0013165;7.4 km;Official endurance event in Hamburg. Imported from verified staging batch.;https://www.bsv-hamburg.de;Sport Event Map verified event catalog;https://www.bsv-hamburg.de;unclear;medium;;2026-06-17T00:00:00+00:00;2026-08-28T08:53:36.325+00:00;Generated fallback export 2026-08-26T16:23:33.120Z;;528;0cc620a8-a07e-479b-94f4-2d9e149af2ac;2026;la-hamburg-togethher-silvesterlauf-2026;la-hamburg-togethher-silvesterlauf;;;;;unknown;scheduled;;;verified;2026-06-17T00:00:00+00:00;
Laatzen Leinelauf;Running;18.06.2027;Laatzen;Germany;Laatzen, Germany;52.3078258;9.8146181;10 km;Official endurance event in Laatzen. Imported from verified staging batch.;https://leinelauf.de/;Sport Event Map verified event catalog;https://leinelauf.de/;unclear;medium;;2026-07-10T00:00:00+00:00;2026-08-10T00:00:00+00:00;Generated fallback export 2026-08-26T16:23:33.120Z;;774;4e71b09a-e9e7-4dda-8e5b-7beb4be88997;2027;laatzen-leinelauf-2027;laatzen-leinelauf;;;;;unknown;scheduled;;;stale;2026-07-10T00:00:00+00:00;
Ladage Lauf - Wennigsen (Deister);Running;19.09.2026;Wennigsen (Deister);Germany;Wennigsen (Deister), Germany;52.2762744;9.5671846;5 km, 10 km;Official endurance event in Wennigsen (Deister). Imported from verified staging batch.;https://lauf.edeka-ladage.de;Sport Event Map verified event catalog;https://running.life/de/termine/edeka-ladage-lauf-wennigsen;unclear;medium;;2026-06-18T00:00:00+00:00;2026-08-28T08:54:51.585+00:00;Generated fallback export 2026-08-26T16:23:33.120Z;;990;42367f5a-e11d-4546-8d25-b89983777048;2026;ladage-lauf-wennigsen-deister-2026;ladage-lauf-wennigsen-deister;;;;;unknown;scheduled;;;verified;2026-06-18T00:00:00+00:00;
Lahnparklauf;Running;30.08.2026;Wetzlar;Germany;Wetzlar, Germany;50.570561;8.531245;5 km, 10 km, Half Marathon;Official endurance event in Wetzlar. Imported from verified staging batch.;https://team-naunheim.com/lahnparklauf;Sport Event Map verified event catalog;https://team-naunheim.com/lahnparklauf;unclear;medium;;2026-06-17T00:00:00+00:00;2026-08-28T08:53:36.325+00:00;Generated fallback export 2026-08-26T16:23:33.120Z;;497;e7b6a089-8f9d-40f6-9a16-07c58a2310a3;2026;lahnparklauf-2026;lahnparklauf;;;;;unknown;scheduled;;;verified;2026-06-17T00:00:00+00:00;
Lauf in die Mönau - Erlangen;Running;19.09.2026;Erlangen;Germany;Erlangen, Germany;49.5977469;11.0037372;5 km;Official endurance event in Erlangen. Imported from verified staging batch.;https://www.tv48-erlangen.de/de/Veranstaltungen-Geselligkeit/lauf-in-die-moenau/;Sport Event Map verified event catalog;https://running.life/de/termine/lauf-in-die-monau;unclear;medium;;2026-06-18T00:00:00+00:00;2026-08-28T08:54:51.585+00:00;Generated fallback export 2026-08-26T16:23:33.120Z;;1002;aa3053ba-e7f6-4993-8355-ce8cea0cb234;2026;lauf-in-die-monau-erlangen-2026;lauf-in-die-monau-erlangen;;;;;unknown;scheduled;;;verified;2026-06-18T00:00:00+00:00;
Laufend Glauben Laufwallfahrt - Werl;Running;13.09.2026;Werl;Germany;Werl, Germany;51.5533457;7.9155558;5 km;Official endurance event in Werl. Imported from verified staging batch.;https://djk-werl.de/kalender/erste-laufwallfahrt-in-nrw/;Sport Event Map verified event catalog;https://running.life/de/termine/laufend-glauben-laufwallfahrt;unclear;medium;;2026-06-18T00:00:00+00:00;2026-08-28T08:54:51.585+00:00;Generated fallback export 2026-08-26T16:23:33.120Z;;981;5b98faa4-bda6-4c36-bd32-af4671e68533;2026;laufend-glauben-laufwallfahrt-werl-2026;laufend-glauben-laufwallfahrt-werl;;;;;unknown;scheduled;;;verified;2026-06-18T00:00:00+00:00;
Lausanne Marathon;Running;25.10.2026;Lausanne;Switzerland;Lausanne, Switzerland;46.5218269;6.6327025;10 km / 21 km / 42 km;Imported from marathon.de running calendar. Source listing: https://www.marathon.de/laufevent/lausanne-marathon/;https://de.lausanne-marathon.com/;Sport Event Map verified event catalog;https://de.lausanne-marathon.com/;unclear;high;;2026-06-02T00:00:00+00:00;2026-07-02T00:00:00+00:00;Generated fallback export 2026-08-26T16:23:33.120Z;https://www.marathon.de/logos/lausanne-marathon.jpg;145;cf525596-21db-4024-8ee4-4ced2495145a;2026;lausanne-marathon-2026;lausanne-marathon;;;;;unknown;scheduled;;;stale;2026-06-02T00:00:00+00:00;
Lebacher 12 Stunden Lionslauf;Ultramarathon;29.08.2026;Lebach;Germany;Lebach, Germany;49.4132377;6.9091348;Marathon, 150 km;Official endurance event in Lebach. Imported from verified staging batch.;https://www.ltf-theeltal.de/veranstaltungen/lionslauf/;Sport Event Map verified event catalog;https://running.life/de/termine/lebacher-12-stunden-lionslauf;unclear;medium;;2026-06-17T00:00:00+00:00;2026-08-28T08:54:51.585+00:00;Generated fallback export 2026-08-26T16:23:33.120Z;;930;ec9e1b29-e75a-45c3-b45e-4ddc6502e612;2026;lebacher-12-stunden-lionslauf-2026;lebacher-12-stunden-lionslauf;;;;;unknown;scheduled;;;verified;2026-06-17T00:00:00+00:00;
Legdener Mittsommernachtslauf;Running;18.06.2027;Legden;Germany;Legden, Germany;52.037936;7.1037835;5 km, 10 km;Official endurance event in Legden. Imported from verified staging batch.;https://susvolkslauf.chayns.site/;Sport Event Map verified event catalog;https://susvolkslauf.chayns.site/;unclear;medium;;2026-07-10T00:00:00+00:00;2026-08-10T00:00:00+00:00;Generated fallback export 2026-08-26T16:23:33.120Z;;694;84ac9e0c-807e-457e-9698-c0d9ac21c7b7;2027;legdener-mittsommernachtslauf-2027;legdener-mittsommernachtslauf;;;;;unknown;scheduled;;;stale;2026-07-10T00:00:00+00:00;
Leipzig Marathon;Running;18.04.2027;Leipzig;Germany;Leipzig, Germany;51.3406321;12.3747329;4 km / 10 km / 21 km / 42 km;Imported from marathon.de running calendar.;https://leipzigmarathon.de/;Sport Event Map verified event catalog;https://leipzigmarathon.de/;unclear;medium;;2026-06-02T00:00:00+00:00;2026-07-02T00:00:00+00:00;Generated fallback export 2026-08-26T16:23:33.120Z;https://www.marathon.de/logos/leipzig-marathon.jpg;162;e0f6148a-6125-498f-8fa1-5ffe8fe87287;2027;leipzig-marathon-2027;leipzig-marathon;;;;;unknown;scheduled;;;stale;2026-06-02T00:00:00+00:00;
Leipzig RUN;Running;11.10.2026;Leipzig;Germany;Leipzig, Germany;51.3406321;12.3747329;10 km / 21 km;Imported from marathon.de running calendar. Source listing: https://www.marathon.de/laufevent/leipzig-run/;https://leipzigrun.maximalpuls.com/;Sport Event Map verified event catalog;https://leipzigrun.maximalpuls.com/;unclear;low;;2026-06-02T00:00:00+00:00;2026-08-31T00:00:00+00:00;Generated fallback export 2026-08-26T16:23:33.120Z;https://www.marathon.de/kategorien/2232d51c55.jpg;135;d7f9a645-28b5-487f-8627-5e18e8c9f3df;2026;leipzig-run-2026;leipzig-run;;;;;unknown;scheduled;;;verified;2026-06-02T00:00:00+00:00;
Lifestyle Würzburg Triathlon;Triathlon;13.06.2027;Erlabrunn;Germany;Erlabrunn, Germany;49.859;9.842;Triathlon;Region: Bayern Source listing: https://www.triathlondeutschland.de/aktive/wettkaempfe/veranstaltungskalender/06-2026/lifestyle-wuerzburg-triathlon;https://www.wuerzburg-triathlon.de/;Sport Event Map verified event catalog;https://www.wuerzburg-triathlon.de/;unclear;high;;2026-07-10T00:00:00+00:00;2026-08-10T00:00:00+00:00;Generated fallback export 2026-08-26T16:23:33.120Z;;181;3c7610a4-16c3-4edc-9d83-c67656c5dc08;2027;lifestyle-wurzburg-triathlon-2027;lifestyle-wurzburg-triathlon;;;;;unknown;scheduled;;;stale;2026-07-10T00:00:00+00:00;
Limlauf Kirkel;Running;29.08.2026;Kirkel;Germany;Kirkel, Germany;49.2833031;7.2333295;5 km, 10 km, Half Marathon;Official endurance event in Kirkel. Imported from verified staging batch.;https://tv-limbach.de/limlauf;Sport Event Map verified event catalog;https://running.life/de/termine/limlauf-kirkel;unclear;medium;;2026-06-18T00:00:00+00:00;2026-08-28T08:54:51.585+00:00;Generated fallback export 2026-08-26T16:23:33.120Z;;931;de8b9926-ff83-4750-a23d-b81898abd8c5;2026;limlauf-kirkel-2026;limlauf-kirkel;;;;;unknown;scheduled;;;verified;2026-06-18T00:00:00+00:00;
Linz Donau Marathon;Running;11.04.2027;Linz;Austria;Linz, Austria;48.251885;14.3820384;5 km / 10 km / 21 km / 42 km;Official endurance event in Linz. Imported from verified staging batch.;https://www.linzmarathon.at/;Sport Event Map verified event catalog;https://www.linzmarathon.at/;unclear;medium;;2026-06-17T00:00:00+00:00;2026-08-28T08:54:37.778+00:00;Generated fallback export 2026-08-26T16:23:33.120Z;;664;5606a40c-89d7-479a-9a1a-7cd5392319bb;2027;linz-donau-marathon-2027;linz-donau-marathon;;;;;unknown;scheduled;;;verified;2026-06-17T00:00:00+00:00;
Lipperland Marathon;Running;21.11.2026;Dörentrup;Germany;Dörentrup, Germany;52.0408142;9.0033681;10 km, Half Marathon, Marathon;Official endurance event in Dörentrup. Imported from verified staging batch.;https://www.lipperland-marathon.de;Sport Event Map verified event catalog;https://www.lipperland-marathon.de;unclear;medium;;2026-06-17T00:00:00+00:00;2026-08-28T08:53:36.325+00:00;Generated fallback export 2026-08-26T16:23:33.120Z;;498;5fbe2956-3c68-438f-9b00-52ec5baf91f1;2026;lipperland-marathon-2026;lipperland-marathon;;;;;unknown;scheduled;;;verified;2026-06-17T00:00:00+00:00;
LIWA-LaufEvent;Running;18.04.2027;Lichtenwald-Hegenlohe;Germany;Lichtenwald-Hegenlohe, Germany;48.7338334;9.4766259;7 km / 10 km / 21 km / 42 km;Official endurance event in Lichtenwald-Hegenlohe. Imported from verified staging batch.;https://www.liwalauf.tsv-lichtenwald.de/;Sport Event Map verified event catalog;https://www.liwalauf.tsv-lichtenwald.de/;unclear;medium;;2026-06-17T00:00:00+00:00;2026-08-28T08:54:37.778+00:00;Generated fallback export 2026-08-26T16:23:33.120Z;;655;622d793e-dc7b-4c7d-a82a-b7edb3ae6ed9;2027;liwa-laufevent-2027;liwa-laufevent;;;;;unknown;scheduled;;;verified;2026-06-17T00:00:00+00:00;
London Marathon;Running;25.04.2027;London;UK;London, UK;51.5074456;-0.1277653;42 km;Official endurance event in London. Imported from verified staging batch.;https://www.tcslondonmarathon.com/;Sport Event Map verified event catalog;https://www.tcslondonmarathon.com/;unclear;medium;;2026-06-17T00:00:00+00:00;2026-08-28T08:54:37.778+00:00;Generated fallback export 2026-08-26T16:23:33.120Z;;666;fa10fc90-b6a4-449b-bb43-38a56a511c02;2027;london-marathon-2027;london-marathon;;;;;unknown;scheduled;;;verified;2026-06-17T00:00:00+00:00;
Losheimer Trailfest;Ultramarathon;27.06.2027;Losheim am See;Germany;Losheim am See, Germany;49.5082531;6.7447054;12 km / 24 km / 47 km / 77 km;Official endurance event in Losheim am See. Imported from verified staging batch.;https://trailfest.de/;Sport Event Map verified event catalog;https://trailfest.de/;unclear;medium;;2026-07-10T00:00:00+00:00;2026-08-10T00:00:00+00:00;Generated fallback export 2026-08-26T16:23:33.120Z;;650;6539c3f2-502b-4b64-8174-e989ecb55ac3;2027;losheimer-trailfest-2027;losheimer-trailfest;;;;;unknown;scheduled;;;stale;2026-07-10T00:00:00+00:00;
Madrid Marathon;Running;25.04.2027;Madrid;Spain;Madrid, Spain;40.4174111;-3.7227046;10 km / 21 km / 42 km;Official endurance event in Madrid. Imported from verified staging batch.;https://rocknrollmadridrun.com/;Sport Event Map verified event catalog;https://rocknrollmadridrun.com/;unclear;medium;;2026-06-17T00:00:00+00:00;2026-08-28T08:54:37.778+00:00;Generated fallback export 2026-08-26T16:23:33.120Z;;665;8790c201-8ce6-413c-ad36-b51049aea6c1;2027;madrid-marathon-2027;madrid-marathon;;;;;unknown;scheduled;;;verified;2026-06-17T00:00:00+00:00;
Magdeburg Marathon;Running;04.10.2026;Magdeburg;Germany;Magdeburg, Germany;52.1314783;11.6400789;4 km / 10 km / 21 km / 42 km;Imported from marathon.de running calendar. Source listing: https://www.marathon.de/laufevent/magdeburg-marathon/;https://magdeburg-marathon.eu/;Sport Event Map verified event catalog;https://magdeburg-marathon.eu/;unclear;high;;2026-06-02T00:00:00+00:00;2026-07-02T00:00:00+00:00;Generated fallback export 2026-08-26T16:23:33.120Z;https://www.marathon.de/logos/magdeburg-marathon.jpg;48;c5797032-b59a-4cbd-a25f-264b19379703;2026;magdeburg-marathon-2026;magdeburg-marathon;;;;;unknown;scheduled;;;stale;2026-06-02T00:00:00+00:00;
Mainova Frankfurt Marathon;Running;25.10.2026;Frankfurt am Main;Germany;Festhalle Messe Frankfurt, Frankfurt am Main;50.113036;8.651832;Marathon / 42.195 km;Mainova Frankfurt Marathon official marathon event.;https://www.frankfurt-marathon.com/;Sport Event Map verified event catalog;https://www.frankfurt-marathon.com/;unclear;high;;2026-06-03T00:00:00+00:00;2026-06-10T00:00:00+00:00;Generated fallback export 2026-08-26T16:23:33.120Z;;40;56b02372-d2e4-4fbf-862b-54979af81aa2;2026;mainova-frankfurt-marathon-2026;mainova-frankfurt-marathon;;;;;unknown;scheduled;;;stale;2026-06-03T00:00:00+00:00;
Malta Marathon;Running;28.02.2027;Mdina;Malta;Mdina, Malta;35.8858923;14.4025288;21 km / 42 km;Official endurance event in Mdina. Imported from verified staging batch.;https://www.maltamarathon.com/;Sport Event Map verified event catalog;https://www.maltamarathon.com/;unclear;medium;;2026-06-17T00:00:00+00:00;2026-08-28T08:54:37.778+00:00;Generated fallback export 2026-08-26T16:23:33.120Z;;661;099c287e-667a-414c-a4da-840f1f8e7b72;2027;malta-marathon-2027;malta-marathon;;;;;unknown;scheduled;;;verified;2026-06-17T00:00:00+00:00;
Marathon Deutsche Weinstraße;Running;02.04.2028;Bockenheim;Germany;Bockenheim, Germany;50.1233115;8.6460563;21 km / 42 km;Imported from marathon.de running calendar. Source listing: https://www.marathon.de/laufevent/marathon-deutsche-weinstrasse/;https://www.marathon-deutsche-weinstrasse.de/;Sport Event Map verified event catalog;https://www.marathon-deutsche-weinstrasse.de/;unclear;high;;2026-06-02T00:00:00+00:00;2026-07-02T00:00:00+00:00;Generated fallback export 2026-08-26T16:23:33.120Z;https://www.marathon.de/kategorien/9df6b59342.jpg;167;a77fcfc3-eb5a-431c-bde5-d97ae0a131df;2028;marathon-deutsche-weinstrasse-2028;marathon-deutsche-weinstrasse;;;;;unknown;scheduled;;;stale;2026-06-02T00:00:00+00:00;
Marathon München by Brooks;Running;11.10.2026;München;Germany;München, Germany;48.1371079;11.5753822;10 km / 21 km / 42 km;Imported from marathon.de running calendar. Source listing: https://www.marathon.de/laufevent/muenchen-marathon/;https://marathonmuenchen.org/;Sport Event Map verified event catalog;https://marathonmuenchen.org/;unclear;high;;2026-06-02T00:00:00+00:00;2026-07-02T00:00:00+00:00;Generated fallback export 2026-08-26T16:23:33.120Z;https://www.marathon.de/kategorien/9df6b59342.jpg;132;72eccafe-1035-4d9e-b6f1-91bc711028ca;2026;marathon-munchen-by-brooks-2026;marathon-munchen-by-brooks;;;;;unknown;scheduled;;;stale;2026-06-02T00:00:00+00:00;
Mein Freiburg Marathon;Running;04.04.2027;Freiburg;Germany;Freiburg, Germany;47.9960901;7.8494005;3 km / 10 km / 21 km / 42 km;Imported from marathon.de running calendar.;https://www.mein-freiburgmarathon.de/;Sport Event Map verified event catalog;https://www.mein-freiburgmarathon.de/;unclear;medium;;2026-06-02T00:00:00+00:00;2026-07-02T00:00:00+00:00;Generated fallback export 2026-08-26T16:23:33.120Z;https://www.marathon.de/logos/mein-freiburg-marathon.jpg;152;81bc096c-3e54-4332-bfa3-31fea04d554d;2027;mein-freiburg-marathon-2027;mein-freiburg-marathon;;;;;unknown;scheduled;;;stale;2026-06-02T00:00:00+00:00;
Meldorfer Brückenlauf;Running;01.05.2027;Meldorf;Germany;Meldorf, Germany;54.08988;9.070633;6 km / 9 km / 21 km;Official endurance event in Meldorf. Imported from verified staging batch.;https://www.meldorfer-brueckenlauf.de/;Sport Event Map verified event catalog;https://www.meldorfer-brueckenlauf.de/;unclear;medium;;2026-06-17T00:00:00+00:00;2026-08-28T08:54:37.778+00:00;Generated fallback export 2026-08-26T16:23:33.120Z;;656;258eb1c5-6cde-4cb7-84b2-07ff45e06f6b;2027;meldorfer-bruckenlauf-2027;meldorfer-bruckenlauf;;;;;unknown;scheduled;;;verified;2026-06-17T00:00:00+00:00;
Memmert Rothsee Triathlon;Triathlon;20.06.2027;Hilpoltstein;Germany;Hilpoltstein, Germany;49.209;11.187;Triathlon;Official endurance event in Hilpoltstein. Imported from verified staging batch.;https://rothsee-triathlon.de/;Sport Event Map verified event catalog;https://rothsee-triathlon.de/;unclear;medium;;2026-07-10T00:00:00+00:00;2026-08-10T00:00:00+00:00;Generated fallback export 2026-08-26T16:23:33.120Z;;544;547b7824-bc4f-467a-a924-32ceb130e706;2027;memmert-rothsee-triathlon-2027;memmert-rothsee-triathlon;;;;;unknown;scheduled;;;stale;2026-07-10T00:00:00+00:00;
Messelauf Lauda-Königshofen;Running;19.09.2026;Lauda-Königshofen;Germany;Lauda-Königshofen, Germany;49.5577854;9.7190669;5 km, 10 km;Official endurance event in Lauda-Königshofen. Imported from verified staging batch.;https://www.messelauf.de/;Sport Event Map verified event catalog;https://running.life/de/termine/messelauf;unclear;medium;;2026-06-18T00:00:00+00:00;2026-08-28T08:54:51.585+00:00;Generated fallback export 2026-08-26T16:23:33.120Z;;995;f490a86a-0bae-412b-8dc9-f411360ead0f;2026;messelauf-lauda-konigshofen-2026;messelauf-lauda-konigshofen;;;;;unknown;scheduled;;;verified;2026-06-18T00:00:00+00:00;
Miltenberger Landkreis-Lauftag;Running;13.09.2026;Elsenfeld;Germany;Elsenfeld, Germany;49.8473123;9.1618537;5 km, 10 km, Half Marathon;Official endurance event in Elsenfeld. Imported from verified staging batch.;https://lauftag.landkreis-miltenberg.de;Sport Event Map verified event catalog;https://lauftag.landkreis-miltenberg.de;unclear;medium;;2026-06-17T00:00:00+00:00;2026-08-28T08:53:36.325+00:00;Generated fallback export 2026-08-26T16:23:33.120Z;;503;bd74f9cf-eba4-4989-82d8-0afd619e5d99;2026;miltenberger-landkreis-lauftag-2026;miltenberger-landkreis-lauftag;;;;;unknown;scheduled;;;verified;2026-06-17T00:00:00+00:00;
Mitteldeutscher Marathon;Running;04.10.2026;Halle;Germany;Halle, Germany;52.4523605;6.9192787;10 km, Half Marathon, Marathon;Official endurance event in Halle. Imported from verified staging batch.;https://www.mitteldeutscher-marathon.de;Sport Event Map verified event catalog;https://www.mitteldeutscher-marathon.de;unclear;medium;;2026-06-17T00:00:00+00:00;2026-08-28T08:53:36.325+00:00;Generated fallback export 2026-08-26T16:23:33.120Z;;504;3e2a7cc2-fc30-42eb-9b90-15478f016758;2026;mitteldeutscher-marathon-2026;mitteldeutscher-marathon;;;;;unknown;scheduled;;;verified;2026-06-17T00:00:00+00:00;
Montafon Arlberg Marathon;Running;26.06.2027;St. Anton am Arlberg;Austria;St. Anton am Arlberg, Austria;47.1288996;10.2663669;15 km / 33 km / 42 km;Imported from marathon.de running calendar. Source listing: https://www.marathon.de/laufevent/montafon-arlberg-marathon/;https://www.montafon.at/montafon-arlberg-marathon/de;Sport Event Map verified event catalog;https://www.montafon.at/montafon-arlberg-marathon/de;unclear;medium;;2026-07-10T00:00:00+00:00;2026-08-10T00:00:00+00:00;Generated fallback export 2026-08-26T16:23:33.120Z;https://www.marathon.de/logos/montafon-arlberg-marathon.jpg;74;14ff1d40-75a7-42d9-8076-13df4f59466c;2027;montafon-arlberg-marathon-2027;montafon-arlberg-marathon-st-anton-am-arlberg;;;;;unknown;scheduled;;;stale;2026-07-10T00:00:00+00:00;
Montafon-Arlberg-Marathon;Running;26.06.2027;St. Anton;Germany;St. Anton, Germany;51.2341228;6.2472597;Marathon;Official endurance event in St. Anton. Imported from verified staging batch.;https://www.montafon.at/montafon-arlberg-marathon/de;Sport Event Map verified event catalog;https://www.montafon.at/montafon-arlberg-marathon/de;unclear;medium;;2026-07-10T00:00:00+00:00;2026-08-10T00:00:00+00:00;Generated fallback export 2026-08-26T16:23:33.120Z;;721;8efb9d79-b50f-4554-b3cb-4170dffb3917;2027;montafon-arlberg-marathon-st-anton-2027;montafon-arlberg-marathon-st-anton;;;;;unknown;scheduled;;;stale;2026-07-10T00:00:00+00:00;
Mozart 100 by UTMB;Ultramarathon;05.06.2027;Salzburg;Austria;Kapitelplatz, Salzburg, Austria;47.7973;13.0478;119 km / 72 km / 44 km / 28 km;Participants: UTMB World Series trail event | Course: alpine trail routes around Salzburg | Format: 100 km, ultra, marathon and shorter trail distances.;https://mozart.utmb.world/;Sport Event Map verified event catalog;https://mozart.utmb.world/;unclear;high;;2026-06-27T00:00:00+00:00;2026-07-27T00:00:00+00:00;Generated fallback export 2026-08-26T16:23:33.120Z;;1011;e7758159-b87f-44ac-afb4-e07ff1476cbe;2027;mozart-100-by-utmb-2027;mozart-100-by-utmb;;;;;unknown;scheduled;;;stale;2026-06-27T00:00:00+00:00;
Muddy Angel Run Dresden;Running;29.05.2027;Dresden;Germany;Dresden, Germany;51.022816;13.79697;5 km;Official endurance event in Dresden. Imported from verified staging batch.;https://www.muddyangelrun.com/;Sport Event Map verified event catalog;https://www.muddyangelrun.com/;unclear;medium;;2026-07-10T00:00:00+00:00;2026-08-10T00:00:00+00:00;Generated fallback export 2026-08-26T16:23:33.120Z;;703;a0445d14-1055-4109-a0e4-7c03bc774115;2027;muddy-angel-run-dresden-2027;muddy-angel-run-dresden;;;;;unknown;scheduled;;;stale;2026-07-10T00:00:00+00:00;
Mühlenlauf in Laar;Running;19.09.2026;Laar;Germany;Laar, Germany;52.6138228;6.7414485;5 km, 10 km;Official endurance event in Laar. Imported from verified staging batch.;https://sv-grenzland.de/muehlenlauf;Sport Event Map verified event catalog;https://running.life/de/termine/muhlenlauf-in-laar;unclear;medium;;2026-06-18T00:00:00+00:00;2026-08-28T08:54:51.585+00:00;Generated fallback export 2026-08-26T16:23:33.120Z;;993;c6a0700c-2fba-46ca-b6b2-afd7490a37d3;2026;muhlenlauf-in-laar-2026;muhlenlauf-in-laar;;;;;unknown;scheduled;;;verified;2026-06-18T00:00:00+00:00;
Mülheimer Firmenlauf;Running;17.09.2026;Mülheim an der Ruhr;Germany;Mülheim an der Ruhr, Germany;51.4272925;6.8829192;5.6 km;Official local running event in Mülheim an der Ruhr. Distances: 5.6 km. Discovered via Kilometerliebe and linked to the official event website.;https://www.muelheimer-firmenlauf.de/;Sport Event Map verified event catalog;https://www.muelheimer-firmenlauf.de/;unclear;low;;2026-06-02T00:00:00+00:00;2026-08-31T00:00:00+00:00;Generated fallback export 2026-08-26T16:23:33.120Z;;236;c5b4f709-a712-48cf-97b3-8daf5fb0dc7f;2026;mulheimer-firmenlauf-2026;mulheimer-firmenlauf;;;;;unknown;scheduled;;;verified;2026-06-02T00:00:00+00:00;
Münster Marathon;Running;13.09.2026;Münster;Germany;Schlosspl. 2, 48149 Münster;51.9638852;7.613212;Marathon;Volksbank Münster Marathon;https://www.volksbank-muenster-marathon.de/_rubric/index.php?rubric=Home%20DE;Sport Event Map verified event catalog;https://www.volksbank-muenster-marathon.de/_rubric/index.php?rubric=Home%20DE;unclear;high;;2026-06-02T00:00:00+00:00;2026-07-02T00:00:00+00:00;Generated fallback export 2026-08-26T16:23:33.120Z;;42;ba3974c7-dc0f-4b3a-afbe-41e9d5460869;2026;munster-marathon-2026;munster-marathon;;;;;unknown;scheduled;;;stale;2026-06-02T00:00:00+00:00;
Nordhorner Meile;Running;12.09.2026;Nordhorn;Germany;Nordhorn, Germany;52.4359731;7.0707659;5 km, 10 km;Official endurance event in Nordhorn. Imported from verified staging batch.;https://nordhorner-meile.de/;Sport Event Map verified event catalog;https://running.life/de/termine/nordhorner-meile;unclear;medium;;2026-06-18T00:00:00+00:00;2026-08-28T08:54:51.585+00:00;Generated fallback export 2026-08-26T16:23:33.120Z;;973;dc169e00-b8d0-4807-9930-d0307fc31a3f;2026;nordhorner-meile-2026;nordhorner-meile;;;;;unknown;scheduled;;;verified;2026-06-18T00:00:00+00:00;
Obermain Marathon;Running;11.04.2027;Bad Staffelstein;Germany;Bad Staffelstein, Germany;50.1028339;10.999159;13 km / 21 km / 42 km;Imported from marathon.de running calendar.;https://www.obermain-marathon.de/;Sport Event Map verified event catalog;https://www.obermain-marathon.de/;unclear;high;;2026-06-02T00:00:00+00:00;2026-07-02T00:00:00+00:00;Generated fallback export 2026-08-26T16:23:33.120Z;https://www.marathon.de/kategorien/9df6b59342.jpg;165;7bedf70d-e9c8-40d0-b20a-495cb62e399c;2027;obermain-marathon-2027;obermain-marathon;;;;;unknown;scheduled;;;stale;2026-06-02T00:00:00+00:00;
Obernzenner Seelauf;Running;19.09.2026;Obernzenn;Germany;Obernzenn, Germany;49.45;10.4667;10 km;Official endurance event in Obernzenn. Imported from verified staging batch.;https://www.tsvobernzenn.de/abteilungen/seelauf/;Sport Event Map verified event catalog;https://running.life/de/termine/obernzenner-seelauf;unclear;medium;;2026-06-18T00:00:00+00:00;2026-08-28T08:54:51.585+00:00;Generated fallback export 2026-08-26T16:23:33.120Z;;997;5cf97d62-c43c-4813-a375-36df9edf76a9;2026;obernzenner-seelauf-2026;obernzenner-seelauf;;;;;unknown;scheduled;;;verified;2026-06-18T00:00:00+00:00;
Offenbacher Mainuferlauf;Running;11.10.2026;Offenbach am Main;Germany;Offenbach am Main, Germany;50.1055002;8.7610698;5 km, 10 km, Half Marathon;Official endurance event in Offenbach am Main. Imported from verified staging batch.;https://www.offenbacher-lc.de/;Sport Event Map verified event catalog;https://www.offenbacher-lc.de/;unclear;medium;;2026-06-17T00:00:00+00:00;2026-08-28T08:53:36.325+00:00;Generated fallback export 2026-08-26T16:23:33.120Z;;508;50ed0dfb-475c-4d8b-b938-076d938a8021;2026;offenbacher-mainuferlauf-2026;offenbacher-mainuferlauf;;;;;unknown;scheduled;;;verified;2026-06-17T00:00:00+00:00;
Ökorun in Wächtersbach;Running;30.08.2026;Wächtersbach;Germany;Wächtersbach, Germany;50.2724;9.2857;5 km, 10 km;Official endurance event in Wächtersbach. Imported from verified staging batch.;https://oeko-run.de/;Sport Event Map verified event catalog;https://running.life/de/termine/okorun-in-wachtersbach;unclear;medium;;2026-06-18T00:00:00+00:00;2026-08-28T08:54:51.585+00:00;Generated fallback export 2026-08-26T16:23:33.120Z;;945;66e6edf2-57a4-41c9-9344-724c0c3cfb57;2026;okorun-in-wachtersbach-2026;okorun-in-wachtersbach;;;;;unknown;scheduled;;;verified;2026-06-18T00:00:00+00:00;
Oldenburg Marathon;Running;25.10.2026;Edewecht;Germany;Edewecht, Germany;53.1283992;7.9855044;5 km / 10 km / 21 km / 42 km;Imported from marathon.de running calendar.;https://oldenburg-marathon.de/;Sport Event Map verified event catalog;https://oldenburg-marathon.de/;unclear;high;;2026-06-02T00:00:00+00:00;2026-07-02T00:00:00+00:00;Generated fallback export 2026-08-26T16:23:33.120Z;https://www.marathon.de/logos/oldenburg-marathon.jpg;151;25778818-8075-43e7-91b3-74b7821839a9;2026;oldenburg-marathon-2026;oldenburg-marathon;;;;;unknown;scheduled;;;stale;2026-06-02T00:00:00+00:00;
OSC Vorsilvesterlauf;Running;27.12.2026;Bremerhaven;Germany;Bremerhaven, Germany;53.5505392;8.5851945;5 km;Official endurance event in Bremerhaven. Imported from verified staging batch.;https://osc-bremerhaven.de/;Sport Event Map verified event catalog;https://osc-bremerhaven.de/;unclear;medium;;2026-06-17T00:00:00+00:00;2026-08-28T08:53:36.325+00:00;Generated fallback export 2026-08-26T16:23:33.120Z;;509;a099b24c-93de-446b-ac3b-4622c8af9658;2026;osc-vorsilvesterlauf-2026;osc-vorsilvesterlauf;;;;;unknown;scheduled;;;verified;2026-06-17T00:00:00+00:00;
OT Bremen Run;Running;13.09.2026;Bremen;Germany;Bremen, Germany;53.0758196;8.8071646;5 km, 10 km;Official endurance event in Bremen. Imported from verified staging batch.;https://ot-bremen-run.bremenracing.online/;Sport Event Map verified event catalog;https://ot-bremen-run.bremenracing.online/;unclear;medium;;2026-06-17T00:00:00+00:00;2026-08-28T08:53:36.325+00:00;Generated fallback export 2026-08-26T16:23:33.120Z;;510;f2bd3c70-5781-4084-adc4-3a49772e4423;2026;ot-bremen-run-2026;ot-bremen-run;;;;;unknown;scheduled;;;verified;2026-06-17T00:00:00+00:00;
Otterndorf Triathlon;Triathlon;30.08.2026;Otterndorf;Germany;Otterndorf, Germany;53.8073939;8.8956836;Olympic Triathlon;Official endurance event in Otterndorf. Imported from verified staging batch.;https://otterndorf-triathlon.de/;Sport Event Map verified event catalog;https://running.life/de/termine/otterndorf-triathlon;unclear;medium;;2026-06-18T00:00:00+00:00;2026-08-28T08:54:51.585+00:00;Generated fallback export 2026-08-26T16:23:33.120Z;;935;78afcbfb-577c-47de-bbfe-2ab09ed02bf0;2026;otterndorf-triathlon-2026;otterndorf-triathlon;;;;;unknown;scheduled;;;verified;2026-06-18T00:00:00+00:00;
Palma Marathon;Running;18.10.2026;Palma de Mallorca;Spain;Palma de Mallorca, Spain;39.5695818;2.6500745;9 km / 21 km / 42 km;Official endurance event in Palma de Mallorca. Imported from verified staging batch.;https://www.palmademallorcamarathon.com/;Sport Event Map verified event catalog;https://www.palmademallorcamarathon.com/;unclear;medium;;2026-06-17T00:00:00+00:00;2026-08-28T08:54:37.778+00:00;Generated fallback export 2026-08-26T16:23:33.120Z;;685;699dea33-7405-4b7d-baa1-2db2617687c0;2026;palma-marathon-2026;palma-marathon;;;;;unknown;scheduled;;;verified;2026-06-17T00:00:00+00:00;
Panoramalauf Rund Um Die Burg Are - Altenahr;Ultramarathon;29.08.2026;Altenahr;Germany;Altenahr, Germany;50.5169469;6.9920517;57 km;Official endurance event in Altenahr. Imported from verified staging batch.;https://www.selbstlaeufer-altenahr.de/panoramalauf-ausschreibung.html;Sport Event Map verified event catalog;https://running.life/de/termine/panoramalauf-rund-um-die-burg-are;unclear;medium;;2026-06-17T00:00:00+00:00;2026-08-28T08:54:51.585+00:00;Generated fallback export 2026-08-26T16:23:33.120Z;;927;84871c36-9a70-4619-8a11-357847b5c640;2026;panoramalauf-rund-um-die-burg-are-altenahr-2026;panoramalauf-rund-um-die-burg-are-altenahr;;;;;unknown;scheduled;;;verified;2026-06-17T00:00:00+00:00;
Pfälzerwald Marathon;Running;12.09.2026;Pirmasens;Germany;Pirmasens, Germany;49.1996961;7.6087847;21 km / 42 km;Imported from marathon.de running calendar.;https://www.pfaelzerwald-marathon.de/;Sport Event Map verified event catalog;https://www.pfaelzerwald-marathon.de/;unclear;high;;2026-06-02T00:00:00+00:00;2026-07-02T00:00:00+00:00;Generated fallback export 2026-08-26T16:23:33.120Z;https://www.marathon.de/kategorien/9df6b59342.jpg;107;089d24df-1fb6-4ab8-8d48-f750791cfc09;2026;pfalzerwald-marathon-2026;pfalzerwald-marathon;;;;;unknown;scheduled;;;stale;2026-06-02T00:00:00+00:00;
ProPotsdam Schlösserlauf;Running;06.06.2027;Potsdam;Germany;Potsdam, Germany;52.4009309;13.0591397;10 km / 21 km;Imported from marathon.de running calendar. Source listing: https://www.marathon.de/laufevent/propotsdam-schloesserlauf/;https://potsdam-schloesserlauf.de/;Sport Event Map verified event catalog;https://potsdam-schloesserlauf.de/;unclear;low;;2026-07-10T00:00:00+00:00;2026-08-10T00:00:00+00:00;Generated fallback export 2026-08-26T16:23:33.120Z;https://www.marathon.de/kategorien/2232d51c55.jpg;80;0431b11e-b1ba-45bb-86d5-87d9b366ea77;2027;propotsdam-schlosserlauf-2027;propotsdam-schlosserlauf;;;;;unknown;scheduled;;;stale;2026-07-10T00:00:00+00:00;
PSD Bank Halbmarathon Hamburg;Running;20.09.2026;Hamburg;Germany;Hamburg, Germany;53.5501721;10.0013165;Half Marathon;Official endurance event in Hamburg. Imported from verified staging batch.;https://www.halb-marathon.hamburg;Sport Event Map verified event catalog;https://www.halb-marathon.hamburg;unclear;medium;;2026-06-17T00:00:00+00:00;2026-08-28T08:53:36.325+00:00;Generated fallback export 2026-08-26T16:23:33.120Z;;511;66c3d1a1-c67c-496f-9e10-55de2c906fcb;2026;psd-bank-halbmarathon-hamburg-2026;psd-bank-halbmarathon-hamburg;;;;;unknown;scheduled;;;verified;2026-06-17T00:00:00+00:00;
PUMA Salzburg Marathon;Running;23.05.2027;Salzburg;Austria;Salzburg, Austria;47.7981346;13.0464806;5 km / 7 km / 10 km / 21 km;Imported from marathon.de running calendar. Source listing: https://www.marathon.de/laufevent/salzburg-marathon/;https://salzburg-marathon.at/de/;Sport Event Map verified event catalog;https://salzburg-marathon.at/de/;unclear;high;;2026-06-02T00:00:00+00:00;2026-07-02T00:00:00+00:00;Generated fallback export 2026-08-26T16:23:33.120Z;https://www.marathon.de/logos/salzburg-marathon.jpg;169;3984bbf3-d09e-4875-bc39-63af22b658e9;2027;puma-salzburg-marathon-2027;puma-salzburg-marathon;;;;;unknown;scheduled;;;stale;2026-06-02T00:00:00+00:00;
Rats-Run Sulzbach-Rosenberg;Running;25.04.2027;Sulzbach-Rosenberg;Germany;Sulzbach-Rosenberg, Germany;49.4988014;11.7290848;10 km;Official endurance event in Sulzbach-Rosenberg. Imported from verified staging batch.;https://v2.rats-runners.de/;Sport Event Map verified event catalog;https://v2.rats-runners.de/;unclear;medium;;2026-07-10T00:00:00+00:00;2026-08-10T00:00:00+00:00;Generated fallback export 2026-08-26T16:23:33.120Z;;704;bda21c0c-b6c7-4d06-a3e5-fe8b51c4fa3f;2027;rats-run-sulzbach-rosenberg-2027;rats-run-sulzbach-rosenberg;;;;;unknown;scheduled;;;stale;2026-07-10T00:00:00+00:00;
Reichenau Halbmarathon;Running;20.09.2026;Reichenau;Germany;Reichenau, Germany;47.6966514;9.0616115;10 km, Half Marathon;Official endurance event in Reichenau. Imported from verified staging batch.;https://www.sv-reichenau-leichtathletik.de;Sport Event Map verified event catalog;https://www.sv-reichenau-leichtathletik.de;unclear;medium;;2026-06-17T00:00:00+00:00;2026-08-28T08:53:36.325+00:00;Generated fallback export 2026-08-26T16:23:33.120Z;;512;70045d5b-0a9d-4b74-8cfa-a9e1a65686f6;2026;reichenau-halbmarathon-2026;reichenau-halbmarathon;;;;;unknown;scheduled;;;verified;2026-06-17T00:00:00+00:00;
Remmers-Hasetal Marathon;Running;26.06.2027;Löningen;Germany;Löningen, Germany;52.7363493;7.7570655;5 km / 10 km / 21 km / 42 km;Imported from marathon.de running calendar.;https://remmers-hasetal-marathon.de/;Sport Event Map verified event catalog;https://remmers-hasetal-marathon.de/;unclear;medium;;2026-07-10T00:00:00+00:00;2026-08-10T00:00:00+00:00;Generated fallback export 2026-08-26T16:23:33.120Z;https://www.marathon.de/logos/remmers-hasetal-marathon.jpg;76;50ee5fdd-2575-4cba-a0b5-17d3eeae9e84;2027;remmers-hasetal-marathon-2027;remmers-hasetal-marathon;;;;;unknown;scheduled;;;stale;2026-07-10T00:00:00+00:00;
RIBE Citylauf Schwabach;Running;11.10.2026;Schwabach;Germany;Schwabach, Germany;49.3290521;11.0207677;5 km / 10 km / 21 km;Imported from marathon.de running calendar. Source listing: https://www.marathon.de/laufevent/citylauf-schwabach/;https://schwabacher-citylauf.de/;Sport Event Map verified event catalog;https://schwabacher-citylauf.de/;unclear;low;;2026-06-02T00:00:00+00:00;2026-08-31T00:00:00+00:00;Generated fallback export 2026-08-26T16:23:33.120Z;https://www.marathon.de/kategorien/2232d51c55.jpg;131;0e114845-4d43-49ad-a306-6a374a42bcd3;2026;ribe-citylauf-schwabach-2026;ribe-citylauf-schwabach;;;;;unknown;scheduled;;;verified;2026-06-02T00:00:00+00:00;
Riesenbecker Triathlon - Hörstel;Triathlon;30.08.2026;Hörstel;Germany;Hörstel, Germany;52.2973664;7.5862462;Olympic Triathlon;Official endurance event in Hörstel. Imported from verified staging batch.;https://www.riesenbecker-triathlon.de/riesenbecker-polyvlies-triathlon/;Sport Event Map verified event catalog;https://running.life/de/termine/riesenbecker-triathlon;unclear;medium;;2026-06-18T00:00:00+00:00;2026-08-28T08:54:51.585+00:00;Generated fallback export 2026-08-26T16:23:33.120Z;;943;7bf3b571-6a27-49b5-ba89-008528fbc3e4;2026;riesenbecker-triathlon-horstel-2026;riesenbecker-triathlon-horstel;;;;;unknown;scheduled;;;verified;2026-06-18T00:00:00+00:00;
Ring Running Series;Running;21.11.2026;Hockenheim;Germany;Hockenheim, Germany;49.3188892;8.5475467;21 km / 42 km;Imported from marathon.de running calendar. Source listing: https://www.marathon.de/laufevent/ring-running-series/;https://ringrunningseries.com/;Sport Event Map verified event catalog;https://ringrunningseries.com/;unclear;low;;2026-06-02T00:00:00+00:00;2026-08-31T00:00:00+00:00;Generated fallback export 2026-08-26T16:23:33.120Z;https://www.marathon.de/kategorien/9df6b59342.jpg;159;835704af-8956-474b-8d3c-0fd44415c8b0;2026;ring-running-series-2026;ring-running-series;;;;;unknown;scheduled;;;verified;2026-06-02T00:00:00+00:00;
Rome Marathon;Running;14.03.2027;Rom;Italy;Rom, Italy;41.8933203;12.4829321;42 km;Official endurance event in Rom. Imported from verified staging batch.;https://www.runromethemarathon.com/;Sport Event Map verified event catalog;https://www.runromethemarathon.com/;unclear;medium;;2026-06-17T00:00:00+00:00;2026-08-28T08:54:37.778+00:00;Generated fallback export 2026-08-26T16:23:33.120Z;;663;f4f07b3e-ac7a-4b29-827e-eb46951937b1;2027;rome-marathon-2027;rome-marathon;;;;;unknown;scheduled;;;verified;2026-06-17T00:00:00+00:00;
Röntgenlauf;Running;25.10.2026;Remscheid;Germany;Remscheid, Germany;51.1798706;7.1943544;5 km, 10 km, Half Marathon, Marathon;Imported from marathon.de running calendar. Source listing: https://www.marathon.de/laufevent/roentgenlauf/;https://www.roentgenlauf.de/;Sport Event Map verified event catalog;https://www.roentgenlauf.de/;unclear;medium;;2026-06-02T00:00:00+00:00;2026-07-02T00:00:00+00:00;Generated fallback export 2026-08-26T16:23:33.120Z;https://www.marathon.de/kategorien/9df6b59342.jpg;147;439ca73a-32f6-458b-b39a-4c4e7ceaaf86;2026;rontgenlauf-2026;rontgenlauf;;;;;unknown;scheduled;;;stale;2026-06-02T00:00:00+00:00;
Rostock 10;Running;03.10.2026;Rostock;Germany;Rostock, Germany;54.0886707;12.1400211;10 km;Official endurance event in Rostock. Imported from verified staging batch.;https://rostock10.de/;Sport Event Map verified event catalog;https://rostock10.de/;unclear;medium;;2026-06-17T00:00:00+00:00;2026-08-28T08:53:36.325+00:00;Generated fallback export 2026-08-26T16:23:33.120Z;;513;f96c1303-4884-49ca-988f-3564b2328b8a;2026;rostock-10-2026;rostock-10;;;;;unknown;scheduled;;;verified;2026-06-17T00:00:00+00:00;
Rostocker Frauenlauf;Running;06.09.2026;Rostock;Germany;Rostock, Germany;54.0886707;12.1400211;5 km, 10 km;Official endurance event in Rostock. Imported from verified staging batch.;https://rostocker-frauenlauf.de/;Sport Event Map verified event catalog;https://running.life/de/termine/rostocker-frauenlauf;unclear;medium;;2026-06-18T00:00:00+00:00;2026-08-28T08:54:51.585+00:00;Generated fallback export 2026-08-26T16:23:33.120Z;;958;5bb7b0a9-d8a0-49c0-956c-6d2284899430;2026;rostocker-frauenlauf-2026;rostocker-frauenlauf;;;;;unknown;scheduled;;;verified;2026-06-18T00:00:00+00:00;
Rudelsburglauf - Bad Kösen - Naumburg (Saale);Running;12.09.2026;Naumburg (Saale);Germany;Naumburg (Saale), Germany;51.1525648;11.8099186;10 km;Official endurance event in Naumburg (Saale). Imported from verified staging batch.;https://www.lg-rudelsburg.de/?page_id=60;Sport Event Map verified event catalog;https://running.life/de/termine/rudelsburglauf-bad-kosen;unclear;medium;;2026-06-18T00:00:00+00:00;2026-08-28T08:54:51.585+00:00;Generated fallback export 2026-08-26T16:23:33.120Z;;968;3f6a6c1c-2584-440e-b232-3f26964fe9d6;2026;rudelsburglauf-bad-kosen-naumburg-saale-2026;rudelsburglauf-bad-kosen-naumburg-saale;;;;;unknown;scheduled;;;verified;2026-06-18T00:00:00+00:00;
RUN & FUN Krefelder Firmenlauf;Running;02.09.2026;Krefeld;Germany;Krefeld, Germany;51.3331205;6.5623343;5 km;Official local running event in Krefeld. Distances: 5 km. Discovered via Kilometerliebe and linked to the official event website.;https://www.run-fun-kr.de/;Sport Event Map verified event catalog;https://www.run-fun-kr.de/;unclear;low;;2026-06-02T00:00:00+00:00;2026-08-31T00:00:00+00:00;Generated fallback export 2026-08-26T16:23:33.120Z;;237;53e683a6-da5f-4767-99a3-f90acbd516e8;2026;run-and-fun-krefelder-firmenlauf-2026;run-and-fun-krefelder-firmenlauf;;;;;unknown;scheduled;;;verified;2026-06-02T00:00:00+00:00;
Rursee Marathon;Ultramarathon;08.11.2026;Simmerath;Germany;Simmerath, Germany;50.6072499;6.3005267;17 km / 42 km / 52 km;Imported from marathon.de running calendar.;https://rursee-marathon.de/;Sport Event Map verified event catalog;https://rursee-marathon.de/;unclear;high;;2026-06-02T00:00:00+00:00;2026-07-02T00:00:00+00:00;Generated fallback export 2026-08-26T16:23:33.120Z;https://www.marathon.de/logos/rursee-marathon.jpg;160;73b1a121-d50e-49e1-a501-03813c5837b6;2026;rursee-marathon-2026;rursee-marathon;;;;;unknown;scheduled;;;stale;2026-06-02T00:00:00+00:00;
RWW-Ruhrauenlauf - Mülheim an der Ruhr;Running;29.08.2026;Mülheim an der Ruhr;Germany;Mülheim an der Ruhr, Germany;51.4272925;6.8829192;5 km, 10 km;Official endurance event in Mülheim an der Ruhr. Imported from verified staging batch.;https://www.rww.de/news/ruhrauenlauf;Sport Event Map verified event catalog;https://running.life/de/termine/rww-ruhrauenlauf;unclear;medium;;2026-06-17T00:00:00+00:00;2026-08-28T08:54:51.585+00:00;Generated fallback export 2026-08-26T16:23:33.120Z;;928;bf30705b-e447-4927-ab89-bffc7022eb92;2026;rww-ruhrauenlauf-mulheim-an-der-ruhr-2026;rww-ruhrauenlauf-mulheim-an-der-ruhr;;;;;unknown;scheduled;;;verified;2026-06-17T00:00:00+00:00;
RYZON Bonn Triathlon;Triathlon;06.06.2027;Bonn;Germany;Bonn, Germany;50.74;7.113;Triathlon;Region: Nordrhein-Westfalen Source listing: https://www.triathlondeutschland.de/aktive/wettkaempfe/veranstaltungskalender/06-2026/ryzon-bonn-triathlon;https://www.bonn-triathlon.de/;Sport Event Map verified event catalog;https://www.bonn-triathlon.de/;unclear;high;;2026-07-10T00:00:00+00:00;2026-08-10T00:00:00+00:00;Generated fallback export 2026-08-26T16:23:33.120Z;;170;7ab1b871-bd51-4b83-8567-ef1e8e73765f;2027;ryzon-bonn-triathlon-2027;ryzon-bonn-triathlon;;;;;unknown;scheduled;;;stale;2026-07-10T00:00:00+00:00;
Saaletal Marathon;Running;10.04.2027;Ramsthal;Germany;Ramsthal, Germany;50.1398945;10.0692744;10 km / 21 km / 33 km / 42 km;Imported from marathon.de running calendar.;https://saaletal-marathon.de/;Sport Event Map verified event catalog;https://saaletal-marathon.de/;unclear;medium;;2026-06-02T00:00:00+00:00;2026-07-02T00:00:00+00:00;Generated fallback export 2026-08-26T16:23:33.120Z;https://www.marathon.de/logos/saaletal-marathon.jpg;158;3adb0a6f-e718-404d-860f-f31578d4b140;2027;saaletal-marathon-2027;saaletal-marathon;;;;;unknown;scheduled;;;stale;2026-06-02T00:00:00+00:00;
Sachsenwaldlauf;Running;06.09.2026;Schwarzenbek;Germany;Schwarzenbek, Germany;53.503122;10.4785643;3 km / 5 km / 10 km / 21 km;Official endurance event in Schwarzenbek. Imported from verified staging batch.;https://www.sachsenwaldlauf.de/;Sport Event Map verified event catalog;https://www.sachsenwaldlauf.de/;unclear;medium;;2026-06-17T00:00:00+00:00;2026-08-28T08:54:37.778+00:00;Generated fallback export 2026-08-26T16:23:33.120Z;;653;28f94530-d8a5-43b5-904a-ce6ea5add593;2026;sachsenwaldlauf-2026;sachsenwaldlauf;;;;;unknown;scheduled;;;verified;2026-06-17T00:00:00+00:00;
Salvus-Teekottenlauf;Running;23.04.2027;Emsdetten;Germany;Emsdetten, Germany;52.174687;7.5301756;5 km / 10 km / 21 km;Imported from marathon.de running calendar. Source listing: https://www.marathon.de/laufevent/teekottenlauf/;https://www.salvus-teekottenlauf.de/;Sport Event Map verified event catalog;https://www.salvus-teekottenlauf.de/;unclear;low;;2026-06-02T00:00:00+00:00;2026-08-31T00:00:00+00:00;Generated fallback export 2026-08-26T16:23:33.120Z;https://www.marathon.de/kategorien/2232d51c55.jpg;161;b74333ad-68fb-4bf8-b879-33cb63b937bf;2027;salvus-teekottenlauf-2027;salvus-teekottenlauf;;;;;unknown;scheduled;;;verified;2026-06-02T00:00:00+00:00;
Salzkammergut Marathon;Running;17.10.2026;St. Wolfgang;Austria;St. Wolfgang, Austria;47.7378747;13.448274;5 km / 10 km / 27 km / 42 km;Official endurance event in St. Wolfgang. Imported from verified staging batch.;http://www.wolfgangseelauf.at/;Sport Event Map verified event catalog;http://www.wolfgangseelauf.at/;unclear;medium;;2026-06-17T00:00:00+00:00;2026-08-28T08:54:37.778+00:00;Generated fallback export 2026-08-26T16:23:33.120Z;;684;7f26dafa-64e3-4985-bd3a-24e7903f9d58;2026;salzkammergut-marathon-2026;salzkammergut-marathon;;;;;unknown;scheduled;;;verified;2026-06-17T00:00:00+00:00;
SanktPauli Ultra;Ultramarathon;15.05.2027;Rotenburg/Wümme - Tostedt;Germany;Rotenburg/Wümme - Tostedt, Germany;53.28265;9.7124175;100 km;Official local running event in Rotenburg/Wümme - Tostedt. Distances: 100 km. Discovered via Kilometerliebe and linked to the official event website.;https://www.bremensanktpauli.de/infos;Sport Event Map verified event catalog;https://www.bremensanktpauli.de/infos;unclear;medium;;2026-06-02T00:00:00+00:00;2026-07-02T00:00:00+00:00;Generated fallback export 2026-08-26T16:23:33.120Z;;199;4e94198b-d03d-48e1-be98-28887c70c262;2027;sanktpauli-ultra-2027;sanktpauli-ultra;;;;;unknown;scheduled;;;stale;2026-06-02T00:00:00+00:00;
Sauwald Trail Schardenberg;Ultramarathon;26.06.2027;Schardenberg;Austria;Schardenberg, Upper Austria, Austria;48.5195888;13.4972841;46 km;Official endurance event in Schardenberg. Imported from verified staging batch.;https://www.sauwaldtrail.at/;Sport Event Map verified event catalog;https://www.sauwaldtrail.at/;unclear;medium;;2026-07-10T00:00:00+00:00;2026-08-10T00:00:00+00:00;Generated fallback export 2026-08-26T16:23:33.120Z;;717;741a85e6-b75b-4cfb-84f1-8a24b32473d8;2027;sauwald-trail-schardenberg-2027;sauwald-trail-schardenberg;;;;;unknown;scheduled;;;stale;2026-07-10T00:00:00+00:00;
Schapener Volkslauf;Running;06.09.2026;Braunschweig;Germany;Braunschweig, Germany;52.2646577;10.5236066;6 km / 10 km / 21 km;Imported from marathon.de running calendar. Source listing: https://www.marathon.de/laufevent/schapener-volkslauf/;https://www.volkslauf-schapen.de/;Sport Event Map verified event catalog;https://www.volkslauf-schapen.de/;unclear;low;;2026-06-02T00:00:00+00:00;2026-08-31T00:00:00+00:00;Generated fallback export 2026-08-26T16:23:33.120Z;https://www.marathon.de/kategorien/2232d51c55.jpg;113;25453f60-8b97-4c40-82a9-81a0ab895c2e;2026;schapener-volkslauf-2026;schapener-volkslauf;;;;;unknown;scheduled;;;verified;2026-06-02T00:00:00+00:00;
Schloss Marienburg Marathon;Running;21.11.2026;Nordstemmen-Adensen;Germany;Nordstemmen-Adensen, Germany;52.1763239;9.729259;21 km / 42 km;Imported from marathon.de running calendar.;https://www.schloss-marienburg-marathon.de/;Sport Event Map verified event catalog;https://www.schloss-marienburg-marathon.de/;unclear;high;;2026-06-02T00:00:00+00:00;2026-07-02T00:00:00+00:00;Generated fallback export 2026-08-26T16:23:33.120Z;https://www.marathon.de/kategorien/9df6b59342.jpg;146;4961dba4-0771-4cf0-9dbe-83d14e8380d2;2026;schloss-marienburg-marathon-2026;schloss-marienburg-marathon;;;;;unknown;scheduled;;;stale;2026-06-02T00:00:00+00:00;
Schuster Tegernseelauf;Running;20.09.2026;Gmund am Tegernsee;Germany;Gmund am Tegernsee, Germany;47.750822;11.738955;5 km / 10 km / 21 km;Imported from marathon.de running calendar. Source listing: https://www.marathon.de/laufevent/tegernseelauf/;https://tegernseelauf.de/;Sport Event Map verified event catalog;https://tegernseelauf.de/;unclear;low;;2026-06-02T00:00:00+00:00;2026-08-31T00:00:00+00:00;Generated fallback export 2026-08-26T16:23:33.120Z;https://www.marathon.de/kategorien/2232d51c55.jpg;120;8ca91e26-664e-40c0-92cd-c0e983de9bf3;2026;schuster-tegernseelauf-2026;schuster-tegernseelauf;;;;;unknown;scheduled;;;verified;2026-06-02T00:00:00+00:00;
Schwarzwald Marathon;Running;10.10.2026;Bräunlingen;Germany;Bräunlingen, Germany;47.9300645;8.448329;5 km / 10 km / 21 km / 42 km;Imported from marathon.de running calendar.;https://www.schwarzwaldmarathon.de/;Sport Event Map verified event catalog;https://www.schwarzwaldmarathon.de/;unclear;medium;;2026-06-02T00:00:00+00:00;2026-07-02T00:00:00+00:00;Generated fallback export 2026-08-26T16:23:33.120Z;https://www.marathon.de/kategorien/9df6b59342.jpg;125;fda1a411-f5ac-438a-b895-8109497563a1;2026;schwarzwald-marathon-2026;schwarzwald-marathon;;;;;unknown;scheduled;;;stale;2026-06-02T00:00:00+00:00;
Schwebebahnlauf Wuppertal;Running;13.06.2027;Wuppertal;Germany;Wuppertal, Germany;51.264018;7.1780374;5 km, 10 km, Half Marathon;Official local running event in Wuppertal. Distances: 5 km, 10 km, Half Marathon. Discovered via Kilometerliebe and linked to the official event website.;https://schwebebahn-lauf.de/;Sport Event Map verified event catalog;https://schwebebahn-lauf.de/;unclear;medium;;2026-07-10T00:00:00+00:00;2026-08-10T00:00:00+00:00;Generated fallback export 2026-08-26T16:23:33.120Z;;240;e868574c-d3f8-4a2b-bd4c-9b7ecc3638da;2027;schwebebahnlauf-wuppertal-2027;schwebebahnlauf-wuppertal;;;;;unknown;scheduled;;;stale;2026-07-10T00:00:00+00:00;
Sechtemer Burgenlauf - Bornheim;Running;30.08.2026;Bornheim;Germany;Bornheim, Germany;50.7627913;6.9890508;5 km, 10 km;Official endurance event in Bornheim. Imported from verified staging batch.;http://graue-burggeister.de/Sechtemer-Burgenlauf;Sport Event Map verified event catalog;https://running.life/de/termine/sechtemer-burgenlauf;unclear;medium;;2026-06-18T00:00:00+00:00;2026-08-28T08:54:51.585+00:00;Generated fallback export 2026-08-26T16:23:33.120Z;;937;48792802-9a68-4860-ba03-ed811400592a;2026;sechtemer-burgenlauf-bornheim-2026;sechtemer-burgenlauf-bornheim;;;;;unknown;scheduled;;;verified;2026-06-18T00:00:00+00:00;
Seiser-Alm-Halbmarathon;Running;04.07.2027;Kastelruth;Italy;Kastelruth, South Tyrol, Italy;46.5678425;11.5596852;Half Marathon;Official endurance event in Kastelruh. Imported from verified staging batch.;https://running.seiseralm.it/de/halbmarathon.html;Sport Event Map verified event catalog;https://running.seiseralm.it/de/halbmarathon.html;unclear;high;;2026-07-10T00:00:00+00:00;2026-08-10T00:00:00+00:00;Generated fallback export 2026-08-26T16:23:33.120Z;;731;0544f795-d07d-459f-9bb9-c34ce62c930e;2027;seiser-alm-halbmarathon-2027;seiser-alm-halbmarathon;;;;;unknown;scheduled;;;stale;2026-07-10T00:00:00+00:00;
Sevilla Marathon;Running;21.02.2027;Sevilla;Spain;Sevilla, Spain;37.383606;-5.97997;42 km;Official endurance event in Sevilla. Imported from verified staging batch.;https://de.zurichmaratonsevilla.es/;Sport Event Map verified event catalog;https://de.zurichmaratonsevilla.es/;unclear;medium;;2026-06-17T00:00:00+00:00;2026-08-28T08:54:37.778+00:00;Generated fallback export 2026-08-26T16:23:33.120Z;;660;dcbf2f10-c96e-4d97-bcd6-bd7893f9da08;2027;sevilla-marathon-2027;sevilla-marathon;;;;;unknown;scheduled;;;verified;2026-06-17T00:00:00+00:00;
Siebengebirgsmarathon;Running;06.12.2026;Bad Honnef;Germany;Bad Honnef, Germany;50.6448582;7.2272534;21 km / 42 km;Imported from marathon.de running calendar. Source listing: https://www.marathon.de/laufevent/siebengebirgsmarathon/;https://siebengebirgsmarathon.net/;Sport Event Map verified event catalog;https://siebengebirgsmarathon.net/;unclear;high;;2026-06-02T00:00:00+00:00;2026-07-02T00:00:00+00:00;Generated fallback export 2026-08-26T16:23:33.120Z;https://www.marathon.de/kategorien/9df6b59342.jpg;148;c6aa10ac-67f0-4da0-8671-fbcc3b265dfb;2026;siebengebirgsmarathon-2026;siebengebirgsmarathon;;;;;unknown;scheduled;;;stale;2026-06-02T00:00:00+00:00;
Skatstadtmarathon;Running;12.06.2027;Altenburg;Germany;Altenburg, Germany;50.9852411;12.4340988;5 km / 13 km / 21 km / 42 km;Imported from marathon.de running calendar.;https://www.skatstadtmarathon.de/;Sport Event Map verified event catalog;https://www.skatstadtmarathon.de/;unclear;medium;;2026-07-10T00:00:00+00:00;2026-08-10T00:00:00+00:00;Generated fallback export 2026-08-26T16:23:33.120Z;https://www.marathon.de/logos/skatstadtmarathon.jpg;67;5745bb9f-87d0-4e4a-a762-ee3fa5d9a837;2027;skatstadtmarathon-2027;skatstadtmarathon;;;;;unknown;scheduled;;;stale;2026-07-10T00:00:00+00:00;
Sommerabendlauf des TuS Köln;Running;28.08.2026;Köln;Germany;Köln, Germany;50.938361;6.959974;5 km, 10 km;Official endurance event in Köln. Imported from verified staging batch.;https://www.tuskoeln.de/sommerabendlauf;Sport Event Map verified event catalog;https://running.life/de/termine/sommerabendlauf;unclear;medium;;2026-06-17T00:00:00+00:00;2026-08-28T08:54:51.585+00:00;Generated fallback export 2026-08-26T16:23:33.120Z;;925;b997cca3-5299-43ec-a1a6-6ec5e6dfcca2;2026;sommerabendlauf-des-tus-koln-2026;sommerabendlauf-des-tus-koln;;;;;unknown;scheduled;;;verified;2026-06-17T00:00:00+00:00;
Sörmlands 100 Trail Run;Ultramarathon;11.09.2026;Björnlunda;Sweden;Öster-Malma Castle, 611 91 Björnlunda, Nyköping Municipality, Sweden;58.95083;17.15806;8 km / 22 km / 50 km / 100 km / 100 Miles;Sörmlands 100 Trail Run is a Swedish trail weekend with multiple distances: 8 km, 22 km, 50 km, 100 km and 100 miles.;https://www.sormlands100.com/;Sport Event Map verified event catalog;https://www.sormlands100.com/;unclear;high;;2026-06-24T00:00:00+00:00;2026-07-24T00:00:00+00:00;Generated fallback export 2026-08-26T16:23:33.120Z;;22;3194b431-b176-446f-8540-ae921e060866;2026;sormlands-100-trail-run-2026;sormlands-100-trail-run;;;;;unknown;scheduled;;;stale;2026-06-24T00:00:00+00:00;
Sparda Münster City Triathlon;Triathlon;20.06.2027;Münster;Germany;Münster, Germany;51.951;7.638;Triathlon;Region: Nordrhein-Westfalen Source listing: https://www.triathlondeutschland.de/aktive/wettkaempfe/veranstaltungskalender/06-2026/sparda-muenster-city-triathlon-2026;https://muenster-triathlon.de/;Sport Event Map verified event catalog;https://muenster-triathlon.de/;unclear;medium;;2026-07-10T00:00:00+00:00;2026-08-10T00:00:00+00:00;Generated fallback export 2026-08-26T16:23:33.120Z;;221;8a04d176-cfd5-4d15-a2cf-0c4a1891a353;2027;sparda-munster-city-triathlon-2026-2027;sparda-munster-city-triathlon;;;;;unknown;scheduled;;;stale;2026-07-10T00:00:00+00:00;
Sparkasse 3-Länder-Marathon;Running;11.10.2026;Lindau;Germany;Lindau, Germany;54.3846451;9.9034272;5 km, 10 km, Half Marathon, Marathon;Official local running event in Lindau. Distances: 5 km, 10 km, Half Marathon, Marathon. Discovered via Kilometerliebe and linked to the official event website.;https://www.sparkasse-3-laender-marathon.at/de/home/;Sport Event Map verified event catalog;https://www.sparkasse-3-laender-marathon.at/de/home/;unclear;high;;2026-06-02T00:00:00+00:00;2026-07-02T00:00:00+00:00;Generated fallback export 2026-08-26T16:23:33.120Z;;241;28f3fe42-73de-49e4-b3cc-9984a01d38bf;2026;sparkasse-3-lander-marathon-2026;sparkasse-3-lander-marathon;;;;;unknown;scheduled;;;stale;2026-06-02T00:00:00+00:00;
Sparkassen - Küstenmarathon;Running;20.09.2026;Otterndorf;Germany;Otterndorf, Germany;53.8073939;8.8956836;5 km / 10 km / 25 km / 42 km;Imported from marathon.de running calendar.;https://www.kuestenmarathon.de/;Sport Event Map verified event catalog;https://www.kuestenmarathon.de/;unclear;medium;;2026-06-02T00:00:00+00:00;2026-07-02T00:00:00+00:00;Generated fallback export 2026-08-26T16:23:33.120Z;https://www.marathon.de/kategorien/9df6b59342.jpg;118;50516681-f0d1-4797-9d71-8c0062522144;2026;sparkassen-kustenmarathon-2026;sparkassen-kustenmarathon;;;;;unknown;scheduled;;;stale;2026-06-02T00:00:00+00:00;
Sparkassen Metropolmarathon;Running;20.06.2027;Fürth;Germany;Fürth, Germany;49.4885711;10.9587203;10 km / 21 km / 42 km;Imported from marathon.de running calendar.;https://metropolmarathon.de/;Sport Event Map verified event catalog;https://metropolmarathon.de/;unclear;medium;;2026-07-10T00:00:00+00:00;2026-08-10T00:00:00+00:00;Generated fallback export 2026-08-26T16:23:33.120Z;https://www.marathon.de/logos/metropolmarathon-fuerth.jpg;69;b5b41be5-10c2-4f33-aa12-165793200d44;2027;sparkassen-metropolmarathon-2027;sparkassen-metropolmarathon;;;;;unknown;scheduled;;;stale;2026-07-10T00:00:00+00:00;
Sparkassen Phoenix-Halbmarathon Dortmund;Running;03.10.2026;Dortmund;Germany;Dortmund, Germany;51.5142273;7.4652789;Half Marathon;Official endurance event in Dortmund. Imported from verified staging batch.;https://sparkassen-phoenix-halbmarathon.de;Sport Event Map verified event catalog;https://sparkassen-phoenix-halbmarathon.de;unclear;medium;;2026-06-17T00:00:00+00:00;2026-08-28T08:53:36.325+00:00;Generated fallback export 2026-08-26T16:23:33.120Z;;517;1830f865-4f08-4d3b-ad0b-8c63aedb4342;2026;sparkassen-phoenix-halbmarathon-dortmund-2026;sparkassen-phoenix-halbmarathon-dortmund;;;;;unknown;scheduled;;;verified;2026-06-17T00:00:00+00:00;
Sparkassen Rügenbrücken-Marathon;Running;10.10.2026;Stralsund;Germany;Stralsund, Germany;54.3096314;13.0820846;10 km, Half Marathon, Marathon;Official endurance event in Stralsund. Imported from verified staging batch.;http://www.ruegenmarathon.de;Sport Event Map verified event catalog;http://www.ruegenmarathon.de;unclear;medium;;2026-06-17T00:00:00+00:00;2026-08-28T08:53:36.325+00:00;Generated fallback export 2026-08-26T16:23:33.120Z;;518;bba6af29-62cc-4da5-a1d6-4a350b747779;2026;sparkassen-rugenbrucken-marathon-2026;sparkassen-rugenbrucken-marathon;;;;;unknown;scheduled;;;verified;2026-06-17T00:00:00+00:00;
Sparkassen-SAARathon;Running;11.10.2026;Saarbrücken;Germany;Saarbrücken, Germany;49.234362;6.996379;5 km, 10 km, Half Marathon, Marathon;Official endurance event in Saarbrücken. Imported from verified staging batch.;https://www.westspangenlauf.de;Sport Event Map verified event catalog;https://www.westspangenlauf.de;unclear;medium;;2026-06-17T00:00:00+00:00;2026-08-28T08:53:36.325+00:00;Generated fallback export 2026-08-26T16:23:33.120Z;;519;1d191b2d-3d49-473a-9fbf-6455b8b44240;2026;sparkassen-saarathon-2026;sparkassen-saarathon;;;;;unknown;scheduled;;;verified;2026-06-17T00:00:00+00:00;
Sparkassen Silvesterlauf Werl-Soest;Running;31.12.2026;Werl;Germany;Werl, Germany;51.5533457;7.9155558;15 km;Official endurance event in Werl. Imported from verified staging batch.;https://www.silvesterlauf.com;Sport Event Map verified event catalog;https://www.silvesterlauf.com;unclear;medium;;2026-06-17T00:00:00+00:00;2026-08-28T08:53:36.325+00:00;Generated fallback export 2026-08-26T16:23:33.120Z;;516;f4967957-d108-4b93-9cbc-def0f7aded84;2026;sparkassen-silvesterlauf-werl-soest-2026;sparkassen-silvesterlauf-werl-soest;;;;;unknown;scheduled;;;verified;2026-06-17T00:00:00+00:00;
Sparkassenlauf Aurich;Running;05.09.2026;Aurich;Germany;Aurich, Germany;53.4695604;7.4823808;5 km, 10 km;Official endurance event in Aurich. Imported from verified staging batch.;https://www.citylauf-aurich.de/;Sport Event Map verified event catalog;https://running.life/de/termine/sparkassenlauf-aurich;unclear;medium;;2026-06-18T00:00:00+00:00;2026-08-28T08:54:51.585+00:00;Generated fallback export 2026-08-26T16:23:33.120Z;;953;b2492599-c6b5-492f-b572-fdda87b7d852;2026;sparkassenlauf-aurich-2026;sparkassenlauf-aurich;;;;;unknown;scheduled;;;verified;2026-06-18T00:00:00+00:00;
Sportmeilen Run Rosstal;Running;12.09.2026;Roßtal;Germany;Roßtal, Germany;49.3977926;10.8849103;10 km;Official endurance event in Roßtal. Imported from verified staging batch.;https://tsv-rosstal.de/blog/2026/05/13/sportmeilen-run/;Sport Event Map verified event catalog;https://running.life/de/termine/sportmeilen-run-rosstal;unclear;medium;;2026-06-18T00:00:00+00:00;2026-08-28T08:54:51.585+00:00;Generated fallback export 2026-08-26T16:23:33.120Z;;974;6252ebf8-c529-407b-b192-de40eb80df2f;2026;sportmeilen-run-rosstal-2026;sportmeilen-run-rosstal;;;;;unknown;scheduled;;;verified;2026-06-18T00:00:00+00:00;
SportScheck RUN München;Running;18.06.2027;München;Germany;München, Germany;48.1371079;11.5753822;5 km / 10 km / 21 km;Imported from marathon.de running calendar. Source listing: https://www.marathon.de/laufevent/sportscheck-run-muenchen/;https://www.sportscheck.com/run.html;Sport Event Map verified event catalog;https://www.sportscheck.com/run.html;unclear;low;;2026-07-10T00:00:00+00:00;2026-08-10T00:00:00+00:00;Generated fallback export 2026-08-26T16:23:33.120Z;https://www.marathon.de/logos/sportscheck-run-muenchen.jpg;81;99340138-12b7-492a-87c9-aa40a8861905;2027;sportscheck-run-munchen-2027;sportscheck-run-munchen;;;;;unknown;scheduled;;;stale;2026-07-10T00:00:00+00:00;
SportScheck RUN Nürnberg;Running;25.10.2026;Nürnberg;Germany;Nürnberg, Germany;49.453872;11.077298;6 km / 10 km / 21 km;Imported from marathon.de running calendar. Source listing: https://www.marathon.de/laufevent/sportscheck-run-nuernberg/;https://www.sportscheck.com/run.html;Sport Event Map verified event catalog;https://www.sportscheck.com/run.html;unclear;low;;2026-06-02T00:00:00+00:00;2026-08-31T00:00:00+00:00;Generated fallback export 2026-08-26T16:23:33.120Z;https://www.marathon.de/logos/sportscheck-run-nuernberg.jpg;144;e183d8c3-ba77-4a52-9180-fdd9b9084af2;2026;sportscheck-run-nurnberg-2026;sportscheck-run-nurnberg;;;;;unknown;scheduled;;;verified;2026-06-02T00:00:00+00:00;
Spreewald Marathon;Running;25.04.2027;Burg;Germany;Burg, Germany;49.9600346;6.3512069;10 km / 21 km / 42 km;Imported from marathon.de running calendar.;https://spreewaldmarathon.de/wpswm/;Sport Event Map verified event catalog;https://spreewaldmarathon.de/wpswm/;unclear;medium;;2026-06-02T00:00:00+00:00;2026-07-02T00:00:00+00:00;Generated fallback export 2026-08-26T16:23:33.120Z;https://www.marathon.de/kategorien/9df6b59342.jpg;166;cb73a66f-3350-4f8c-9f12-e64074b4a239;2027;spreewald-marathon-2027;spreewald-marathon;;;;;unknown;scheduled;;;stale;2026-06-02T00:00:00+00:00;
Sprint Triathlon in Ingelheim - Ingelheim am Rhein;Triathlon;30.08.2026;Ingelheim am Rhein;Germany;Ingelheim am Rhein, Germany;49.9752749;8.0547274;Sprint Triathlon;Official endurance event in Ingelheim am Rhein. Imported from verified staging batch.;https://www.derkleinekarl.de/;Sport Event Map verified event catalog;https://running.life/de/termine/sprint-triathlon-in-ingelheim;unclear;medium;;2026-06-18T00:00:00+00:00;2026-08-28T08:54:51.585+00:00;Generated fallback export 2026-08-26T16:23:33.120Z;;933;fb60d4e2-1bc8-4c6b-ab82-3efd7d69f3fa;2026;sprint-triathlon-in-ingelheim-ingelheim-am-rhein-2026;sprint-triathlon-in-ingelheim-ingelheim-am-rhein;;;;;unknown;scheduled;;;verified;2026-06-18T00:00:00+00:00;
Stadtlauf Hanau;Running;18.09.2026;Hanau;Germany;Hanau, Germany;50.132881;8.9169797;5 km;Official local running event in Hanau. Distances: 5 km. Discovered via Kilometerliebe and linked to the official event website.;https://hanauer-stadtlauf.de/;Sport Event Map verified event catalog;https://hanauer-stadtlauf.de/;unclear;low;;2026-06-02T00:00:00+00:00;2026-08-31T00:00:00+00:00;Generated fallback export 2026-08-26T16:23:33.120Z;;246;67356880-3ca8-4f72-836c-c48a92370ae0;2026;stadtlauf-hanau-2026;stadtlauf-hanau;;;;;unknown;scheduled;;;verified;2026-06-02T00:00:00+00:00;
Stadtparklauf Sondershausen;Running;19.09.2026;Sondershausen;Germany;Sondershausen, Germany;51.3666041;10.8668419;5 km, 10 km;Official endurance event in Sondershausen. Imported from verified staging batch.;https://www.glueckauf-sondershausen.de/stadtparklauf;Sport Event Map verified event catalog;https://running.life/de/termine/stadtparklauf-sondershausen;unclear;medium;;2026-06-18T00:00:00+00:00;2026-08-28T08:54:51.585+00:00;Generated fallback export 2026-08-26T16:23:33.120Z;;996;02d164c7-a4bc-4419-a215-8a490b9e16a3;2026;stadtparklauf-sondershausen-2026;stadtparklauf-sondershausen;;;;;unknown;scheduled;;;verified;2026-06-18T00:00:00+00:00;
StadtTriathlon Forchheim;Triathlon;13.06.2027;Forchheim;Germany;Forchheim, Germany;49.71;11.064;Triathlon;Region: Bayern Source listing: https://www.triathlondeutschland.de/aktive/wettkaempfe/veranstaltungskalender/06-2026/stadttriathlon-forchheim;https://stadttriathlon-forchheim.de/;Sport Event Map verified event catalog;https://stadttriathlon-forchheim.de/;unclear;medium;;2026-07-10T00:00:00+00:00;2026-08-10T00:00:00+00:00;Generated fallback export 2026-08-26T16:23:33.120Z;;198;0692aa68-a449-41f6-91f0-ee0133a35074;2027;stadttriathlon-forchheim-2027;stadttriathlon-forchheim;;;;;unknown;scheduled;;;stale;2026-07-10T00:00:00+00:00;
Stadtwald-Cross in Lutherstadt Wittenberg;Running;19.09.2026;Lutherstadt Wittenberg;Germany;Lutherstadt Wittenberg, Germany;51.8666527;12.646761;10 km;Official endurance event in Lutherstadt Wittenberg. Imported from verified staging batch.;https://www.stadtwald-wittenberg.de/stadtwald-cross;Sport Event Map verified event catalog;https://running.life/de/termine/stadtwald-cross-in-lutherstadt-wittenberg;unclear;medium;;2026-06-18T00:00:00+00:00;2026-08-28T08:54:51.585+00:00;Generated fallback export 2026-08-26T16:23:33.120Z;;1001;205b9b22-a2f8-4930-887d-f0c2f56f56a5;2026;stadtwald-cross-in-lutherstadt-wittenberg-2026;stadtwald-cross-in-lutherstadt-wittenberg;;;;;unknown;scheduled;;;verified;2026-06-18T00:00:00+00:00;
Stadtwerke Lübeck Marathon;Running;18.10.2026;Lübeck;Germany;Lübeck, Germany;53.866444;10.684738;2 km, 5 km, 10 km, Half Marathon, Marathon;Official endurance event in Lübeck. Official organizer website lists the current Stadtwerke Lübeck Marathon edition for 18.10.2026 with 2 km, 5 km, 10 km, half marathon and marathon distances.;https://swhl-marathon.de/;Sport Event Map verified event catalog;https://swhl-marathon.de/;unclear;high;;2026-07-08T00:00:00+00:00;2026-07-15T00:00:00+00:00;Generated fallback export 2026-08-26T16:23:33.120Z;;500;c1997eda-c8cb-4828-8b1b-6bcd4e82131e;2026;stadtwerke-lubeck-marathon-2026;stadtwerke-lubeck-marathon;;;;;unknown;scheduled;;;stale;2026-07-08T00:00:00+00:00;
Steinhuder-Meer-Lauf;Running;05.09.2026;Neustadt am Rübenberge;Germany;Neustadt am Rübenberge, Germany;52.5045772;9.4616921;5 km / 10 km / 21 km;Imported from marathon.de running calendar. Source listing: https://www.marathon.de/laufevent/steinhuder-meer-lauf/;https://www.tsv-poggenhagen1946.de/;Sport Event Map verified event catalog;https://www.tsv-poggenhagen1946.de/;unclear;low;;2026-06-02T00:00:00+00:00;2026-08-31T00:00:00+00:00;Generated fallback export 2026-08-26T16:23:33.120Z;https://www.marathon.de/kategorien/2232d51c55.jpg;98;ab4923d3-e2f9-42da-b3c5-35852bd7a235;2026;steinhuder-meer-lauf-2026;steinhuder-meer-lauf;;;;;unknown;scheduled;;;verified;2026-06-02T00:00:00+00:00;
Stolberger Schloss-Lauf;Running;29.08.2026;Stolberg;Germany;Stolberg, Germany;50.7702908;6.2295504;5 km, 10 km, Half Marathon;Official endurance event in Stolberg. Imported from verified staging batch.;https://www.stolberger-schloss-lauf.de/;Sport Event Map verified event catalog;https://www.stolberger-schloss-lauf.de/;unclear;medium;;2026-06-17T00:00:00+00:00;2026-08-28T08:53:36.325+00:00;Generated fallback export 2026-08-26T16:23:33.120Z;;521;587ec681-7477-48c5-97e5-b31afaa741ab;2026;stolberger-schloss-lauf-2026;stolberger-schloss-lauf;;;;;unknown;scheduled;;;verified;2026-06-17T00:00:00+00:00;
"Straßenlauf ""Rund um den Holtenauer Leuchtturm"" - Kiel";Running;28.08.2026;Kiel;Germany;Kiel, Germany;54.3227085;10.135555;5 km, 10 km;Official endurance event in Kiel. Imported from verified staging batch.;https://www.davengo.com/event/overview/31-strassenlauf-rund-um-den-holtenauer-leuchtturm-2026;Sport Event Map verified event catalog;https://running.life/de/termine/strassenlauf-rund-um-den-holtenauer-leuchtturm;unclear;medium;;2026-06-17T00:00:00+00:00;2026-08-28T08:54:51.585+00:00;Generated fallback export 2026-08-26T16:23:33.120Z;;926;08ff2a02-8bd6-4dfd-81fe-97a61a4e2abd;2026;strassenlauf-rund-um-den-holtenauer-leuchtturm-kiel-2026;strassenlauf-rund-um-den-holtenauer-leuchtturm-kiel;;;;;unknown;scheduled;;;verified;2026-06-17T00:00:00+00:00;
Südthüringentrail;Ultramarathon;12.09.2026;Suhl;Germany;Suhl, Germany;50.6086518;10.6926437;17 km / 48 km / 65 km;Official endurance event in Suhl. Imported from verified staging batch.;https://www.suedthueringen-trail.de/;Sport Event Map verified event catalog;https://www.suedthueringen-trail.de/;unclear;medium;;2026-06-17T00:00:00+00:00;2026-08-28T08:54:37.778+00:00;Generated fallback export 2026-08-26T16:23:33.120Z;;654;37a856cb-1ed4-4c27-8ee8-c31148f0b918;2026;sudthuringentrail-2026;sudthuringentrail;;;;;unknown;scheduled;;;verified;2026-06-17T00:00:00+00:00;
SüdwestPark FunRun - Nürnberg;Running;10.06.2027;Nürnberg;Germany;Nürnberg, Germany;49.453872;11.077298;5 km, 10 km;Official endurance event in Nürnberg. Imported from verified staging batch.;https://www.funrunsuedwest.de/;Sport Event Map verified event catalog;https://www.funrunsuedwest.de/;unclear;medium;;2026-07-10T00:00:00+00:00;2026-08-10T00:00:00+00:00;Generated fallback export 2026-08-26T16:23:33.120Z;;772;52d1115d-5c29-4c12-a8f2-d0a672f2134c;2027;sudwestpark-funrun-nurnberg-2027;sudwestpark-funrun-nurnberg;;;;;unknown;scheduled;;;stale;2026-07-10T00:00:00+00:00;
SV-1860-Minden Volkslauf;Running;29.08.2026;Minden;Germany;Minden, Germany;52.2881045;8.9168852;5 km, 10 km;Official endurance event in Minden. Imported from verified staging batch.;https://sv1860minden.de/sportarten/leichtathletik/volkslauf-minden;Sport Event Map verified event catalog;https://sv1860minden.de/sportarten/leichtathletik/volkslauf-minden;unclear;medium;;2026-06-17T00:00:00+00:00;2026-08-28T08:53:36.325+00:00;Generated fallback export 2026-08-26T16:23:33.120Z;;531;47e8bc90-fa19-4277-9e08-dbb71ee5fae8;2026;sv-1860-minden-volkslauf-2026;sv-1860-minden-volkslauf;;;;;unknown;scheduled;;;verified;2026-06-17T00:00:00+00:00;
swb Bremen Marathon;Running;13.09.2026;Bremen;Germany;Bremen, Germany;53.0758196;8.8071646;10 km / 21 km / 42 km;Imported from marathon.de running calendar. Source listing: https://www.marathon.de/laufevent/bremen-marathon/;https://swb-marathon.com/;Sport Event Map verified event catalog;https://swb-marathon.com/;unclear;high;;2026-06-02T00:00:00+00:00;2026-07-02T00:00:00+00:00;Generated fallback export 2026-08-26T16:23:33.120Z;https://www.marathon.de/kategorien/9df6b59342.jpg;105;f73990a0-f042-45b9-a639-c205c4eaee68;2026;swb-bremen-marathon-2026;swb-bremen-marathon;;;;;unknown;scheduled;;;stale;2026-06-02T00:00:00+00:00;
Swiss City Marathon Lucerne;Running;25.10.2026;Luzern;Switzerland;Luzern, Switzerland;47.052144;8.3058123;10 km / 21 km / 42 km;Imported from marathon.de running calendar. Source listing: https://www.marathon.de/laufevent/swiss-city-marathon-lucerne/;https://www.swisscitymarathon.ch/;Sport Event Map verified event catalog;https://www.swisscitymarathon.ch/;unclear;high;;2026-06-02T00:00:00+00:00;2026-07-02T00:00:00+00:00;Generated fallback export 2026-08-26T16:23:33.120Z;https://www.marathon.de/logos/swiss-city-marathon-lucerne.jpg;137;9425bcf2-4958-4877-bc95-5e56ff0c15bf;2026;swiss-city-marathon-lucerne-2026;swiss-city-marathon-lucerne;;;;;unknown;scheduled;;;stale;2026-06-02T00:00:00+00:00;
Swiss Irontrail;Ultramarathon;15.08.2027;Savognin;Switzerland;Savognin, Switzerland;46.5969026;9.5980124;20 km / 22 km / 55 km / 78 km;Official endurance event in Savognin. Imported from verified staging batch.;https://www.irontrail.ch/;Sport Event Map verified event catalog;https://www.irontrail.ch/;unclear;medium;;2026-07-10T00:00:00+00:00;2026-08-10T00:00:00+00:00;Generated fallback export 2026-08-26T16:23:33.120Z;;670;d6e3bcf2-8865-4eb4-95a9-f4171404e9cb;2027;swiss-irontrail-2027;swiss-irontrail;;;;;unknown;scheduled;;;stale;2026-07-10T00:00:00+00:00;
Tangermünder Elbdeichmarathon;Running;18.04.2027;Tangermünde;Germany;Tangermünde, Germany;52.5431104;11.9722524;10 km / 21 km / 42 km;Imported from marathon.de running calendar.;https://www.elbdeichmarathon.de/;Sport Event Map verified event catalog;https://www.elbdeichmarathon.de/;unclear;high;;2026-06-02T00:00:00+00:00;2026-07-02T00:00:00+00:00;Generated fallback export 2026-08-26T16:23:33.120Z;https://www.marathon.de/logos/tangermuender-elbdeichmarathon.jpg;157;fc18097b-f838-47fd-99b3-ecb25d9d3914;2027;tangermunder-elbdeichmarathon-2027;tangermunder-elbdeichmarathon;;;;;unknown;scheduled;;;stale;2026-06-02T00:00:00+00:00;
Taubertal 100;Ultramarathon;03.10.2026;Rothenburg ob der Tauber;Germany;Rothenburg ob der Tauber, Germany;49.3658042;10.1629182;50 km / 70 km / 100 km / 100 Miles;Point-to-point ultra through the Tauber Valley with 50 km, 70 km, 100 km and 100 mile race options.;https://www.taubertal100.de/;Sport Event Map verified event catalog;https://www.taubertal100.de/;unclear;medium;;2026-06-08T00:00:00+00:00;2026-07-08T00:00:00+00:00;Generated fallback export 2026-08-26T16:23:33.120Z;;121;19cdbcf3-600e-4c19-98e9-479a0a79f64c;2026;taubertal-100-2026;taubertal-100;;;;;unknown;scheduled;;;stale;2026-06-08T00:00:00+00:00;
TCS Amsterdam Marathon;Running;18.10.2026;Amsterdam;Netherlands;Olympic Stadium, Amsterdam;52.3433;4.8542;Marathon / 42.195 km;Platinum Label Amsterdam marathon with start and finish at the Olympic Stadium.;https://www.tcsamsterdammarathon.eu/;Sport Event Map verified event catalog;https://www.tcsamsterdammarathon.eu/frequently-asked-questions;unclear;high;;2026-06-03T00:00:00+00:00;2026-06-10T00:00:00+00:00;Generated fallback export 2026-08-26T16:23:33.120Z;;421;b56f71c4-968c-461e-9041-e11cb1d09e69;2026;tcs-amsterdam-marathon-2026;tcs-amsterdam-marathon;;;;;unknown;scheduled;;;stale;2026-06-03T00:00:00+00:00;
"Team Magenta Lauf ""Münster""";Running;03.09.2026;Münster;Germany;Münster, Germany;51.9625101;7.6251879;10 km;Official endurance event in Münster. Imported from verified staging batch.;https://afterjobrun.de/Muenster-03-09-26/Ausschreibung;Sport Event Map verified event catalog;https://running.life/de/termine/team-magenta-lauf-munster;unclear;medium;;2026-06-18T00:00:00+00:00;2026-08-28T08:54:51.585+00:00;Generated fallback export 2026-08-26T16:23:33.120Z;;947;a1a0a9d6-b843-4b60-8e86-1d94ae47050c;2026;team-magenta-lauf-munster-2026;team-magenta-lauf-munster;;;;;unknown;scheduled;;;verified;2026-06-18T00:00:00+00:00;
Teltowkanalhalbmarathon;Running;06.12.2026;Teltow;Germany;Teltow, Germany;52.3805562;13.2685278;10 km, Half Marathon;Official endurance event in Teltow. Imported from verified staging batch.;https://www.sc-potsdam.de/leichtathletik/;Sport Event Map verified event catalog;https://www.sc-potsdam.de/leichtathletik/;unclear;medium;;2026-06-17T00:00:00+00:00;2026-08-28T08:53:36.325+00:00;Generated fallback export 2026-08-26T16:23:33.120Z;;524;8dbb94a4-0d40-4f4f-8b21-90316d3a4ff1;2026;teltowkanalhalbmarathon-2026;teltowkanalhalbmarathon;;;;;unknown;scheduled;;;verified;2026-06-17T00:00:00+00:00;
Temnitzer Heide-Lauf;Running;05.09.2026;Temnitzquell;Germany;Temnitzquell, Germany;53.0078136;12.6089047;Half Marathon, Marathon;Official endurance event in Temnitzquell. Imported from verified staging batch.;https://www.temnitzer-heide-lauf.de/;Sport Event Map verified event catalog;https://www.temnitzer-heide-lauf.de/;unclear;medium;;2026-06-17T00:00:00+00:00;2026-08-28T08:53:36.325+00:00;Generated fallback export 2026-08-26T16:23:33.120Z;;525;94e926ea-b640-4998-9ba1-5be5571f7afb;2026;temnitzer-heide-lauf-2026;temnitzer-heide-lauf;;;;;unknown;scheduled;;;verified;2026-06-17T00:00:00+00:00;
TenneT POWERTRIATHLON Trebgast;Triathlon;27.06.2027;Trebgast;Germany;Trebgast, Germany;50.062;11.55;Triathlon;Region: Bayern Source listing: https://www.triathlondeutschland.de/aktive/wettkaempfe/veranstaltungskalender/06-2026/tennet-powertriathlon-trebgast-2026;https://triathlon-trebgast.de/;Sport Event Map verified event catalog;https://triathlon-trebgast.de/;unclear;high;;2026-07-10T00:00:00+00:00;2026-08-10T00:00:00+00:00;Generated fallback export 2026-08-26T16:23:33.120Z;;220;f94bb38d-889a-49be-a267-a0e86692e464;2027;tennet-powertriathlon-trebgast-2026-2027;tennet-powertriathlon-trebgast;;;;;unknown;scheduled;;;stale;2026-07-10T00:00:00+00:00;
Tharandter-Wald-Lauf;Running;30.08.2026;Hartha;Germany;Hartha, Germany;51.0984539;12.9715576;5 km, 10 km, Half Marathon;Official endurance event in Hartha. Imported from verified staging batch.;https://tharandterwaldlauf.wordpress.com;Sport Event Map verified event catalog;https://tharandterwaldlauf.wordpress.com;unclear;medium;;2026-06-17T00:00:00+00:00;2026-08-28T08:53:36.325+00:00;Generated fallback export 2026-08-26T16:23:33.120Z;;526;2c7e3b43-5dc8-4eaa-bc21-5ee44e1346e1;2026;tharandter-wald-lauf-2026;tharandter-wald-lauf;;;;;unknown;scheduled;;;verified;2026-06-17T00:00:00+00:00;
Top Race Germany - Bostalsee;Triathlon;06.09.2026;Bostalsee;Germany;Bostalsee, Germany;49.5649708;7.0730757;Olympic Triathlon;Official endurance event in Bostalsee. Imported from verified staging batch.;https://www.topracegermany.de;Sport Event Map verified event catalog;https://running.life/de/termine/top-race-germany;unclear;medium;;2026-06-18T00:00:00+00:00;2026-08-28T08:54:51.585+00:00;Generated fallback export 2026-08-26T16:23:33.120Z;;959;3b341a8c-9495-455c-9b5b-a7bbaea11001;2026;top-race-germany-bostalsee-2026;top-race-germany-bostalsee;;;;;unknown;scheduled;;;verified;2026-06-18T00:00:00+00:00;
Torlauf Dachstein;Running;05.09.2026;Ramsau am Dachstein;Austria;Ramsau am Dachstein, Austria;47.4217532;13.6531171;10 km / 21 km / 42 km;Official endurance event in Ramsau am Dachstein. Imported from verified staging batch.;https://www.torlauf-dachstein.info/;Sport Event Map verified event catalog;https://www.torlauf-dachstein.info/;unclear;medium;;2026-06-17T00:00:00+00:00;2026-08-28T08:54:37.778+00:00;Generated fallback export 2026-08-26T16:23:33.120Z;;680;a7f571cd-0185-423d-a659-dae92d5d56e2;2026;torlauf-dachstein-2026;torlauf-dachstein;;;;;unknown;scheduled;;;verified;2026-06-17T00:00:00+00:00;
Trail Marathon Heidelberg;Ultramarathon;20.09.2026;Heidelberg;Germany;Heidelberg, Germany;49.4093582;8.694724;20 km / 30 km / 45 km;Imported from marathon.de running calendar. Source listing: https://www.marathon.de/laufevent/trail-marathon-heidelberg/;https://www.trailmarathon-heidelberg.de/;Sport Event Map verified event catalog;https://www.trailmarathon-heidelberg.de/;unclear;high;;2026-06-02T00:00:00+00:00;2026-07-02T00:00:00+00:00;Generated fallback export 2026-08-26T16:23:33.120Z;https://www.marathon.de/kategorien/06527d7ce5.jpg;116;819dcbab-ef05-4b22-8f64-0545413ea3a7;2026;trail-marathon-heidelberg-2026;trail-marathon-heidelberg;;;;;unknown;scheduled;;;stale;2026-06-02T00:00:00+00:00;
Transvulcania;Ultramarathon;08.05.2027;Fuencaliente de La Palma;Spain;Faro de Fuencaliente, La Palma, Spain;28.4565;-17.8453;Ultramarathon / Marathon / Half Marathon / Vertical KM;Participants: major international trail event | Course: volcanic mountain route on La Palma | Format: ultramarathon, marathon, half marathon and vertical kilometre.;https://transvulcania.com/;Sport Event Map verified event catalog;https://www.avaibooksports.com/inscripcion/transvulcania-2027/;unclear;high;;2026-06-18T00:00:00+00:00;2026-07-18T00:00:00+00:00;Generated fallback export 2026-08-26T16:23:33.120Z;;1012;7b390192-4b9e-4003-86e3-30e6649d5f8b;2027;transvulcania-2027;transvulcania;;;;;unknown;scheduled;;;stale;2026-06-18T00:00:00+00:00;
Traunsee-Halbmarathon Ebensee - Gmunden;Running;19.06.2027;Ebensee am Traunsee;Austria;Ebensee am Traunsee, Austria;47.8122366;13.7741666;Half Marathon, Marathon;Official endurance event in Ebensee. Imported from verified staging batch.;https://www.traunsee-halbmarathon.at/;Sport Event Map verified event catalog;https://www.traunsee-halbmarathon.at/;unclear;medium;;2026-07-10T00:00:00+00:00;2026-08-10T00:00:00+00:00;Generated fallback export 2026-08-26T16:23:33.120Z;;702;035c5a44-f8fa-4a6e-b33c-bcee2a469344;2027;traunsee-halbmarathon-ebensee-gmunden-2027;traunsee-halbmarathon-ebensee-gmunden;;;;;unknown;scheduled;;;stale;2026-07-10T00:00:00+00:00;
Tschirgant Sky Run;Ultramarathon;12.06.2027;Imst;Austria;Imst, Austria;47.2381536;10.7406982;17 km / 27 km / 43 km / 53 km;Imported from marathon.de running calendar. Source listing: https://www.marathon.de/laufevent/tschirgant-sky-run/;https://tschirgant-sky.run/;Sport Event Map verified event catalog;https://tschirgant-sky.run/;unclear;medium;;2026-07-10T00:00:00+00:00;2026-08-10T00:00:00+00:00;Generated fallback export 2026-08-26T16:23:33.120Z;https://www.marathon.de/logos/tschirgant-sky-run.jpg;60;7a5f7ede-c6ae-4b21-a651-04c03d9a3044;2027;tschirgant-sky-run-2027;tschirgant-sky-run;;;;;unknown;scheduled;;;stale;2026-07-10T00:00:00+00:00;
Tübinger Erbe-Lauf;Running;20.09.2026;Tübingen;Germany;Tübingen, Germany;48.5203263;9.053596;5 km, 10 km;Official endurance event in Tübingen. Imported from verified staging batch.;https://www.tuebinger-erbe-lauf.de/;Sport Event Map verified event catalog;https://www.tuebinger-erbe-lauf.de/;unclear;medium;;2026-06-17T00:00:00+00:00;2026-08-28T08:53:36.325+00:00;Generated fallback export 2026-08-26T16:23:33.120Z;;529;aa5d926e-9d7e-4041-ab47-90b8fc5d19f1;2026;tubinger-erbe-lauf-2026;tubinger-erbe-lauf;;;;;unknown;scheduled;;;verified;2026-06-17T00:00:00+00:00;
uniper Marathon Düsseldorf;Running;18.04.2027;Düsseldorf;Germany;Düsseldorf, Germany;51.2254018;6.7763137;21 km / 42 km;Imported from marathon.de running calendar.;https://www.uniper-duesseldorfmarathon.de/;Sport Event Map verified event catalog;https://www.uniper-duesseldorfmarathon.de/;unclear;high;;2026-06-02T00:00:00+00:00;2026-07-02T00:00:00+00:00;Generated fallback export 2026-08-26T16:23:33.120Z;https://www.marathon.de/logos/duesseldorf-marathon.jpg;154;7bd3d607-de4d-440e-ab7e-f0e2dbc25194;2027;uniper-marathon-dusseldorf-2027;uniper-marathon-dusseldorf;;;;;unknown;scheduled;;;stale;2026-06-02T00:00:00+00:00;
UNO Urban Cross Lauf;Running;04.10.2026;Saarbrücken;Germany;Saarbrücken, Germany;49.234362;6.996379;5 km, 10 km;Official endurance event in Saarbrücken. Imported from verified staging batch.;https://www.uno-urban-cross.de/;Sport Event Map verified event catalog;https://www.uno-urban-cross.de/;unclear;medium;;2026-06-17T00:00:00+00:00;2026-08-28T08:53:36.325+00:00;Generated fallback export 2026-08-26T16:23:33.120Z;;530;37e03d29-57f3-4092-92c8-4132479b082d;2026;uno-urban-cross-lauf-2026;uno-urban-cross-lauf;;;;;unknown;scheduled;;;verified;2026-06-17T00:00:00+00:00;
Usedom Beach Marathon;Running;05.06.2027;Heringsdorf;Germany;Heringsdorf, Germany;53.9543267;14.1673508;10 km, Half Marathon, Marathon;Official local running event in Heringsdorf. Distances: 10 km, Half Marathon, Marathon. Discovered via Kilometerliebe and linked to the official event website.;https://usedom.de/usedom-beach-marathon;Sport Event Map verified event catalog;https://usedom.de/usedom-beach-marathon;unclear;medium;;2026-07-10T00:00:00+00:00;2026-08-10T00:00:00+00:00;Generated fallback export 2026-08-26T16:23:33.120Z;;247;fcb1b5ef-d12f-440f-b004-d73f512f84c0;2027;usedom-beach-marathon-2027;usedom-beach-marathon;;;;;unknown;scheduled;;;stale;2026-07-10T00:00:00+00:00;
Usedom Marathon;Running;05.09.2026;Wolgast;Germany;Wolgast, Germany;54.0536473;13.7757809;Half Marathon, Marathon, 5-person Marathon Relay;"Der Usedom-Marathon findet am 5. September 2026 statt. Marathon und Fünferstaffel führen von Świnoujście nach Wolgast; der Halbmarathon startet und endet im Peene-Stadion Wolgast.";https://my.raceresult.com/381740/;Sport Event Map verified event catalog;https://usedom-marathon.com/marathon-overview/;registration_open;low;;2026-08-26T16:20:03.086261+00:00;2026-09-02T16:20:03.086261+00:00;Generated fallback export 2026-08-26T16:23:33.120Z;https://www.marathon.de/logos/usedom-marathon.jpg;140;6c44693a-48cd-4c32-9055-6b74374895b0;2026;usedom-marathon-2026;usedom-marathon;;;;;registration_open;scheduled;;;verified;2026-08-26T16:20:03.086261+00:00;
Valencia Half Marathon Trinidad Alfonso Zurich;Running;25.10.2026;Valencia;Spain;Ciutat de les Arts i les Ciències, Valencia;39.4561;-0.3546;Half Marathon / 21.0975 km;Official Valencia half marathon.;https://www.valenciaciudaddelrunning.com/en/half/;Sport Event Map verified event catalog;https://www.valenciaciudaddelrunning.com/en/half/info-registration-2026/;unclear;high;;2026-06-05T00:00:00+00:00;2026-06-12T00:00:00+00:00;Generated fallback export 2026-08-26T16:23:33.120Z;;428;d074072d-a531-4b07-b514-d764c650fe50;2026;valencia-half-marathon-trinidad-alfonso-zurich-2026;valencia-half-marathon-trinidad-alfonso-zurich;;;;;unknown;scheduled;;;stale;2026-06-05T00:00:00+00:00;
Valencia Marathon Trinidad Alfonso Zurich;Running;06.12.2026;Valencia;Spain;Ciutat de les Arts i les Ciències, Valencia;39.4561;-0.3546;Marathon / 42.195 km;Official Valencia marathon. Official regulations confirm the 46th edition on Sunday 6 December 2026.;https://www.valenciaciudaddelrunning.com/en/marathon/;Sport Event Map verified event catalog;https://www.valenciaciudaddelrunning.com/en/marathon/info-registration-2026/;unclear;high;;2026-06-03T00:00:00+00:00;2026-06-10T00:00:00+00:00;Generated fallback export 2026-08-26T16:23:33.120Z;;420;908962ac-964f-4d95-bf0d-ee252efa5bdd;2026;valencia-marathon-trinidad-alfonso-zurich-2026;valencia-marathon-trinidad-alfonso-zurich;;;;;unknown;scheduled;;;stale;2026-06-03T00:00:00+00:00;
Vatertagslauf in Rhaunen;Running;06.05.2027;Rhaunen;Germany;Rhaunen, Germany;49.8642489;7.3442701;2 km / 5 km / 10 km;Official endurance event in Rhaunen. Imported from verified staging batch.;http://www.vatertagslauf.de/;Sport Event Map verified event catalog;http://www.vatertagslauf.de/;unclear;medium;;2026-06-17T00:00:00+00:00;2026-08-28T08:54:37.778+00:00;Generated fallback export 2026-08-26T16:23:33.120Z;;657;ff38dbc1-8a5c-4aa2-a631-15fe0e7e787f;2027;vatertagslauf-in-rhaunen-2027;vatertagslauf-in-rhaunen;;;;;unknown;scheduled;;;verified;2026-06-17T00:00:00+00:00;
Verona Run Marathon;Running;15.11.2026;Verona;Italy;Verona, Italy;45.4384958;10.9924122;10 km / 21 km / 42 km;Official endurance event in Verona. Imported from verified staging batch.;https://www.veronarunmarathon.it/;Sport Event Map verified event catalog;https://www.veronarunmarathon.it/;unclear;medium;;2026-06-17T00:00:00+00:00;2026-08-28T08:54:37.778+00:00;Generated fallback export 2026-08-26T16:23:33.120Z;;689;d1c7323b-d26d-4f1a-99f6-59fc89f11ccb;2026;verona-run-marathon-2026;verona-run-marathon;;;;;unknown;scheduled;;;verified;2026-06-17T00:00:00+00:00;
Vienna City Marathon;Running;18.04.2027;Vienna;Austria;Reichsbrücke / Wagramer Straße, Vienna;48.2317425;16.4158593;Half Marathon / Marathon / 42.195 km;Major Vienna marathon with marathon and half marathon distances.;https://www.vienna-marathon.com/;Sport Event Map verified event catalog;https://www.vienna-marathon.com/;unclear;medium;;2026-06-03T00:00:00+00:00;2026-07-03T00:00:00+00:00;Generated fallback export 2026-08-26T16:23:33.120Z;;163;1cf414c6-e02a-4699-b9c6-11431aae5812;2027;vienna-city-marathon-2027;vienna-city-marathon;;;;;unknown;scheduled;;;stale;2026-06-03T00:00:00+00:00;
Viking Triathlon Schleswig;Triathlon;20.06.2027;Schleswig;Germany;Schleswig, Germany;54.513;9.558;Triathlon;Region: Schleswig-Holstein Source listing: https://www.triathlondeutschland.de/termine/dtu-deutsche-meisterschaften/viking-triathlon-schleswig;https://viking-triathlon.de/;Sport Event Map verified event catalog;https://viking-triathlon.de/;unclear;medium;;2026-07-10T00:00:00+00:00;2026-08-10T00:00:00+00:00;Generated fallback export 2026-08-26T16:23:33.120Z;;206;e37dfe4c-4690-473b-9e84-5aa9ea2030ef;2027;viking-triathlon-schleswig-2027;viking-triathlon-schleswig;;;;;unknown;scheduled;;;stale;2026-07-10T00:00:00+00:00;
VR Bank Firmenlauf Bamberg;Running;18.09.2026;Bamberg;Germany;Bamberg, Germany;49.8916044;10.8868478;5 km;Official local running event in Bamberg. Distances: 5 km. Discovered via Kilometerliebe and linked to the official event website.;https://firmenlauf-bamberg.de/;Sport Event Map verified event catalog;https://firmenlauf-bamberg.de/;unclear;low;;2026-06-02T00:00:00+00:00;2026-08-31T00:00:00+00:00;Generated fallback export 2026-08-26T16:23:33.120Z;;249;dfb09974-1570-4dfc-8ace-aa103560eabd;2026;vr-bank-firmenlauf-bamberg-2026;vr-bank-firmenlauf-bamberg;;;;;unknown;scheduled;;;verified;2026-06-02T00:00:00+00:00;
VR Bank Triathlon Heilbronn powered by Audi;Triathlon;13.06.2027;Heilbronn;Germany;Heilbronn, Germany;49.144;9.217;Triathlon;Region: Baden-Württemberg Source listing: https://www.triathlondeutschland.de/aktive/wettkaempfe/veranstaltungskalender/06-2026/vr-bank-triathlon-heilbronn-powered-audi;https://www.triathlon-heilbronn.de/;Sport Event Map verified event catalog;https://www.triathlon-heilbronn.de/;unclear;medium;;2026-07-10T00:00:00+00:00;2026-08-10T00:00:00+00:00;Generated fallback export 2026-08-26T16:23:33.120Z;;175;8919da08-ee32-469f-902f-9d6597b49e9a;2027;vr-bank-triathlon-heilbronn-powered-by-audi-2027;vr-bank-triathlon-heilbronn-powered-by-audi;;;;;unknown;scheduled;;;stale;2026-07-10T00:00:00+00:00;
Wachau Marathon;Running;13.09.2026;Krems;Austria;Krems, Austria;48.4108382;15.6003717;11 km / 21 km / 42 km;Imported from marathon.de running calendar. Source listing: https://www.marathon.de/laufevent/wachau-marathon/;https://www.wachaumarathon.com/;Sport Event Map verified event catalog;https://www.wachaumarathon.com/;unclear;high;;2026-06-02T00:00:00+00:00;2026-07-02T00:00:00+00:00;Generated fallback export 2026-08-26T16:23:33.120Z;https://www.marathon.de/logos/wachau-marathon.jpg;115;5a97f921-d8d1-4962-a243-352060851bb9;2026;wachau-marathon-2026;wachau-marathon;;;;;unknown;scheduled;;;stale;2026-06-02T00:00:00+00:00;
Wardenburger Sommerlauf;Running;06.09.2026;Wardenburg;Germany;Wardenburg, Germany;53.0645396;8.1925341;5 km, 10 km;Official endurance event in Wardenburg. Imported from verified staging batch.;http://www.wardenburger-sommerlauf.de;Sport Event Map verified event catalog;http://www.wardenburger-sommerlauf.de;unclear;medium;;2026-06-17T00:00:00+00:00;2026-08-28T08:53:36.325+00:00;Generated fallback export 2026-08-26T16:23:33.120Z;;533;70cfed4d-3f43-433a-bcb3-b9d3e0f04018;2026;wardenburger-sommerlauf-2026;wardenburger-sommerlauf;;;;;unknown;scheduled;;;verified;2026-06-17T00:00:00+00:00;
Weidatalcross - Weißendorf;Running;05.09.2026;Weißendorf;Germany;Weißendorf, Germany;50.6734356;11.9949476;10 km;Official endurance event in Weißendorf. Imported from verified staging batch.;https://weidatalcross.jimdofree.com/;Sport Event Map verified event catalog;https://running.life/de/termine/weidatalcross;unclear;medium;;2026-06-18T00:00:00+00:00;2026-08-28T08:54:51.585+00:00;Generated fallback export 2026-08-26T16:23:33.120Z;;950;b3312772-6650-4226-af70-65ddf917ae01;2026;weidatalcross-weissendorf-2026;weidatalcross-weissendorf;;;;;unknown;scheduled;;;verified;2026-06-18T00:00:00+00:00;
Weikersheimer Kärwelauf;Running;04.09.2026;Weikersheim;Germany;Weikersheim, Germany;49.4806473;9.8976809;5 km, 10 km;Official endurance event in Weikersheim. Imported from verified staging batch.;https://www.xn--weikersheimer-krwelauf-f5b.de/;Sport Event Map verified event catalog;https://running.life/de/termine/weikersheimer-karwelauf;unclear;medium;;2026-06-18T00:00:00+00:00;2026-08-28T08:54:51.585+00:00;Generated fallback export 2026-08-26T16:23:33.120Z;;948;6f294edb-bfef-4491-82a6-3f4aa253dc2c;2026;weikersheimer-karwelauf-2026;weikersheimer-karwelauf;;;;;unknown;scheduled;;;verified;2026-06-18T00:00:00+00:00;
Weimarer Stadtlauf;Running;10.10.2026;Weimar;Germany;Weimar, Germany;50.9793301;11.3297921;11 km;Official endurance event in Weimar. Imported from verified staging batch.;https://www.weimarer-stadtlauf.de/;Sport Event Map verified event catalog;https://www.weimarer-stadtlauf.de/;unclear;medium;;2026-06-17T00:00:00+00:00;2026-08-28T08:53:36.325+00:00;Generated fallback export 2026-08-26T16:23:33.120Z;;535;e262d33c-e941-470c-b013-0568ec64b4b7;2026;weimarer-stadtlauf-2026;weimarer-stadtlauf;;;;;unknown;scheduled;;;verified;2026-06-17T00:00:00+00:00;
Weitersburg Halbmarathon;Running;12.09.2026;Weitersburg;Germany;Weitersburg, Germany;50.412493;7.598594;5 km, 10 km, Half Marathon;Official endurance event in Weitersburg. Imported from verified staging batch.;https://www.lauftreff-svweitersburg.de/info.html;Sport Event Map verified event catalog;https://running.life/de/termine/wustenhof-halbmarathon;unclear;medium;;2026-06-18T00:00:00+00:00;2026-08-28T08:54:51.585+00:00;Generated fallback export 2026-08-26T16:23:33.120Z;;967;151fee3d-4ee4-4fc3-a493-b9c3ee602cdb;2026;weitersburg-halbmarathon-2026;weitersburg-halbmarathon;;;;;unknown;scheduled;;;verified;2026-06-18T00:00:00+00:00;
Welschlauf Südsteiermark;Running;01.05.2027;Ehrenhausen-Wies;Austria;Ehrenhausen-Wies, Austria;46.722456;15.58452;12 km / 21 km / 42 km;Official endurance event in Ehrenhausen-Wies. Imported from verified staging batch.;https://www.welschlauf.com/;Sport Event Map verified event catalog;https://www.welschlauf.com/;unclear;medium;;2026-06-17T00:00:00+00:00;2026-08-28T08:54:37.778+00:00;Generated fallback export 2026-08-26T16:23:33.120Z;;690;6612cf8e-d503-4e11-9361-0cc5bb4ace32;2027;welschlauf-sudsteiermark-2027;welschlauf-sudsteiermark;;;;;unknown;scheduled;;;verified;2026-06-17T00:00:00+00:00;
wep-Strom Lauf;Running;13.09.2026;Hückelhoven;Germany;Hückelhoven, Germany;51.0552368;6.2247322;5 km / 10 km / 21 km / 42 km;Imported from marathon.de running calendar. Source listing: https://www.marathon.de/laufevent/wep-strom-lauf/;http://www.wepstrom-lauf.de/;Sport Event Map verified event catalog;http://www.wepstrom-lauf.de/;unclear;low;;2026-06-02T00:00:00+00:00;2026-08-31T00:00:00+00:00;Generated fallback export 2026-08-26T16:23:33.120Z;https://www.marathon.de/kategorien/9df6b59342.jpg;108;50b5b657-fd77-48e0-9c50-3ab91550e0ca;2026;wep-strom-lauf-2026;wep-strom-lauf;;;;;unknown;scheduled;;;verified;2026-06-02T00:00:00+00:00;
Weplauf Hückelhoven;Running;13.09.2026;Hückelhoven;Germany;Hückelhoven, Germany;51.0552368;6.2247322;5 km, 10 km, Half Marathon, Marathon;Official endurance event in Hückelhoven. Imported from verified staging batch.;https://www.wep-lauf.de/;Sport Event Map verified event catalog;https://running.life/de/termine/weplauf-huckelhoven;unclear;medium;;2026-06-18T00:00:00+00:00;2026-08-28T08:54:51.585+00:00;Generated fallback export 2026-08-26T16:23:33.120Z;;979;5e580d8a-63af-4858-8556-c5c71aa14eff;2026;weplauf-huckelhoven-2026;weplauf-huckelhoven;;;;;unknown;scheduled;;;verified;2026-06-18T00:00:00+00:00;
Werner-Bünger-Gedenklauf - Havelland;Running;13.09.2026;Havelland;Germany;Havelland, Germany;52.6244438;12.6847264;5 km;Official endurance event in Havelland. Imported from verified staging batch.;https://www.rathenow.de/kultur-tourismus/veranstaltungskalender/alle-events-im-ueberblick/veranstaltung/detail/werner-buenger-gedenklauf/;Sport Event Map verified event catalog;https://running.life/de/termine/werner-bunger-gedenklauf;unclear;medium;;2026-08-04T12:07:26.074+00:00;2026-08-28T08:54:51.585+00:00;Generated fallback export 2026-08-26T16:23:33.120Z;;985;461f8bdc-1f1e-4540-8e8c-1da6319e1b0c;2026;werner-bunger-gedenklauf-havelland-2026;werner-bunger-gedenklauf-havelland;;;;;unknown;scheduled;;;verified;2026-08-04T12:07:26.074+00:00;
Westenergie Marathon;Running;11.10.2026;Essen;Germany;Essen, Germany;51.4582235;7.0158171;17 km / 42 km;Imported from marathon.de running calendar.;https://westenergie-marathon.de/;Sport Event Map verified event catalog;https://westenergie-marathon.de/;unclear;high;;2026-06-02T00:00:00+00:00;2026-07-02T00:00:00+00:00;Generated fallback export 2026-08-26T16:23:33.120Z;https://www.marathon.de/kategorien/9df6b59342.jpg;138;924d65f2-f851-4ef6-809e-02e62781fe54;2026;westenergie-marathon-2026;westenergie-marathon;;;;;unknown;scheduled;;;stale;2026-06-02T00:00:00+00:00;
WILDMAN Harz - Wildemann;Ultramarathon;05.09.2026;Wildemann;Germany;Wildemann, Germany;51.8274621;10.2836353;Half Marathon, 55 km;Official endurance event in Wildemann. Imported from verified staging batch.;https://wildman-harz.de/;Sport Event Map verified event catalog;https://running.life/de/termine/wildman-harz;unclear;medium;;2026-06-18T00:00:00+00:00;2026-08-28T08:54:51.585+00:00;Generated fallback export 2026-08-26T16:23:33.120Z;;951;361c3575-b17a-403f-ad9f-9983d24e12d3;2026;wildman-harz-wildemann-2026;wildman-harz-wildemann;;;;;unknown;scheduled;;;verified;2026-06-18T00:00:00+00:00;
Windmühlenberglauf - Wolfsburg;Running;30.08.2026;Wolfsburg;Germany;Bezirkssportanlage am Windmühlenberg, Fallersleben, Wolfsburg, Germany;52.396659;10.829273;Marathon / Half Marathon / 10 km;Official endurance event in Wolfsburg. Imported from verified staging batch.;https://www.vfb-fallersleben.de/abteilungen/leichtathletik/veranstaltungen/windmuehlenberglauf/;Sport Event Map verified event catalog;https://running.life/de/termine/windmuhlenberglauf;unclear;medium;;2026-06-18T00:00:00+00:00;2026-08-28T08:54:51.585+00:00;Generated fallback export 2026-08-26T16:23:33.120Z;;940;c486bc59-7eb9-4e08-812d-ed3e3e3c9627;2026;windmuhlenberglauf-wolfsburg-2026;windmuhlenberglauf-wolfsburg;;;;;unknown;scheduled;;;verified;2026-06-18T00:00:00+00:00;
Wintermarathon Leipzig;Running;16.01.2027;Leipzig;Germany;Leipzig, Germany;51.3406321;12.3747329;Half Marathon, Marathon;Official endurance event in Leipzig. Imported from verified staging batch.;https://wintermarathon.de;Sport Event Map verified event catalog;https://wintermarathon.de;unclear;medium;;2026-06-17T00:00:00+00:00;2026-08-28T08:53:36.325+00:00;Generated fallback export 2026-08-26T16:23:33.120Z;;536;141605a5-d3b9-454b-b9fb-5c8fc2fc72b8;2027;wintermarathon-leipzig-2027;wintermarathon-leipzig;;;;;unknown;scheduled;;;verified;2026-06-17T00:00:00+00:00;
Winterstaffel Pulheim;Running;31.01.2027;Pulheim;Germany;Pulheim, Germany;50.9979888;6.8025409;5 km / 10 km / 21 km / 42 km;Imported from marathon.de running calendar. Source listing: https://www.marathon.de/laufevent/winterstaffel-pulheim/;https://www.winterstaffel.de/;Sport Event Map verified event catalog;https://www.winterstaffel.de/;unclear;low;;2026-06-02T00:00:00+00:00;2026-08-31T00:00:00+00:00;Generated fallback export 2026-08-26T16:23:33.120Z;https://www.marathon.de/kategorien/9df6b59342.jpg;153;b1a6d7fe-3c07-4611-a703-c11940846fa9;2027;winterstaffel-pulheim-2027;winterstaffel-pulheim;;;;;unknown;scheduled;;;verified;2026-06-02T00:00:00+00:00;
Wizz Air Milano Marathon;Running;04.04.2027;Milan;Italy;Piazza del Duomo, Milan;45.4642;9.19;Marathon / 42.195 km;Official Milan marathon through the city centre.;https://www.milanomarathon.it/en/;Sport Event Map verified event catalog;https://www.milanomarathon.it/en/;unclear;high;;2026-06-05T00:00:00+00:00;2026-06-12T00:00:00+00:00;Generated fallback export 2026-08-26T16:23:33.120Z;;424;b0450ccf-eb54-4c91-a5d5-7d4340a62080;2027;wizz-air-milano-marathon-2027;wizz-air-milano-marathon;;;;;unknown;scheduled;;;stale;2026-06-05T00:00:00+00:00;
Womens-Run-Siegen;Running;13.09.2026;Siegen;Germany;Siegen, Germany;50.8751175;8.0256131;10 km;Official endurance event in Siegen. Imported from verified staging batch.;https://www.siegener-womensrun.de/;Sport Event Map verified event catalog;https://running.life/de/termine/womens-run-siegen;unclear;medium;;2026-08-04T12:07:40.515+00:00;2026-08-28T08:54:51.585+00:00;Generated fallback export 2026-08-26T16:23:33.120Z;;986;c6178695-cae1-47b0-a3c2-6eb47845392f;2026;womens-run-siegen-2026;womens-run-siegen;;;;;unknown;scheduled;;;verified;2026-08-04T12:07:40.515+00:00;
Wormser Nibelungenlauf;Running;13.09.2026;Worms;Germany;Worms, Germany;49.6302618;8.3620898;5 km / 10 km / 21 km;Imported from marathon.de running calendar. Source listing: https://www.marathon.de/laufevent/wormser-nibelungenlauf/;https://nibelungenlauf.de/;Sport Event Map verified event catalog;https://nibelungenlauf.de/;unclear;low;;2026-06-02T00:00:00+00:00;2026-08-31T00:00:00+00:00;Generated fallback export 2026-08-26T16:23:33.120Z;https://www.marathon.de/kategorien/2232d51c55.jpg;196;45b79f49-9b9c-4c66-bc68-4a88dcf78a8f;2026;wormser-nibelungenlauf-2026;wormser-nibelungenlauf;;;;;unknown;scheduled;;;verified;2026-06-02T00:00:00+00:00;
WVV Marathon Würzburg;Running;23.05.2027;Würzburg;Germany;Würzburg, Germany;49.7933723;9.9309779;10 km, Half Marathon, Marathon;Official local running event in Würzburg. Distances: 10 km, Half Marathon, Marathon. Discovered via Kilometerliebe and linked to the official event website.;https://www.wuerzburg-marathon.de/;Sport Event Map verified event catalog;https://www.wuerzburg-marathon.de/;unclear;high;;2026-06-02T00:00:00+00:00;2026-07-02T00:00:00+00:00;Generated fallback export 2026-08-26T16:23:33.120Z;;250;0c1d5996-55d6-420a-8b78-21e51fbeb7f9;2027;wvv-marathon-wurzburg-2027;wvv-marathon-wurzburg;;;;;unknown;scheduled;;;stale;2026-06-02T00:00:00+00:00;
X-Trail-Breitnau;Running;26.06.2027;Breitnau;Germany;Breitnau, Germany;47.9392607;8.0789154;10 km;Official endurance event in Breitnau. Imported from verified staging batch.;https://xtrail-breitnau.de/;Sport Event Map verified event catalog;https://xtrail-breitnau.de/;unclear;medium;;2026-07-10T00:00:00+00:00;2026-08-10T00:00:00+00:00;Generated fallback export 2026-08-26T16:23:33.120Z;;718;f4898118-6527-4521-b159-f2a5ac48fd94;2027;x-trail-breitnau-2027;x-trail-breitnau;;;;;unknown;scheduled;;;stale;2026-07-10T00:00:00+00:00;
Zehn Freunde Team Triathlon Darmstadt;Triathlon;06.09.2026;Darmstadt;Germany;Darmstadt, Germany;49.872775;8.651177;Triathlon;Official endurance event in Darmstadt. Imported from verified staging batch.;https://zehnfreunde-triathlon.de/triathlon-darmstadt;Sport Event Map verified event catalog;https://running.life/de/termine/zehn-freunde-team-triathlon-darmstadt;unclear;medium;;2026-06-18T00:00:00+00:00;2026-08-28T08:54:51.585+00:00;Generated fallback export 2026-08-26T16:23:33.120Z;;957;e6a0469b-d744-4f3d-b959-22478984253f;2026;zehn-freunde-team-triathlon-darmstadt-2026;zehn-freunde-team-triathlon-darmstadt;;;;;unknown;scheduled;;;verified;2026-06-18T00:00:00+00:00;
Zeuthener Jedermannslauf - Eichwalde;Running;13.09.2026;Eichwalde;Germany;Eichwalde, Germany;52.373076;13.6219208;5 km, 10 km;Official endurance event in Eichwalde. Imported from verified staging batch.;https://asv-zeuthen.de/jedermannslauf/;Sport Event Map verified event catalog;https://running.life/de/termine/zeuthener-jedermannslauf;unclear;medium;;2026-06-18T00:00:00+00:00;2026-08-28T08:54:51.585+00:00;Generated fallback export 2026-08-26T16:23:33.120Z;;975;e7d7961b-6e20-4924-9263-fc9bde4591a0;2026;zeuthener-jedermannslauf-eichwalde-2026;zeuthener-jedermannslauf-eichwalde;;;;;unknown;scheduled;;;verified;2026-06-18T00:00:00+00:00;
Zooparklauf Erfurt;Running;12.09.2026;Erfurt;Germany;Erfurt, Germany;50.9777974;11.0287364;10 km;Official endurance event in Erfurt. Imported from verified staging batch.;https://www.zooparklauf.de/;Sport Event Map verified event catalog;https://running.life/de/termine/zooparklauf-erfurt;unclear;medium;;2026-06-18T00:00:00+00:00;2026-08-28T08:54:51.585+00:00;Generated fallback export 2026-08-26T16:23:33.120Z;;971;6619836b-3e3e-4b52-a967-58a30d97f0fc;2026;zooparklauf-erfurt-2026;zooparklauf-erfurt;;;;;unknown;scheduled;;;verified;2026-06-18T00:00:00+00:00;
Zürich Marathon;Running;11.04.2027;Zürich;Switzerland;Zürich, Switzerland;47.3744489;8.5410422;10 km / 21 km / 42 km;Imported from marathon.de running calendar. Source listing: https://www.marathon.de/laufevent/zuerich-marathon/;https://www.zuerichmarathon.ch/;Sport Event Map verified event catalog;https://www.zuerichmarathon.ch/;unclear;medium;;2026-06-02T00:00:00+00:00;2026-07-02T00:00:00+00:00;Generated fallback export 2026-08-26T16:23:33.120Z;https://www.marathon.de/logos/zuerich-marathon.jpg;149;d2de9bc2-1877-46db-8880-d88176c52d6a;2027;zurich-marathon-2027;zurich-marathon;;;;;unknown;scheduled;;;stale;2026-06-02T00:00:00+00:00;
Zwickau Triathlon;Triathlon;13.09.2026;Zwickau;Germany;Zwickau, Germany;50.7185043;12.4939267;Middle Distance Triathlon;Official endurance event in Zwickau. Imported from verified staging batch.;https://zwickau-triathlon.de/;Sport Event Map verified event catalog;https://running.life/de/termine/zwickau-triathlon;unclear;medium;;2026-06-18T00:00:00+00:00;2026-08-28T08:54:51.585+00:00;Generated fallback export 2026-08-26T16:23:33.120Z;;977;4b159c55-b605-42f5-9e94-71d07802a9ba;2026;zwickau-triathlon-2026;zwickau-triathlon;;;;;unknown;scheduled;;;verified;2026-06-18T00:00:00+00:00;
